q_true,b_true,n,rep,seed,bins,method,q_hat,b_hat,success,at_bound,occupied_bins,max_abs_x,seconds,message
1.5,2.0,1000,0,20260926-0-0-0-0,20,pdf,1.5576067302411796,2.2646895543081946,True,False,20,7.100603614202807,0.04634199700012687,CONVERGENCE: NORM OF PROJECTED GRADIENT <= PGTOL
1.5,2.0,1000,0,20260926-0-0-0-0,20,qlog,1.58,1.957377945764533,True,False,20,7.100603614202807,0.031403029999864884,barrido q-log; q por deviance de bins
1.5,2.0,1000,0,20260926-0-0-0-0,30,pdf,1.5117760658146997,2.064593013173588,True,False,30,7.100603614202807,0.2516103049999856,CONVERGENCE: RELATIVE REDUCTION OF F <= FACTR*EPSMCH
1.5,2.0,1000,0,20260926-0-0-0-0,30,qlog,1.52,1.8320437315294056,True,False,30,7.100603614202807,0.02694492499995249,barrido q-log; q por deviance de bins
1.5,2.0,1000,0,20260926-0-0-0-0,40,pdf,1.535108547771641,2.1716803732182774,True,False,40,7.100603614202807,0.2530071449998559,CONVERGENCE: RELATIVE REDUCTION OF F <= FACTR*EPSMCH
1.5,2.0,1000,0,20260926-0-0-0-0,40,qlog,1.52,1.9296005921119597,True,False,40,7.100603614202807,0.048411798999950406,barrido q-log; q por deviance de bins
1.5,2.0,1000,0,20260926-0-0-0-0,50,pdf,1.5289911952461004,2.133552656391029,True,False,50,7.100603614202807,0.40072457100018255,CONVERGENCE: RELATIVE REDUCTION OF F <= FACTR*EPSMCH
1.5,2.0,1000,0,20260926-0-0-0-0,50,qlog,1.52,1.8236763303945596,True,False,50,7.100603614202807,0.029618204000144033,barrido q-log; q por deviance de bins
1.5,2.0,1000,0,20260926-0-0-0-0,70,pdf,1.5217144858705016,2.118653086667016,True,False,68,7.100603614202807,0.36656779999998435,CONVERGENCE: RELATIVE REDUCTION OF F <= FACTR*EPSMCH
1.5,2.0,1000,0,20260926-0-0-0-0,70,qlog,1.5,1.6854907117236444,True,False,68,7.100603614202807,0.03587115800019092,barrido q-log; q por deviance de bins
1.5,2.0,1000,0,20260926-0-0-0-0,100,pdf,1.5237701349914756,2.1233491141312055,True,False,98,7.100603614202807,0.5440673829998559,CONVERGENCE: RELATIVE REDUCTION OF F <= FACTR*EPSMCH
1.5,2.0,1000,0,20260926-0-0-0-0,100,qlog,1.5,1.6396610066961488,True,False,98,7.100603614202807,0.032590030000164916,barrido q-log; q por deviance de bins
1.5,2.0,1000,0,20260926-0-0-0-0,150,pdf,1.5209834419223651,2.1128562006414784,True,False,141,7.100603614202807,0.42823459200008074,CONVERGENCE: RELATIVE REDUCTION OF F <= FACTR*EPSMCH
1.5,2.0,1000,0,20260926-0-0-0-0,150,qlog,1.48,1.4752038046638583,True,False,141,7.100603614202807,0.05334124000000884,barrido q-log; q por deviance de bins
1.5,2.0,1000,0,20260926-0-0-0-0,200,pdf,1.5237956286159309,2.122211203499345,True,False,181,7.100603614202807,0.34481957399998464,CONVERGENCE: RELATIVE REDUCTION OF F <= FACTR*EPSMCH
1.5,2.0,1000,0,20260926-0-0-0-0,200,qlog,1.5,1.395126182056565,True,False,181,7.100603614202807,0.05196289799982878,barrido q-log; q por deviance de bins
1.5,2.0,1000,1,20260926-0-0-0-1,20,pdf,1.579349359730794,2.540330521672642,True,False,20,7.032960771322827,0.12892754900008185,CONVERGENCE: RELATIVE REDUCTION OF F <= FACTR*EPSMCH
1.5,2.0,1000,1,20260926-0-0-0-1,20,qlog,1.62,2.1245738209584406,True,False,20,7.032960771322827,0.051687050000055024,barrido q-log; q por deviance de bins
1.5,2.0,1000,1,20260926-0-0-0-1,30,pdf,1.5883564571130273,2.6049037328241984,True,False,30,7.032960771322827,0.21687715200005186,CONVERGENCE: RELATIVE REDUCTION OF F <= FACTR*EPSMCH
1.5,2.0,1000,1,20260926-0-0-0-1,30,qlog,1.6,2.180772565230109,True,False,30,7.032960771322827,0.02869435700017675,barrido q-log; q por deviance de bins
1.5,2.0,1000,1,20260926-0-0-0-1,40,pdf,1.5748181925942315,2.5412693187914273,True,False,40,7.032960771322827,0.09230114100000719,CONVERGENCE: RELATIVE REDUCTION OF F <= FACTR*EPSMCH
1.5,2.0,1000,1,20260926-0-0-0-1,40,qlog,1.58,2.14970396097103,True,False,40,7.032960771322827,0.028472271000055116,barrido q-log; q por deviance de bins
1.5,2.0,1000,1,20260926-0-0-0-1,50,pdf,1.5724625685917102,2.5319113426097943,True,False,50,7.032960771322827,0.1978409329999522,CONVERGENCE: RELATIVE REDUCTION OF F <= FACTR*EPSMCH
1.5,2.0,1000,1,20260926-0-0-0-1,50,qlog,1.58,2.1652985451686857,True,False,50,7.032960771322827,0.043991535000031945,barrido q-log; q por deviance de bins
1.5,2.0,1000,1,20260926-0-0-0-1,70,pdf,1.5733843027596233,2.5392539052095335,True,False,70,7.032960771322827,0.06475500200008355,CONVERGENCE: RELATIVE REDUCTION OF F <= FACTR*EPSMCH
1.5,2.0,1000,1,20260926-0-0-0-1,70,qlog,1.58,2.091092449863232,True,False,70,7.032960771322827,0.04261109399999441,barrido q-log; q por deviance de bins
1.5,2.0,1000,1,20260926-0-0-0-1,100,pdf,1.5793761070930645,2.567541927649066,True,False,98,7.032960771322827,0.08312251100005597,CONVERGENCE: NORM OF PROJECTED GRADIENT <= PGTOL
1.5,2.0,1000,1,20260926-0-0-0-1,100,qlog,1.58,1.9636031219229262,True,False,98,7.032960771322827,0.03152946099999099,barrido q-log; q por deviance de bins
1.5,2.0,1000,1,20260926-0-0-0-1,150,pdf,1.5836269853426324,2.5841202333639113,True,False,141,7.032960771322827,0.06821020500001396,CONVERGENCE: RELATIVE REDUCTION OF F <= FACTR*EPSMCH
1.5,2.0,1000,1,20260926-0-0-0-1,150,qlog,1.58,1.7100825406552724,True,False,141,7.032960771322827,0.03507644599994819,barrido q-log; q por deviance de bins
1.5,2.0,1000,1,20260926-0-0-0-1,200,pdf,1.5827046974738828,2.5840487713906684,True,False,183,7.032960771322827,0.07334428399985882,CONVERGENCE: RELATIVE REDUCTION OF F <= FACTR*EPSMCH
1.5,2.0,1000,1,20260926-0-0-0-1,200,qlog,1.56,1.5296897776212215,True,False,183,7.032960771322827,0.03852351699993051,barrido q-log; q por deviance de bins
1.5,2.0,1000,2,20260926-0-0-0-2,20,pdf,1.5139105597965534,1.9759949613973755,True,False,20,11.194767650629467,0.03358927899989794,CONVERGENCE: RELATIVE REDUCTION OF F <= FACTR*EPSMCH
1.5,2.0,1000,2,20260926-0-0-0-2,20,qlog,1.6,1.7150430510263521,True,False,20,11.194767650629467,0.034892074000026696,barrido q-log; q por deviance de bins
1.5,2.0,1000,2,20260926-0-0-0-2,30,pdf,1.492113205752288,1.8903754510633135,True,False,30,11.194767650629467,0.044397695000043313,CONVERGENCE: RELATIVE REDUCTION OF F <= FACTR*EPSMCH
1.5,2.0,1000,2,20260926-0-0-0-2,30,qlog,1.52,1.644554742456914,True,False,30,11.194767650629467,0.024854651999930866,barrido q-log; q por deviance de bins
1.5,2.0,1000,2,20260926-0-0-0-2,40,pdf,1.502150341426402,1.9380588726454724,True,False,40,11.194767650629467,0.05085628899996664,CONVERGENCE: RELATIVE REDUCTION OF F <= FACTR*EPSMCH
1.5,2.0,1000,2,20260926-0-0-0-2,40,qlog,1.52,1.7456064967326388,True,False,40,11.194767650629467,0.027948130999902787,barrido q-log; q por deviance de bins
1.5,2.0,1000,2,20260926-0-0-0-2,50,pdf,1.5013563629382494,1.9385797151891588,True,False,50,11.194767650629467,0.05270802399991226,CONVERGENCE: RELATIVE REDUCTION OF F <= FACTR*EPSMCH
1.5,2.0,1000,2,20260926-0-0-0-2,50,qlog,1.5,1.6616028709972512,True,False,50,11.194767650629467,0.029347743000016635,barrido q-log; q por deviance de bins
1.5,2.0,1000,2,20260926-0-0-0-2,70,pdf,1.500887158841689,1.9380610232426643,True,False,68,11.194767650629467,0.08106263199988462,CONVERGENCE: RELATIVE REDUCTION OF F <= FACTR*EPSMCH
1.5,2.0,1000,2,20260926-0-0-0-2,70,qlog,1.52,1.7234155897181322,True,False,68,11.194767650629467,0.03173313100000996,barrido q-log; q por deviance de bins
1.5,2.0,1000,2,20260926-0-0-0-2,100,pdf,1.5031076081910375,1.9463577677467028,True,False,96,11.194767650629467,0.07215897099990798,CONVERGENCE: RELATIVE REDUCTION OF F <= FACTR*EPSMCH
1.5,2.0,1000,2,20260926-0-0-0-2,100,qlog,1.52,1.5765605717027151,True,False,96,11.194767650629467,0.034707436999951824,barrido q-log; q por deviance de bins
1.5,2.0,1000,2,20260926-0-0-0-2,150,pdf,1.50837693944182,1.9684742793804864,True,False,139,11.194767650629467,0.1681727850000243,CONVERGENCE: RELATIVE REDUCTION OF F <= FACTR*EPSMCH
1.5,2.0,1000,2,20260926-0-0-0-2,150,qlog,1.54,1.3799839025284928,True,False,139,11.194767650629467,0.03732422999996743,barrido q-log; q por deviance de bins
1.5,2.0,1000,2,20260926-0-0-0-2,200,pdf,1.5036760211065936,1.949033258116003,True,False,184,11.194767650629467,0.22432939100008298,CONVERGENCE: RELATIVE REDUCTION OF F <= FACTR*EPSMCH
1.5,2.0,1000,2,20260926-0-0-0-2,200,qlog,1.54,1.244595563772852,True,False,184,11.194767650629467,0.0368383789998461,barrido q-log; q por deviance de bins
1.5,2.0,1000,3,20260926-0-0-0-3,20,pdf,1.5292391582940936,2.1691540859749403,True,False,20,19.036963486562534,0.10784076499999173,CONVERGENCE: NORM OF PROJECTED GRADIENT <= PGTOL
1.5,2.0,1000,3,20260926-0-0-0-3,20,qlog,1.6600000000000001,1.7524259654373084,True,False,20,19.036963486562534,0.02698022699996727,barrido q-log; q por deviance de bins
1.5,2.0,1000,3,20260926-0-0-0-3,30,pdf,1.4785342172763047,1.9833718169072043,True,False,29,19.036963486562534,0.07990383000014845,CONVERGENCE: RELATIVE REDUCTION OF F <= FACTR*EPSMCH
1.5,2.0,1000,3,20260926-0-0-0-3,30,qlog,1.54,1.7404078133372578,True,False,29,19.036963486562534,0.027755308999985573,barrido q-log; q por deviance de bins
1.5,2.0,1000,3,20260926-0-0-0-3,40,pdf,1.4913336266037678,2.039927056438232,True,False,39,19.036963486562534,0.07645909899997605,CONVERGENCE: NORM OF PROJECTED GRADIENT <= PGTOL
1.5,2.0,1000,3,20260926-0-0-0-3,40,qlog,1.54,1.8371771280083231,True,False,39,19.036963486562534,0.027387558000100398,barrido q-log; q por deviance de bins
1.5,2.0,1000,3,20260926-0-0-0-3,50,pdf,1.5002856486750884,2.058745443154463,True,False,48,19.036963486562534,0.07501112299996748,CONVERGENCE: RELATIVE REDUCTION OF F <= FACTR*EPSMCH
1.5,2.0,1000,3,20260926-0-0-0-3,50,qlog,1.54,1.8818210250876715,True,False,48,19.036963486562534,0.04788745800010474,barrido q-log; q por deviance de bins
1.5,2.0,1000,3,20260926-0-0-0-3,70,pdf,1.4934561922549772,2.0429377153163135,True,False,66,19.036963486562534,0.12554144499995346,CONVERGENCE: RELATIVE REDUCTION OF F <= FACTR*EPSMCH
1.5,2.0,1000,3,20260926-0-0-0-3,70,qlog,1.54,1.8038865165171667,True,False,66,19.036963486562534,0.030266399000083766,barrido q-log; q por deviance de bins
1.5,2.0,1000,3,20260926-0-0-0-3,100,pdf,1.5003928666527162,2.062479497798761,True,False,92,19.036963486562534,0.11053342900004282,CONVERGENCE: RELATIVE REDUCTION OF F <= FACTR*EPSMCH
1.5,2.0,1000,3,20260926-0-0-0-3,100,qlog,1.58,1.8117539525675102,True,False,92,19.036963486562534,0.04913434500008407,barrido q-log; q por deviance de bins
1.5,2.0,1000,3,20260926-0-0-0-3,150,pdf,1.4978235627040952,2.059415692963506,True,False,135,19.036963486562534,0.08395822800002861,CONVERGENCE: RELATIVE REDUCTION OF F <= FACTR*EPSMCH
1.5,2.0,1000,3,20260926-0-0-0-3,150,qlog,1.6,1.6881146237412263,True,False,135,19.036963486562534,0.031298834000153875,barrido q-log; q por deviance de bins
1.5,2.0,1000,3,20260926-0-0-0-3,200,pdf,1.499290148164323,2.0632429710750233,True,False,174,19.036963486562534,0.07287892099998317,CONVERGENCE: RELATIVE REDUCTION OF F <= FACTR*EPSMCH
1.5,2.0,1000,3,20260926-0-0-0-3,200,qlog,1.62,1.5385758664842741,True,False,174,19.036963486562534,0.03930345499998111,barrido q-log; q por deviance de bins
1.5,2.0,1000,4,20260926-0-0-0-4,20,pdf,1.4123907264010314,1.8369293374644293,True,False,20,8.588592928733151,0.06795279999982995,CONVERGENCE: RELATIVE REDUCTION OF F <= FACTR*EPSMCH
1.5,2.0,1000,4,20260926-0-0-0-4,20,qlog,1.5,1.5896652256346517,True,False,20,8.588592928733151,0.02516767199995229,barrido q-log; q por deviance de bins
1.5,2.0,1000,4,20260926-0-0-0-4,30,pdf,1.454215802185887,1.9754517438912595,True,False,29,8.588592928733151,0.03625119900016216,CONVERGENCE: NORM OF PROJECTED GRADIENT <= PGTOL
1.5,2.0,1000,4,20260926-0-0-0-4,30,qlog,1.48,1.7473774941788236,True,False,29,8.588592928733151,0.03561474000002818,barrido q-log; q por deviance de bins
1.5,2.0,1000,4,20260926-0-0-0-4,40,pdf,1.450139398833546,1.952416672539804,True,False,39,8.588592928733151,0.038421333999849594,CONVERGENCE: RELATIVE REDUCTION OF F <= FACTR*EPSMCH
1.5,2.0,1000,4,20260926-0-0-0-4,40,qlog,1.48,1.7957230215106033,True,False,39,8.588592928733151,0.02762515699987489,barrido q-log; q por deviance de bins
1.5,2.0,1000,4,20260926-0-0-0-4,50,pdf,1.4467649448795552,1.946403364680817,True,False,47,8.588592928733151,0.04720990500004518,CONVERGENCE: RELATIVE REDUCTION OF F <= FACTR*EPSMCH
1.5,2.0,1000,4,20260926-0-0-0-4,50,qlog,1.48,1.7692803159990056,True,False,47,8.588592928733151,0.027723996999839073,barrido q-log; q por deviance de bins
1.5,2.0,1000,4,20260926-0-0-0-4,70,pdf,1.463503062622538,1.9950197393695845,True,False,66,8.588592928733151,0.05007489800004805,CONVERGENCE: RELATIVE REDUCTION OF F <= FACTR*EPSMCH
1.5,2.0,1000,4,20260926-0-0-0-4,70,qlog,1.48,1.7644425635675904,True,False,66,8.588592928733151,0.02754155599996011,barrido q-log; q por deviance de bins
1.5,2.0,1000,4,20260926-0-0-0-4,100,pdf,1.4535906756354786,1.9661404635672728,True,False,94,8.588592928733151,0.043007842999941204,CONVERGENCE: RELATIVE REDUCTION OF F <= FACTR*EPSMCH
1.5,2.0,1000,4,20260926-0-0-0-4,100,qlog,1.46,1.6088630403802864,True,False,94,8.588592928733151,0.042734913999993296,barrido q-log; q por deviance de bins
1.5,2.0,1000,4,20260926-0-0-0-4,150,pdf,1.4538931731445373,1.966834282631257,True,False,134,8.588592928733151,0.05003651099991657,CONVERGENCE: RELATIVE REDUCTION OF F <= FACTR*EPSMCH
1.5,2.0,1000,4,20260926-0-0-0-4,150,qlog,1.48,1.5133747002961477,True,False,134,8.588592928733151,0.04270519600004263,barrido q-log; q por deviance de bins
1.5,2.0,1000,4,20260926-0-0-0-4,200,pdf,1.4533876235179313,1.9622989642650437,True,False,177,8.588592928733151,0.05880602199999885,CONVERGENCE: RELATIVE REDUCTION OF F <= FACTR*EPSMCH
1.5,2.0,1000,4,20260926-0-0-0-4,200,qlog,1.48,1.3991171723919182,True,False,177,8.588592928733151,0.04733381400001235,barrido q-log; q por deviance de bins
1.5,2.0,1000,5,20260926-0-0-0-5,20,pdf,1.492865433262736,2.107891150334255,True,False,20,10.36233775214628,0.05116877000000386,CONVERGENCE: NORM OF PROJECTED GRADIENT <= PGTOL
1.5,2.0,1000,5,20260926-0-0-0-5,20,qlog,1.6,1.813886280536441,True,False,20,10.36233775214628,0.04326578899986089,barrido q-log; q por deviance de bins
1.5,2.0,1000,5,20260926-0-0-0-5,30,pdf,1.504066782603364,2.149785969149062,True,False,29,10.36233775214628,0.04888514200001737,CONVERGENCE: RELATIVE REDUCTION OF F <= FACTR*EPSMCH
1.5,2.0,1000,5,20260926-0-0-0-5,30,qlog,1.54,1.7452627646596734,True,False,29,10.36233775214628,0.04205057199988005,barrido q-log; q por deviance de bins
1.5,2.0,1000,5,20260926-0-0-0-5,40,pdf,1.5140493870134295,2.1688704170542503,True,False,39,10.36233775214628,0.032901460000175575,CONVERGENCE: RELATIVE REDUCTION OF F <= FACTR*EPSMCH
1.5,2.0,1000,5,20260926-0-0-0-5,40,qlog,1.54,1.8404751960436028,True,False,39,10.36233775214628,0.027250131000073452,barrido q-log; q por deviance de bins
1.5,2.0,1000,5,20260926-0-0-0-5,50,pdf,1.515359379238984,2.1778720841649792,True,False,48,10.36233775214628,0.06181844699995054,CONVERGENCE: RELATIVE REDUCTION OF F <= FACTR*EPSMCH
1.5,2.0,1000,5,20260926-0-0-0-5,50,qlog,1.52,1.7814767018580917,True,False,48,10.36233775214628,0.03513487600002918,barrido q-log; q por deviance de bins
1.5,2.0,1000,5,20260926-0-0-0-5,70,pdf,1.510832148103389,2.170859158636333,True,False,67,10.36233775214628,0.049540022999963185,CONVERGENCE: RELATIVE REDUCTION OF F <= FACTR*EPSMCH
1.5,2.0,1000,5,20260926-0-0-0-5,70,qlog,1.52,1.7185213119528462,True,False,67,10.36233775214628,0.026943071999994572,barrido q-log; q por deviance de bins
1.5,2.0,1000,5,20260926-0-0-0-5,100,pdf,1.5180029033908968,2.1931639954625615,True,False,94,10.36233775214628,0.08976876500014441,CONVERGENCE: RELATIVE REDUCTION OF F <= FACTR*EPSMCH
1.5,2.0,1000,5,20260926-0-0-0-5,100,qlog,1.52,1.626319937943512,True,False,94,10.36233775214628,0.02924981499995738,barrido q-log; q por deviance de bins
1.5,2.0,1000,5,20260926-0-0-0-5,150,pdf,1.5180126570827492,2.194364008664146,True,False,136,10.36233775214628,0.06915568900012659,CONVERGENCE: RELATIVE REDUCTION OF F <= FACTR*EPSMCH
1.5,2.0,1000,5,20260926-0-0-0-5,150,qlog,1.52,1.5019475110524836,True,False,136,10.36233775214628,0.03256052200003978,barrido q-log; q por deviance de bins
1.5,2.0,1000,5,20260926-0-0-0-5,200,pdf,1.5163164042501944,2.186824416264791,True,False,178,10.36233775214628,0.0701458690000436,CONVERGENCE: RELATIVE REDUCTION OF F <= FACTR*EPSMCH
1.5,2.0,1000,5,20260926-0-0-0-5,200,qlog,1.52,1.3385289558761477,True,False,178,10.36233775214628,0.03289092399995752,barrido q-log; q por deviance de bins
1.5,2.0,1000,6,20260926-0-0-0-6,20,pdf,1.6158430095038545,2.3652286436301884,True,False,20,5.296632394146103,0.047631048999846826,CONVERGENCE: RELATIVE REDUCTION OF F <= FACTR*EPSMCH
1.5,2.0,1000,6,20260926-0-0-0-6,20,qlog,1.6400000000000001,2.13518634116321,True,False,20,5.296632394146103,0.03024589599999672,barrido q-log; q por deviance de bins
1.5,2.0,1000,6,20260926-0-0-0-6,30,pdf,1.6000866809807486,2.3157773752238278,True,False,30,5.296632394146103,0.05378758300003028,CONVERGENCE: RELATIVE REDUCTION OF F <= FACTR*EPSMCH
1.5,2.0,1000,6,20260926-0-0-0-6,30,qlog,1.6,2.0595070054872786,True,False,30,5.296632394146103,0.026767274000121688,barrido q-log; q por deviance de bins
1.5,2.0,1000,6,20260926-0-0-0-6,40,pdf,1.6098221459042792,2.3593325101691103,True,False,40,5.296632394146103,0.03323196500014092,CONVERGENCE: RELATIVE REDUCTION OF F <= FACTR*EPSMCH
1.5,2.0,1000,6,20260926-0-0-0-6,40,qlog,1.6,2.062831675887157,True,False,40,5.296632394146103,0.044109486000024845,barrido q-log; q por deviance de bins
1.5,2.0,1000,6,20260926-0-0-0-6,50,pdf,1.6060454197047422,2.35189758554976,True,False,50,5.296632394146103,0.04022463799992693,CONVERGENCE: RELATIVE REDUCTION OF F <= FACTR*EPSMCH
1.5,2.0,1000,6,20260926-0-0-0-6,50,qlog,1.6,2.0233925544161386,True,False,50,5.296632394146103,0.03250552700001208,barrido q-log; q por deviance de bins
1.5,2.0,1000,6,20260926-0-0-0-6,70,pdf,1.6082048953327648,2.3577897878843754,True,False,69,5.296632394146103,0.06282477900003869,CONVERGENCE: RELATIVE REDUCTION OF F <= FACTR*EPSMCH
1.5,2.0,1000,6,20260926-0-0-0-6,70,qlog,1.6,1.9192283763200457,True,False,69,5.296632394146103,0.03129928899988954,barrido q-log; q por deviance de bins
1.5,2.0,1000,6,20260926-0-0-0-6,100,pdf,1.6134216294922366,2.3762121315333977,True,False,98,5.296632394146103,0.0524781950000488,CONVERGENCE: RELATIVE REDUCTION OF F <= FACTR*EPSMCH
1.5,2.0,1000,6,20260926-0-0-0-6,100,qlog,1.58,1.6655109476215846,True,False,98,5.296632394146103,0.029586298000140232,barrido q-log; q por deviance de bins
1.5,2.0,1000,6,20260926-0-0-0-6,150,pdf,1.6074181116218251,2.352041536663368,True,False,142,5.296632394146103,0.06312894399979996,CONVERGENCE: RELATIVE REDUCTION OF F <= FACTR*EPSMCH
1.5,2.0,1000,6,20260926-0-0-0-6,150,qlog,1.56,1.4388594011925542,True,False,142,5.296632394146103,0.038364607000175965,barrido q-log; q por deviance de bins
1.5,2.0,1000,6,20260926-0-0-0-6,200,pdf,1.6117250029968788,2.369198091515474,True,False,183,5.296632394146103,0.07858180599987463,CONVERGENCE: RELATIVE REDUCTION OF F <= FACTR*EPSMCH
1.5,2.0,1000,6,20260926-0-0-0-6,200,qlog,1.52,1.0939915656165622,True,False,183,5.296632394146103,0.03635053199991489,barrido q-log; q por deviance de bins
1.5,2.0,1000,7,20260926-0-0-0-7,20,pdf,1.5038249412731834,1.8852238112669344,True,False,20,6.849859608193773,0.04005939200010289,CONVERGENCE: RELATIVE REDUCTION OF F <= FACTR*EPSMCH
1.5,2.0,1000,7,20260926-0-0-0-7,20,qlog,1.54,1.646142322360413,True,False,20,6.849859608193773,0.026178284000025087,barrido q-log; q por deviance de bins
1.5,2.0,1000,7,20260926-0-0-0-7,30,pdf,1.4875833074958928,1.8229261396771634,True,False,30,6.849859608193773,0.03284964899989973,CONVERGENCE: RELATIVE REDUCTION OF F <= FACTR*EPSMCH
1.5,2.0,1000,7,20260926-0-0-0-7,30,qlog,1.5,1.5915465971115144,True,False,30,6.849859608193773,0.0437227410000105,barrido q-log; q por deviance de bins
1.5,2.0,1000,7,20260926-0-0-0-7,40,pdf,1.467682311393278,1.772441482461056,True,False,39,6.849859608193773,0.03974068200000147,CONVERGENCE: RELATIVE REDUCTION OF F <= FACTR*EPSMCH
1.5,2.0,1000,7,20260926-0-0-0-7,40,qlog,1.46,1.5402156762331012,True,False,39,6.849859608193773,0.028406303999872762,barrido q-log; q por deviance de bins
1.5,2.0,1000,7,20260926-0-0-0-7,50,pdf,1.4618227615749446,1.7509725249662276,True,False,49,6.849859608193773,0.044085816999995586,CONVERGENCE: RELATIVE REDUCTION OF F <= FACTR*EPSMCH
1.5,2.0,1000,7,20260926-0-0-0-7,50,qlog,1.46,1.5474795669864603,True,False,49,6.849859608193773,0.026928706000035163,barrido q-log; q por deviance de bins
1.5,2.0,1000,7,20260926-0-0-0-7,70,pdf,1.481371488154767,1.8148640419566602,True,False,69,6.849859608193773,0.049036358999956065,CONVERGENCE: RELATIVE REDUCTION OF F <= FACTR*EPSMCH
1.5,2.0,1000,7,20260926-0-0-0-7,70,qlog,1.48,1.5154862923681165,True,False,69,6.849859608193773,0.033823365999978705,barrido q-log; q por deviance de bins
1.5,2.0,1000,7,20260926-0-0-0-7,100,pdf,1.4738047170609667,1.7806687452795578,True,False,96,6.849859608193773,0.05888105999997606,CONVERGENCE: RELATIVE REDUCTION OF F <= FACTR*EPSMCH
1.5,2.0,1000,7,20260926-0-0-0-7,100,qlog,1.46,1.3426312595250005,True,False,96,6.849859608193773,0.029177172999879986,barrido q-log; q por deviance de bins
1.5,2.0,1000,7,20260926-0-0-0-7,150,pdf,1.4806101005905938,1.8079281722116978,True,False,139,6.849859608193773,0.04071267099993747,CONVERGENCE: RELATIVE REDUCTION OF F <= FACTR*EPSMCH
1.5,2.0,1000,7,20260926-0-0-0-7,150,qlog,1.48,1.200214041211947,True,False,139,6.849859608193773,0.047593082000048526,barrido q-log; q por deviance de bins
1.5,2.0,1000,7,20260926-0-0-0-7,200,pdf,1.4754942262246853,1.7887346306349545,True,False,180,6.849859608193773,0.09112798299997849,CONVERGENCE: RELATIVE REDUCTION OF F <= FACTR*EPSMCH
1.5,2.0,1000,7,20260926-0-0-0-7,200,qlog,1.46,1.1216359139735155,True,False,180,6.849859608193773,0.037084507999907146,barrido q-log; q por deviance de bins
1.5,2.0,1000,8,20260926-0-0-0-8,20,pdf,1.4898526100919423,1.6756041720972439,True,False,20,7.311236767381027,0.053378767000140215,CONVERGENCE: RELATIVE REDUCTION OF F <= FACTR*EPSMCH
1.5,2.0,1000,8,20260926-0-0-0-8,20,qlog,1.52,1.471559510034064,True,False,20,7.311236767381027,0.02912162300003729,barrido q-log; q por deviance de bins
1.5,2.0,1000,8,20260926-0-0-0-8,30,pdf,1.5331154431847718,1.8026605246538638,True,False,30,7.311236767381027,0.0399479169998358,CONVERGENCE: RELATIVE REDUCTION OF F <= FACTR*EPSMCH
1.5,2.0,1000,8,20260926-0-0-0-8,30,qlog,1.54,1.6208549198415674,True,False,30,7.311236767381027,0.04294810900000812,barrido q-log; q por deviance de bins
1.5,2.0,1000,8,20260926-0-0-0-8,40,pdf,1.53883342221191,1.8078801723986844,True,False,40,7.311236767381027,0.045686427999953594,CONVERGENCE: RELATIVE REDUCTION OF F <= FACTR*EPSMCH
1.5,2.0,1000,8,20260926-0-0-0-8,40,qlog,1.56,1.6283319246722618,True,False,40,7.311236767381027,0.029562323000163815,barrido q-log; q por deviance de bins
1.5,2.0,1000,8,20260926-0-0-0-8,50,pdf,1.5333767790191175,1.7794541728094895,True,False,50,7.311236767381027,0.04732379300003231,CONVERGENCE: RELATIVE REDUCTION OF F <= FACTR*EPSMCH
1.5,2.0,1000,8,20260926-0-0-0-8,50,qlog,1.54,1.6340431282170422,True,False,50,7.311236767381027,0.03006426100000681,barrido q-log; q por deviance de bins
1.5,2.0,1000,8,20260926-0-0-0-8,70,pdf,1.5392431818445644,1.7987989545523357,True,False,70,7.311236767381027,0.050692365000031714,CONVERGENCE: RELATIVE REDUCTION OF F <= FACTR*EPSMCH
1.5,2.0,1000,8,20260926-0-0-0-8,70,qlog,1.54,1.473961583412203,True,False,70,7.311236767381027,0.030185034000169253,barrido q-log; q por deviance de bins
1.5,2.0,1000,8,20260926-0-0-0-8,100,pdf,1.5365600329687463,1.79242529503841,True,False,97,7.311236767381027,0.09271204799983934,CONVERGENCE: RELATIVE REDUCTION OF F <= FACTR*EPSMCH
1.5,2.0,1000,8,20260926-0-0-0-8,100,qlog,1.54,1.3602928891737638,True,False,97,7.311236767381027,0.03430683300007331,barrido q-log; q por deviance de bins
1.5,2.0,1000,8,20260926-0-0-0-8,150,pdf,1.538260372953237,1.8051992579218994,True,False,139,7.311236767381027,0.054765861999840126,CONVERGENCE: RELATIVE REDUCTION OF F <= FACTR*EPSMCH
1.5,2.0,1000,8,20260926-0-0-0-8,150,qlog,1.54,1.227144836861743,True,False,139,7.311236767381027,0.031942741999955615,barrido q-log; q por deviance de bins
1.5,2.0,1000,8,20260926-0-0-0-8,200,pdf,1.5391628648312008,1.8040600997154461,True,False,181,7.311236767381027,0.05786676999991869,CONVERGENCE: RELATIVE REDUCTION OF F <= FACTR*EPSMCH
1.5,2.0,1000,8,20260926-0-0-0-8,200,qlog,1.54,1.0907802660404724,True,False,181,7.311236767381027,0.042891969000038443,barrido q-log; q por deviance de bins
1.5,2.0,1000,9,20260926-0-0-0-9,20,pdf,1.4634509339919932,1.9355130362768709,True,False,20,16.215463735227786,0.05992343899993102,CONVERGENCE: NORM OF PROJECTED GRADIENT <= PGTOL
1.5,2.0,1000,9,20260926-0-0-0-9,20,qlog,1.6,1.571915610959956,True,False,20,16.215463735227786,0.026685002000021996,barrido q-log; q por deviance de bins
1.5,2.0,1000,9,20260926-0-0-0-9,30,pdf,1.4603161113400511,1.9056497565551405,True,False,29,16.215463735227786,0.05305657799999608,CONVERGENCE: NORM OF PROJECTED GRADIENT <= PGTOL
1.5,2.0,1000,9,20260926-0-0-0-9,30,qlog,1.54,1.671876241290613,True,False,29,16.215463735227786,0.027061408999998093,barrido q-log; q por deviance de bins
1.5,2.0,1000,9,20260926-0-0-0-9,40,pdf,1.473239186537774,1.9622504681356752,True,False,39,16.215463735227786,0.041443826999966404,CONVERGENCE: RELATIVE REDUCTION OF F <= FACTR*EPSMCH
1.5,2.0,1000,9,20260926-0-0-0-9,40,qlog,1.5,1.7213666211164256,True,False,39,16.215463735227786,0.05976674599992293,barrido q-log; q por deviance de bins
1.5,2.0,1000,9,20260926-0-0-0-9,50,pdf,1.4770610932986972,1.9658347150039919,True,False,49,16.215463735227786,0.07261057100004109,CONVERGENCE: RELATIVE REDUCTION OF F <= FACTR*EPSMCH
1.5,2.0,1000,9,20260926-0-0-0-9,50,qlog,1.5,1.7235702353694438,True,False,49,16.215463735227786,0.029722567999897365,barrido q-log; q por deviance de bins
1.5,2.0,1000,9,20260926-0-0-0-9,70,pdf,1.4795704317695837,1.9811800412388545,True,False,66,16.215463735227786,0.11439985900005922,CONVERGENCE: RELATIVE REDUCTION OF F <= FACTR*EPSMCH
1.5,2.0,1000,9,20260926-0-0-0-9,70,qlog,1.52,1.6585403679560293,True,False,66,16.215463735227786,0.04652340400002686,barrido q-log; q por deviance de bins
1.5,2.0,1000,9,20260926-0-0-0-9,100,pdf,1.4903716757424321,2.007180061912071,True,False,94,16.215463735227786,0.03824850699993476,CONVERGENCE: RELATIVE REDUCTION OF F <= FACTR*EPSMCH
1.5,2.0,1000,9,20260926-0-0-0-9,100,qlog,1.54,1.6374014700586788,True,False,94,16.215463735227786,0.029394092000075034,barrido q-log; q por deviance de bins
1.5,2.0,1000,9,20260926-0-0-0-9,150,pdf,1.48394975990653,1.9838159866023857,True,False,136,16.215463735227786,0.0940396480000345,CONVERGENCE: RELATIVE REDUCTION OF F <= FACTR*EPSMCH
1.5,2.0,1000,9,20260926-0-0-0-9,150,qlog,1.56,1.4388874395335631,True,False,136,16.215463735227786,0.052109299999983705,barrido q-log; q por deviance de bins
1.5,2.0,1000,9,20260926-0-0-0-9,200,pdf,1.487479338637356,1.9915470113272729,True,False,175,16.215463735227786,0.08410743500007811,CONVERGENCE: RELATIVE REDUCTION OF F <= FACTR*EPSMCH
1.5,2.0,1000,9,20260926-0-0-0-9,200,qlog,1.58,1.2724409903944338,True,False,175,16.215463735227786,0.03313381400016624,barrido q-log; q por deviance de bins
1.5,2.0,5000,0,20260926-0-0-1-0,20,pdf,1.5085384390197738,2.0232631872934257,True,False,20,19.373936292404412,0.039522255999827394,CONVERGENCE: RELATIVE REDUCTION OF F <= FACTR*EPSMCH
1.5,2.0,5000,0,20260926-0-0-1-0,20,qlog,1.6600000000000001,1.6805631907060086,True,False,20,19.373936292404412,0.06666346900010467,barrido q-log; q por deviance de bins
1.5,2.0,5000,0,20260926-0-0-1-0,30,pdf,1.4915421141112264,1.9531741101488909,True,False,29,19.373936292404412,0.07205970499990144,CONVERGENCE: RELATIVE REDUCTION OF F <= FACTR*EPSMCH
1.5,2.0,5000,0,20260926-0-0-1-0,30,qlog,1.54,1.6990512297702203,True,False,29,19.373936292404412,0.026174022000077457,barrido q-log; q por deviance de bins
1.5,2.0,5000,0,20260926-0-0-1-0,40,pdf,1.50200617667957,1.9909765538999367,True,False,39,19.373936292404412,0.06524910299981457,CONVERGENCE: RELATIVE REDUCTION OF F <= FACTR*EPSMCH
1.5,2.0,5000,0,20260926-0-0-1-0,40,qlog,1.52,1.7858060478660502,True,False,39,19.373936292404412,0.029828774999941743,barrido q-log; q por deviance de bins
1.5,2.0,5000,0,20260926-0-0-1-0,50,pdf,1.4925470505213412,1.96533314788952,True,False,48,19.373936292404412,0.07040722000010646,CONVERGENCE: RELATIVE REDUCTION OF F <= FACTR*EPSMCH
1.5,2.0,5000,0,20260926-0-0-1-0,50,qlog,1.5,1.7839286528279685,True,False,48,19.373936292404412,0.061594721000119534,barrido q-log; q por deviance de bins
1.5,2.0,5000,0,20260926-0-0-1-0,70,pdf,1.495415580606764,1.974479431404634,True,False,67,19.373936292404412,0.07746650899980523,CONVERGENCE: RELATIVE REDUCTION OF F <= FACTR*EPSMCH
1.5,2.0,5000,0,20260926-0-0-1-0,70,qlog,1.5,1.8117073706809632,True,False,67,19.373936292404412,0.0521568510000634,barrido q-log; q por deviance de bins
1.5,2.0,5000,0,20260926-0-0-1-0,100,pdf,1.4956801683786545,1.9725403926370888,True,False,95,19.373936292404412,0.04352565199997116,CONVERGENCE: RELATIVE REDUCTION OF F <= FACTR*EPSMCH
1.5,2.0,5000,0,20260926-0-0-1-0,100,qlog,1.5,1.8464795837406165,True,False,95,19.373936292404412,0.06286210899997968,barrido q-log; q por deviance de bins
1.5,2.0,5000,0,20260926-0-0-1-0,150,pdf,1.496239790029764,1.9732873357030463,True,False,141,19.373936292404412,0.06554813900015688,CONVERGENCE: RELATIVE REDUCTION OF F <= FACTR*EPSMCH
1.5,2.0,5000,0,20260926-0-0-1-0,150,qlog,1.5,1.7773861591038371,True,False,141,19.373936292404412,0.04899258099999315,barrido q-log; q por deviance de bins
1.5,2.0,5000,0,20260926-0-0-1-0,200,pdf,1.4960376830503428,1.9722950897507432,True,False,187,19.373936292404412,0.07799262200001067,CONVERGENCE: RELATIVE REDUCTION OF F <= FACTR*EPSMCH
1.5,2.0,5000,0,20260926-0-0-1-0,200,qlog,1.52,1.8161832714717112,True,False,187,19.373936292404412,0.036460882000028505,barrido q-log; q por deviance de bins
1.5,2.0,5000,1,20260926-0-0-1-1,20,pdf,1.5105163282078005,2.047635519272458,True,False,20,11.922698930978754,0.03504091799982234,CONVERGENCE: RELATIVE REDUCTION OF F <= FACTR*EPSMCH
1.5,2.0,5000,1,20260926-0-0-1-1,20,qlog,1.6,1.7575335984266278,True,False,20,11.922698930978754,0.03840083699992647,barrido q-log; q por deviance de bins
1.5,2.0,5000,1,20260926-0-0-1-1,30,pdf,1.507101262420213,2.020700936044793,True,False,30,11.922698930978754,0.03730198000016571,CONVERGENCE: RELATIVE REDUCTION OF F <= FACTR*EPSMCH
1.5,2.0,5000,1,20260926-0-0-1-1,30,qlog,1.54,1.8528506925429455,True,False,30,11.922698930978754,0.02656174000003375,barrido q-log; q por deviance de bins
1.5,2.0,5000,1,20260926-0-0-1-1,40,pdf,1.5069051476663136,2.026325708284934,True,False,40,11.922698930978754,0.048311948999980814,CONVERGENCE: RELATIVE REDUCTION OF F <= FACTR*EPSMCH
1.5,2.0,5000,1,20260926-0-0-1-1,40,qlog,1.52,1.8955044327183597,True,False,40,11.922698930978754,0.03444261799995729,barrido q-log; q por deviance de bins
1.5,2.0,5000,1,20260926-0-0-1-1,50,pdf,1.5089237862332934,2.0261947489433383,True,False,50,11.922698930978754,0.06461792599998262,CONVERGENCE: RELATIVE REDUCTION OF F <= FACTR*EPSMCH
1.5,2.0,5000,1,20260926-0-0-1-1,50,qlog,1.52,1.9336094461773126,True,False,50,11.922698930978754,0.028634087000000363,barrido q-log; q por deviance de bins
1.5,2.0,5000,1,20260926-0-0-1-1,70,pdf,1.5056299796264216,2.011829581345895,True,False,70,11.922698930978754,0.06220508199999131,CONVERGENCE: RELATIVE REDUCTION OF F <= FACTR*EPSMCH
1.5,2.0,5000,1,20260926-0-0-1-1,70,qlog,1.5,1.898809286803815,True,False,70,11.922698930978754,0.027803214999948977,barrido q-log; q por deviance de bins
1.5,2.0,5000,1,20260926-0-0-1-1,100,pdf,1.506848865872806,2.0176609446564573,True,False,99,11.922698930978754,0.07438079200005632,CONVERGENCE: RELATIVE REDUCTION OF F <= FACTR*EPSMCH
1.5,2.0,5000,1,20260926-0-0-1-1,100,qlog,1.5,1.9006288159136668,True,False,99,11.922698930978754,0.04096664600001532,barrido q-log; q por deviance de bins
1.5,2.0,5000,1,20260926-0-0-1-1,150,pdf,1.5086390089912127,2.023376911547042,True,False,144,11.922698930978754,0.0756006780000007,CONVERGENCE: RELATIVE REDUCTION OF F <= FACTR*EPSMCH
1.5,2.0,5000,1,20260926-0-0-1-1,150,qlog,1.52,1.9337542173536075,True,False,144,11.922698930978754,0.035798565000050075,barrido q-log; q por deviance de bins
1.5,2.0,5000,1,20260926-0-0-1-1,200,pdf,1.507896938301804,2.0213754104702395,True,False,193,11.922698930978754,0.06284546899996712,CONVERGENCE: RELATIVE REDUCTION OF F <= FACTR*EPSMCH
1.5,2.0,5000,1,20260926-0-0-1-1,200,qlog,1.5,1.783035794883869,True,False,193,11.922698930978754,0.061312488999874404,barrido q-log; q por deviance de bins
1.5,2.0,5000,2,20260926-0-0-1-2,20,pdf,1.4937582431566117,2.0115143073352133,True,False,20,16.73381624210737,0.03845563899994886,CONVERGENCE: NORM OF PROJECTED GRADIENT <= PGTOL
1.5,2.0,5000,2,20260926-0-0-1-2,20,qlog,1.6400000000000001,1.726764942688998,True,False,20,16.73381624210737,0.027278914999897097,barrido q-log; q por deviance de bins
1.5,2.0,5000,2,20260926-0-0-1-2,30,pdf,1.499570838965256,2.0334268848360497,True,False,30,16.73381624210737,0.061316662000081124,CONVERGENCE: RELATIVE REDUCTION OF F <= FACTR*EPSMCH
1.5,2.0,5000,2,20260926-0-0-1-2,30,qlog,1.54,1.784911646349153,True,False,30,16.73381624210737,0.02550360999998702,barrido q-log; q por deviance de bins
1.5,2.0,5000,2,20260926-0-0-1-2,40,pdf,1.4933678612141472,2.0150698528601043,True,False,40,16.73381624210737,0.05543226500003584,CONVERGENCE: RELATIVE REDUCTION OF F <= FACTR*EPSMCH
1.5,2.0,5000,2,20260926-0-0-1-2,40,qlog,1.5,1.8072845222943232,True,False,40,16.73381624210737,0.030233864000138055,barrido q-log; q por deviance de bins
1.5,2.0,5000,2,20260926-0-0-1-2,50,pdf,1.496674306903973,2.0198477744696683,True,False,49,16.73381624210737,0.05637203299988869,CONVERGENCE: RELATIVE REDUCTION OF F <= FACTR*EPSMCH
1.5,2.0,5000,2,20260926-0-0-1-2,50,qlog,1.5,1.8717251944317785,True,False,49,16.73381624210737,0.028080387000045448,barrido q-log; q por deviance de bins
1.5,2.0,5000,2,20260926-0-0-1-2,70,pdf,1.4995162612375572,2.0287997868576917,True,False,69,16.73381624210737,0.03853305500001625,CONVERGENCE: RELATIVE REDUCTION OF F <= FACTR*EPSMCH
1.5,2.0,5000,2,20260926-0-0-1-2,70,qlog,1.5,1.903911926029274,True,False,69,16.73381624210737,0.041201294000074995,barrido q-log; q por deviance de bins
1.5,2.0,5000,2,20260926-0-0-1-2,100,pdf,1.4987748861596408,2.025243164539729,True,False,97,16.73381624210737,0.0412854310000057,CONVERGENCE: RELATIVE REDUCTION OF F <= FACTR*EPSMCH
1.5,2.0,5000,2,20260926-0-0-1-2,100,qlog,1.5,1.9238433919066165,True,False,97,16.73381624210737,0.03671814400013318,barrido q-log; q por deviance de bins
1.5,2.0,5000,2,20260926-0-0-1-2,150,pdf,1.500192866633536,2.0333263736993445,True,False,144,16.73381624210737,0.05491684499997973,CONVERGENCE: RELATIVE REDUCTION OF F <= FACTR*EPSMCH
1.5,2.0,5000,2,20260926-0-0-1-2,150,qlog,1.5,1.8706866639327786,True,False,144,16.73381624210737,0.0344287529999292,barrido q-log; q por deviance de bins
1.5,2.0,5000,2,20260926-0-0-1-2,200,pdf,1.4976788888180839,2.0246700959441566,True,False,190,16.73381624210737,0.06360798600007911,CONVERGENCE: RELATIVE REDUCTION OF F <= FACTR*EPSMCH
1.5,2.0,5000,2,20260926-0-0-1-2,200,qlog,1.5,1.8465284790460303,True,False,190,16.73381624210737,0.03643605899992508,barrido q-log; q por deviance de bins
1.5,2.0,5000,3,20260926-0-0-1-3,20,pdf,1.4972059360783208,2.042750079932859,True,False,20,22.932569285660662,0.05306227400001262,CONVERGENCE: RELATIVE REDUCTION OF F <= FACTR*EPSMCH
1.5,2.0,5000,3,20260926-0-0-1-3,20,qlog,1.6800000000000002,1.6993346212207188,True,False,20,22.932569285660662,0.024709146000077453,barrido q-log; q por deviance de bins
1.5,2.0,5000,3,20260926-0-0-1-3,30,pdf,1.5123855592120876,2.100401286971428,True,False,30,22.932569285660662,0.06873598900006073,CONVERGENCE: RELATIVE REDUCTION OF F <= FACTR*EPSMCH
1.5,2.0,5000,3,20260926-0-0-1-3,30,qlog,1.56,1.7827995072248082,True,False,30,22.932569285660662,0.027958412999851134,barrido q-log; q por deviance de bins
1.5,2.0,5000,3,20260926-0-0-1-3,40,pdf,1.5139676646341405,2.0992554018820386,True,False,40,22.932569285660662,0.05290950400012662,CONVERGENCE: RELATIVE REDUCTION OF F <= FACTR*EPSMCH
1.5,2.0,5000,3,20260926-0-0-1-3,40,qlog,1.54,1.8967794484861156,True,False,40,22.932569285660662,0.028870009999991453,barrido q-log; q por deviance de bins
1.5,2.0,5000,3,20260926-0-0-1-3,50,pdf,1.5224024410767985,2.1346902712206055,True,False,49,22.932569285660662,0.045350336999945284,CONVERGENCE: RELATIVE REDUCTION OF F <= FACTR*EPSMCH
1.5,2.0,5000,3,20260926-0-0-1-3,50,qlog,1.54,1.9976693921417368,True,False,49,22.932569285660662,0.04324633900000663,barrido q-log; q por deviance de bins
1.5,2.0,5000,3,20260926-0-0-1-3,70,pdf,1.5201617266986793,2.1206200097146968,True,False,69,22.932569285660662,0.039640783000095325,CONVERGENCE: RELATIVE REDUCTION OF F <= FACTR*EPSMCH
1.5,2.0,5000,3,20260926-0-0-1-3,70,qlog,1.52,1.938009194581518,True,False,69,22.932569285660662,0.045813929999894754,barrido q-log; q por deviance de bins
1.5,2.0,5000,3,20260926-0-0-1-3,100,pdf,1.5167371614617207,2.1122734837491866,True,False,97,22.932569285660662,0.04037185800007137,CONVERGENCE: RELATIVE REDUCTION OF F <= FACTR*EPSMCH
1.5,2.0,5000,3,20260926-0-0-1-3,100,qlog,1.52,1.9456720634981581,True,False,97,22.932569285660662,0.04792741599999317,barrido q-log; q por deviance de bins
1.5,2.0,5000,3,20260926-0-0-1-3,150,pdf,1.51964893845685,2.1214055781132637,True,False,141,22.932569285660662,0.04652927600000112,CONVERGENCE: RELATIVE REDUCTION OF F <= FACTR*EPSMCH
1.5,2.0,5000,3,20260926-0-0-1-3,150,qlog,1.52,1.9018453391263037,True,False,141,22.932569285660662,0.05461495100007596,barrido q-log; q por deviance de bins
1.5,2.0,5000,3,20260926-0-0-1-3,200,pdf,1.5155848673665913,2.107955247708645,True,False,188,22.932569285660662,0.05393370399997366,CONVERGENCE: RELATIVE REDUCTION OF F <= FACTR*EPSMCH
1.5,2.0,5000,3,20260926-0-0-1-3,200,qlog,1.52,1.8619121318483178,True,False,188,22.932569285660662,0.056103903000121136,barrido q-log; q por deviance de bins
1.5,2.0,5000,4,20260926-0-0-1-4,20,pdf,1.509315068425577,1.9960519034619728,True,False,20,75.48159749774757,0.03591195900003186,CONVERGENCE: RELATIVE REDUCTION OF F <= FACTR*EPSMCH
1.5,2.0,5000,4,20260926-0-0-1-4,20,qlog,1.88,1.7779294407413881,True,False,20,75.48159749774757,0.03427037200003724,barrido q-log; q por deviance de bins
1.5,2.0,5000,4,20260926-0-0-1-4,30,pdf,1.5147468898927436,2.0103123593137946,True,False,29,75.48159749774757,0.05636021600003005,CONVERGENCE: RELATIVE REDUCTION OF F <= FACTR*EPSMCH
1.5,2.0,5000,4,20260926-0-0-1-4,30,qlog,1.6600000000000001,1.6732112172037203,True,False,29,75.48159749774757,0.03073626599984891,barrido q-log; q por deviance de bins
1.5,2.0,5000,4,20260926-0-0-1-4,40,pdf,1.5146416516166064,2.011641044396074,True,False,38,75.48159749774757,0.06315942899982474,CONVERGENCE: RELATIVE REDUCTION OF F <= FACTR*EPSMCH
1.5,2.0,5000,4,20260926-0-0-1-4,40,qlog,1.58,1.708260129848446,True,False,38,75.48159749774757,0.028143988000010722,barrido q-log; q por deviance de bins
1.5,2.0,5000,4,20260926-0-0-1-4,50,pdf,1.5119852618132221,2.000859298099689,True,False,47,75.48159749774757,0.09253684399982376,CONVERGENCE: RELATIVE REDUCTION OF F <= FACTR*EPSMCH
1.5,2.0,5000,4,20260926-0-0-1-4,50,qlog,1.56,1.7824561581585034,True,False,47,75.48159749774757,0.08125899800006664,barrido q-log; q por deviance de bins
1.5,2.0,5000,4,20260926-0-0-1-4,70,pdf,1.5111752145061996,1.9971635064794409,True,False,65,75.48159749774757,0.1254121709998799,CONVERGENCE: RELATIVE REDUCTION OF F <= FACTR*EPSMCH
1.5,2.0,5000,4,20260926-0-0-1-4,70,qlog,1.58,1.962368492653119,True,False,65,75.48159749774757,0.04602977599984115,barrido q-log; q por deviance de bins
1.5,2.0,5000,4,20260926-0-0-1-4,100,pdf,1.5127909343051245,2.003633973029268,True,False,92,75.48159749774757,0.05979847799994786,CONVERGENCE: RELATIVE REDUCTION OF F <= FACTR*EPSMCH
1.5,2.0,5000,4,20260926-0-0-1-4,100,qlog,1.58,1.9291242515831972,True,False,92,75.48159749774757,0.0471800110001368,barrido q-log; q por deviance de bins
1.5,2.0,5000,4,20260926-0-0-1-4,150,pdf,1.5119935365023465,2.0013784420319305,True,False,136,75.48159749774757,0.05705890600006569,CONVERGENCE: RELATIVE REDUCTION OF F <= FACTR*EPSMCH
1.5,2.0,5000,4,20260926-0-0-1-4,150,qlog,1.6,1.8888191864043204,True,False,136,75.48159749774757,0.0639148049999676,barrido q-log; q por deviance de bins
1.5,2.0,5000,4,20260926-0-0-1-4,200,pdf,1.515092394771427,2.0120858049292316,True,False,180,75.48159749774757,0.20572577299981276,CONVERGENCE: RELATIVE REDUCTION OF F <= FACTR*EPSMCH
1.5,2.0,5000,4,20260926-0-0-1-4,200,qlog,1.62,1.907260957698444,True,False,180,75.48159749774757,0.06574227999999493,barrido q-log; q por deviance de bins
1.5,2.0,5000,5,20260926-0-0-1-5,20,pdf,1.5269309470259909,2.0770690617902243,True,False,20,12.103880833505801,0.08617089099993791,CONVERGENCE: RELATIVE REDUCTION OF F <= FACTR*EPSMCH
1.5,2.0,5000,5,20260926-0-0-1-5,20,qlog,1.62,1.8310815820657553,True,False,20,12.103880833505801,0.03481011300004866,barrido q-log; q por deviance de bins
1.5,2.0,5000,5,20260926-0-0-1-5,30,pdf,1.5225750161591822,2.0616237218202254,True,False,30,12.103880833505801,0.09123897800009217,CONVERGENCE: RELATIVE REDUCTION OF F <= FACTR*EPSMCH
1.5,2.0,5000,5,20260926-0-0-1-5,30,qlog,1.56,1.9178221098193242,True,False,30,12.103880833505801,0.06801826700007041,barrido q-log; q por deviance de bins
1.5,2.0,5000,5,20260926-0-0-1-5,40,pdf,1.5264405580201827,2.0782602604488853,True,False,40,12.103880833505801,0.10983556899986979,CONVERGENCE: RELATIVE REDUCTION OF F <= FACTR*EPSMCH
1.5,2.0,5000,5,20260926-0-0-1-5,40,qlog,1.54,1.9355952870989848,True,False,40,12.103880833505801,0.03426983300005304,barrido q-log; q por deviance de bins
1.5,2.0,5000,5,20260926-0-0-1-5,50,pdf,1.5261221725749532,2.0764951297836443,True,False,50,12.103880833505801,0.114979804000086,CONVERGENCE: RELATIVE REDUCTION OF F <= FACTR*EPSMCH
1.5,2.0,5000,5,20260926-0-0-1-5,50,qlog,1.54,1.979900412528649,True,False,50,12.103880833505801,0.04504594399986672,barrido q-log; q por deviance de bins
1.5,2.0,5000,5,20260926-0-0-1-5,70,pdf,1.5238467233741901,2.0646347723738603,True,False,70,12.103880833505801,0.039245377000042936,CONVERGENCE: RELATIVE REDUCTION OF F <= FACTR*EPSMCH
1.5,2.0,5000,5,20260926-0-0-1-5,70,qlog,1.52,1.908318033991845,True,False,70,12.103880833505801,0.044490084000017305,barrido q-log; q por deviance de bins
1.5,2.0,5000,5,20260926-0-0-1-5,100,pdf,1.524912535303065,2.071849606076812,True,False,99,12.103880833505801,0.04420724299984613,CONVERGENCE: RELATIVE REDUCTION OF F <= FACTR*EPSMCH
1.5,2.0,5000,5,20260926-0-0-1-5,100,qlog,1.52,1.9184002660970123,True,False,99,12.103880833505801,0.03037008399996921,barrido q-log; q por deviance de bins
1.5,2.0,5000,5,20260926-0-0-1-5,150,pdf,1.5246120624187898,2.0722506954588567,True,False,147,12.103880833505801,0.05710843399992882,CONVERGENCE: RELATIVE REDUCTION OF F <= FACTR*EPSMCH
1.5,2.0,5000,5,20260926-0-0-1-5,150,qlog,1.54,1.94928462249646,True,False,147,12.103880833505801,0.03272135600013826,barrido q-log; q por deviance de bins
1.5,2.0,5000,5,20260926-0-0-1-5,200,pdf,1.5241880505045302,2.0692275032199268,True,False,196,12.103880833505801,0.06903931400006513,CONVERGENCE: RELATIVE REDUCTION OF F <= FACTR*EPSMCH
1.5,2.0,5000,5,20260926-0-0-1-5,200,qlog,1.54,1.9218332801209679,True,False,196,12.103880833505801,0.03765273099998012,barrido q-log; q por deviance de bins
1.5,2.0,5000,6,20260926-0-0-1-6,20,pdf,1.4987099389183622,1.9757090426213781,True,False,20,29.400937182998398,0.045148969999900146,CONVERGENCE: RELATIVE REDUCTION OF F <= FACTR*EPSMCH
1.5,2.0,5000,6,20260926-0-0-1-6,20,qlog,1.7200000000000002,1.6918071361931193,True,False,20,29.400937182998398,0.026462327999979607,barrido q-log; q por deviance de bins
1.5,2.0,5000,6,20260926-0-0-1-6,30,pdf,1.5024690184659883,1.9828328895105434,True,False,30,29.400937182998398,0.06459174700012227,CONVERGENCE: RELATIVE REDUCTION OF F <= FACTR*EPSMCH
1.5,2.0,5000,6,20260926-0-0-1-6,30,qlog,1.56,1.665343711093162,True,False,30,29.400937182998398,0.027748106999979427,barrido q-log; q por deviance de bins
1.5,2.0,5000,6,20260926-0-0-1-6,40,pdf,1.5220208267425037,2.0589309115002563,True,False,39,29.400937182998398,0.03236586899993199,CONVERGENCE: RELATIVE REDUCTION OF F <= FACTR*EPSMCH
1.5,2.0,5000,6,20260926-0-0-1-6,40,qlog,1.56,1.886054797992927,True,False,39,29.400937182998398,0.045459156000106304,barrido q-log; q por deviance de bins
1.5,2.0,5000,6,20260926-0-0-1-6,50,pdf,1.518123165792527,2.0433433860194996,True,False,49,29.400937182998398,0.035584862999940015,CONVERGENCE: RELATIVE REDUCTION OF F <= FACTR*EPSMCH
1.5,2.0,5000,6,20260926-0-0-1-6,50,qlog,1.54,1.8874938827144552,True,False,49,29.400937182998398,0.05287515500003792,barrido q-log; q por deviance de bins
1.5,2.0,5000,6,20260926-0-0-1-6,70,pdf,1.5209311743218803,2.051552655385782,True,False,68,29.400937182998398,0.03704641700005595,CONVERGENCE: RELATIVE REDUCTION OF F <= FACTR*EPSMCH
1.5,2.0,5000,6,20260926-0-0-1-6,70,qlog,1.54,1.927975439120038,True,False,68,29.400937182998398,0.027709169999980077,barrido q-log; q por deviance de bins
1.5,2.0,5000,6,20260926-0-0-1-6,100,pdf,1.526462446396432,2.071413538921256,True,False,97,29.400937182998398,0.07605538500001785,CONVERGENCE: RELATIVE REDUCTION OF F <= FACTR*EPSMCH
1.5,2.0,5000,6,20260926-0-0-1-6,100,qlog,1.54,1.9841665623873885,True,False,97,29.400937182998398,0.031893119999949704,barrido q-log; q por deviance de bins
1.5,2.0,5000,6,20260926-0-0-1-6,150,pdf,1.521278764367824,2.0516723493909548,True,False,142,29.400937182998398,0.06993892099990262,CONVERGENCE: RELATIVE REDUCTION OF F <= FACTR*EPSMCH
1.5,2.0,5000,6,20260926-0-0-1-6,150,qlog,1.54,1.923930976768483,True,False,142,29.400937182998398,0.032804097999814985,barrido q-log; q por deviance de bins
1.5,2.0,5000,6,20260926-0-0-1-6,200,pdf,1.5255242676156273,2.0676714658063093,True,False,188,29.400937182998398,0.05909759399992254,CONVERGENCE: RELATIVE REDUCTION OF F <= FACTR*EPSMCH
1.5,2.0,5000,6,20260926-0-0-1-6,200,qlog,1.56,1.961874795053064,True,False,188,29.400937182998398,0.033968508000043585,barrido q-log; q por deviance de bins
1.5,2.0,5000,7,20260926-0-0-1-7,20,pdf,1.4939835323211546,1.8658059701940128,True,False,20,9.943409422811467,0.0529342090001137,CONVERGENCE: NORM OF PROJECTED GRADIENT <= PGTOL
1.5,2.0,5000,7,20260926-0-0-1-7,20,qlog,1.56,1.624164344002783,True,False,20,9.943409422811467,0.02473436400009632,barrido q-log; q por deviance de bins
1.5,2.0,5000,7,20260926-0-0-1-7,30,pdf,1.5103229372736737,1.9293589921999243,True,False,30,9.943409422811467,0.07688643400001638,CONVERGENCE: RELATIVE REDUCTION OF F <= FACTR*EPSMCH
1.5,2.0,5000,7,20260926-0-0-1-7,30,qlog,1.52,1.7307453607404264,True,False,30,9.943409422811467,0.026636013000143066,barrido q-log; q por deviance de bins
1.5,2.0,5000,7,20260926-0-0-1-7,40,pdf,1.5031822547577363,1.9042032908814952,True,False,40,9.943409422811467,0.05140072799986228,CONVERGENCE: RELATIVE REDUCTION OF F <= FACTR*EPSMCH
1.5,2.0,5000,7,20260926-0-0-1-7,40,qlog,1.52,1.8043510321141916,True,False,40,9.943409422811467,0.02773186399986116,barrido q-log; q por deviance de bins
1.5,2.0,5000,7,20260926-0-0-1-7,50,pdf,1.4999689469658315,1.8957216424265102,True,False,50,9.943409422811467,0.0405820070000118,CONVERGENCE: RELATIVE REDUCTION OF F <= FACTR*EPSMCH
1.5,2.0,5000,7,20260926-0-0-1-7,50,qlog,1.5,1.7705762535141643,True,False,50,9.943409422811467,0.03455435099999704,barrido q-log; q por deviance de bins
1.5,2.0,5000,7,20260926-0-0-1-7,70,pdf,1.5090172018275076,1.9272455358591105,True,False,70,9.943409422811467,0.0543769710000106,CONVERGENCE: RELATIVE REDUCTION OF F <= FACTR*EPSMCH
1.5,2.0,5000,7,20260926-0-0-1-7,70,qlog,1.52,1.8704068163978085,True,False,70,9.943409422811467,0.05120589500006645,barrido q-log; q por deviance de bins
1.5,2.0,5000,7,20260926-0-0-1-7,100,pdf,1.5042216081022481,1.909552694078287,True,False,100,9.943409422811467,0.04412764299991068,CONVERGENCE: RELATIVE REDUCTION OF F <= FACTR*EPSMCH
1.5,2.0,5000,7,20260926-0-0-1-7,100,qlog,1.52,1.8386692986461388,True,False,100,9.943409422811467,0.04601230000002943,barrido q-log; q por deviance de bins
1.5,2.0,5000,7,20260926-0-0-1-7,150,pdf,1.5075655361569356,1.92117810221994,True,False,148,9.943409422811467,0.04989773700003752,CONVERGENCE: RELATIVE REDUCTION OF F <= FACTR*EPSMCH
1.5,2.0,5000,7,20260926-0-0-1-7,150,qlog,1.52,1.8192374942609184,True,False,148,9.943409422811467,0.053517453000040405,barrido q-log; q por deviance de bins
1.5,2.0,5000,7,20260926-0-0-1-7,200,pdf,1.5055948355652928,1.9156908127774799,True,False,197,9.943409422811467,0.04768640899987986,CONVERGENCE: RELATIVE REDUCTION OF F <= FACTR*EPSMCH
1.5,2.0,5000,7,20260926-0-0-1-7,200,qlog,1.52,1.750784420018557,True,False,197,9.943409422811467,0.04656066000006831,barrido q-log; q por deviance de bins
1.5,2.0,5000,8,20260926-0-0-1-8,20,pdf,1.5361385093514717,2.1684924078101306,True,False,20,19.170949165815735,0.06104612499984796,CONVERGENCE: RELATIVE REDUCTION OF F <= FACTR*EPSMCH
1.5,2.0,5000,8,20260926-0-0-1-8,20,qlog,1.6800000000000002,1.8106780225013042,True,False,20,19.170949165815735,0.04493265299993254,barrido q-log; q por deviance de bins
1.5,2.0,5000,8,20260926-0-0-1-8,30,pdf,1.5410576524413222,2.181245410885299,True,False,30,19.170949165815735,0.04057656500003759,CONVERGENCE: NORM OF PROJECTED GRADIENT <= PGTOL
1.5,2.0,5000,8,20260926-0-0-1-8,30,qlog,1.58,1.8854109275773259,True,False,30,19.170949165815735,0.026018590999910884,barrido q-log; q por deviance de bins
1.5,2.0,5000,8,20260926-0-0-1-8,40,pdf,1.5381009818567148,2.1752168584214058,True,False,40,19.170949165815735,0.04523458500011657,CONVERGENCE: RELATIVE REDUCTION OF F <= FACTR*EPSMCH
1.5,2.0,5000,8,20260926-0-0-1-8,40,qlog,1.56,1.9886431231932045,True,False,40,19.170949165815735,0.027227447000086613,barrido q-log; q por deviance de bins
1.5,2.0,5000,8,20260926-0-0-1-8,50,pdf,1.5393877804250222,2.181252112168659,True,False,50,19.170949165815735,0.05117986100003691,CONVERGENCE: RELATIVE REDUCTION OF F <= FACTR*EPSMCH
1.5,2.0,5000,8,20260926-0-0-1-8,50,qlog,1.54,1.9682313740160338,True,False,50,19.170949165815735,0.02803988499999832,barrido q-log; q por deviance de bins
1.5,2.0,5000,8,20260926-0-0-1-8,70,pdf,1.542616337741212,2.194438059136939,True,False,69,19.170949165815735,0.039224203999992824,CONVERGENCE: RELATIVE REDUCTION OF F <= FACTR*EPSMCH
1.5,2.0,5000,8,20260926-0-0-1-8,70,qlog,1.54,2.0228933763331503,True,False,69,19.170949165815735,0.04685988300002464,barrido q-log; q por deviance de bins
1.5,2.0,5000,8,20260926-0-0-1-8,100,pdf,1.5404378836497779,2.18910500656355,True,False,97,19.170949165815735,0.056845490000114296,CONVERGENCE: RELATIVE REDUCTION OF F <= FACTR*EPSMCH
1.5,2.0,5000,8,20260926-0-0-1-8,100,qlog,1.54,2.0087711763550566,True,False,97,19.170949165815735,0.04656163499998911,barrido q-log; q por deviance de bins
1.5,2.0,5000,8,20260926-0-0-1-8,150,pdf,1.539686950716324,2.184542330946729,True,False,144,19.170949165815735,0.04521601700002975,CONVERGENCE: RELATIVE REDUCTION OF F <= FACTR*EPSMCH
1.5,2.0,5000,8,20260926-0-0-1-8,150,qlog,1.56,2.022215855348678,True,False,144,19.170949165815735,0.05264072499994654,barrido q-log; q por deviance de bins
1.5,2.0,5000,8,20260926-0-0-1-8,200,pdf,1.5411944193052687,2.190917950770207,True,False,191,19.170949165815735,0.05468256999984078,CONVERGENCE: RELATIVE REDUCTION OF F <= FACTR*EPSMCH
1.5,2.0,5000,8,20260926-0-0-1-8,200,qlog,1.56,1.9498180023975717,True,False,191,19.170949165815735,0.05060238900000513,barrido q-log; q por deviance de bins
1.5,2.0,5000,9,20260926-0-0-1-9,20,pdf,1.4932716032999382,2.0507460477092994,True,False,20,10.053090677784192,0.037524198000028264,CONVERGENCE: RELATIVE REDUCTION OF F <= FACTR*EPSMCH
1.5,2.0,5000,9,20260926-0-0-1-9,20,qlog,1.56,1.7423609071688548,True,False,20,10.053090677784192,0.04118991800010008,barrido q-log; q por deviance de bins
1.5,2.0,5000,9,20260926-0-0-1-9,30,pdf,1.4930386019118753,2.04707659903941,True,False,30,10.053090677784192,0.04731407400004173,CONVERGENCE: RELATIVE REDUCTION OF F <= FACTR*EPSMCH
1.5,2.0,5000,9,20260926-0-0-1-9,30,qlog,1.52,1.8898165941481604,True,False,30,10.053090677784192,0.04354575100001057,barrido q-log; q por deviance de bins
1.5,2.0,5000,9,20260926-0-0-1-9,40,pdf,1.4844296161086115,2.0209854331087858,True,False,40,10.053090677784192,0.04147520800006532,CONVERGENCE: RELATIVE REDUCTION OF F <= FACTR*EPSMCH
1.5,2.0,5000,9,20260926-0-0-1-9,40,qlog,1.5,1.9162995390858655,True,False,40,10.053090677784192,0.02710444500007725,barrido q-log; q por deviance de bins
1.5,2.0,5000,9,20260926-0-0-1-9,50,pdf,1.4910059479316526,2.0441775175816277,True,False,50,10.053090677784192,0.05718840499980615,CONVERGENCE: RELATIVE REDUCTION OF F <= FACTR*EPSMCH
1.5,2.0,5000,9,20260926-0-0-1-9,50,qlog,1.5,1.943318805534993,True,False,50,10.053090677784192,0.04450989000019945,barrido q-log; q por deviance de bins
1.5,2.0,5000,9,20260926-0-0-1-9,70,pdf,1.4891196368856399,2.034878761521948,True,False,69,10.053090677784192,0.05582695599991894,CONVERGENCE: RELATIVE REDUCTION OF F <= FACTR*EPSMCH
1.5,2.0,5000,9,20260926-0-0-1-9,70,qlog,1.5,1.95401345105749,True,False,69,10.053090677784192,0.03127442400000291,barrido q-log; q por deviance de bins
1.5,2.0,5000,9,20260926-0-0-1-9,100,pdf,1.4937402522762029,2.0496861510979727,True,False,98,10.053090677784192,0.0632515649999732,CONVERGENCE: RELATIVE REDUCTION OF F <= FACTR*EPSMCH
1.5,2.0,5000,9,20260926-0-0-1-9,100,qlog,1.5,1.9147571959778193,True,False,98,10.053090677784192,0.030444106000004467,barrido q-log; q por deviance de bins
1.5,2.0,5000,9,20260926-0-0-1-9,150,pdf,1.491744443319778,2.0444814375607487,True,False,146,10.053090677784192,0.05890878899981544,CONVERGENCE: RELATIVE REDUCTION OF F <= FACTR*EPSMCH
1.5,2.0,5000,9,20260926-0-0-1-9,150,qlog,1.5,1.9069839270188385,True,False,146,10.053090677784192,0.033540418999791655,barrido q-log; q por deviance de bins
1.5,2.0,5000,9,20260926-0-0-1-9,200,pdf,1.4926310752907395,2.0458629725688526,True,False,194,10.053090677784192,0.09343753100006325,CONVERGENCE: RELATIVE REDUCTION OF F <= FACTR*EPSMCH
1.5,2.0,5000,9,20260926-0-0-1-9,200,qlog,1.5,1.852943964237741,True,False,194,10.053090677784192,0.06625690999999279,barrido q-log; q por deviance de bins
1.5,5.0,1000,0,20260926-0-1-0-0,20,pdf,1.5358360453028583,5.188108727188846,True,False,20,3.9750631948751787,0.08736803900001178,CONVERGENCE: NORM OF PROJECTED GRADIENT <= PGTOL
1.5,5.0,1000,0,20260926-0-1-0-0,20,qlog,1.56,4.296382801897802,True,False,20,3.9750631948751787,0.02738900300005298,barrido q-log; q por deviance de bins
1.5,5.0,1000,0,20260926-0-1-0-0,30,pdf,1.5255638959514197,5.102830023384757,True,False,30,3.9750631948751787,0.04364438799984782,CONVERGENCE: NORM OF PROJECTED GRADIENT <= PGTOL
1.5,5.0,1000,0,20260926-0-1-0-0,30,qlog,1.52,4.260924463556106,True,False,30,3.9750631948751787,0.04823611499978142,barrido q-log; q por deviance de bins
1.5,5.0,1000,0,20260926-0-1-0-0,40,pdf,1.5361912113674407,5.210847934008031,True,False,40,3.9750631948751787,0.05807922700000745,CONVERGENCE: RELATIVE REDUCTION OF F <= FACTR*EPSMCH
1.5,5.0,1000,0,20260926-0-1-0-0,40,qlog,1.52,4.172448149810281,True,False,40,3.9750631948751787,0.027769035999881453,barrido q-log; q por deviance de bins
1.5,5.0,1000,0,20260926-0-1-0-0,50,pdf,1.5426782902277183,5.288239379737783,True,False,50,3.9750631948751787,0.03556479999997464,CONVERGENCE: RELATIVE REDUCTION OF F <= FACTR*EPSMCH
1.5,5.0,1000,0,20260926-0-1-0-0,50,qlog,1.54,4.424344561129043,True,False,50,3.9750631948751787,0.047810521999963385,barrido q-log; q por deviance de bins
1.5,5.0,1000,0,20260926-0-1-0-0,70,pdf,1.5392887084165647,5.23162182046677,True,False,68,3.9750631948751787,0.045710401999940586,CONVERGENCE: RELATIVE REDUCTION OF F <= FACTR*EPSMCH
1.5,5.0,1000,0,20260926-0-1-0-0,70,qlog,1.54,4.07852305483736,True,False,68,3.9750631948751787,0.047445013000015024,barrido q-log; q por deviance de bins
1.5,5.0,1000,0,20260926-0-1-0-0,100,pdf,1.5418960153222214,5.272728696010841,True,False,98,3.9750631948751787,0.10651246199995512,CONVERGENCE: NORM OF PROJECTED GRADIENT <= PGTOL
1.5,5.0,1000,0,20260926-0-1-0-0,100,qlog,1.52,4.013790244298795,True,False,98,3.9750631948751787,0.032041700000036144,barrido q-log; q por deviance de bins
1.5,5.0,1000,0,20260926-0-1-0-0,150,pdf,1.5347446880877038,5.192449805808637,True,False,147,3.9750631948751787,0.07314425499998833,CONVERGENCE: RELATIVE REDUCTION OF F <= FACTR*EPSMCH
1.5,5.0,1000,0,20260926-0-1-0-0,150,qlog,1.5,3.663195404150187,True,False,147,3.9750631948751787,0.046262102999889976,barrido q-log; q por deviance de bins
1.5,5.0,1000,0,20260926-0-1-0-0,200,pdf,1.5393752071640334,5.238189186660984,True,False,182,3.9750631948751787,0.13465897699984453,CONVERGENCE: RELATIVE REDUCTION OF F <= FACTR*EPSMCH
1.5,5.0,1000,0,20260926-0-1-0-0,200,qlog,1.5,3.2110903040114813,True,False,182,3.9750631948751787,0.03802037900004507,barrido q-log; q por deviance de bins
1.5,5.0,1000,1,20260926-0-1-0-1,20,pdf,1.639616184384988,6.492521148375446,True,False,20,4.349154594912342,0.03058390799992594,CONVERGENCE: RELATIVE REDUCTION OF F <= FACTR*EPSMCH
1.5,5.0,1000,1,20260926-0-1-0-1,20,qlog,1.6600000000000001,5.405917516700291,True,False,20,4.349154594912342,0.04268552500002443,barrido q-log; q por deviance de bins
1.5,5.0,1000,1,20260926-0-1-0-1,30,pdf,1.6704525170095539,7.000157875542166,True,False,30,4.349154594912342,0.03194431599990821,CONVERGENCE: RELATIVE REDUCTION OF F <= FACTR*EPSMCH
1.5,5.0,1000,1,20260926-0-1-0-1,30,qlog,1.6600000000000001,5.760835416910823,True,False,30,4.349154594912342,0.02661326099996586,barrido q-log; q por deviance de bins
1.5,5.0,1000,1,20260926-0-1-0-1,40,pdf,1.662715517971494,6.8557933184659605,True,False,40,4.349154594912342,0.05011668999986796,CONVERGENCE: RELATIVE REDUCTION OF F <= FACTR*EPSMCH
1.5,5.0,1000,1,20260926-0-1-0-1,40,qlog,1.6600000000000001,5.72455450665605,True,False,40,4.349154594912342,0.027611813000021357,barrido q-log; q por deviance de bins
1.5,5.0,1000,1,20260926-0-1-0-1,50,pdf,1.6580112634601232,6.773556285225269,True,False,50,4.349154594912342,0.06115153599989753,CONVERGENCE: RELATIVE REDUCTION OF F <= FACTR*EPSMCH
1.5,5.0,1000,1,20260926-0-1-0-1,50,qlog,1.6400000000000001,5.550365458596585,True,False,50,4.349154594912342,0.030253058999960558,barrido q-log; q por deviance de bins
1.5,5.0,1000,1,20260926-0-1-0-1,70,pdf,1.6608044814705898,6.8560194533482,True,False,69,4.349154594912342,0.04560885699993378,CONVERGENCE: RELATIVE REDUCTION OF F <= FACTR*EPSMCH
1.5,5.0,1000,1,20260926-0-1-0-1,70,qlog,1.6400000000000001,5.164217290588205,True,False,69,4.349154594912342,0.029449961999944207,barrido q-log; q por deviance de bins
1.5,5.0,1000,1,20260926-0-1-0-1,100,pdf,1.6628047841715972,6.859203815067082,True,False,97,4.349154594912342,0.056604825000022174,CONVERGENCE: RELATIVE REDUCTION OF F <= FACTR*EPSMCH
1.5,5.0,1000,1,20260926-0-1-0-1,100,qlog,1.6400000000000001,4.806380213543526,True,False,97,4.349154594912342,0.0472409639999114,barrido q-log; q por deviance de bins
1.5,5.0,1000,1,20260926-0-1-0-1,150,pdf,1.6605096229553113,6.838852911958878,True,False,139,4.349154594912342,0.08495228600008886,CONVERGENCE: RELATIVE REDUCTION OF F <= FACTR*EPSMCH
1.5,5.0,1000,1,20260926-0-1-0-1,150,qlog,1.6,4.052303725448118,True,False,139,4.349154594912342,0.03721952700016118,barrido q-log; q por deviance de bins
1.5,5.0,1000,1,20260926-0-1-0-1,200,pdf,1.66002658055491,6.835237706491994,True,False,176,4.349154594912342,0.0762646359999053,CONVERGENCE: RELATIVE REDUCTION OF F <= FACTR*EPSMCH
1.5,5.0,1000,1,20260926-0-1-0-1,200,qlog,1.58,3.488627568032493,True,False,176,4.349154594912342,0.0525237230001494,barrido q-log; q por deviance de bins
1.5,5.0,1000,2,20260926-0-1-0-2,20,pdf,1.4752194559138538,4.410911238381381,True,False,20,7.8256767441187955,0.045364059999883466,CONVERGENCE: RELATIVE REDUCTION OF F <= FACTR*EPSMCH
1.5,5.0,1000,2,20260926-0-1-0-2,20,qlog,1.58,3.7298382081503885,True,False,20,7.8256767441187955,0.02819092400000045,barrido q-log; q por deviance de bins
1.5,5.0,1000,2,20260926-0-1-0-2,30,pdf,1.4897382720665273,4.48989885224122,True,False,29,7.8256767441187955,0.05630189199996494,CONVERGENCE: RELATIVE REDUCTION OF F <= FACTR*EPSMCH
1.5,5.0,1000,2,20260926-0-1-0-2,30,qlog,1.54,3.950313900659081,True,False,29,7.8256767441187955,0.027589758999965852,barrido q-log; q por deviance de bins
1.5,5.0,1000,2,20260926-0-1-0-2,40,pdf,1.4771018774784226,4.370518273979635,True,False,39,7.8256767441187955,0.07880838200003382,CONVERGENCE: RELATIVE REDUCTION OF F <= FACTR*EPSMCH
1.5,5.0,1000,2,20260926-0-1-0-2,40,qlog,1.5,3.777388923914957,True,False,39,7.8256767441187955,0.02859633799994299,barrido q-log; q por deviance de bins
1.5,5.0,1000,2,20260926-0-1-0-2,50,pdf,1.4646745156017928,4.279612784733027,True,False,48,7.8256767441187955,0.04028154699994957,CONVERGENCE: NORM OF PROJECTED GRADIENT <= PGTOL
1.5,5.0,1000,2,20260926-0-1-0-2,50,qlog,1.5,3.5570246410906825,True,False,48,7.8256767441187955,0.021583014000043477,barrido q-log; q por deviance de bins
1.5,5.0,1000,2,20260926-0-1-0-2,70,pdf,1.4646872393083898,4.288008699110232,True,False,67,7.8256767441187955,0.038365359999943394,CONVERGENCE: RELATIVE REDUCTION OF F <= FACTR*EPSMCH
1.5,5.0,1000,2,20260926-0-1-0-2,70,qlog,1.48,3.6161940876703946,True,False,67,7.8256767441187955,0.031914351999830615,barrido q-log; q por deviance de bins
1.5,5.0,1000,2,20260926-0-1-0-2,100,pdf,1.4791346017348015,4.386247496842716,True,False,94,7.8256767441187955,0.047272149999798785,CONVERGENCE: RELATIVE REDUCTION OF F <= FACTR*EPSMCH
1.5,5.0,1000,2,20260926-0-1-0-2,100,qlog,1.5,3.431930325551986,True,False,94,7.8256767441187955,0.03282433200001833,barrido q-log; q por deviance de bins
1.5,5.0,1000,2,20260926-0-1-0-2,150,pdf,1.4766155072064777,4.369834742737752,True,False,138,7.8256767441187955,0.08257020599990028,CONVERGENCE: RELATIVE REDUCTION OF F <= FACTR*EPSMCH
1.5,5.0,1000,2,20260926-0-1-0-2,150,qlog,1.52,3.222053674480742,True,False,138,7.8256767441187955,0.07284698500006925,barrido q-log; q por deviance de bins
1.5,5.0,1000,2,20260926-0-1-0-2,200,pdf,1.4776711807924245,4.374493077280997,True,False,182,7.8256767441187955,0.06515377699997771,CONVERGENCE: RELATIVE REDUCTION OF F <= FACTR*EPSMCH
1.5,5.0,1000,2,20260926-0-1-0-2,200,qlog,1.52,2.795957410505193,True,False,182,7.8256767441187955,0.061335254999903555,barrido q-log; q por deviance de bins
1.5,5.0,1000,3,20260926-0-1-0-3,20,pdf,1.4503180819785955,4.728166278345813,True,False,20,4.266404446483562,0.10750366400020539,CONVERGENCE: RELATIVE REDUCTION OF F <= FACTR*EPSMCH
1.5,5.0,1000,3,20260926-0-1-0-3,20,qlog,1.52,4.285029325956161,True,False,20,4.266404446483562,0.05640372500010926,barrido q-log; q por deviance de bins
1.5,5.0,1000,3,20260926-0-1-0-3,30,pdf,1.4505472553626682,4.751380152359762,True,False,30,4.266404446483562,0.07203561100004663,CONVERGENCE: RELATIVE REDUCTION OF F <= FACTR*EPSMCH
1.5,5.0,1000,3,20260926-0-1-0-3,30,qlog,1.48,4.357269811425954,True,False,30,4.266404446483562,0.040843497999958345,barrido q-log; q por deviance de bins
1.5,5.0,1000,3,20260926-0-1-0-3,40,pdf,1.4232242985411283,4.552925927274439,True,False,40,4.266404446483562,0.041148179999936474,CONVERGENCE: NORM OF PROJECTED GRADIENT <= PGTOL
1.5,5.0,1000,3,20260926-0-1-0-3,40,qlog,1.44,4.104954726979904,True,False,40,4.266404446483562,0.04671746700000767,barrido q-log; q por deviance de bins
1.5,5.0,1000,3,20260926-0-1-0-3,50,pdf,1.4223317982067023,4.576638033615735,True,False,49,4.266404446483562,0.07870271999991019,CONVERGENCE: RELATIVE REDUCTION OF F <= FACTR*EPSMCH
1.5,5.0,1000,3,20260926-0-1-0-3,50,qlog,1.44,3.97877894937326,True,False,49,4.266404446483562,0.03460848100007752,barrido q-log; q por deviance de bins
1.5,5.0,1000,3,20260926-0-1-0-3,70,pdf,1.422780139543682,4.564348219315613,True,False,69,4.266404446483562,0.06225168599985409,CONVERGENCE: RELATIVE REDUCTION OF F <= FACTR*EPSMCH
1.5,5.0,1000,3,20260926-0-1-0-3,70,qlog,1.44,3.9721689544126315,True,False,69,4.266404446483562,0.03382935399986309,barrido q-log; q por deviance de bins
1.5,5.0,1000,3,20260926-0-1-0-3,100,pdf,1.4292157254627504,4.639633004527662,True,False,96,4.266404446483562,0.40702511100016636,CONVERGENCE: RELATIVE REDUCTION OF F <= FACTR*EPSMCH
1.5,5.0,1000,3,20260926-0-1-0-3,100,qlog,1.44,3.670621119132766,True,False,96,4.266404446483562,0.04784682499985138,barrido q-log; q por deviance de bins
1.5,5.0,1000,3,20260926-0-1-0-3,150,pdf,1.4268597854261427,4.611708338316339,True,False,143,4.266404446483562,0.4076735369999369,CONVERGENCE: RELATIVE REDUCTION OF F <= FACTR*EPSMCH
1.5,5.0,1000,3,20260926-0-1-0-3,150,qlog,1.44,3.4595845360581015,True,False,143,4.266404446483562,0.0939458850000392,barrido q-log; q por deviance de bins
1.5,5.0,1000,3,20260926-0-1-0-3,200,pdf,1.4280519065360087,4.630670109121578,True,False,183,4.266404446483562,0.05613701500010393,CONVERGENCE: RELATIVE REDUCTION OF F <= FACTR*EPSMCH
1.5,5.0,1000,3,20260926-0-1-0-3,200,qlog,1.46,3.1620450865010286,True,False,183,4.266404446483562,0.035751784000012776,barrido q-log; q por deviance de bins
1.5,5.0,1000,4,20260926-0-1-0-4,20,pdf,1.5112510770659968,5.118001630392574,True,False,20,10.440174076939375,0.036825556999929177,CONVERGENCE: RELATIVE REDUCTION OF F <= FACTR*EPSMCH
1.5,5.0,1000,4,20260926-0-1-0-4,20,qlog,1.6400000000000001,4.192317606718887,True,False,20,10.440174076939375,0.02743110900019019,barrido q-log; q por deviance de bins
1.5,5.0,1000,4,20260926-0-1-0-4,30,pdf,1.478841901423647,4.812140234821679,True,False,29,10.440174076939375,0.05648969900016709,CONVERGENCE: RELATIVE REDUCTION OF F <= FACTR*EPSMCH
1.5,5.0,1000,4,20260926-0-1-0-4,30,qlog,1.52,4.114870658502003,True,False,29,10.440174076939375,0.027678447999960554,barrido q-log; q por deviance de bins
1.5,5.0,1000,4,20260926-0-1-0-4,40,pdf,1.5108375063966126,5.106560090719263,True,False,39,10.440174076939375,0.06963296300000366,CONVERGENCE: RELATIVE REDUCTION OF F <= FACTR*EPSMCH
1.5,5.0,1000,4,20260926-0-1-0-4,40,qlog,1.54,4.676112430041259,True,False,39,10.440174076939375,0.03549655500000881,barrido q-log; q por deviance de bins
1.5,5.0,1000,4,20260926-0-1-0-4,50,pdf,1.5165222535999183,5.17067549602516,True,False,49,10.440174076939375,0.06868528099994364,CONVERGENCE: RELATIVE REDUCTION OF F <= FACTR*EPSMCH
1.5,5.0,1000,4,20260926-0-1-0-4,50,qlog,1.54,4.702850370149698,True,False,49,10.440174076939375,0.02947081899992554,barrido q-log; q por deviance de bins
1.5,5.0,1000,4,20260926-0-1-0-4,70,pdf,1.5109098428328864,5.102473893684493,True,False,66,10.440174076939375,0.042658637000158706,CONVERGENCE: RELATIVE REDUCTION OF F <= FACTR*EPSMCH
1.5,5.0,1000,4,20260926-0-1-0-4,70,qlog,1.54,4.266861966048446,True,False,66,10.440174076939375,0.04391839300001266,barrido q-log; q por deviance de bins
1.5,5.0,1000,4,20260926-0-1-0-4,100,pdf,1.5127215172627333,5.122923186316723,True,False,94,10.440174076939375,0.04580844499992054,CONVERGENCE: RELATIVE REDUCTION OF F <= FACTR*EPSMCH
1.5,5.0,1000,4,20260926-0-1-0-4,100,qlog,1.56,4.315054398033765,True,False,94,10.440174076939375,0.04107207899983223,barrido q-log; q por deviance de bins
1.5,5.0,1000,4,20260926-0-1-0-4,150,pdf,1.5162898369946016,5.129506437265367,True,False,136,10.440174076939375,0.05072103299994524,CONVERGENCE: RELATIVE REDUCTION OF F <= FACTR*EPSMCH
1.5,5.0,1000,4,20260926-0-1-0-4,150,qlog,1.58,3.968866927820384,True,False,136,10.440174076939375,0.05487246200004847,barrido q-log; q por deviance de bins
1.5,5.0,1000,4,20260926-0-1-0-4,200,pdf,1.5157614037499667,5.139848675097558,True,False,175,10.440174076939375,0.05502347800006646,CONVERGENCE: RELATIVE REDUCTION OF F <= FACTR*EPSMCH
1.5,5.0,1000,4,20260926-0-1-0-4,200,qlog,1.6,3.6006181385286324,True,False,175,10.440174076939375,0.05015560800006824,barrido q-log; q por deviance de bins
1.5,5.0,1000,5,20260926-0-1-0-5,20,pdf,1.580917210621818,5.534243033696205,True,False,20,4.632607076755925,0.03668010900014451,CONVERGENCE: NORM OF PROJECTED GRADIENT <= PGTOL
1.5,5.0,1000,5,20260926-0-1-0-5,20,qlog,1.62,4.764362921284094,True,False,20,4.632607076755925,0.044689568999956464,barrido q-log; q por deviance de bins
1.5,5.0,1000,5,20260926-0-1-0-5,30,pdf,1.553264748472561,5.248411483762615,True,False,29,4.632607076755925,0.03330942699994921,CONVERGENCE: RELATIVE REDUCTION OF F <= FACTR*EPSMCH
1.5,5.0,1000,5,20260926-0-1-0-5,30,qlog,1.56,4.601843478704687,True,False,29,4.632607076755925,0.031798616000060065,barrido q-log; q por deviance de bins
1.5,5.0,1000,5,20260926-0-1-0-5,40,pdf,1.568641006856793,5.363143722990693,True,False,39,4.632607076755925,0.04825704199993197,CONVERGENCE: RELATIVE REDUCTION OF F <= FACTR*EPSMCH
1.5,5.0,1000,5,20260926-0-1-0-5,40,qlog,1.56,4.63307778566515,True,False,39,4.632607076755925,0.029770640999913667,barrido q-log; q por deviance de bins
1.5,5.0,1000,5,20260926-0-1-0-5,50,pdf,1.5676040668167979,5.368917522757301,True,False,49,4.632607076755925,0.0577509590000318,CONVERGENCE: NORM OF PROJECTED GRADIENT <= PGTOL
1.5,5.0,1000,5,20260926-0-1-0-5,50,qlog,1.56,4.66243373042507,True,False,49,4.632607076755925,0.029716772000028868,barrido q-log; q por deviance de bins
1.5,5.0,1000,5,20260926-0-1-0-5,70,pdf,1.5705530667501435,5.3893086359591384,True,False,68,4.632607076755925,0.057015727999896626,CONVERGENCE: RELATIVE REDUCTION OF F <= FACTR*EPSMCH
1.5,5.0,1000,5,20260926-0-1-0-5,70,qlog,1.56,4.549645009454461,True,False,68,4.632607076755925,0.029222167000170884,barrido q-log; q por deviance de bins
1.5,5.0,1000,5,20260926-0-1-0-5,100,pdf,1.5682969305392847,5.359815902512208,True,False,95,4.632607076755925,0.046201967000115474,CONVERGENCE: RELATIVE REDUCTION OF F <= FACTR*EPSMCH
1.5,5.0,1000,5,20260926-0-1-0-5,100,qlog,1.54,4.056377420571082,True,False,95,4.632607076755925,0.04648387699990053,barrido q-log; q por deviance de bins
1.5,5.0,1000,5,20260926-0-1-0-5,150,pdf,1.5705450662004017,5.382992460512805,True,False,140,4.632607076755925,0.049403806999862354,CONVERGENCE: RELATIVE REDUCTION OF F <= FACTR*EPSMCH
1.5,5.0,1000,5,20260926-0-1-0-5,150,qlog,1.54,3.751977341980523,True,False,140,4.632607076755925,0.045797844999924564,barrido q-log; q por deviance de bins
1.5,5.0,1000,5,20260926-0-1-0-5,200,pdf,1.5719793668796493,5.397986361975143,True,False,178,4.632607076755925,0.0534128790000068,CONVERGENCE: RELATIVE REDUCTION OF F <= FACTR*EPSMCH
1.5,5.0,1000,5,20260926-0-1-0-5,200,qlog,1.52,3.350807845973306,True,False,178,4.632607076755925,0.050327491999951235,barrido q-log; q por deviance de bins
1.5,5.0,1000,6,20260926-0-1-0-6,20,pdf,1.4737396728773466,4.594775841749827,True,False,20,3.5613528216130415,0.060512601000027644,CONVERGENCE: RELATIVE REDUCTION OF F <= FACTR*EPSMCH
1.5,5.0,1000,6,20260926-0-1-0-6,20,qlog,1.5,4.003506258493046,True,False,20,3.5613528216130415,0.044352553999942756,barrido q-log; q por deviance de bins
1.5,5.0,1000,6,20260926-0-1-0-6,30,pdf,1.4764726527173972,4.651548282294428,True,False,30,3.5613528216130415,0.051014337999959025,CONVERGENCE: RELATIVE REDUCTION OF F <= FACTR*EPSMCH
1.5,5.0,1000,6,20260926-0-1-0-6,30,qlog,1.48,4.164042320314784,True,False,30,3.5613528216130415,0.048782040999867604,barrido q-log; q por deviance de bins
1.5,5.0,1000,6,20260926-0-1-0-6,40,pdf,1.4690111648663253,4.55790118881391,True,False,40,3.5613528216130415,0.04797683300012068,CONVERGENCE: RELATIVE REDUCTION OF F <= FACTR*EPSMCH
1.5,5.0,1000,6,20260926-0-1-0-6,40,qlog,1.46,3.9487127827286126,True,False,40,3.5613528216130415,0.03400712999996358,barrido q-log; q por deviance de bins
1.5,5.0,1000,6,20260926-0-1-0-6,50,pdf,1.4622728137826926,4.55739844091344,True,False,50,3.5613528216130415,0.03611801700003525,CONVERGENCE: NORM OF PROJECTED GRADIENT <= PGTOL
1.5,5.0,1000,6,20260926-0-1-0-6,50,qlog,1.44,3.7822766663069998,True,False,50,3.5613528216130415,0.029641093999998702,barrido q-log; q por deviance de bins
1.5,5.0,1000,6,20260926-0-1-0-6,70,pdf,1.4581908421849639,4.493765617941254,True,False,69,3.5613528216130415,0.06560488500008432,CONVERGENCE: RELATIVE REDUCTION OF F <= FACTR*EPSMCH
1.5,5.0,1000,6,20260926-0-1-0-6,70,qlog,1.44,3.614520564138627,True,False,69,3.5613528216130415,0.030392510999945443,barrido q-log; q por deviance de bins
1.5,5.0,1000,6,20260926-0-1-0-6,100,pdf,1.4673390214807898,4.584343728854129,True,False,97,3.5613528216130415,0.1591573990001507,CONVERGENCE: RELATIVE REDUCTION OF F <= FACTR*EPSMCH
1.5,5.0,1000,6,20260926-0-1-0-6,100,qlog,1.44,3.3782917914383535,True,False,97,3.5613528216130415,0.04096121299994593,barrido q-log; q por deviance de bins
1.5,5.0,1000,6,20260926-0-1-0-6,150,pdf,1.4623117809712587,4.548326989363888,True,False,140,3.5613528216130415,0.2511948559999837,CONVERGENCE: RELATIVE REDUCTION OF F <= FACTR*EPSMCH
1.5,5.0,1000,6,20260926-0-1-0-6,150,qlog,1.42,3.067802637828853,True,False,140,3.5613528216130415,0.03791007399991031,barrido q-log; q por deviance de bins
1.5,5.0,1000,6,20260926-0-1-0-6,200,pdf,1.4644461513941127,4.563607828962264,True,False,183,3.5613528216130415,0.18981252100002166,CONVERGENCE: RELATIVE REDUCTION OF F <= FACTR*EPSMCH
1.5,5.0,1000,6,20260926-0-1-0-6,200,qlog,1.4,2.8074035591211124,True,False,183,3.5613528216130415,0.4501662559998749,barrido q-log; q por deviance de bins
1.5,5.0,1000,7,20260926-0-1-0-7,20,pdf,1.5380502328501626,4.300165830450836,True,False,20,6.839225660747512,0.5546806110000944,CONVERGENCE: RELATIVE REDUCTION OF F <= FACTR*EPSMCH
1.5,5.0,1000,7,20260926-0-1-0-7,20,qlog,1.6,3.6778133905272496,True,False,20,6.839225660747512,0.023194710000097984,barrido q-log; q por deviance de bins
1.5,5.0,1000,7,20260926-0-1-0-7,30,pdf,1.5435621191507785,4.387609631665594,True,False,30,6.839225660747512,0.03468599200004974,CONVERGENCE: RELATIVE REDUCTION OF F <= FACTR*EPSMCH
1.5,5.0,1000,7,20260926-0-1-0-7,30,qlog,1.58,4.005379752154559,True,False,30,6.839225660747512,0.028062878999890017,barrido q-log; q por deviance de bins
1.5,5.0,1000,7,20260926-0-1-0-7,40,pdf,1.5477247012412905,4.449357081707022,True,False,40,6.839225660747512,0.033466884000063146,CONVERGENCE: RELATIVE REDUCTION OF F <= FACTR*EPSMCH
1.5,5.0,1000,7,20260926-0-1-0-7,40,qlog,1.58,3.8399414666160054,True,False,40,6.839225660747512,0.03493583399995259,barrido q-log; q por deviance de bins
1.5,5.0,1000,7,20260926-0-1-0-7,50,pdf,1.5522340555554062,4.498102753158741,True,False,49,6.839225660747512,0.03429024899992328,CONVERGENCE: RELATIVE REDUCTION OF F <= FACTR*EPSMCH
1.5,5.0,1000,7,20260926-0-1-0-7,50,qlog,1.6,3.800474413445153,True,False,49,6.839225660747512,0.02878762199998164,barrido q-log; q por deviance de bins
1.5,5.0,1000,7,20260926-0-1-0-7,70,pdf,1.5345417125982599,4.343638872940767,True,False,69,6.839225660747512,0.05303026600017802,CONVERGENCE: RELATIVE REDUCTION OF F <= FACTR*EPSMCH
1.5,5.0,1000,7,20260926-0-1-0-7,70,qlog,1.56,3.6340994223217886,True,False,69,6.839225660747512,0.025137156999790022,barrido q-log; q por deviance de bins
1.5,5.0,1000,7,20260926-0-1-0-7,100,pdf,1.547754006186553,4.458026588119488,True,False,96,6.839225660747512,0.06755982300001051,CONVERGENCE: RELATIVE REDUCTION OF F <= FACTR*EPSMCH
1.5,5.0,1000,7,20260926-0-1-0-7,100,qlog,1.58,3.3126146033287345,True,False,96,6.839225660747512,0.026383832999954393,barrido q-log; q por deviance de bins
1.5,5.0,1000,7,20260926-0-1-0-7,150,pdf,1.5415442421678252,4.411675284725046,True,False,140,6.839225660747512,0.054679683999893314,CONVERGENCE: RELATIVE REDUCTION OF F <= FACTR*EPSMCH
1.5,5.0,1000,7,20260926-0-1-0-7,150,qlog,1.58,3.1292958105993938,True,False,140,6.839225660747512,0.02568826199990326,barrido q-log; q por deviance de bins
1.5,5.0,1000,7,20260926-0-1-0-7,200,pdf,1.5443579220470787,4.4354972439955835,True,False,181,6.839225660747512,0.04894089599997642,CONVERGENCE: RELATIVE REDUCTION OF F <= FACTR*EPSMCH
1.5,5.0,1000,7,20260926-0-1-0-7,200,qlog,1.58,2.6883799074083687,True,False,181,6.839225660747512,0.042719124000086595,barrido q-log; q por deviance de bins
1.5,5.0,1000,8,20260926-0-1-0-8,20,pdf,1.497279599449002,4.763292274931253,True,False,20,4.694570720333917,0.027232697000044936,CONVERGENCE: RELATIVE REDUCTION OF F <= FACTR*EPSMCH
1.5,5.0,1000,8,20260926-0-1-0-8,20,qlog,1.52,3.8711819536445238,True,False,20,4.694570720333917,0.020827947999805474,barrido q-log; q por deviance de bins
1.5,5.0,1000,8,20260926-0-1-0-8,30,pdf,1.540426283607536,5.162931561626275,True,False,30,4.694570720333917,0.0381570339998234,CONVERGENCE: RELATIVE REDUCTION OF F <= FACTR*EPSMCH
1.5,5.0,1000,8,20260926-0-1-0-8,30,qlog,1.54,4.457459447138088,True,False,30,4.694570720333917,0.019576571000015974,barrido q-log; q por deviance de bins
1.5,5.0,1000,8,20260926-0-1-0-8,40,pdf,1.504709249816294,4.834188944522651,True,False,40,4.694570720333917,0.037454711999998835,CONVERGENCE: RELATIVE REDUCTION OF F <= FACTR*EPSMCH
1.5,5.0,1000,8,20260926-0-1-0-8,40,qlog,1.5,4.0394627239250225,True,False,40,4.694570720333917,0.02325090299996191,barrido q-log; q por deviance de bins
1.5,5.0,1000,8,20260926-0-1-0-8,50,pdf,1.5429115126317754,5.159337492896098,True,False,49,4.694570720333917,0.03383106399996905,CONVERGENCE: RELATIVE REDUCTION OF F <= FACTR*EPSMCH
1.5,5.0,1000,8,20260926-0-1-0-8,50,qlog,1.56,4.234860056784167,True,False,49,4.694570720333917,0.020266429000002972,barrido q-log; q por deviance de bins
1.5,5.0,1000,8,20260926-0-1-0-8,70,pdf,1.5419924006399308,5.1667753719131495,True,False,69,4.694570720333917,0.06209486599982483,CONVERGENCE: RELATIVE REDUCTION OF F <= FACTR*EPSMCH
1.5,5.0,1000,8,20260926-0-1-0-8,70,qlog,1.54,3.95368641787587,True,False,69,4.694570720333917,0.020654421000017464,barrido q-log; q por deviance de bins
1.5,5.0,1000,8,20260926-0-1-0-8,100,pdf,1.535669877366733,5.098129942772264,True,False,96,4.694570720333917,0.03564983800015398,CONVERGENCE: RELATIVE REDUCTION OF F <= FACTR*EPSMCH
1.5,5.0,1000,8,20260926-0-1-0-8,100,qlog,1.52,3.5115467367313133,True,False,96,4.694570720333917,0.045806236999851535,barrido q-log; q por deviance de bins
1.5,5.0,1000,8,20260926-0-1-0-8,150,pdf,1.5382079820920764,5.125945955341293,True,False,138,4.694570720333917,0.06271120100018379,CONVERGENCE: RELATIVE REDUCTION OF F <= FACTR*EPSMCH
1.5,5.0,1000,8,20260926-0-1-0-8,150,qlog,1.52,3.149066602027748,True,False,138,4.694570720333917,0.055379160000029515,barrido q-log; q por deviance de bins
1.5,5.0,1000,8,20260926-0-1-0-8,200,pdf,1.5363006720299404,5.104532209158441,True,False,177,4.694570720333917,0.07449419099998522,CONVERGENCE: RELATIVE REDUCTION OF F <= FACTR*EPSMCH
1.5,5.0,1000,8,20260926-0-1-0-8,200,qlog,1.52,2.8578554845664796,True,False,177,4.694570720333917,0.025040803999900163,barrido q-log; q por deviance de bins
1.5,5.0,1000,9,20260926-0-1-0-9,20,pdf,1.4576863271807152,4.797985283449315,True,False,20,5.82443156129726,0.04890553500013084,CONVERGENCE: RELATIVE REDUCTION OF F <= FACTR*EPSMCH
1.5,5.0,1000,9,20260926-0-1-0-9,20,qlog,1.54,4.202859270763968,True,False,20,5.82443156129726,0.03591604500002177,barrido q-log; q por deviance de bins
1.5,5.0,1000,9,20260926-0-1-0-9,30,pdf,1.4165959695629935,4.4912511976973715,True,False,29,5.82443156129726,0.036389202999998815,CONVERGENCE: RELATIVE REDUCTION OF F <= FACTR*EPSMCH
1.5,5.0,1000,9,20260926-0-1-0-9,30,qlog,1.44,4.0150139428932885,True,False,29,5.82443156129726,0.022632730999930573,barrido q-log; q por deviance de bins
1.5,5.0,1000,9,20260926-0-1-0-9,40,pdf,1.4502117274092376,4.720239171642081,True,False,39,5.82443156129726,0.041701977000002444,CONVERGENCE: RELATIVE REDUCTION OF F <= FACTR*EPSMCH
1.5,5.0,1000,9,20260926-0-1-0-9,40,qlog,1.46,4.316637337474644,True,False,39,5.82443156129726,0.01868718900004751,barrido q-log; q por deviance de bins
1.5,5.0,1000,9,20260926-0-1-0-9,50,pdf,1.4404210347822062,4.63251648989285,True,False,48,5.82443156129726,0.031023733999973047,CONVERGENCE: RELATIVE REDUCTION OF F <= FACTR*EPSMCH
1.5,5.0,1000,9,20260926-0-1-0-9,50,qlog,1.46,4.226201749248246,True,False,48,5.82443156129726,0.03846518900013507,barrido q-log; q por deviance de bins
1.5,5.0,1000,9,20260926-0-1-0-9,70,pdf,1.4432034410594883,4.648629261889589,True,False,66,5.82443156129726,0.03244967499995255,CONVERGENCE: RELATIVE REDUCTION OF F <= FACTR*EPSMCH
1.5,5.0,1000,9,20260926-0-1-0-9,70,qlog,1.46,4.0683187459167875,True,False,66,5.82443156129726,0.031707158999779494,barrido q-log; q por deviance de bins
1.5,5.0,1000,9,20260926-0-1-0-9,100,pdf,1.442894656680111,4.649114948966181,True,False,94,5.82443156129726,0.047483005000003686,CONVERGENCE: RELATIVE REDUCTION OF F <= FACTR*EPSMCH
1.5,5.0,1000,9,20260926-0-1-0-9,100,qlog,1.46,3.809562580429234,True,False,94,5.82443156129726,0.030654252999966047,barrido q-log; q por deviance de bins
1.5,5.0,1000,9,20260926-0-1-0-9,150,pdf,1.449235426523877,4.695378042547639,True,False,136,5.82443156129726,0.06469055100001242,CONVERGENCE: RELATIVE REDUCTION OF F <= FACTR*EPSMCH
1.5,5.0,1000,9,20260926-0-1-0-9,150,qlog,1.48,3.6175065353019673,True,False,136,5.82443156129726,0.024881056000140234,barrido q-log; q por deviance de bins
1.5,5.0,1000,9,20260926-0-1-0-9,200,pdf,1.4408027384054152,4.634199865991909,True,False,176,5.82443156129726,0.0916753650001283,CONVERGENCE: RELATIVE REDUCTION OF F <= FACTR*EPSMCH
1.5,5.0,1000,9,20260926-0-1-0-9,200,qlog,1.48,3.278371325065848,True,False,176,5.82443156129726,0.030027943000050072,barrido q-log; q por deviance de bins
1.5,5.0,5000,0,20260926-0-1-1-0,20,pdf,1.4673202029146335,4.9996764213369325,True,False,20,9.168048047943802,0.054282898000110436,CONVERGENCE: RELATIVE REDUCTION OF F <= FACTR*EPSMCH
1.5,5.0,5000,0,20260926-0-1-1-0,20,qlog,1.6,4.2738416172483795,True,False,20,9.168048047943802,0.024065782999969088,barrido q-log; q por deviance de bins
1.5,5.0,5000,0,20260926-0-1-1-0,30,pdf,1.4776910704066821,5.06714894001947,True,False,30,9.168048047943802,0.05392367500007822,CONVERGENCE: RELATIVE REDUCTION OF F <= FACTR*EPSMCH
1.5,5.0,5000,0,20260926-0-1-1-0,30,qlog,1.52,4.507317843706754,True,False,30,9.168048047943802,0.021951346999912857,barrido q-log; q por deviance de bins
1.5,5.0,5000,0,20260926-0-1-1-0,40,pdf,1.4700413832954495,5.004521209009718,True,False,40,9.168048047943802,0.034115790999976525,CONVERGENCE: RELATIVE REDUCTION OF F <= FACTR*EPSMCH
1.5,5.0,5000,0,20260926-0-1-1-0,40,qlog,1.48,4.5145589140704585,True,False,40,9.168048047943802,0.03198237300011897,barrido q-log; q por deviance de bins
1.5,5.0,5000,0,20260926-0-1-1-0,50,pdf,1.4827457091444984,5.1121091583405205,True,False,50,9.168048047943802,0.06186094300005607,CONVERGENCE: RELATIVE REDUCTION OF F <= FACTR*EPSMCH
1.5,5.0,5000,0,20260926-0-1-1-0,50,qlog,1.48,4.618099164087115,True,False,50,9.168048047943802,0.03639209200014193,barrido q-log; q por deviance de bins
1.5,5.0,5000,0,20260926-0-1-1-0,70,pdf,1.4791646802343184,5.085715320636247,True,False,69,9.168048047943802,0.033309849999795915,CONVERGENCE: RELATIVE REDUCTION OF F <= FACTR*EPSMCH
1.5,5.0,5000,0,20260926-0-1-1-0,70,qlog,1.48,4.761920814663743,True,False,69,9.168048047943802,0.030643728999848463,barrido q-log; q por deviance de bins
1.5,5.0,5000,0,20260926-0-1-1-0,100,pdf,1.4830533192886328,5.116315778080592,True,False,98,9.168048047943802,0.07528671199997916,CONVERGENCE: RELATIVE REDUCTION OF F <= FACTR*EPSMCH
1.5,5.0,5000,0,20260926-0-1-1-0,100,qlog,1.48,4.753025605454485,True,False,98,9.168048047943802,0.034464373999981035,barrido q-log; q por deviance de bins
1.5,5.0,5000,0,20260926-0-1-1-0,150,pdf,1.480721473147782,5.095764111362263,True,False,146,9.168048047943802,0.15812799700006508,CONVERGENCE: RELATIVE REDUCTION OF F <= FACTR*EPSMCH
1.5,5.0,5000,0,20260926-0-1-1-0,150,qlog,1.48,4.699084854592328,True,False,146,9.168048047943802,0.02736165499982235,barrido q-log; q por deviance de bins
1.5,5.0,5000,0,20260926-0-1-1-0,200,pdf,1.4822013601678714,5.107217684084896,True,False,191,9.168048047943802,0.25228530000003957,CONVERGENCE: RELATIVE REDUCTION OF F <= FACTR*EPSMCH
1.5,5.0,5000,0,20260926-0-1-1-0,200,qlog,1.48,4.531556665555387,True,False,191,9.168048047943802,0.028494234000163488,barrido q-log; q por deviance de bins
1.5,5.0,5000,1,20260926-0-1-1-1,20,pdf,1.4751332317748411,4.5866096687238675,True,False,20,8.33900233093881,0.19353605500009508,CONVERGENCE: RELATIVE REDUCTION OF F <= FACTR*EPSMCH
1.5,5.0,5000,1,20260926-0-1-1-1,20,qlog,1.58,3.8883132655915658,True,False,20,8.33900233093881,0.035241243999962535,barrido q-log; q por deviance de bins
1.5,5.0,5000,1,20260926-0-1-1-1,30,pdf,1.481330274823128,4.633018303924508,True,False,30,8.33900233093881,0.22890536799991423,CONVERGENCE: RELATIVE REDUCTION OF F <= FACTR*EPSMCH
1.5,5.0,5000,1,20260926-0-1-1-1,30,qlog,1.52,4.18124711766588,True,False,30,8.33900233093881,0.020752159000039683,barrido q-log; q por deviance de bins
1.5,5.0,5000,1,20260926-0-1-1-1,40,pdf,1.4749674570061353,4.588655217997981,True,False,40,8.33900233093881,0.03290798500006531,CONVERGENCE: RELATIVE REDUCTION OF F <= FACTR*EPSMCH
1.5,5.0,5000,1,20260926-0-1-1-1,40,qlog,1.5,4.304577667084621,True,False,40,8.33900233093881,0.04562691099999938,barrido q-log; q por deviance de bins
1.5,5.0,5000,1,20260926-0-1-1-1,50,pdf,1.4847739486701481,4.65655641830636,True,False,50,8.33900233093881,0.031245064999893657,CONVERGENCE: NORM OF PROJECTED GRADIENT <= PGTOL
1.5,5.0,5000,1,20260926-0-1-1-1,50,qlog,1.5,4.404812034796211,True,False,50,8.33900233093881,0.023994566000055784,barrido q-log; q por deviance de bins
1.5,5.0,5000,1,20260926-0-1-1-1,70,pdf,1.4855103656085311,4.653169363019236,True,False,70,8.33900233093881,0.05759627900010855,CONVERGENCE: RELATIVE REDUCTION OF F <= FACTR*EPSMCH
1.5,5.0,5000,1,20260926-0-1-1-1,70,qlog,1.5,4.429045543236891,True,False,70,8.33900233093881,0.020044163999955344,barrido q-log; q por deviance de bins
1.5,5.0,5000,1,20260926-0-1-1-1,100,pdf,1.4834092565189918,4.649040964154396,True,False,98,8.33900233093881,0.03594867600008911,CONVERGENCE: RELATIVE REDUCTION OF F <= FACTR*EPSMCH
1.5,5.0,5000,1,20260926-0-1-1-1,100,qlog,1.5,4.384835911347824,True,False,98,8.33900233093881,0.03355056999998851,barrido q-log; q por deviance de bins
1.5,5.0,5000,1,20260926-0-1-1-1,150,pdf,1.4841090010742988,4.650688471549714,True,False,145,8.33900233093881,0.0527299990001211,CONVERGENCE: RELATIVE REDUCTION OF F <= FACTR*EPSMCH
1.5,5.0,5000,1,20260926-0-1-1-1,150,qlog,1.5,4.203953976492463,True,False,145,8.33900233093881,0.04447520300004726,barrido q-log; q por deviance de bins
1.5,5.0,5000,1,20260926-0-1-1-1,200,pdf,1.4833100566273516,4.647126575077267,True,False,192,8.33900233093881,0.04473713099991983,CONVERGENCE: RELATIVE REDUCTION OF F <= FACTR*EPSMCH
1.5,5.0,5000,1,20260926-0-1-1-1,200,qlog,1.52,4.262726248521095,True,False,192,8.33900233093881,0.04995889199994963,barrido q-log; q por deviance de bins
1.5,5.0,5000,2,20260926-0-1-1-2,20,pdf,1.4719778771544292,4.780358439233757,True,False,20,14.953230361943154,0.02814710699999523,CONVERGENCE: RELATIVE REDUCTION OF F <= FACTR*EPSMCH
1.5,5.0,5000,2,20260926-0-1-1-2,20,qlog,1.6800000000000002,4.067297528145167,True,False,20,14.953230361943154,0.01958839500002796,barrido q-log; q por deviance de bins
1.5,5.0,5000,2,20260926-0-1-1-2,30,pdf,1.4957473470211256,5.001210108433812,True,False,30,14.953230361943154,0.024762070999940988,CONVERGENCE: RELATIVE REDUCTION OF F <= FACTR*EPSMCH
1.5,5.0,5000,2,20260926-0-1-1-2,30,qlog,1.56,4.354520957372713,True,False,30,14.953230361943154,0.036554807000129586,barrido q-log; q por deviance de bins
1.5,5.0,5000,2,20260926-0-1-1-2,40,pdf,1.4790400451644083,4.841196260832201,True,False,39,14.953230361943154,0.03891808499997751,CONVERGENCE: RELATIVE REDUCTION OF F <= FACTR*EPSMCH
1.5,5.0,5000,2,20260926-0-1-1-2,40,qlog,1.52,4.3929390384925595,True,False,39,14.953230361943154,0.02366359300003751,barrido q-log; q por deviance de bins
1.5,5.0,5000,2,20260926-0-1-1-2,50,pdf,1.4823378910404716,4.873418700929303,True,False,49,14.953230361943154,0.04788493900014146,CONVERGENCE: RELATIVE REDUCTION OF F <= FACTR*EPSMCH
1.5,5.0,5000,2,20260926-0-1-1-2,50,qlog,1.5,4.435539126973245,True,False,49,14.953230361943154,0.02337520600008247,barrido q-log; q por deviance de bins
1.5,5.0,5000,2,20260926-0-1-1-2,70,pdf,1.479723033233575,4.853869264828482,True,False,68,14.953230361943154,0.03878266099991379,CONVERGENCE: RELATIVE REDUCTION OF F <= FACTR*EPSMCH
1.5,5.0,5000,2,20260926-0-1-1-2,70,qlog,1.5,4.519655829630606,True,False,68,14.953230361943154,0.03531763399996635,barrido q-log; q por deviance de bins
1.5,5.0,5000,2,20260926-0-1-1-2,100,pdf,1.4842684665706476,4.895926335673783,True,False,96,14.953230361943154,0.051067921000139904,CONVERGENCE: RELATIVE REDUCTION OF F <= FACTR*EPSMCH
1.5,5.0,5000,2,20260926-0-1-1-2,100,qlog,1.52,4.6383179306636375,True,False,96,14.953230361943154,0.04713558699995701,barrido q-log; q por deviance de bins
1.5,5.0,5000,2,20260926-0-1-1-2,150,pdf,1.4805337325956087,4.8707158202644605,True,False,143,14.953230361943154,0.04828740800007836,CONVERGENCE: RELATIVE REDUCTION OF F <= FACTR*EPSMCH
1.5,5.0,5000,2,20260926-0-1-1-2,150,qlog,1.5,4.473346343688414,True,False,143,14.953230361943154,0.046342768999920736,barrido q-log; q por deviance de bins
1.5,5.0,5000,2,20260926-0-1-1-2,200,pdf,1.4838284623166043,4.8997098862050805,True,False,188,14.953230361943154,0.09007067099992128,CONVERGENCE: RELATIVE REDUCTION OF F <= FACTR*EPSMCH
1.5,5.0,5000,2,20260926-0-1-1-2,200,qlog,1.52,4.494478421613023,True,False,188,14.953230361943154,0.029838444000006348,barrido q-log; q por deviance de bins
1.5,5.0,5000,3,20260926-0-1-1-3,20,pdf,1.496941108467566,4.975196217319315,True,False,20,27.383123907287782,0.03086876099996516,CONVERGENCE: RELATIVE REDUCTION OF F <= FACTR*EPSMCH
1.5,5.0,5000,3,20260926-0-1-1-3,20,qlog,1.8,4.500570250678645,True,False,20,27.383123907287782,0.04234381199989912,barrido q-log; q por deviance de bins
1.5,5.0,5000,3,20260926-0-1-1-3,30,pdf,1.5101719587535731,5.102117666851512,True,False,29,27.383123907287782,0.024455681000063123,CONVERGENCE: RELATIVE REDUCTION OF F <= FACTR*EPSMCH
1.5,5.0,5000,3,20260926-0-1-1-3,30,qlog,1.6,4.18420152555125,True,False,29,27.383123907287782,0.020352000999992015,barrido q-log; q por deviance de bins
1.5,5.0,5000,3,20260926-0-1-1-3,40,pdf,1.502113850232173,5.031130337098157,True,False,39,27.383123907287782,0.06077245699998457,CONVERGENCE: RELATIVE REDUCTION OF F <= FACTR*EPSMCH
1.5,5.0,5000,3,20260926-0-1-1-3,40,qlog,1.54,4.277382792172578,True,False,39,27.383123907287782,0.01875750799990783,barrido q-log; q por deviance de bins
1.5,5.0,5000,3,20260926-0-1-1-3,50,pdf,1.5202516012419374,5.187830203167954,True,False,48,27.383123907287782,0.022763015000009545,CONVERGENCE: RELATIVE REDUCTION OF F <= FACTR*EPSMCH
1.5,5.0,5000,3,20260926-0-1-1-3,50,qlog,1.54,4.6121704197281845,True,False,48,27.383123907287782,0.022635247000152958,barrido q-log; q por deviance de bins
1.5,5.0,5000,3,20260926-0-1-1-3,70,pdf,1.5046667277899644,5.056814089845835,True,False,67,27.383123907287782,0.04246383200006676,CONVERGENCE: RELATIVE REDUCTION OF F <= FACTR*EPSMCH
1.5,5.0,5000,3,20260926-0-1-1-3,70,qlog,1.52,4.598950343711195,True,False,67,27.383123907287782,0.02045101900012014,barrido q-log; q por deviance de bins
1.5,5.0,5000,3,20260926-0-1-1-3,100,pdf,1.5102607306691733,5.099357287137738,True,False,93,27.383123907287782,0.03157374000011259,CONVERGENCE: RELATIVE REDUCTION OF F <= FACTR*EPSMCH
1.5,5.0,5000,3,20260926-0-1-1-3,100,qlog,1.54,4.768815428833071,True,False,93,27.383123907287782,0.043114748000107284,barrido q-log; q por deviance de bins
1.5,5.0,5000,3,20260926-0-1-1-3,150,pdf,1.5093126550868545,5.101069350300003,True,False,139,27.383123907287782,0.033222550000118645,CONVERGENCE: RELATIVE REDUCTION OF F <= FACTR*EPSMCH
1.5,5.0,5000,3,20260926-0-1-1-3,150,qlog,1.56,4.775282875716802,True,False,139,27.383123907287782,0.02902186200003598,barrido q-log; q por deviance de bins
1.5,5.0,5000,3,20260926-0-1-1-3,200,pdf,1.5073765334100668,5.079599306853145,True,False,184,27.383123907287782,0.049180750999994416,CONVERGENCE: RELATIVE REDUCTION OF F <= FACTR*EPSMCH
1.5,5.0,5000,3,20260926-0-1-1-3,200,qlog,1.56,4.572572985884383,True,False,184,27.383123907287782,0.034861564000038925,barrido q-log; q por deviance de bins
1.5,5.0,5000,4,20260926-0-1-1-4,20,pdf,1.5396656487021279,5.344853743141062,True,False,20,29.95435775279349,0.04472229199996036,CONVERGENCE: RELATIVE REDUCTION OF F <= FACTR*EPSMCH
1.5,5.0,5000,4,20260926-0-1-1-4,20,qlog,1.82,4.451311271709275,True,False,20,29.95435775279349,0.01914147699994828,barrido q-log; q por deviance de bins
1.5,5.0,5000,4,20260926-0-1-1-4,30,pdf,1.5538374220084954,5.487323827325093,True,False,30,29.95435775279349,0.024457404000031602,CONVERGENCE: RELATIVE REDUCTION OF F <= FACTR*EPSMCH
1.5,5.0,5000,4,20260926-0-1-1-4,30,qlog,1.6400000000000001,4.436662183693209,True,False,30,29.95435775279349,0.03156364799997391,barrido q-log; q por deviance de bins
1.5,5.0,5000,4,20260926-0-1-1-4,40,pdf,1.5237594081075532,5.181735707995638,True,False,39,29.95435775279349,0.039691801000117266,CONVERGENCE: RELATIVE REDUCTION OF F <= FACTR*EPSMCH
1.5,5.0,5000,4,20260926-0-1-1-4,40,qlog,1.58,4.493978761975533,True,False,39,29.95435775279349,0.0276391950001198,barrido q-log; q por deviance de bins
1.5,5.0,5000,4,20260926-0-1-1-4,50,pdf,1.5300262536519953,5.247921913505686,True,False,48,29.95435775279349,0.04929665700001351,CONVERGENCE: RELATIVE REDUCTION OF F <= FACTR*EPSMCH
1.5,5.0,5000,4,20260926-0-1-1-4,50,qlog,1.56,4.70759161659874,True,False,48,29.95435775279349,0.02369496899996193,barrido q-log; q por deviance de bins
1.5,5.0,5000,4,20260926-0-1-1-4,70,pdf,1.5354391673787746,5.3034628614716075,True,False,67,29.95435775279349,0.03909775100009938,CONVERGENCE: RELATIVE REDUCTION OF F <= FACTR*EPSMCH
1.5,5.0,5000,4,20260926-0-1-1-4,70,qlog,1.56,4.949465708550693,True,False,67,29.95435775279349,0.040340083000046434,barrido q-log; q por deviance de bins
1.5,5.0,5000,4,20260926-0-1-1-4,100,pdf,1.5253167720875784,5.206009410312188,True,False,93,29.95435775279349,0.037271831999987626,CONVERGENCE: RELATIVE REDUCTION OF F <= FACTR*EPSMCH
1.5,5.0,5000,4,20260926-0-1-1-4,100,qlog,1.56,4.898793532063863,True,False,93,29.95435775279349,0.025548694000008254,barrido q-log; q por deviance de bins
1.5,5.0,5000,4,20260926-0-1-1-4,150,pdf,1.5297686680059275,5.241668463215908,True,False,137,29.95435775279349,0.05842034099987359,CONVERGENCE: RELATIVE REDUCTION OF F <= FACTR*EPSMCH
1.5,5.0,5000,4,20260926-0-1-1-4,150,qlog,1.58,4.931727183403192,True,False,137,29.95435775279349,0.02779233900014333,barrido q-log; q por deviance de bins
1.5,5.0,5000,4,20260926-0-1-1-4,200,pdf,1.5276858965342428,5.224148115351972,True,False,183,29.95435775279349,0.06348946599996452,CONVERGENCE: RELATIVE REDUCTION OF F <= FACTR*EPSMCH
1.5,5.0,5000,4,20260926-0-1-1-4,200,qlog,1.58,4.727888130409407,True,False,183,29.95435775279349,0.0317005419999532,barrido q-log; q por deviance de bins
1.5,5.0,5000,5,20260926-0-1-1-5,20,pdf,1.5101585648400653,5.204269578723012,True,False,20,6.378518871794663,0.24355116600008841,CONVERGENCE: RELATIVE REDUCTION OF F <= FACTR*EPSMCH
1.5,5.0,5000,5,20260926-0-1-1-5,20,qlog,1.58,4.503915659747515,True,False,20,6.378518871794663,0.020040719999997236,barrido q-log; q por deviance de bins
1.5,5.0,5000,5,20260926-0-1-1-5,30,pdf,1.4927983945499246,5.060435436057199,True,False,30,6.378518871794663,0.18440612599988526,CONVERGENCE: RELATIVE REDUCTION OF F <= FACTR*EPSMCH
1.5,5.0,5000,5,20260926-0-1-1-5,30,qlog,1.52,4.6993376312850135,True,False,30,6.378518871794663,0.025041515000111758,barrido q-log; q por deviance de bins
1.5,5.0,5000,5,20260926-0-1-1-5,40,pdf,1.4994109408411525,5.117283249356673,True,False,40,6.378518871794663,0.026572415999908117,CONVERGENCE: RELATIVE REDUCTION OF F <= FACTR*EPSMCH
1.5,5.0,5000,5,20260926-0-1-1-5,40,qlog,1.5,4.695705868058486,True,False,40,6.378518871794663,0.023423499000045922,barrido q-log; q por deviance de bins
1.5,5.0,5000,5,20260926-0-1-1-5,50,pdf,1.4914241914964619,5.046621168494682,True,False,50,6.378518871794663,0.04250830099999803,CONVERGENCE: RELATIVE REDUCTION OF F <= FACTR*EPSMCH
1.5,5.0,5000,5,20260926-0-1-1-5,50,qlog,1.5,4.7892483856898265,True,False,50,6.378518871794663,0.021624476999932085,barrido q-log; q por deviance de bins
1.5,5.0,5000,5,20260926-0-1-1-5,70,pdf,1.4973305329082411,5.111430609461226,True,False,69,6.378518871794663,0.03429546399979699,CONVERGENCE: RELATIVE REDUCTION OF F <= FACTR*EPSMCH
1.5,5.0,5000,5,20260926-0-1-1-5,70,qlog,1.5,4.803756208961638,True,False,69,6.378518871794663,0.043278034999957526,barrido q-log; q por deviance de bins
1.5,5.0,5000,5,20260926-0-1-1-5,100,pdf,1.4918644910480274,5.0483920040896235,True,False,99,6.378518871794663,0.040726381000013134,CONVERGENCE: RELATIVE REDUCTION OF F <= FACTR*EPSMCH
1.5,5.0,5000,5,20260926-0-1-1-5,100,qlog,1.5,4.834019426156613,True,False,99,6.378518871794663,0.04483045500001026,barrido q-log; q por deviance de bins
1.5,5.0,5000,5,20260926-0-1-1-5,150,pdf,1.4937071304713234,5.0767325890864,True,False,147,6.378518871794663,0.04620743000009497,CONVERGENCE: RELATIVE REDUCTION OF F <= FACTR*EPSMCH
1.5,5.0,5000,5,20260926-0-1-1-5,150,qlog,1.5,4.652704471424092,True,False,147,6.378518871794663,0.02912730800017016,barrido q-log; q por deviance de bins
1.5,5.0,5000,5,20260926-0-1-1-5,200,pdf,1.4930381073149699,5.06684275628914,True,False,195,6.378518871794663,0.07880158399984794,CONVERGENCE: RELATIVE REDUCTION OF F <= FACTR*EPSMCH
1.5,5.0,5000,5,20260926-0-1-1-5,200,qlog,1.5,4.602185804306346,True,False,195,6.378518871794663,0.048705611000059434,barrido q-log; q por deviance de bins
1.5,5.0,5000,6,20260926-0-1-1-6,20,pdf,1.5130059450796258,5.315293156723122,True,False,20,14.643133744411816,0.028569424000124855,CONVERGENCE: RELATIVE REDUCTION OF F <= FACTR*EPSMCH
1.5,5.0,5000,6,20260926-0-1-1-6,20,qlog,1.7000000000000002,4.461784686656754,True,False,20,14.643133744411816,0.020942232999914268,barrido q-log; q por deviance de bins
1.5,5.0,5000,6,20260926-0-1-1-6,30,pdf,1.4979610275477437,5.149215583258019,True,False,30,14.643133744411816,0.04127404199994089,CONVERGENCE: RELATIVE REDUCTION OF F <= FACTR*EPSMCH
1.5,5.0,5000,6,20260926-0-1-1-6,30,qlog,1.56,4.405639203235482,True,False,30,14.643133744411816,0.01912808099996255,barrido q-log; q por deviance de bins
1.5,5.0,5000,6,20260926-0-1-1-6,40,pdf,1.5156909401349388,5.330845426496149,True,False,39,14.643133744411816,0.02726070299991079,CONVERGENCE: RELATIVE REDUCTION OF F <= FACTR*EPSMCH
1.5,5.0,5000,6,20260926-0-1-1-6,40,qlog,1.54,4.793880965768574,True,False,39,14.643133744411816,0.01963170299995909,barrido q-log; q por deviance de bins
1.5,5.0,5000,6,20260926-0-1-1-6,50,pdf,1.5102964828580123,5.274895362034032,True,False,48,14.643133744411816,0.04651881599988883,CONVERGENCE: RELATIVE REDUCTION OF F <= FACTR*EPSMCH
1.5,5.0,5000,6,20260926-0-1-1-6,50,qlog,1.52,4.828602406437201,True,False,48,14.643133744411816,0.018020248000084393,barrido q-log; q por deviance de bins
1.5,5.0,5000,6,20260926-0-1-1-6,70,pdf,1.511309791972275,5.273175769177599,True,False,66,14.643133744411816,0.029892010999901686,CONVERGENCE: RELATIVE REDUCTION OF F <= FACTR*EPSMCH
1.5,5.0,5000,6,20260926-0-1-1-6,70,qlog,1.52,4.928363359237241,True,False,66,14.643133744411816,0.04032637900013469,barrido q-log; q por deviance de bins
1.5,5.0,5000,6,20260926-0-1-1-6,100,pdf,1.5091803751586548,5.253490298826132,True,False,95,14.643133744411816,0.049937062000026344,CONVERGENCE: RELATIVE REDUCTION OF F <= FACTR*EPSMCH
1.5,5.0,5000,6,20260926-0-1-1-6,100,qlog,1.52,4.972989823930121,True,False,95,14.643133744411816,0.04547811399993407,barrido q-log; q por deviance de bins
1.5,5.0,5000,6,20260926-0-1-1-6,150,pdf,1.5099825277047192,5.2563844080784285,True,False,140,14.643133744411816,0.035357025000166686,CONVERGENCE: RELATIVE REDUCTION OF F <= FACTR*EPSMCH
1.5,5.0,5000,6,20260926-0-1-1-6,150,qlog,1.52,4.843362195318234,True,False,140,14.643133744411816,0.03221171499990305,barrido q-log; q por deviance de bins
1.5,5.0,5000,6,20260926-0-1-1-6,200,pdf,1.5084555555478179,5.2448261473962035,True,False,186,14.643133744411816,0.0716828509998777,CONVERGENCE: RELATIVE REDUCTION OF F <= FACTR*EPSMCH
1.5,5.0,5000,6,20260926-0-1-1-6,200,qlog,1.52,4.752577618160354,True,False,186,14.643133744411816,0.03171560600003431,barrido q-log; q por deviance de bins
1.5,5.0,5000,7,20260926-0-1-1-7,20,pdf,1.5296584718786346,5.056547151865171,True,False,20,19.54133994026454,0.05866656800003511,CONVERGENCE: RELATIVE REDUCTION OF F <= FACTR*EPSMCH
1.5,5.0,5000,7,20260926-0-1-1-7,20,qlog,1.74,4.292452364753624,True,False,20,19.54133994026454,0.019086835000052815,barrido q-log; q por deviance de bins
1.5,5.0,5000,7,20260926-0-1-1-7,30,pdf,1.5256375615951785,5.023471349225435,True,False,30,19.54133994026454,0.02520593100007318,CONVERGENCE: RELATIVE REDUCTION OF F <= FACTR*EPSMCH
1.5,5.0,5000,7,20260926-0-1-1-7,30,qlog,1.6,4.374279182711933,True,False,30,19.54133994026454,0.041839111999934175,barrido q-log; q por deviance de bins
1.5,5.0,5000,7,20260926-0-1-1-7,40,pdf,1.5282226675100807,5.04361091179065,True,False,40,19.54133994026454,0.029408730999875843,CONVERGENCE: RELATIVE REDUCTION OF F <= FACTR*EPSMCH
1.5,5.0,5000,7,20260926-0-1-1-7,40,qlog,1.56,4.5445727915918175,True,False,40,19.54133994026454,0.030346522999934678,barrido q-log; q por deviance de bins
1.5,5.0,5000,7,20260926-0-1-1-7,50,pdf,1.526163659286801,5.033217883449381,True,False,50,19.54133994026454,0.04145402400013154,CONVERGENCE: RELATIVE REDUCTION OF F <= FACTR*EPSMCH
1.5,5.0,5000,7,20260926-0-1-1-7,50,qlog,1.54,4.559720717984216,True,False,50,19.54133994026454,0.0199922310000602,barrido q-log; q por deviance de bins
1.5,5.0,5000,7,20260926-0-1-1-7,70,pdf,1.5242299834302468,5.0205652887246,True,False,68,19.54133994026454,0.03986147199998413,CONVERGENCE: RELATIVE REDUCTION OF F <= FACTR*EPSMCH
1.5,5.0,5000,7,20260926-0-1-1-7,70,qlog,1.54,4.686026220374473,True,False,68,19.54133994026454,0.042737404000035895,barrido q-log; q por deviance de bins
1.5,5.0,5000,7,20260926-0-1-1-7,100,pdf,1.5273591028331794,5.049568686056033,True,False,97,19.54133994026454,0.03670060300009936,CONVERGENCE: RELATIVE REDUCTION OF F <= FACTR*EPSMCH
1.5,5.0,5000,7,20260926-0-1-1-7,100,qlog,1.54,4.728832856443489,True,False,97,19.54133994026454,0.04599401200016473,barrido q-log; q por deviance de bins
1.5,5.0,5000,7,20260926-0-1-1-7,150,pdf,1.5256158156488222,5.040791763478318,True,False,143,19.54133994026454,0.04165078400001221,CONVERGENCE: RELATIVE REDUCTION OF F <= FACTR*EPSMCH
1.5,5.0,5000,7,20260926-0-1-1-7,150,qlog,1.54,4.633302478764148,True,False,143,19.54133994026454,0.02887739900006636,barrido q-log; q por deviance de bins
1.5,5.0,5000,7,20260926-0-1-1-7,200,pdf,1.5256077588673698,5.037462372024347,True,False,190,19.54133994026454,0.058389756999986275,CONVERGENCE: RELATIVE REDUCTION OF F <= FACTR*EPSMCH
1.5,5.0,5000,7,20260926-0-1-1-7,200,qlog,1.56,4.75955764930453,True,False,190,19.54133994026454,0.028469839999843316,barrido q-log; q por deviance de bins
1.5,5.0,5000,8,20260926-0-1-1-8,20,pdf,1.5269003983462568,5.157780763412103,True,False,20,11.78401025277117,0.052533521999976074,CONVERGENCE: RELATIVE REDUCTION OF F <= FACTR*EPSMCH
1.5,5.0,5000,8,20260926-0-1-1-8,20,qlog,1.6600000000000001,4.282132179660219,True,False,20,11.78401025277117,0.01747938499988777,barrido q-log; q por deviance de bins
1.5,5.0,5000,8,20260926-0-1-1-8,30,pdf,1.5222529214301384,5.136305765910337,True,False,30,11.78401025277117,0.0326079710000613,CONVERGENCE: RELATIVE REDUCTION OF F <= FACTR*EPSMCH
1.5,5.0,5000,8,20260926-0-1-1-8,30,qlog,1.56,4.463096253073868,True,False,30,11.78401025277117,0.03755304500009515,barrido q-log; q por deviance de bins
1.5,5.0,5000,8,20260926-0-1-1-8,40,pdf,1.5216735136558477,5.1438728498007045,True,False,40,11.78401025277117,0.033127063999927486,CONVERGENCE: RELATIVE REDUCTION OF F <= FACTR*EPSMCH
1.5,5.0,5000,8,20260926-0-1-1-8,40,qlog,1.54,4.6758893536178165,True,False,40,11.78401025277117,0.02005071799999314,barrido q-log; q por deviance de bins
1.5,5.0,5000,8,20260926-0-1-1-8,50,pdf,1.5209766335711272,5.1157605357469125,True,False,50,11.78401025277117,0.046435790000032284,CONVERGENCE: RELATIVE REDUCTION OF F <= FACTR*EPSMCH
1.5,5.0,5000,8,20260926-0-1-1-8,50,qlog,1.54,4.823158275347222,True,False,50,11.78401025277117,0.02047035100008543,barrido q-log; q por deviance de bins
1.5,5.0,5000,8,20260926-0-1-1-8,70,pdf,1.5190090379855097,5.107369369545388,True,False,70,11.78401025277117,0.03220942999996623,CONVERGENCE: RELATIVE REDUCTION OF F <= FACTR*EPSMCH
1.5,5.0,5000,8,20260926-0-1-1-8,70,qlog,1.52,4.794890260261505,True,False,70,11.78401025277117,0.022645774000011443,barrido q-log; q por deviance de bins
1.5,5.0,5000,8,20260926-0-1-1-8,100,pdf,1.5211981852058776,5.128174182933201,True,False,99,11.78401025277117,0.059985180000012406,CONVERGENCE: RELATIVE REDUCTION OF F <= FACTR*EPSMCH
1.5,5.0,5000,8,20260926-0-1-1-8,100,qlog,1.52,4.753863876416858,True,False,99,11.78401025277117,0.026472433999970235,barrido q-log; q por deviance de bins
1.5,5.0,5000,8,20260926-0-1-1-8,150,pdf,1.520326584583185,5.116991803425056,True,False,145,11.78401025277117,0.0627764749999642,CONVERGENCE: RELATIVE REDUCTION OF F <= FACTR*EPSMCH
1.5,5.0,5000,8,20260926-0-1-1-8,150,qlog,1.52,4.685316349921367,True,False,145,11.78401025277117,0.02847309599997061,barrido q-log; q por deviance de bins
1.5,5.0,5000,8,20260926-0-1-1-8,200,pdf,1.521729000475366,5.132393392019709,True,False,191,11.78401025277117,0.06919536399982462,CONVERGENCE: RELATIVE REDUCTION OF F <= FACTR*EPSMCH
1.5,5.0,5000,8,20260926-0-1-1-8,200,qlog,1.52,4.518973144622146,True,False,191,11.78401025277117,0.03840921799996977,barrido q-log; q por deviance de bins
1.5,5.0,5000,9,20260926-0-1-1-9,20,pdf,1.4913257981248846,4.914625182155384,True,False,20,6.604405170633253,0.051920505999987654,CONVERGENCE: RELATIVE REDUCTION OF F <= FACTR*EPSMCH
1.5,5.0,5000,9,20260926-0-1-1-9,20,qlog,1.58,4.375583156766,True,False,20,6.604405170633253,0.033880375000080676,barrido q-log; q por deviance de bins
1.5,5.0,5000,9,20260926-0-1-1-9,30,pdf,1.5024951174461465,5.027968678703567,True,False,30,6.604405170633253,0.0499849699999686,CONVERGENCE: RELATIVE REDUCTION OF F <= FACTR*EPSMCH
1.5,5.0,5000,9,20260926-0-1-1-9,30,qlog,1.52,4.528281827516238,True,False,30,6.604405170633253,0.02259735099983118,barrido q-log; q por deviance de bins
1.5,5.0,5000,9,20260926-0-1-1-9,40,pdf,1.5086070207393851,5.074811293385816,True,False,40,6.604405170633253,0.05197522600019511,CONVERGENCE: RELATIVE REDUCTION OF F <= FACTR*EPSMCH
1.5,5.0,5000,9,20260926-0-1-1-9,40,qlog,1.52,4.763651482477554,True,False,40,6.604405170633253,0.038306223000063255,barrido q-log; q por deviance de bins
1.5,5.0,5000,9,20260926-0-1-1-9,50,pdf,1.5033582826152496,5.027864730582058,True,False,50,6.604405170633253,0.02843555699996614,CONVERGENCE: RELATIVE REDUCTION OF F <= FACTR*EPSMCH
1.5,5.0,5000,9,20260926-0-1-1-9,50,qlog,1.5,4.655679799868565,True,False,50,6.604405170633253,0.0858713570000873,barrido q-log; q por deviance de bins
1.5,5.0,5000,9,20260926-0-1-1-9,70,pdf,1.5049576075513824,5.050255004547042,True,False,69,6.604405170633253,0.03925861899983829,CONVERGENCE: RELATIVE REDUCTION OF F <= FACTR*EPSMCH
1.5,5.0,5000,9,20260926-0-1-1-9,70,qlog,1.5,4.733636082616665,True,False,69,6.604405170633253,0.04444745099999636,barrido q-log; q por deviance de bins
1.5,5.0,5000,9,20260926-0-1-1-9,100,pdf,1.5032195423984256,5.035913032583079,True,False,99,6.604405170633253,0.037182405000066865,CONVERGENCE: RELATIVE REDUCTION OF F <= FACTR*EPSMCH
1.5,5.0,5000,9,20260926-0-1-1-9,100,qlog,1.5,4.693423082040175,True,False,99,6.604405170633253,0.05031900900007713,barrido q-log; q por deviance de bins
1.5,5.0,5000,9,20260926-0-1-1-9,150,pdf,1.505496743848782,5.056222119686548,True,False,148,6.604405170633253,0.06117838200020742,CONVERGENCE: RELATIVE REDUCTION OF F <= FACTR*EPSMCH
1.5,5.0,5000,9,20260926-0-1-1-9,150,qlog,1.5,4.65815525369492,True,False,148,6.604405170633253,0.04310938499997974,barrido q-log; q por deviance de bins
1.5,5.0,5000,9,20260926-0-1-1-9,200,pdf,1.505934130323614,5.057586614423594,True,False,194,6.604405170633253,0.073808506999967,CONVERGENCE: RELATIVE REDUCTION OF F <= FACTR*EPSMCH
1.5,5.0,5000,9,20260926-0-1-1-9,200,qlog,1.52,4.715643186464938,True,False,194,6.604405170633253,0.046837837000111904,barrido q-log; q por deviance de bins
1.9,2.0,1000,0,20260926-1-0-0-0,20,pdf,1.9191498635157251,2.0090103604090563,True,False,19,2021.6261109759387,0.022019814000032056,CONVERGENCE: NORM OF PROJECTED GRADIENT <= PGTOL
1.9,2.0,1000,0,20260926-1-0-0-0,20,qlog,2.24,0.8382408042128353,True,False,19,2021.6261109759387,0.012127117000090948,barrido q-log; q por deviance de bins
1.9,2.0,1000,0,20260926-1-0-0-0,30,pdf,1.9193500051736432,1.97855069611561,True,False,29,2021.6261109759387,0.034472885000013775,CONVERGENCE: RELATIVE REDUCTION OF F <= FACTR*EPSMCH
1.9,2.0,1000,0,20260926-1-0-0-0,30,qlog,2.1,1.2299611140794648,True,False,29,2021.6261109759387,0.01825872800009165,barrido q-log; q por deviance de bins
1.9,2.0,1000,0,20260926-1-0-0-0,40,pdf,1.9127897416946051,1.9235720556704565,True,False,38,2021.6261109759387,0.026552347000006193,CONVERGENCE: RELATIVE REDUCTION OF F <= FACTR*EPSMCH
1.9,2.0,1000,0,20260926-1-0-0-0,40,qlog,2.02,1.31886908997197,True,False,38,2021.6261109759387,0.012704506000090987,barrido q-log; q por deviance de bins
1.9,2.0,1000,0,20260926-1-0-0-0,50,pdf,1.9224082273953087,1.978458147994204,True,False,47,2021.6261109759387,0.04738267499988069,CONVERGENCE: RELATIVE REDUCTION OF F <= FACTR*EPSMCH
1.9,2.0,1000,0,20260926-1-0-0-0,50,qlog,2.02,1.4456696321292652,True,False,47,2021.6261109759387,0.019952395999780492,barrido q-log; q por deviance de bins
1.9,2.0,1000,0,20260926-1-0-0-0,70,pdf,1.9283205707781435,2.0092122759009095,True,False,62,2021.6261109759387,0.023667746999990413,CONVERGENCE: RELATIVE REDUCTION OF F <= FACTR*EPSMCH
1.9,2.0,1000,0,20260926-1-0-0-0,70,qlog,2.04,1.3540338867365702,True,False,62,2021.6261109759387,0.03375511500007633,barrido q-log; q por deviance de bins
1.9,2.0,1000,0,20260926-1-0-0-0,100,pdf,1.925134261351055,1.985610740362099,True,False,88,2021.6261109759387,0.029566294000005655,CONVERGENCE: RELATIVE REDUCTION OF F <= FACTR*EPSMCH
1.9,2.0,1000,0,20260926-1-0-0-0,100,qlog,2.04,0.9727219764631803,True,False,88,2021.6261109759387,0.01397935599993616,barrido q-log; q por deviance de bins
1.9,2.0,1000,0,20260926-1-0-0-0,150,pdf,1.9358473167803312,2.0457414503024736,True,False,124,2021.6261109759387,0.027182712000012543,CONVERGENCE: RELATIVE REDUCTION OF F <= FACTR*EPSMCH
1.9,2.0,1000,0,20260926-1-0-0-0,150,qlog,2.08,0.7158671554415156,True,False,124,2021.6261109759387,0.015290394999965429,barrido q-log; q por deviance de bins
1.9,2.0,1000,0,20260926-1-0-0-0,200,pdf,1.9301833623557374,2.0141173176051774,True,False,158,2021.6261109759387,0.043474953999975696,CONVERGENCE: RELATIVE REDUCTION OF F <= FACTR*EPSMCH
1.9,2.0,1000,0,20260926-1-0-0-0,200,qlog,2.1,0.5285520569502605,True,False,158,2021.6261109759387,0.015422182000065732,barrido q-log; q por deviance de bins
1.9,2.0,1000,1,20260926-1-0-0-1,20,pdf,1.9535508321298134,2.445217902635742,True,False,20,236.9445263072241,0.029567802999963533,CONVERGENCE: RELATIVE REDUCTION OF F <= FACTR*EPSMCH
1.9,2.0,1000,1,20260926-1-0-0-1,20,qlog,2.1,1.3456551828556276,True,False,20,236.9445263072241,0.03157120499986377,barrido q-log; q por deviance de bins
1.9,2.0,1000,1,20260926-1-0-0-1,30,pdf,1.944008238872825,2.3366981455885045,True,False,30,236.9445263072241,0.03243288800013033,CONVERGENCE: RELATIVE REDUCTION OF F <= FACTR*EPSMCH
1.9,2.0,1000,1,20260926-1-0-0-1,30,qlog,2.02,1.6406312981135533,True,False,30,236.9445263072241,0.01635901899999226,barrido q-log; q por deviance de bins
1.9,2.0,1000,1,20260926-1-0-0-1,40,pdf,1.9436526702151238,2.3638474275944352,True,False,40,236.9445263072241,0.020718966000004002,CONVERGENCE: RELATIVE REDUCTION OF F <= FACTR*EPSMCH
1.9,2.0,1000,1,20260926-1-0-0-1,40,qlog,1.98,1.6412097408912134,True,False,40,236.9445263072241,0.030206941999949777,barrido q-log; q por deviance de bins
1.9,2.0,1000,1,20260926-1-0-0-1,50,pdf,1.9415040210087446,2.344632089432699,True,False,47,236.9445263072241,0.02925111299987293,CONVERGENCE: RELATIVE REDUCTION OF F <= FACTR*EPSMCH
1.9,2.0,1000,1,20260926-1-0-0-1,50,qlog,1.98,1.6327615674984153,True,False,47,236.9445263072241,0.01647814200009634,barrido q-log; q por deviance de bins
1.9,2.0,1000,1,20260926-1-0-0-1,70,pdf,1.9451316985183322,2.365817127643435,True,False,65,236.9445263072241,0.056521270000075674,CONVERGENCE: RELATIVE REDUCTION OF F <= FACTR*EPSMCH
1.9,2.0,1000,1,20260926-1-0-0-1,70,qlog,2.0,1.646738637147509,True,False,65,236.9445263072241,0.019775579999986803,barrido q-log; q por deviance de bins
1.9,2.0,1000,1,20260926-1-0-0-1,100,pdf,1.9413583689876968,2.3362858348268345,True,False,88,236.9445263072241,0.026788769999939177,CONVERGENCE: RELATIVE REDUCTION OF F <= FACTR*EPSMCH
1.9,2.0,1000,1,20260926-1-0-0-1,100,qlog,1.98,1.3756758973533738,True,False,88,236.9445263072241,0.020879778000107763,barrido q-log; q por deviance de bins
1.9,2.0,1000,1,20260926-1-0-0-1,150,pdf,1.9386470872701331,2.313343628465581,True,False,123,236.9445263072241,0.05292004800003269,CONVERGENCE: RELATIVE REDUCTION OF F <= FACTR*EPSMCH
1.9,2.0,1000,1,20260926-1-0-0-1,150,qlog,2.02,0.8904996106449744,True,False,123,236.9445263072241,0.01798815699999068,barrido q-log; q por deviance de bins
1.9,2.0,1000,1,20260926-1-0-0-1,200,pdf,1.9417969429295545,2.334430731776622,True,False,156,236.9445263072241,0.05140451200009011,CONVERGENCE: RELATIVE REDUCTION OF F <= FACTR*EPSMCH
1.9,2.0,1000,1,20260926-1-0-0-1,200,qlog,1.98,0.6878835901143409,True,False,156,236.9445263072241,0.02063930999997865,barrido q-log; q por deviance de bins
1.9,2.0,1000,2,20260926-1-0-0-2,20,pdf,1.8834381475472164,2.268607276733812,True,False,20,133.63769479133308,0.031177460999970208,CONVERGENCE: NORM OF PROJECTED GRADIENT <= PGTOL
1.9,2.0,1000,2,20260926-1-0-0-2,20,qlog,2.02,1.485612712502,True,False,20,133.63769479133308,0.014744557000085479,barrido q-log; q por deviance de bins
1.9,2.0,1000,2,20260926-1-0-0-2,30,pdf,1.8911736716004126,2.322695869651699,True,False,30,133.63769479133308,0.03797641599999224,CONVERGENCE: NORM OF PROJECTED GRADIENT <= PGTOL
1.9,2.0,1000,2,20260926-1-0-0-2,30,qlog,1.96,1.716302641389443,True,False,30,133.63769479133308,0.024517433000028177,barrido q-log; q por deviance de bins
1.9,2.0,1000,2,20260926-1-0-0-2,40,pdf,1.8879010138615566,2.301247743384687,True,False,40,133.63769479133308,0.030624642000020685,CONVERGENCE: RELATIVE REDUCTION OF F <= FACTR*EPSMCH
1.9,2.0,1000,2,20260926-1-0-0-2,40,qlog,1.9,1.662320129437852,True,False,40,133.63769479133308,0.03380330699997103,barrido q-log; q por deviance de bins
1.9,2.0,1000,2,20260926-1-0-0-2,50,pdf,1.8900611754985805,2.3190302865101438,True,False,50,133.63769479133308,0.03745775200013668,CONVERGENCE: RELATIVE REDUCTION OF F <= FACTR*EPSMCH
1.9,2.0,1000,2,20260926-1-0-0-2,50,qlog,1.9,1.6546312619009376,True,False,50,133.63769479133308,0.018900360000088767,barrido q-log; q por deviance de bins
1.9,2.0,1000,2,20260926-1-0-0-2,70,pdf,1.8843898864046293,2.2579163860054514,True,False,68,133.63769479133308,0.044013425000002826,CONVERGENCE: RELATIVE REDUCTION OF F <= FACTR*EPSMCH
1.9,2.0,1000,2,20260926-1-0-0-2,70,qlog,1.9,1.5206766961084153,True,False,68,133.63769479133308,0.01708130700012589,barrido q-log; q por deviance de bins
1.9,2.0,1000,2,20260926-1-0-0-2,100,pdf,1.8950349654244156,2.344105233560566,True,False,95,133.63769479133308,0.04209080700002232,CONVERGENCE: RELATIVE REDUCTION OF F <= FACTR*EPSMCH
1.9,2.0,1000,2,20260926-1-0-0-2,100,qlog,1.9,1.4764274689245132,True,False,95,133.63769479133308,0.025324146000002656,barrido q-log; q por deviance de bins
1.9,2.0,1000,2,20260926-1-0-0-2,150,pdf,1.8988211538525486,2.363380073206656,True,False,135,133.63769479133308,0.05310533699980624,CONVERGENCE: RELATIVE REDUCTION OF F <= FACTR*EPSMCH
1.9,2.0,1000,2,20260926-1-0-0-2,150,qlog,1.92,1.2602742554397823,True,False,135,133.63769479133308,0.02170343300008426,barrido q-log; q por deviance de bins
1.9,2.0,1000,2,20260926-1-0-0-2,200,pdf,1.8955695746191774,2.3477126061868385,True,False,171,133.63769479133308,0.056843634999950154,CONVERGENCE: RELATIVE REDUCTION OF F <= FACTR*EPSMCH
1.9,2.0,1000,2,20260926-1-0-0-2,200,qlog,1.92,0.8704773477745734,True,False,171,133.63769479133308,0.028335962000028303,barrido q-log; q por deviance de bins
1.9,2.0,1000,3,20260926-1-0-0-3,20,pdf,1.8531136966058717,1.7323523685582545,True,False,20,73.01465421837176,0.023068504000093526,CONVERGENCE: RELATIVE REDUCTION OF F <= FACTR*EPSMCH
1.9,2.0,1000,3,20260926-1-0-0-3,20,qlog,1.96,1.3258716949936964,True,False,20,73.01465421837176,0.030458326000143643,barrido q-log; q por deviance de bins
1.9,2.0,1000,3,20260926-1-0-0-3,30,pdf,1.8697526054556608,1.8149813080960717,True,False,30,73.01465421837176,0.03276991799998541,CONVERGENCE: NORM OF PROJECTED GRADIENT <= PGTOL
1.9,2.0,1000,3,20260926-1-0-0-3,30,qlog,1.9,1.4475347125995226,True,False,30,73.01465421837176,0.021325563999880615,barrido q-log; q por deviance de bins
1.9,2.0,1000,3,20260926-1-0-0-3,40,pdf,1.8779320482108064,1.8340071442330146,True,False,40,73.01465421837176,0.023810113999843452,CONVERGENCE: RELATIVE REDUCTION OF F <= FACTR*EPSMCH
1.9,2.0,1000,3,20260926-1-0-0-3,40,qlog,1.9,1.4514706909466737,True,False,40,73.01465421837176,0.03308887700018204,barrido q-log; q por deviance de bins
1.9,2.0,1000,3,20260926-1-0-0-3,50,pdf,1.8785375231385786,1.8422762172942082,True,False,49,73.01465421837176,0.03551023699992584,CONVERGENCE: RELATIVE REDUCTION OF F <= FACTR*EPSMCH
1.9,2.0,1000,3,20260926-1-0-0-3,50,qlog,1.9,1.434903294543573,True,False,49,73.01465421837176,0.018509454999957597,barrido q-log; q por deviance de bins
1.9,2.0,1000,3,20260926-1-0-0-3,70,pdf,1.8734955066902492,1.8349083026147737,True,False,69,73.01465421837176,0.042110946999855514,CONVERGENCE: RELATIVE REDUCTION OF F <= FACTR*EPSMCH
1.9,2.0,1000,3,20260926-1-0-0-3,70,qlog,1.88,1.2764325329497597,True,False,69,73.01465421837176,0.020517417000064597,barrido q-log; q por deviance de bins
1.9,2.0,1000,3,20260926-1-0-0-3,100,pdf,1.878279367254612,1.8474778758501107,True,False,97,73.01465421837176,0.03332380699998794,CONVERGENCE: RELATIVE REDUCTION OF F <= FACTR*EPSMCH
1.9,2.0,1000,3,20260926-1-0-0-3,100,qlog,1.9,1.0995503081228595,True,False,97,73.01465421837176,0.04055833999996139,barrido q-log; q por deviance de bins
1.9,2.0,1000,3,20260926-1-0-0-3,150,pdf,1.881725775337659,1.8648496252505626,True,False,139,73.01465421837176,0.03645459199992729,CONVERGENCE: RELATIVE REDUCTION OF F <= FACTR*EPSMCH
1.9,2.0,1000,3,20260926-1-0-0-3,150,qlog,1.92,0.8905084633000662,True,False,139,73.01465421837176,0.02041466000014225,barrido q-log; q por deviance de bins
1.9,2.0,1000,3,20260926-1-0-0-3,200,pdf,1.8821584094374633,1.8686929302450717,True,False,178,73.01465421837176,0.056945691999999326,CONVERGENCE: RELATIVE REDUCTION OF F <= FACTR*EPSMCH
1.9,2.0,1000,3,20260926-1-0-0-3,200,qlog,1.92,0.6946086607694961,True,False,178,73.01465421837176,0.02631625100002566,barrido q-log; q por deviance de bins
1.9,2.0,1000,4,20260926-1-0-0-4,20,pdf,1.9247086222270404,2.127071108835895,True,False,20,42.4880301325096,0.02569029500000397,CONVERGENCE: RELATIVE REDUCTION OF F <= FACTR*EPSMCH
1.9,2.0,1000,4,20260926-1-0-0-4,20,qlog,1.96,1.413488950241979,True,False,20,42.4880301325096,0.036395802000015465,barrido q-log; q por deviance de bins
1.9,2.0,1000,4,20260926-1-0-0-4,30,pdf,1.9043162632210904,1.9788829849123033,True,False,30,42.4880301325096,0.03327151700000286,CONVERGENCE: RELATIVE REDUCTION OF F <= FACTR*EPSMCH
1.9,2.0,1000,4,20260926-1-0-0-4,30,qlog,1.88,1.26103596291721,True,False,30,42.4880301325096,0.02812665700002981,barrido q-log; q por deviance de bins
1.9,2.0,1000,4,20260926-1-0-0-4,40,pdf,1.9016128088802975,1.9435945650034032,True,False,40,42.4880301325096,0.03596203600000081,CONVERGENCE: RELATIVE REDUCTION OF F <= FACTR*EPSMCH
1.9,2.0,1000,4,20260926-1-0-0-4,40,qlog,1.88,1.281217787442466,True,False,40,42.4880301325096,0.023076059000004534,barrido q-log; q por deviance de bins
1.9,2.0,1000,4,20260926-1-0-0-4,50,pdf,1.9006270497388285,1.9229560956322906,True,False,50,42.4880301325096,0.02282679800009646,CONVERGENCE: RELATIVE REDUCTION OF F <= FACTR*EPSMCH
1.9,2.0,1000,4,20260926-1-0-0-4,50,qlog,1.88,1.204815467072399,True,False,50,42.4880301325096,0.022956240999974398,barrido q-log; q por deviance de bins
1.9,2.0,1000,4,20260926-1-0-0-4,70,pdf,1.8995899768589612,1.9377889670294637,True,False,70,42.4880301325096,0.038545988999885594,CONVERGENCE: RELATIVE REDUCTION OF F <= FACTR*EPSMCH
1.9,2.0,1000,4,20260926-1-0-0-4,70,qlog,1.8599999999999999,1.1366965806344465,True,False,70,42.4880301325096,0.023831967999967674,barrido q-log; q por deviance de bins
1.9,2.0,1000,4,20260926-1-0-0-4,100,pdf,1.903635222494284,1.9652781389861846,True,False,99,42.4880301325096,0.039589551999824835,CONVERGENCE: RELATIVE REDUCTION OF F <= FACTR*EPSMCH
1.9,2.0,1000,4,20260926-1-0-0-4,100,qlog,1.8599999999999999,0.9352420105172725,True,False,99,42.4880301325096,0.038111228999923696,barrido q-log; q por deviance de bins
1.9,2.0,1000,4,20260926-1-0-0-4,150,pdf,1.8964086275757397,1.9131502971809509,True,False,138,42.4880301325096,0.04203675000007934,CONVERGENCE: RELATIVE REDUCTION OF F <= FACTR*EPSMCH
1.9,2.0,1000,4,20260926-1-0-0-4,150,qlog,1.8599999999999999,0.8436016346308248,True,False,138,42.4880301325096,0.041215796000187765,barrido q-log; q por deviance de bins
1.9,2.0,1000,4,20260926-1-0-0-4,200,pdf,1.9019523160855216,1.9539579474878799,True,False,180,42.4880301325096,0.04568426500009082,CONVERGENCE: RELATIVE REDUCTION OF F <= FACTR*EPSMCH
1.9,2.0,1000,4,20260926-1-0-0-4,200,qlog,1.84,0.643178644513037,True,False,180,42.4880301325096,0.028616826999950717,barrido q-log; q por deviance de bins
1.9,2.0,1000,5,20260926-1-0-0-5,20,pdf,1.8923883583604895,2.1476710505959336,True,False,20,51.45025872278715,0.04676496100000804,CONVERGENCE: RELATIVE REDUCTION OF F <= FACTR*EPSMCH
1.9,2.0,1000,5,20260926-1-0-0-5,20,qlog,1.98,1.5622253410166218,True,False,20,51.45025872278715,0.024137769999924785,barrido q-log; q por deviance de bins
1.9,2.0,1000,5,20260926-1-0-0-5,30,pdf,1.896768521685429,2.175198424100742,True,False,30,51.45025872278715,0.03436928199994327,CONVERGENCE: RELATIVE REDUCTION OF F <= FACTR*EPSMCH
1.9,2.0,1000,5,20260926-1-0-0-5,30,qlog,1.94,1.6057548717157042,True,False,30,51.45025872278715,0.03505638100000397,barrido q-log; q por deviance de bins
1.9,2.0,1000,5,20260926-1-0-0-5,40,pdf,1.891298577898975,2.1041482253748938,True,False,40,51.45025872278715,0.027542483000161155,CONVERGENCE: RELATIVE REDUCTION OF F <= FACTR*EPSMCH
1.9,2.0,1000,5,20260926-1-0-0-5,40,qlog,1.9,1.5965871780020435,True,False,40,51.45025872278715,0.0338493849999395,barrido q-log; q por deviance de bins
1.9,2.0,1000,5,20260926-1-0-0-5,50,pdf,1.8850811938065508,2.081257992897892,True,False,50,51.45025872278715,0.043316669999967417,CONVERGENCE: NORM OF PROJECTED GRADIENT <= PGTOL
1.9,2.0,1000,5,20260926-1-0-0-5,50,qlog,1.9,1.427500735901502,True,False,50,51.45025872278715,0.025551203000077294,barrido q-log; q por deviance de bins
1.9,2.0,1000,5,20260926-1-0-0-5,70,pdf,1.8863777455892,2.0878315746251643,True,False,67,51.45025872278715,0.05330080199996701,CONVERGENCE: NORM OF PROJECTED GRADIENT <= PGTOL
1.9,2.0,1000,5,20260926-1-0-0-5,70,qlog,1.9,1.3319220053083203,True,False,67,51.45025872278715,0.02087623500005975,barrido q-log; q por deviance de bins
1.9,2.0,1000,5,20260926-1-0-0-5,100,pdf,1.8862298070889476,2.0928648812131105,True,False,94,51.45025872278715,0.0329299689999516,CONVERGENCE: RELATIVE REDUCTION OF F <= FACTR*EPSMCH
1.9,2.0,1000,5,20260926-1-0-0-5,100,qlog,1.9,1.2171619658005708,True,False,94,51.45025872278715,0.020105550000153016,barrido q-log; q por deviance de bins
1.9,2.0,1000,5,20260926-1-0-0-5,150,pdf,1.8858088654894203,2.0848260527507545,True,False,131,51.45025872278715,0.04754089399989425,CONVERGENCE: RELATIVE REDUCTION OF F <= FACTR*EPSMCH
1.9,2.0,1000,5,20260926-1-0-0-5,150,qlog,1.92,0.9898776264206465,True,False,131,51.45025872278715,0.028661073000193937,barrido q-log; q por deviance de bins
1.9,2.0,1000,5,20260926-1-0-0-5,200,pdf,1.8870325368117324,2.0907535802519455,True,False,161,51.45025872278715,0.05167801099992175,CONVERGENCE: RELATIVE REDUCTION OF F <= FACTR*EPSMCH
1.9,2.0,1000,5,20260926-1-0-0-5,200,qlog,1.92,0.7479550194801962,True,False,161,51.45025872278715,0.03252243399992949,barrido q-log; q por deviance de bins
1.9,2.0,1000,6,20260926-1-0-0-6,20,pdf,1.9228205143610881,1.914740667849377,True,False,20,261.11891049166303,0.025143319999870073,CONVERGENCE: NORM OF PROJECTED GRADIENT <= PGTOL
1.9,2.0,1000,6,20260926-1-0-0-6,20,qlog,2.08,1.1528380312879516,True,False,20,261.11891049166303,0.01938433200007239,barrido q-log; q por deviance de bins
1.9,2.0,1000,6,20260926-1-0-0-6,30,pdf,1.8943825499279658,1.7817961455994513,True,False,30,261.11891049166303,0.036236283999869556,CONVERGENCE: RELATIVE REDUCTION OF F <= FACTR*EPSMCH
1.9,2.0,1000,6,20260926-1-0-0-6,30,qlog,1.96,1.2354292445230295,True,False,30,261.11891049166303,0.019623529000000417,barrido q-log; q por deviance de bins
1.9,2.0,1000,6,20260926-1-0-0-6,40,pdf,1.9017320132304936,1.8023998666229242,True,False,40,261.11891049166303,0.027448440999933155,CONVERGENCE: RELATIVE REDUCTION OF F <= FACTR*EPSMCH
1.9,2.0,1000,6,20260926-1-0-0-6,40,qlog,1.94,1.233634310111861,True,False,40,261.11891049166303,0.01577757599989127,barrido q-log; q por deviance de bins
1.9,2.0,1000,6,20260926-1-0-0-6,50,pdf,1.9109137489097077,1.8479350644363837,True,False,50,261.11891049166303,0.03590479900003629,CONVERGENCE: RELATIVE REDUCTION OF F <= FACTR*EPSMCH
1.9,2.0,1000,6,20260926-1-0-0-6,50,qlog,1.94,1.16721574396738,True,False,50,261.11891049166303,0.019270836000032432,barrido q-log; q por deviance de bins
1.9,2.0,1000,6,20260926-1-0-0-6,70,pdf,1.9061386025541756,1.8301287222560139,True,False,67,261.11891049166303,0.04081722599994464,CONVERGENCE: RELATIVE REDUCTION OF F <= FACTR*EPSMCH
1.9,2.0,1000,6,20260926-1-0-0-6,70,qlog,1.92,1.0049465493945962,True,False,67,261.11891049166303,0.034578788000089844,barrido q-log; q por deviance de bins
1.9,2.0,1000,6,20260926-1-0-0-6,100,pdf,1.917010329646452,1.890809760915505,True,False,93,261.11891049166303,0.037380783000116935,CONVERGENCE: RELATIVE REDUCTION OF F <= FACTR*EPSMCH
1.9,2.0,1000,6,20260926-1-0-0-6,100,qlog,1.92,0.8913017324787086,True,False,93,261.11891049166303,0.020841174999986833,barrido q-log; q por deviance de bins
1.9,2.0,1000,6,20260926-1-0-0-6,150,pdf,1.908866675115224,1.8447611348539552,True,False,130,261.11891049166303,0.04460098500021559,CONVERGENCE: RELATIVE REDUCTION OF F <= FACTR*EPSMCH
1.9,2.0,1000,6,20260926-1-0-0-6,150,qlog,1.94,0.7191437605217531,True,False,130,261.11891049166303,0.0219872210000176,barrido q-log; q por deviance de bins
1.9,2.0,1000,6,20260926-1-0-0-6,200,pdf,1.9118618485970162,1.8590392721664277,True,False,164,261.11891049166303,0.04072257600000739,CONVERGENCE: RELATIVE REDUCTION OF F <= FACTR*EPSMCH
1.9,2.0,1000,6,20260926-1-0-0-6,200,qlog,1.96,0.5510015090006568,True,False,164,261.11891049166303,0.03537215999995169,barrido q-log; q por deviance de bins
1.9,2.0,1000,7,20260926-1-0-0-7,20,pdf,1.888099063728269,1.903895683883007,True,False,20,118.49298981882475,0.029711794000149894,CONVERGENCE: NORM OF PROJECTED GRADIENT <= PGTOL
1.9,2.0,1000,7,20260926-1-0-0-7,20,qlog,2.02,1.3793547269386044,True,False,20,118.49298981882475,0.016700194999884843,barrido q-log; q por deviance de bins
1.9,2.0,1000,7,20260926-1-0-0-7,30,pdf,1.8862938381107053,1.9430309083329207,True,False,30,118.49298981882475,0.045729448999964006,CONVERGENCE: RELATIVE REDUCTION OF F <= FACTR*EPSMCH
1.9,2.0,1000,7,20260926-1-0-0-7,30,qlog,1.92,1.453241989377284,True,False,30,118.49298981882475,0.02404056699992907,barrido q-log; q por deviance de bins
1.9,2.0,1000,7,20260926-1-0-0-7,40,pdf,1.875244789463398,1.8422881056127882,True,False,40,118.49298981882475,0.029047853000065516,CONVERGENCE: RELATIVE REDUCTION OF F <= FACTR*EPSMCH
1.9,2.0,1000,7,20260926-1-0-0-7,40,qlog,1.9,1.3472112530683593,True,False,40,118.49298981882475,0.01625627400017038,barrido q-log; q por deviance de bins
1.9,2.0,1000,7,20260926-1-0-0-7,50,pdf,1.8783280206004764,1.8954300027552615,True,False,50,118.49298981882475,0.06082265800000641,CONVERGENCE: RELATIVE REDUCTION OF F <= FACTR*EPSMCH
1.9,2.0,1000,7,20260926-1-0-0-7,50,qlog,1.88,1.3823027214326986,True,False,50,118.49298981882475,0.018974665000087043,barrido q-log; q por deviance de bins
1.9,2.0,1000,7,20260926-1-0-0-7,70,pdf,1.8780647891549116,1.8797672321676993,True,False,68,118.49298981882475,0.05575468199981515,CONVERGENCE: NORM OF PROJECTED GRADIENT <= PGTOL
1.9,2.0,1000,7,20260926-1-0-0-7,70,qlog,1.88,1.2708930103174962,True,False,68,118.49298981882475,0.018973613000071055,barrido q-log; q por deviance de bins
1.9,2.0,1000,7,20260926-1-0-0-7,100,pdf,1.8753660996525705,1.880365005240136,True,False,94,118.49298981882475,0.03462987700004305,CONVERGENCE: RELATIVE REDUCTION OF F <= FACTR*EPSMCH
1.9,2.0,1000,7,20260926-1-0-0-7,100,qlog,1.88,1.1611836174038834,True,False,94,118.49298981882475,0.035620956999991904,barrido q-log; q por deviance de bins
1.9,2.0,1000,7,20260926-1-0-0-7,150,pdf,1.8746622981978145,1.8731550346592392,True,False,130,118.49298981882475,0.03840127900002699,CONVERGENCE: RELATIVE REDUCTION OF F <= FACTR*EPSMCH
1.9,2.0,1000,7,20260926-1-0-0-7,150,qlog,1.9,0.8355281236216128,True,False,130,118.49298981882475,0.025440019999905417,barrido q-log; q por deviance de bins
1.9,2.0,1000,7,20260926-1-0-0-7,200,pdf,1.8765546591207483,1.882276512649563,True,False,164,118.49298981882475,0.05897246599988648,CONVERGENCE: RELATIVE REDUCTION OF F <= FACTR*EPSMCH
1.9,2.0,1000,7,20260926-1-0-0-7,200,qlog,1.9,0.7060981438540802,True,False,164,118.49298981882475,0.04858768099984445,barrido q-log; q por deviance de bins
1.9,2.0,1000,8,20260926-1-0-0-8,20,pdf,1.9152973945213596,2.445068907097505,True,False,20,332.1545937535129,0.040868980000141164,CONVERGENCE: RELATIVE REDUCTION OF F <= FACTR*EPSMCH
1.9,2.0,1000,8,20260926-1-0-0-8,20,qlog,2.12,1.382123578244402,True,False,20,332.1545937535129,0.015502881999964302,barrido q-log; q por deviance de bins
1.9,2.0,1000,8,20260926-1-0-0-8,30,pdf,1.920964728664399,2.486868443800244,True,False,30,332.1545937535129,0.029699126999958025,CONVERGENCE: NORM OF PROJECTED GRADIENT <= PGTOL
1.9,2.0,1000,8,20260926-1-0-0-8,30,qlog,2.0,1.6816648124083726,True,False,30,332.1545937535129,0.016986749999887252,barrido q-log; q por deviance de bins
1.9,2.0,1000,8,20260926-1-0-0-8,40,pdf,1.9096541789158445,2.430938192322169,True,False,39,332.1545937535129,0.04059488899997632,CONVERGENCE: RELATIVE REDUCTION OF F <= FACTR*EPSMCH
1.9,2.0,1000,8,20260926-1-0-0-8,40,qlog,1.94,1.5775128276872745,True,False,39,332.1545937535129,0.019071593000035136,barrido q-log; q por deviance de bins
1.9,2.0,1000,8,20260926-1-0-0-8,50,pdf,1.9169851131952385,2.4671535199066894,True,False,48,332.1545937535129,0.027528802999995605,CONVERGENCE: RELATIVE REDUCTION OF F <= FACTR*EPSMCH
1.9,2.0,1000,8,20260926-1-0-0-8,50,qlog,1.96,1.5812678728223484,True,False,48,332.1545937535129,0.037578471999950125,barrido q-log; q por deviance de bins
1.9,2.0,1000,8,20260926-1-0-0-8,70,pdf,1.9253246409925089,2.5403980794494823,True,False,65,332.1545937535129,0.029116792999957397,CONVERGENCE: RELATIVE REDUCTION OF F <= FACTR*EPSMCH
1.9,2.0,1000,8,20260926-1-0-0-8,70,qlog,1.96,1.6562925986015216,True,False,65,332.1545937535129,0.028502063000132694,barrido q-log; q por deviance de bins
1.9,2.0,1000,8,20260926-1-0-0-8,100,pdf,1.9214058973156132,2.499799436881543,True,False,87,332.1545937535129,0.10361985800000184,CONVERGENCE: RELATIVE REDUCTION OF F <= FACTR*EPSMCH
1.9,2.0,1000,8,20260926-1-0-0-8,100,qlog,1.96,1.387828126820261,True,False,87,332.1545937535129,0.03396890900012295,barrido q-log; q por deviance de bins
1.9,2.0,1000,8,20260926-1-0-0-8,150,pdf,1.9223522753419067,2.5173406203776607,True,False,125,332.1545937535129,0.041243188999942504,CONVERGENCE: RELATIVE REDUCTION OF F <= FACTR*EPSMCH
1.9,2.0,1000,8,20260926-1-0-0-8,150,qlog,1.96,1.048345706180716,True,False,125,332.1545937535129,0.01937860900011401,barrido q-log; q por deviance de bins
1.9,2.0,1000,8,20260926-1-0-0-8,200,pdf,1.9254483633433042,2.5352792171730605,True,False,158,332.1545937535129,0.0554067699999905,CONVERGENCE: RELATIVE REDUCTION OF F <= FACTR*EPSMCH
1.9,2.0,1000,8,20260926-1-0-0-8,200,qlog,2.0,0.9468633261531029,True,False,158,332.1545937535129,0.028831333000198356,barrido q-log; q por deviance de bins
1.9,2.0,1000,9,20260926-1-0-0-9,20,pdf,1.9176469916095646,2.302370226121031,True,False,20,297.04735424258695,0.024173004999965997,CONVERGENCE: RELATIVE REDUCTION OF F <= FACTR*EPSMCH
1.9,2.0,1000,9,20260926-1-0-0-9,20,qlog,2.1,1.3165409918645967,True,False,20,297.04735424258695,0.030456674000106432,barrido q-log; q por deviance de bins
1.9,2.0,1000,9,20260926-1-0-0-9,30,pdf,1.9109530957848038,2.231896638169021,True,False,30,297.04735424258695,0.031034238000074765,CONVERGENCE: RELATIVE REDUCTION OF F <= FACTR*EPSMCH
1.9,2.0,1000,9,20260926-1-0-0-9,30,qlog,1.98,1.5113454541923266,True,False,30,297.04735424258695,0.020123611000144592,barrido q-log; q por deviance de bins
1.9,2.0,1000,9,20260926-1-0-0-9,40,pdf,1.9054912551198142,2.2050210939706,True,False,40,297.04735424258695,0.028433417999849553,CONVERGENCE: NORM OF PROJECTED GRADIENT <= PGTOL
1.9,2.0,1000,9,20260926-1-0-0-9,40,qlog,1.94,1.6067490137830143,True,False,40,297.04735424258695,0.03490616499993848,barrido q-log; q por deviance de bins
1.9,2.0,1000,9,20260926-1-0-0-9,50,pdf,1.9072111439195527,2.2380155812609335,True,False,50,297.04735424258695,0.03876636900008634,CONVERGENCE: RELATIVE REDUCTION OF F <= FACTR*EPSMCH
1.9,2.0,1000,9,20260926-1-0-0-9,50,qlog,1.92,1.5707325671439187,True,False,50,297.04735424258695,0.0156691279998995,barrido q-log; q por deviance de bins
1.9,2.0,1000,9,20260926-1-0-0-9,70,pdf,1.9222991971827221,2.322248624162526,True,False,66,297.04735424258695,0.04009556200003317,CONVERGENCE: RELATIVE REDUCTION OF F <= FACTR*EPSMCH
1.9,2.0,1000,9,20260926-1-0-0-9,70,qlog,1.94,1.4847245740732158,True,False,66,297.04735424258695,0.018510381000169218,barrido q-log; q por deviance de bins
1.9,2.0,1000,9,20260926-1-0-0-9,100,pdf,1.9158181928547295,2.2849177633851476,True,False,93,297.04735424258695,0.03176129600001332,CONVERGENCE: RELATIVE REDUCTION OF F <= FACTR*EPSMCH
1.9,2.0,1000,9,20260926-1-0-0-9,100,qlog,1.94,1.3417569592464826,True,False,93,297.04735424258695,0.016912603000037052,barrido q-log; q por deviance de bins
1.9,2.0,1000,9,20260926-1-0-0-9,150,pdf,1.9131279841214877,2.2641512224838114,True,False,131,297.04735424258695,0.046645318000173575,CONVERGENCE: RELATIVE REDUCTION OF F <= FACTR*EPSMCH
1.9,2.0,1000,9,20260926-1-0-0-9,150,qlog,1.96,1.0652849249234964,True,False,131,297.04735424258695,0.025671812999917165,barrido q-log; q por deviance de bins
1.9,2.0,1000,9,20260926-1-0-0-9,200,pdf,1.915612532321536,2.276076523010503,True,False,165,297.04735424258695,0.04888887899983274,CONVERGENCE: RELATIVE REDUCTION OF F <= FACTR*EPSMCH
1.9,2.0,1000,9,20260926-1-0-0-9,200,qlog,1.96,0.7098554331624127,True,False,165,297.04735424258695,0.017542367000032755,barrido q-log; q por deviance de bins
1.9,2.0,5000,0,20260926-1-0-1-0,20,pdf,1.9047647988962162,1.9407848203716098,True,False,20,528.0027013472892,0.030424185000129,CONVERGENCE: RELATIVE REDUCTION OF F <= FACTR*EPSMCH
1.9,2.0,5000,0,20260926-1-0-1-0,20,qlog,2.14,1.1906875786600366,True,False,20,528.0027013472892,0.03246644099999685,barrido q-log; q por deviance de bins
1.9,2.0,5000,0,20260926-1-0-1-0,30,pdf,1.9065816948289147,1.9408960408788518,True,False,30,528.0027013472892,0.02600605300017378,CONVERGENCE: RELATIVE REDUCTION OF F <= FACTR*EPSMCH
1.9,2.0,5000,0,20260926-1-0-1-0,30,qlog,2.0,1.4442472723898643,True,False,30,528.0027013472892,0.02035556999999244,barrido q-log; q por deviance de bins
1.9,2.0,5000,0,20260926-1-0-1-0,40,pdf,1.9046370413965652,1.9276996827942021,True,False,40,528.0027013472892,0.04733121599997503,CONVERGENCE: RELATIVE REDUCTION OF F <= FACTR*EPSMCH
1.9,2.0,5000,0,20260926-1-0-1-0,40,qlog,1.94,1.5211036073879602,True,False,40,528.0027013472892,0.020430529000122988,barrido q-log; q por deviance de bins
1.9,2.0,5000,0,20260926-1-0-1-0,50,pdf,1.9003110809349397,1.8979886534137713,True,False,50,528.0027013472892,0.03160510700013219,CONVERGENCE: RELATIVE REDUCTION OF F <= FACTR*EPSMCH
1.9,2.0,5000,0,20260926-1-0-1-0,50,qlog,1.92,1.5968331699841325,True,False,50,528.0027013472892,0.02291366500003278,barrido q-log; q por deviance de bins
1.9,2.0,5000,0,20260926-1-0-1-0,70,pdf,1.9106564502799563,1.9599310531133196,True,False,69,528.0027013472892,0.039421884000148566,CONVERGENCE: RELATIVE REDUCTION OF F <= FACTR*EPSMCH
1.9,2.0,5000,0,20260926-1-0-1-0,70,qlog,1.92,1.7318521280075045,True,False,69,528.0027013472892,0.01802027899998393,barrido q-log; q por deviance de bins
1.9,2.0,5000,0,20260926-1-0-1-0,100,pdf,1.9081175599873041,1.9460493722527372,True,False,98,528.0027013472892,0.043805250000104934,CONVERGENCE: RELATIVE REDUCTION OF F <= FACTR*EPSMCH
1.9,2.0,5000,0,20260926-1-0-1-0,100,qlog,1.92,1.738661519809502,True,False,98,528.0027013472892,0.032221345000152724,barrido q-log; q por deviance de bins
1.9,2.0,5000,0,20260926-1-0-1-0,150,pdf,1.9088040558185346,1.9498220139795093,True,False,145,528.0027013472892,0.04459203000010348,CONVERGENCE: RELATIVE REDUCTION OF F <= FACTR*EPSMCH
1.9,2.0,5000,0,20260926-1-0-1-0,150,qlog,1.92,1.639119871216563,True,False,145,528.0027013472892,0.020140837000099054,barrido q-log; q por deviance de bins
1.9,2.0,5000,0,20260926-1-0-1-0,200,pdf,1.9099524302072655,1.955307347197462,True,False,193,528.0027013472892,0.05062520499996026,CONVERGENCE: RELATIVE REDUCTION OF F <= FACTR*EPSMCH
1.9,2.0,5000,0,20260926-1-0-1-0,200,qlog,1.92,1.5432755754751315,True,False,193,528.0027013472892,0.028511791000028097,barrido q-log; q por deviance de bins
1.9,2.0,5000,1,20260926-1-0-1-1,20,pdf,1.9256000028965932,2.1931563564014978,True,False,20,1257.6206055875082,0.04286472500007221,CONVERGENCE: RELATIVE REDUCTION OF F <= FACTR*EPSMCH
1.9,2.0,5000,1,20260926-1-0-1-1,20,qlog,2.2199999999999998,1.107718779716493,True,False,20,1257.6206055875082,0.03142843900013759,barrido q-log; q por deviance de bins
1.9,2.0,5000,1,20260926-1-0-1-1,30,pdf,1.9157345628447322,2.1219203373729134,True,False,29,1257.6206055875082,0.0935723949999101,CONVERGENCE: RELATIVE REDUCTION OF F <= FACTR*EPSMCH
1.9,2.0,5000,1,20260926-1-0-1-1,30,qlog,2.06,1.4620295451428542,True,False,29,1257.6206055875082,0.048367239000072004,barrido q-log; q por deviance de bins
1.9,2.0,5000,1,20260926-1-0-1-1,40,pdf,1.9224309434729254,2.1483163916990793,True,False,39,1257.6206055875082,0.07303009100019153,CONVERGENCE: RELATIVE REDUCTION OF F <= FACTR*EPSMCH
1.9,2.0,5000,1,20260926-1-0-1-1,40,qlog,2.0,1.690792758535537,True,False,39,1257.6206055875082,0.060365432000025976,barrido q-log; q por deviance de bins
1.9,2.0,5000,1,20260926-1-0-1-1,50,pdf,1.9153525927332626,2.111319676770733,True,False,49,1257.6206055875082,0.07190213900003073,CONVERGENCE: RELATIVE REDUCTION OF F <= FACTR*EPSMCH
1.9,2.0,5000,1,20260926-1-0-1-1,50,qlog,1.96,1.6890458097395324,True,False,49,1257.6206055875082,0.03800468500003262,barrido q-log; q por deviance de bins
1.9,2.0,5000,1,20260926-1-0-1-1,70,pdf,1.9175257936013792,2.1361505891963763,True,False,68,1257.6206055875082,0.031976196999949025,CONVERGENCE: RELATIVE REDUCTION OF F <= FACTR*EPSMCH
1.9,2.0,5000,1,20260926-1-0-1-1,70,qlog,1.96,1.8109237712208417,True,False,68,1257.6206055875082,0.02655158300012772,barrido q-log; q por deviance de bins
1.9,2.0,5000,1,20260926-1-0-1-1,100,pdf,1.9189336663831156,2.1341737090917037,True,False,97,1257.6206055875082,0.05769246600016231,CONVERGENCE: RELATIVE REDUCTION OF F <= FACTR*EPSMCH
1.9,2.0,5000,1,20260926-1-0-1-1,100,qlog,1.96,1.8336045358324258,True,False,97,1257.6206055875082,0.023689886000056504,barrido q-log; q por deviance de bins
1.9,2.0,5000,1,20260926-1-0-1-1,150,pdf,1.918117568933481,2.1314528950448364,True,False,143,1257.6206055875082,0.058043368999960876,CONVERGENCE: RELATIVE REDUCTION OF F <= FACTR*EPSMCH
1.9,2.0,5000,1,20260926-1-0-1-1,150,qlog,1.96,1.7674731920960387,True,False,143,1257.6206055875082,0.034971685000073194,barrido q-log; q por deviance de bins
1.9,2.0,5000,1,20260926-1-0-1-1,200,pdf,1.9181565888394767,2.132380456414266,True,False,190,1257.6206055875082,0.06773496100004195,CONVERGENCE: RELATIVE REDUCTION OF F <= FACTR*EPSMCH
1.9,2.0,5000,1,20260926-1-0-1-1,200,qlog,1.94,1.566251619796108,True,False,190,1257.6206055875082,0.020988562000184174,barrido q-log; q por deviance de bins
1.9,2.0,5000,2,20260926-1-0-1-2,20,pdf,1.8763244747978627,1.8535472223948235,True,False,20,887.2829130836368,0.055344767999940814,CONVERGENCE: RELATIVE REDUCTION OF F <= FACTR*EPSMCH
1.9,2.0,5000,2,20260926-1-0-1-2,20,qlog,2.1799999999999997,1.0264622232035252,True,False,20,887.2829130836368,0.016673900000114372,barrido q-log; q por deviance de bins
1.9,2.0,5000,2,20260926-1-0-1-2,30,pdf,1.8763875671109234,1.8473559020204866,True,False,29,887.2829130836368,0.05599216499990689,CONVERGENCE: RELATIVE REDUCTION OF F <= FACTR*EPSMCH
1.9,2.0,5000,2,20260926-1-0-1-2,30,qlog,2.02,1.3321409756646179,True,False,29,887.2829130836368,0.03169968500014875,barrido q-log; q por deviance de bins
1.9,2.0,5000,2,20260926-1-0-1-2,40,pdf,1.87027177475859,1.8196404897511924,True,False,39,887.2829130836368,0.027274325999997018,CONVERGENCE: RELATIVE REDUCTION OF F <= FACTR*EPSMCH
1.9,2.0,5000,2,20260926-1-0-1-2,40,qlog,1.94,1.3968254709185244,True,False,39,887.2829130836368,0.0202728079998451,barrido q-log; q por deviance de bins
1.9,2.0,5000,2,20260926-1-0-1-2,50,pdf,1.8732939068125127,1.835128964485945,True,False,49,887.2829130836368,0.06896285300013005,CONVERGENCE: NORM OF PROJECTED GRADIENT <= PGTOL
1.9,2.0,5000,2,20260926-1-0-1-2,50,qlog,1.92,1.4724378734713934,True,False,49,887.2829130836368,0.01576027700002669,barrido q-log; q por deviance de bins
1.9,2.0,5000,2,20260926-1-0-1-2,70,pdf,1.8766497631023071,1.8479995804733205,True,False,67,887.2829130836368,0.028312310999808687,CONVERGENCE: RELATIVE REDUCTION OF F <= FACTR*EPSMCH
1.9,2.0,5000,2,20260926-1-0-1-2,70,qlog,1.9,1.5337051322764224,True,False,67,887.2829130836368,0.03561474299999645,barrido q-log; q por deviance de bins
1.9,2.0,5000,2,20260926-1-0-1-2,100,pdf,1.8752658268206408,1.8399901976578805,True,False,96,887.2829130836368,0.031127922000223407,CONVERGENCE: RELATIVE REDUCTION OF F <= FACTR*EPSMCH
1.9,2.0,5000,2,20260926-1-0-1-2,100,qlog,1.88,1.4580807498600334,True,False,96,887.2829130836368,0.021108549000018684,barrido q-log; q por deviance de bins
1.9,2.0,5000,2,20260926-1-0-1-2,150,pdf,1.877660043009761,1.848752937590905,True,False,142,887.2829130836368,0.08035514700009116,CONVERGENCE: RELATIVE REDUCTION OF F <= FACTR*EPSMCH
1.9,2.0,5000,2,20260926-1-0-1-2,150,qlog,1.9,1.4539170715598766,True,False,142,887.2829130836368,0.030446705000031216,barrido q-log; q por deviance de bins
1.9,2.0,5000,2,20260926-1-0-1-2,200,pdf,1.875675842565383,1.8420295628517152,True,False,188,887.2829130836368,0.15083556900003714,CONVERGENCE: RELATIVE REDUCTION OF F <= FACTR*EPSMCH
1.9,2.0,5000,2,20260926-1-0-1-2,200,qlog,1.9,1.3638079595424788,True,False,188,887.2829130836368,0.029047876000049655,barrido q-log; q por deviance de bins
1.9,2.0,5000,3,20260926-1-0-1-3,20,pdf,1.875837561613024,1.8696409013958029,True,False,20,731.3324326409431,0.05333121800003937,CONVERGENCE: RELATIVE REDUCTION OF F <= FACTR*EPSMCH
1.9,2.0,5000,3,20260926-1-0-1-3,20,qlog,2.16,1.0975747095231525,True,False,20,731.3324326409431,0.014546988000120109,barrido q-log; q por deviance de bins
1.9,2.0,5000,3,20260926-1-0-1-3,30,pdf,1.8779521834682082,1.8684747699361268,True,False,30,731.3324326409431,0.04072334500006036,CONVERGENCE: RELATIVE REDUCTION OF F <= FACTR*EPSMCH
1.9,2.0,5000,3,20260926-1-0-1-3,30,qlog,2.0,1.3615181554909765,True,False,30,731.3324326409431,0.020114025000111724,barrido q-log; q por deviance de bins
1.9,2.0,5000,3,20260926-1-0-1-3,40,pdf,1.884132606213447,1.9039920516002282,True,False,40,731.3324326409431,0.27642741199997545,CONVERGENCE: RELATIVE REDUCTION OF F <= FACTR*EPSMCH
1.9,2.0,5000,3,20260926-1-0-1-3,40,qlog,1.94,1.5085543641283667,True,False,40,731.3324326409431,0.020490925000103744,barrido q-log; q por deviance de bins
1.9,2.0,5000,3,20260926-1-0-1-3,50,pdf,1.896457475087483,1.9787492928981876,True,False,50,731.3324326409431,0.045437933000130215,CONVERGENCE: RELATIVE REDUCTION OF F <= FACTR*EPSMCH
1.9,2.0,5000,3,20260926-1-0-1-3,50,qlog,1.92,1.5919028578201877,True,False,50,731.3324326409431,0.01677395699994122,barrido q-log; q por deviance de bins
1.9,2.0,5000,3,20260926-1-0-1-3,70,pdf,1.8910562978197942,1.9431503180698828,True,False,69,731.3324326409431,0.03257609799993588,CONVERGENCE: RELATIVE REDUCTION OF F <= FACTR*EPSMCH
1.9,2.0,5000,3,20260926-1-0-1-3,70,qlog,1.9,1.6255308255086136,True,False,69,731.3324326409431,0.03551173800019569,barrido q-log; q por deviance de bins
1.9,2.0,5000,3,20260926-1-0-1-3,100,pdf,1.895726336797754,1.969175477346476,True,False,99,731.3324326409431,0.03171316099997057,CONVERGENCE: RELATIVE REDUCTION OF F <= FACTR*EPSMCH
1.9,2.0,5000,3,20260926-1-0-1-3,100,qlog,1.9,1.623501963688307,True,False,99,731.3324326409431,0.024449592000109988,barrido q-log; q por deviance de bins
1.9,2.0,5000,3,20260926-1-0-1-3,150,pdf,1.8946419565497055,1.9561822367993287,True,False,145,731.3324326409431,0.06137551400001939,CONVERGENCE: RELATIVE REDUCTION OF F <= FACTR*EPSMCH
1.9,2.0,5000,3,20260926-1-0-1-3,150,qlog,1.92,1.6087096304483701,True,False,145,731.3324326409431,0.022755558999961067,barrido q-log; q por deviance de bins
1.9,2.0,5000,3,20260926-1-0-1-3,200,pdf,1.8964708137668194,1.9711806863265158,True,False,189,731.3324326409431,0.06291731800001799,CONVERGENCE: RELATIVE REDUCTION OF F <= FACTR*EPSMCH
1.9,2.0,5000,3,20260926-1-0-1-3,200,qlog,1.92,1.443307718268759,True,False,189,731.3324326409431,0.019755431000021417,barrido q-log; q por deviance de bins
1.9,2.0,5000,4,20260926-1-0-1-4,20,pdf,1.8876250692042236,1.833783020602596,True,False,20,404.5699707336828,0.0266476199999488,CONVERGENCE: NORM OF PROJECTED GRADIENT <= PGTOL
1.9,2.0,5000,4,20260926-1-0-1-4,20,qlog,2.12,1.1634728014005336,True,False,20,404.5699707336828,0.01625445300010142,barrido q-log; q por deviance de bins
1.9,2.0,5000,4,20260926-1-0-1-4,30,pdf,1.8983559394489475,1.885748691267835,True,False,30,404.5699707336828,0.04197780000004059,CONVERGENCE: RELATIVE REDUCTION OF F <= FACTR*EPSMCH
1.9,2.0,5000,4,20260926-1-0-1-4,30,qlog,1.98,1.3919497616948966,True,False,30,404.5699707336828,0.016511223000179598,barrido q-log; q por deviance de bins
1.9,2.0,5000,4,20260926-1-0-1-4,40,pdf,1.8965237815890827,1.8943686863608606,True,False,40,404.5699707336828,0.03989039599991884,CONVERGENCE: RELATIVE REDUCTION OF F <= FACTR*EPSMCH
1.9,2.0,5000,4,20260926-1-0-1-4,40,qlog,1.94,1.565427352208246,True,False,40,404.5699707336828,0.029912208999803624,barrido q-log; q por deviance de bins
1.9,2.0,5000,4,20260926-1-0-1-4,50,pdf,1.8971787352545464,1.8919019427570913,True,False,50,404.5699707336828,0.042867199000056644,CONVERGENCE: RELATIVE REDUCTION OF F <= FACTR*EPSMCH
1.9,2.0,5000,4,20260926-1-0-1-4,50,qlog,1.92,1.601708340353024,True,False,50,404.5699707336828,0.020546419000083915,barrido q-log; q por deviance de bins
1.9,2.0,5000,4,20260926-1-0-1-4,70,pdf,1.8965723109499546,1.8830683918506552,True,False,69,404.5699707336828,0.04056624299983014,CONVERGENCE: RELATIVE REDUCTION OF F <= FACTR*EPSMCH
1.9,2.0,5000,4,20260926-1-0-1-4,70,qlog,1.9,1.5746805410573126,True,False,69,404.5699707336828,0.01578095500008203,barrido q-log; q por deviance de bins
1.9,2.0,5000,4,20260926-1-0-1-4,100,pdf,1.8986494251890245,1.8990247920722163,True,False,97,404.5699707336828,0.04350604899991595,CONVERGENCE: RELATIVE REDUCTION OF F <= FACTR*EPSMCH
1.9,2.0,5000,4,20260926-1-0-1-4,100,qlog,1.9,1.600320388666302,True,False,97,404.5699707336828,0.03856548599992493,barrido q-log; q por deviance de bins
1.9,2.0,5000,4,20260926-1-0-1-4,150,pdf,1.897605129426364,1.8897989010825011,True,False,144,404.5699707336828,0.03845976599995993,CONVERGENCE: RELATIVE REDUCTION OF F <= FACTR*EPSMCH
1.9,2.0,5000,4,20260926-1-0-1-4,150,qlog,1.92,1.5208875977860974,True,False,144,404.5699707336828,0.05593439199992645,barrido q-log; q por deviance de bins
1.9,2.0,5000,4,20260926-1-0-1-4,200,pdf,1.8982210976702754,1.893853872087928,True,False,190,404.5699707336828,0.04784710699982497,CONVERGENCE: RELATIVE REDUCTION OF F <= FACTR*EPSMCH
1.9,2.0,5000,4,20260926-1-0-1-4,200,qlog,1.92,1.4646410952884192,True,False,190,404.5699707336828,0.028146611000011035,barrido q-log; q por deviance de bins
1.9,2.0,5000,5,20260926-1-0-1-5,20,pdf,1.909712878797877,2.0107238318666,True,False,20,429.4428352124582,0.04195847699998012,CONVERGENCE: RELATIVE REDUCTION OF F <= FACTR*EPSMCH
1.9,2.0,5000,5,20260926-1-0-1-5,20,qlog,2.14,1.3039703035701093,True,False,20,429.4428352124582,0.017681539000022894,barrido q-log; q por deviance de bins
1.9,2.0,5000,5,20260926-1-0-1-5,30,pdf,1.8991233343129177,1.927778440353792,True,False,30,429.4428352124582,0.118531510999901,CONVERGENCE: RELATIVE REDUCTION OF F <= FACTR*EPSMCH
1.9,2.0,5000,5,20260926-1-0-1-5,30,qlog,2.0,1.461512284936481,True,False,30,429.4428352124582,0.01986198700001296,barrido q-log; q por deviance de bins
1.9,2.0,5000,5,20260926-1-0-1-5,40,pdf,1.9086570656587638,1.9944230525424889,True,False,40,429.4428352124582,0.05470857000000251,CONVERGENCE: NORM OF PROJECTED GRADIENT <= PGTOL
1.9,2.0,5000,5,20260926-1-0-1-5,40,qlog,1.94,1.5664054246035362,True,False,40,429.4428352124582,0.019444348999968497,barrido q-log; q por deviance de bins
1.9,2.0,5000,5,20260926-1-0-1-5,50,pdf,1.9063204591769372,1.9701149794520814,True,False,49,429.4428352124582,0.08495624400006818,CONVERGENCE: RELATIVE REDUCTION OF F <= FACTR*EPSMCH
1.9,2.0,5000,5,20260926-1-0-1-5,50,qlog,1.92,1.6168271933363945,True,False,49,429.4428352124582,0.022575489000018933,barrido q-log; q por deviance de bins
1.9,2.0,5000,5,20260926-1-0-1-5,70,pdf,1.9026381268021064,1.9542519745891218,True,False,69,429.4428352124582,0.06470657599993501,CONVERGENCE: RELATIVE REDUCTION OF F <= FACTR*EPSMCH
1.9,2.0,5000,5,20260926-1-0-1-5,70,qlog,1.9,1.6159547937456336,True,False,69,429.4428352124582,0.019865138999875853,barrido q-log; q por deviance de bins
1.9,2.0,5000,5,20260926-1-0-1-5,100,pdf,1.9050182439233814,1.9747348209316065,True,False,97,429.4428352124582,0.08278677099997367,CONVERGENCE: RELATIVE REDUCTION OF F <= FACTR*EPSMCH
1.9,2.0,5000,5,20260926-1-0-1-5,100,qlog,1.9,1.605052512723213,True,False,97,429.4428352124582,0.03388504700001249,barrido q-log; q por deviance de bins
1.9,2.0,5000,5,20260926-1-0-1-5,150,pdf,1.904299360378104,1.9637030792266155,True,False,145,429.4428352124582,0.15552541399983966,CONVERGENCE: RELATIVE REDUCTION OF F <= FACTR*EPSMCH
1.9,2.0,5000,5,20260926-1-0-1-5,150,qlog,1.9,1.5857009896429817,True,False,145,429.4428352124582,0.020967099000017697,barrido q-log; q por deviance de bins
1.9,2.0,5000,5,20260926-1-0-1-5,200,pdf,1.9055101557754612,1.980141026965568,True,False,190,429.4428352124582,0.0801331919999484,CONVERGENCE: RELATIVE REDUCTION OF F <= FACTR*EPSMCH
1.9,2.0,5000,5,20260926-1-0-1-5,200,qlog,1.9,1.3913594756413927,True,False,190,429.4428352124582,0.025448228999948697,barrido q-log; q por deviance de bins
1.9,2.0,5000,6,20260926-1-0-1-6,20,pdf,1.9164924754544808,2.096140792699714,True,False,20,408.7100873162589,0.07168710000019018,CONVERGENCE: RELATIVE REDUCTION OF F <= FACTR*EPSMCH
1.9,2.0,5000,6,20260926-1-0-1-6,20,qlog,2.12,1.232757479415817,True,False,20,408.7100873162589,0.014334192999967854,barrido q-log; q por deviance de bins
1.9,2.0,5000,6,20260926-1-0-1-6,30,pdf,1.916459989170989,2.0811031391277597,True,False,30,408.7100873162589,0.08592461600005663,CONVERGENCE: RELATIVE REDUCTION OF F <= FACTR*EPSMCH
1.9,2.0,5000,6,20260926-1-0-1-6,30,qlog,2.0,1.5572788263658701,True,False,30,408.7100873162589,0.017432481000014377,barrido q-log; q por deviance de bins
1.9,2.0,5000,6,20260926-1-0-1-6,40,pdf,1.9188300073630733,2.0957888106957765,True,False,40,408.7100873162589,0.07350568099991506,CONVERGENCE: RELATIVE REDUCTION OF F <= FACTR*EPSMCH
1.9,2.0,5000,6,20260926-1-0-1-6,40,qlog,1.96,1.6639089686905943,True,False,40,408.7100873162589,0.022179741999934777,barrido q-log; q por deviance de bins
1.9,2.0,5000,6,20260926-1-0-1-6,50,pdf,1.9203015944040982,2.104149109078065,True,False,49,408.7100873162589,0.08672287499985032,CONVERGENCE: RELATIVE REDUCTION OF F <= FACTR*EPSMCH
1.9,2.0,5000,6,20260926-1-0-1-6,50,qlog,1.94,1.7539962259306678,True,False,49,408.7100873162589,0.02297544199996082,barrido q-log; q por deviance de bins
1.9,2.0,5000,6,20260926-1-0-1-6,70,pdf,1.916337223955181,2.085805426461203,True,False,69,408.7100873162589,0.07225733899986153,CONVERGENCE: RELATIVE REDUCTION OF F <= FACTR*EPSMCH
1.9,2.0,5000,6,20260926-1-0-1-6,70,qlog,1.92,1.785707480759547,True,False,69,408.7100873162589,0.016507938999893668,barrido q-log; q por deviance de bins
1.9,2.0,5000,6,20260926-1-0-1-6,100,pdf,1.920234443926238,2.108003892139975,True,False,98,408.7100873162589,0.08012250100000529,CONVERGENCE: RELATIVE REDUCTION OF F <= FACTR*EPSMCH
1.9,2.0,5000,6,20260926-1-0-1-6,100,qlog,1.92,1.7666800686292057,True,False,98,408.7100873162589,0.01786189499989632,barrido q-log; q por deviance de bins
1.9,2.0,5000,6,20260926-1-0-1-6,150,pdf,1.9188971633200962,2.0959297704178432,True,False,145,408.7100873162589,0.07575864000000365,CONVERGENCE: RELATIVE REDUCTION OF F <= FACTR*EPSMCH
1.9,2.0,5000,6,20260926-1-0-1-6,150,qlog,1.92,1.6628210305960063,True,False,145,408.7100873162589,0.019518155000014303,barrido q-log; q por deviance de bins
1.9,2.0,5000,6,20260926-1-0-1-6,200,pdf,1.9198390594385153,2.1060774691746595,True,False,193,408.7100873162589,0.08583062200000313,CONVERGENCE: RELATIVE REDUCTION OF F <= FACTR*EPSMCH
1.9,2.0,5000,6,20260926-1-0-1-6,200,qlog,1.92,1.6297917720550075,True,False,193,408.7100873162589,0.02095738799994251,barrido q-log; q por deviance de bins
1.9,2.0,5000,7,20260926-1-0-1-7,20,pdf,1.9045543849772966,1.9670449104734353,True,False,20,7015.942966038791,0.025110663000077693,CONVERGENCE: NORM OF PROJECTED GRADIENT <= PGTOL
1.9,2.0,5000,7,20260926-1-0-1-7,20,qlog,2.3200000000000003,0.6140848768859596,True,False,20,7015.942966038791,0.015301893000014388,barrido q-log; q por deviance de bins
1.9,2.0,5000,7,20260926-1-0-1-7,30,pdf,1.9053033298818791,1.977315921601244,True,False,29,7015.942966038791,0.05282315399995241,CONVERGENCE: RELATIVE REDUCTION OF F <= FACTR*EPSMCH
1.9,2.0,5000,7,20260926-1-0-1-7,30,qlog,2.14,1.1166964002624746,True,False,29,7015.942966038791,0.012656503000016528,barrido q-log; q por deviance de bins
1.9,2.0,5000,7,20260926-1-0-1-7,40,pdf,1.9094863921057008,2.0055399807492096,True,False,39,7015.942966038791,0.030766878999884284,CONVERGENCE: RELATIVE REDUCTION OF F <= FACTR*EPSMCH
1.9,2.0,5000,7,20260926-1-0-1-7,40,qlog,2.04,1.350882575470776,True,False,39,7015.942966038791,0.034119681999982276,barrido q-log; q por deviance de bins
1.9,2.0,5000,7,20260926-1-0-1-7,50,pdf,1.919662658436926,2.0737047197972918,True,False,49,7015.942966038791,0.03168220099996688,CONVERGENCE: RELATIVE REDUCTION OF F <= FACTR*EPSMCH
1.9,2.0,5000,7,20260926-1-0-1-7,50,qlog,2.02,1.6165970123574318,True,False,49,7015.942966038791,0.012681130999908419,barrido q-log; q por deviance de bins
1.9,2.0,5000,7,20260926-1-0-1-7,70,pdf,1.918820472690725,2.0524072009851104,True,False,68,7015.942966038791,0.10441208199995344,CONVERGENCE: RELATIVE REDUCTION OF F <= FACTR*EPSMCH
1.9,2.0,5000,7,20260926-1-0-1-7,70,qlog,1.98,1.7272871480637013,True,False,68,7015.942966038791,0.020187270999940665,barrido q-log; q por deviance de bins
1.9,2.0,5000,7,20260926-1-0-1-7,100,pdf,1.9180011148244716,2.0483598967024497,True,False,96,7015.942966038791,0.0685624509999343,CONVERGENCE: RELATIVE REDUCTION OF F <= FACTR*EPSMCH
1.9,2.0,5000,7,20260926-1-0-1-7,100,qlog,1.98,1.7460512322285786,True,False,96,7015.942966038791,0.016734844999973575,barrido q-log; q por deviance de bins
1.9,2.0,5000,7,20260926-1-0-1-7,150,pdf,1.9190569215329245,2.0565717692803434,True,False,141,7015.942966038791,0.16364404199998717,CONVERGENCE: RELATIVE REDUCTION OF F <= FACTR*EPSMCH
1.9,2.0,5000,7,20260926-1-0-1-7,150,qlog,2.0,1.6513474646770416,True,False,141,7015.942966038791,0.016655948000106946,barrido q-log; q por deviance de bins
1.9,2.0,5000,7,20260926-1-0-1-7,200,pdf,1.9214029891268667,2.0678641300542964,True,False,186,7015.942966038791,0.09027042499997151,CONVERGENCE: RELATIVE REDUCTION OF F <= FACTR*EPSMCH
1.9,2.0,5000,7,20260926-1-0-1-7,200,qlog,2.02,1.559798412845567,True,False,186,7015.942966038791,0.015700151000146434,barrido q-log; q por deviance de bins
1.9,2.0,5000,8,20260926-1-0-1-8,20,pdf,1.9049521366288702,1.9657023403411027,True,False,20,660.3890023228564,0.08016833099986798,CONVERGENCE: RELATIVE REDUCTION OF F <= FACTR*EPSMCH
1.9,2.0,5000,8,20260926-1-0-1-8,20,qlog,2.16,1.1366508013849381,True,False,20,660.3890023228564,0.013438145999998596,barrido q-log; q por deviance de bins
1.9,2.0,5000,8,20260926-1-0-1-8,30,pdf,1.9062533477633279,1.980148431520094,True,False,29,660.3890023228564,0.10789124999996602,CONVERGENCE: RELATIVE REDUCTION OF F <= FACTR*EPSMCH
1.9,2.0,5000,8,20260926-1-0-1-8,30,qlog,2.02,1.4844694675434826,True,False,29,660.3890023228564,0.02183042599995133,barrido q-log; q por deviance de bins
1.9,2.0,5000,8,20260926-1-0-1-8,40,pdf,1.908958722867991,1.9916179852984304,True,False,39,660.3890023228564,0.18777705399998013,CONVERGENCE: RELATIVE REDUCTION OF F <= FACTR*EPSMCH
1.9,2.0,5000,8,20260926-1-0-1-8,40,qlog,1.96,1.5843444136624194,True,False,39,660.3890023228564,0.018977055000050314,barrido q-log; q por deviance de bins
1.9,2.0,5000,8,20260926-1-0-1-8,50,pdf,1.9088474266733488,1.9829279732105705,True,False,49,660.3890023228564,0.15291683300006298,CONVERGENCE: RELATIVE REDUCTION OF F <= FACTR*EPSMCH
1.9,2.0,5000,8,20260926-1-0-1-8,50,qlog,1.94,1.627100586612127,True,False,49,660.3890023228564,0.019676697000022614,barrido q-log; q por deviance de bins
1.9,2.0,5000,8,20260926-1-0-1-8,70,pdf,1.9107797512860234,1.9926643066848315,True,False,68,660.3890023228564,0.08445418800010884,CONVERGENCE: RELATIVE REDUCTION OF F <= FACTR*EPSMCH
1.9,2.0,5000,8,20260926-1-0-1-8,70,qlog,1.92,1.708954450156756,True,False,68,660.3890023228564,0.02241914700016423,barrido q-log; q por deviance de bins
1.9,2.0,5000,8,20260926-1-0-1-8,100,pdf,1.9131215108807886,2.008739217593383,True,False,96,660.3890023228564,0.15332290800006376,CONVERGENCE: RELATIVE REDUCTION OF F <= FACTR*EPSMCH
1.9,2.0,5000,8,20260926-1-0-1-8,100,qlog,1.92,1.6652337204418464,True,False,96,660.3890023228564,0.0180734019997999,barrido q-log; q por deviance de bins
1.9,2.0,5000,8,20260926-1-0-1-8,150,pdf,1.9112878687980355,1.9983733321342065,True,False,142,660.3890023228564,0.06704271100011283,CONVERGENCE: RELATIVE REDUCTION OF F <= FACTR*EPSMCH
1.9,2.0,5000,8,20260926-1-0-1-8,150,qlog,1.92,1.5929647149761972,True,False,142,660.3890023228564,0.023489103999963845,barrido q-log; q por deviance de bins
1.9,2.0,5000,8,20260926-1-0-1-8,200,pdf,1.9113572636315663,1.9991993439680462,True,False,187,660.3890023228564,0.03593537400001878,CONVERGENCE: RELATIVE REDUCTION OF F <= FACTR*EPSMCH
1.9,2.0,5000,8,20260926-1-0-1-8,200,qlog,1.92,1.4848904756370918,True,False,187,660.3890023228564,0.043115622999948755,barrido q-log; q por deviance de bins
1.9,2.0,5000,9,20260926-1-0-1-9,20,pdf,1.9067167602293857,2.1668309249785422,True,False,20,479.2520879861813,0.0229184909999276,CONVERGENCE: RELATIVE REDUCTION OF F <= FACTR*EPSMCH
1.9,2.0,5000,9,20260926-1-0-1-9,20,qlog,2.14,1.318755984615742,True,False,20,479.2520879861813,0.017110124000055293,barrido q-log; q por deviance de bins
1.9,2.0,5000,9,20260926-1-0-1-9,30,pdf,1.9126764172364985,2.2072087616358282,True,False,30,479.2520879861813,0.02923578800005089,CONVERGENCE: RELATIVE REDUCTION OF F <= FACTR*EPSMCH
1.9,2.0,5000,9,20260926-1-0-1-9,30,qlog,2.0,1.6202328851829735,True,False,30,479.2520879861813,0.03528169900005196,barrido q-log; q por deviance de bins
1.9,2.0,5000,9,20260926-1-0-1-9,40,pdf,1.9058285683603724,2.1633221190752954,True,False,40,479.2520879861813,0.030543558000090343,CONVERGENCE: RELATIVE REDUCTION OF F <= FACTR*EPSMCH
1.9,2.0,5000,9,20260926-1-0-1-9,40,qlog,1.94,1.6593365374701985,True,False,40,479.2520879861813,0.02245665899999949,barrido q-log; q por deviance de bins
1.9,2.0,5000,9,20260926-1-0-1-9,50,pdf,1.9097537894267878,2.191242267966396,True,False,50,479.2520879861813,0.05970484399995257,CONVERGENCE: RELATIVE REDUCTION OF F <= FACTR*EPSMCH
1.9,2.0,5000,9,20260926-1-0-1-9,50,qlog,1.92,1.735925220051877,True,False,50,479.2520879861813,0.01829067199992096,barrido q-log; q por deviance de bins
1.9,2.0,5000,9,20260926-1-0-1-9,70,pdf,1.9074928742037156,2.183642520323888,True,False,69,479.2520879861813,0.03117576799991184,CONVERGENCE: RELATIVE REDUCTION OF F <= FACTR*EPSMCH
1.9,2.0,5000,9,20260926-1-0-1-9,70,qlog,1.92,1.8971208023937824,True,False,69,479.2520879861813,0.034908827999970526,barrido q-log; q por deviance de bins
1.9,2.0,5000,9,20260926-1-0-1-9,100,pdf,1.9126244777087889,2.2048913661601106,True,False,97,479.2520879861813,0.037203873000180465,CONVERGENCE: RELATIVE REDUCTION OF F <= FACTR*EPSMCH
1.9,2.0,5000,9,20260926-1-0-1-9,100,qlog,1.92,1.8686099149641262,True,False,97,479.2520879861813,0.020998413000143046,barrido q-log; q por deviance de bins
1.9,2.0,5000,9,20260926-1-0-1-9,150,pdf,1.9126717854746913,2.2096993774211686,True,False,145,479.2520879861813,0.050252804000137985,CONVERGENCE: RELATIVE REDUCTION OF F <= FACTR*EPSMCH
1.9,2.0,5000,9,20260926-1-0-1-9,150,qlog,1.9,1.6731241502866416,True,False,145,479.2520879861813,0.023892262999879676,barrido q-log; q por deviance de bins
1.9,2.0,5000,9,20260926-1-0-1-9,200,pdf,1.9108765691717795,2.19690029120034,True,False,191,479.2520879861813,0.03587374199992155,CONVERGENCE: RELATIVE REDUCTION OF F <= FACTR*EPSMCH
1.9,2.0,5000,9,20260926-1-0-1-9,200,qlog,1.92,1.6692494624672245,True,False,191,479.2520879861813,0.03957034799987014,barrido q-log; q por deviance de bins
1.9,5.0,1000,0,20260926-1-1-0-0,20,pdf,1.9205891508972177,5.176682540104823,True,False,20,68.68583276167995,0.03080468500002098,CONVERGENCE: NORM OF PROJECTED GRADIENT <= PGTOL
1.9,5.0,1000,0,20260926-1-1-0-0,20,qlog,2.02,3.3446119452412555,True,False,20,68.68583276167995,0.0336586419998639,barrido q-log; q por deviance de bins
1.9,5.0,1000,0,20260926-1-1-0-0,30,pdf,1.9100021237280205,4.909776963407745,True,False,30,68.68583276167995,0.02724343099998805,CONVERGENCE: NORM OF PROJECTED GRADIENT <= PGTOL
1.9,5.0,1000,0,20260926-1-1-0-0,30,qlog,1.94,3.450475761533756,True,False,30,68.68583276167995,0.02688199900012478,barrido q-log; q por deviance de bins
1.9,5.0,1000,0,20260926-1-1-0-0,40,pdf,1.9137362356419634,4.986271577237026,True,False,39,68.68583276167995,0.041870751000033124,CONVERGENCE: RELATIVE REDUCTION OF F <= FACTR*EPSMCH
1.9,5.0,1000,0,20260926-1-1-0-0,40,qlog,1.94,3.3862486118100246,True,False,39,68.68583276167995,0.01821137499996439,barrido q-log; q por deviance de bins
1.9,5.0,1000,0,20260926-1-1-0-0,50,pdf,1.9048638012802355,4.9191889021543975,True,False,49,68.68583276167995,0.026176008999982514,CONVERGENCE: RELATIVE REDUCTION OF F <= FACTR*EPSMCH
1.9,5.0,1000,0,20260926-1-1-0-0,50,qlog,1.92,3.3080634267975677,True,False,49,68.68583276167995,0.042623456999990594,barrido q-log; q por deviance de bins
1.9,5.0,1000,0,20260926-1-1-0-0,70,pdf,1.9081004677694415,4.856521719136108,True,False,67,68.68583276167995,0.027299458000015875,CONVERGENCE: RELATIVE REDUCTION OF F <= FACTR*EPSMCH
1.9,5.0,1000,0,20260926-1-1-0-0,70,qlog,1.92,2.996423477200478,True,False,67,68.68583276167995,0.02164623799990295,barrido q-log; q por deviance de bins
1.9,5.0,1000,0,20260926-1-1-0-0,100,pdf,1.9092621357630488,4.9367244296041894,True,False,92,68.68583276167995,0.0516966190000403,CONVERGENCE: RELATIVE REDUCTION OF F <= FACTR*EPSMCH
1.9,5.0,1000,0,20260926-1-1-0-0,100,qlog,1.94,2.6558506517309954,True,False,92,68.68583276167995,0.024345121999886032,barrido q-log; q por deviance de bins
1.9,5.0,1000,0,20260926-1-1-0-0,150,pdf,1.9104172145191656,4.922033710495643,True,False,129,68.68583276167995,0.036318024999900445,CONVERGENCE: RELATIVE REDUCTION OF F <= FACTR*EPSMCH
1.9,5.0,1000,0,20260926-1-1-0-0,150,qlog,1.94,1.7064889672683212,True,False,129,68.68583276167995,0.03936896400000478,barrido q-log; q por deviance de bins
1.9,5.0,1000,0,20260926-1-1-0-0,200,pdf,1.9101720401800366,4.944525296521773,True,False,162,68.68583276167995,0.04698944400001892,CONVERGENCE: RELATIVE REDUCTION OF F <= FACTR*EPSMCH
1.9,5.0,1000,0,20260926-1-1-0-0,200,qlog,1.96,1.3069824494992035,True,False,162,68.68583276167995,0.024345826999933706,barrido q-log; q por deviance de bins
1.9,5.0,1000,1,20260926-1-1-0-1,20,pdf,1.9895686523884124,6.706139562780592,True,False,20,595.8554838466321,0.04789977800010092,CONVERGENCE: NORM OF PROJECTED GRADIENT <= PGTOL
1.9,5.0,1000,1,20260926-1-1-0-1,20,qlog,2.2199999999999998,3.3515169142854115,True,False,20,595.8554838466321,0.013925105999987863,barrido q-log; q por deviance de bins
1.9,5.0,1000,1,20260926-1-1-0-1,30,pdf,1.972771919029156,6.307511536089188,True,False,29,595.8554838466321,0.027130235000186076,CONVERGENCE: RELATIVE REDUCTION OF F <= FACTR*EPSMCH
1.9,5.0,1000,1,20260926-1-1-0-1,30,qlog,2.08,3.820213018995149,True,False,29,595.8554838466321,0.016871231000095577,barrido q-log; q por deviance de bins
1.9,5.0,1000,1,20260926-1-1-0-1,40,pdf,1.9871679128089772,6.626957166570456,True,False,39,595.8554838466321,0.04400092600008065,CONVERGENCE: RELATIVE REDUCTION OF F <= FACTR*EPSMCH
1.9,5.0,1000,1,20260926-1-1-0-1,40,qlog,2.04,4.094551896093197,True,False,39,595.8554838466321,0.014327313000194408,barrido q-log; q por deviance de bins
1.9,5.0,1000,1,20260926-1-1-0-1,50,pdf,1.9778927695609025,6.37269798064311,True,False,49,595.8554838466321,0.025680469000008088,CONVERGENCE: RELATIVE REDUCTION OF F <= FACTR*EPSMCH
1.9,5.0,1000,1,20260926-1-1-0-1,50,qlog,2.04,3.9931920780463614,True,False,49,595.8554838466321,0.03452298299998802,barrido q-log; q por deviance de bins
1.9,5.0,1000,1,20260926-1-1-0-1,70,pdf,1.9800393187592122,6.35544170476158,True,False,66,595.8554838466321,0.023885306000011042,CONVERGENCE: RELATIVE REDUCTION OF F <= FACTR*EPSMCH
1.9,5.0,1000,1,20260926-1-1-0-1,70,qlog,2.0,3.8038171721906644,True,False,66,595.8554838466321,0.014302075999921726,barrido q-log; q por deviance de bins
1.9,5.0,1000,1,20260926-1-1-0-1,100,pdf,1.9834529651352601,6.472566813363334,True,False,89,595.8554838466321,0.038794810000126745,CONVERGENCE: RELATIVE REDUCTION OF F <= FACTR*EPSMCH
1.9,5.0,1000,1,20260926-1-1-0-1,100,qlog,2.02,3.24950297445222,True,False,89,595.8554838466321,0.035831447999953525,barrido q-log; q por deviance de bins
1.9,5.0,1000,1,20260926-1-1-0-1,150,pdf,1.9866288642281296,6.579592239560554,True,False,122,595.8554838466321,0.03136866700015162,CONVERGENCE: RELATIVE REDUCTION OF F <= FACTR*EPSMCH
1.9,5.0,1000,1,20260926-1-1-0-1,150,qlog,2.04,2.2969195642023297,True,False,122,595.8554838466321,0.015532636000216371,barrido q-log; q por deviance de bins
1.9,5.0,1000,1,20260926-1-1-0-1,200,pdf,1.9842236640379398,6.533749930022461,True,False,154,595.8554838466321,0.06333395399997244,CONVERGENCE: RELATIVE REDUCTION OF F <= FACTR*EPSMCH
1.9,5.0,1000,1,20260926-1-1-0-1,200,qlog,2.06,1.9875663730332613,True,False,154,595.8554838466321,0.025093643999980486,barrido q-log; q por deviance de bins
1.9,5.0,1000,2,20260926-1-1-0-2,20,pdf,1.8638597389324565,4.559280459668701,True,False,20,233.2021537010141,0.053364110000075016,CONVERGENCE: RELATIVE REDUCTION OF F <= FACTR*EPSMCH
1.9,5.0,1000,2,20260926-1-1-0-2,20,qlog,2.1,2.7421097767652904,True,False,20,233.2021537010141,0.023186933000033605,barrido q-log; q por deviance de bins
1.9,5.0,1000,2,20260926-1-1-0-2,30,pdf,1.876282704692245,4.774226774476147,True,False,29,233.2021537010141,0.035368687000072896,CONVERGENCE: RELATIVE REDUCTION OF F <= FACTR*EPSMCH
1.9,5.0,1000,2,20260926-1-1-0-2,30,qlog,1.96,2.9279831342411864,True,False,29,233.2021537010141,0.035492694999902596,barrido q-log; q por deviance de bins
1.9,5.0,1000,2,20260926-1-1-0-2,40,pdf,1.8970356298552717,4.988256194309165,True,False,39,233.2021537010141,0.023666545999958544,CONVERGENCE: RELATIVE REDUCTION OF F <= FACTR*EPSMCH
1.9,5.0,1000,2,20260926-1-1-0-2,40,qlog,1.94,3.3616418661810386,True,False,39,233.2021537010141,0.016899799999919196,barrido q-log; q por deviance de bins
1.9,5.0,1000,2,20260926-1-1-0-2,50,pdf,1.8825942391957704,4.793037145560593,True,False,48,233.2021537010141,0.026984550999941348,CONVERGENCE: RELATIVE REDUCTION OF F <= FACTR*EPSMCH
1.9,5.0,1000,2,20260926-1-1-0-2,50,qlog,1.9,3.1089724502683316,True,False,48,233.2021537010141,0.0353613279999081,barrido q-log; q por deviance de bins
1.9,5.0,1000,2,20260926-1-1-0-2,70,pdf,1.8910511293198413,4.897776100878077,True,False,66,233.2021537010141,0.02772673999993458,CONVERGENCE: RELATIVE REDUCTION OF F <= FACTR*EPSMCH
1.9,5.0,1000,2,20260926-1-1-0-2,70,qlog,1.92,3.25173622960371,True,False,66,233.2021537010141,0.015469546000076662,barrido q-log; q por deviance de bins
1.9,5.0,1000,2,20260926-1-1-0-2,100,pdf,1.8884533395845997,4.874243562995998,True,False,87,233.2021537010141,0.06165123899995706,CONVERGENCE: RELATIVE REDUCTION OF F <= FACTR*EPSMCH
1.9,5.0,1000,2,20260926-1-1-0-2,100,qlog,1.92,2.5010941216579736,True,False,87,233.2021537010141,0.024809333999883165,barrido q-log; q por deviance de bins
1.9,5.0,1000,2,20260926-1-1-0-2,150,pdf,1.8888218921014917,4.860170317761591,True,False,125,233.2021537010141,0.03999684600012188,CONVERGENCE: RELATIVE REDUCTION OF F <= FACTR*EPSMCH
1.9,5.0,1000,2,20260926-1-1-0-2,150,qlog,1.94,1.8743942407872607,True,False,125,233.2021537010141,0.03559025200001997,barrido q-log; q por deviance de bins
1.9,5.0,1000,2,20260926-1-1-0-2,200,pdf,1.8907352035241642,4.902962531090145,True,False,161,233.2021537010141,0.03858187600008023,CONVERGENCE: RELATIVE REDUCTION OF F <= FACTR*EPSMCH
1.9,5.0,1000,2,20260926-1-1-0-2,200,qlog,1.96,1.6076948597406904,True,False,161,233.2021537010141,0.019542083000033017,barrido q-log; q por deviance de bins
1.9,5.0,1000,3,20260926-1-1-0-3,20,pdf,1.8807879931239817,4.744402732392523,True,False,20,45.10256300122974,0.04232926999998199,CONVERGENCE: NORM OF PROJECTED GRADIENT <= PGTOL
1.9,5.0,1000,3,20260926-1-1-0-3,20,qlog,1.98,3.290774079845488,True,False,20,45.10256300122974,0.01861961400004475,barrido q-log; q por deviance de bins
1.9,5.0,1000,3,20260926-1-1-0-3,30,pdf,1.8815117861038635,4.798306445418344,True,False,30,45.10256300122974,0.032118708000098195,CONVERGENCE: RELATIVE REDUCTION OF F <= FACTR*EPSMCH
1.9,5.0,1000,3,20260926-1-1-0-3,30,qlog,1.92,3.7607090384930126,True,False,30,45.10256300122974,0.03767393800012542,barrido q-log; q por deviance de bins
1.9,5.0,1000,3,20260926-1-1-0-3,40,pdf,1.8939156497857348,4.887609249772689,True,False,39,45.10256300122974,0.027030861999946865,CONVERGENCE: RELATIVE REDUCTION OF F <= FACTR*EPSMCH
1.9,5.0,1000,3,20260926-1-1-0-3,40,qlog,1.92,3.88743155858095,True,False,39,45.10256300122974,0.02040817900001457,barrido q-log; q por deviance de bins
1.9,5.0,1000,3,20260926-1-1-0-3,50,pdf,1.8850068750525797,4.624677920859254,True,False,48,45.10256300122974,0.028498319000163974,CONVERGENCE: RELATIVE REDUCTION OF F <= FACTR*EPSMCH
1.9,5.0,1000,3,20260926-1-1-0-3,50,qlog,1.9,3.337771497201074,True,False,48,45.10256300122974,0.03376935799997227,barrido q-log; q por deviance de bins
1.9,5.0,1000,3,20260926-1-1-0-3,70,pdf,1.8902021253286398,4.773379227114427,True,False,67,45.10256300122974,0.032212002999813194,CONVERGENCE: RELATIVE REDUCTION OF F <= FACTR*EPSMCH
1.9,5.0,1000,3,20260926-1-1-0-3,70,qlog,1.9,3.403445118685713,True,False,67,45.10256300122974,0.024761335999983203,barrido q-log; q por deviance de bins
1.9,5.0,1000,3,20260926-1-1-0-3,100,pdf,1.881949727361776,4.641727393497487,True,False,91,45.10256300122974,0.0500107670000034,CONVERGENCE: RELATIVE REDUCTION OF F <= FACTR*EPSMCH
1.9,5.0,1000,3,20260926-1-1-0-3,100,qlog,1.88,2.754376728645291,True,False,91,45.10256300122974,0.02196312699993541,barrido q-log; q por deviance de bins
1.9,5.0,1000,3,20260926-1-1-0-3,150,pdf,1.88694541193343,4.725530114566388,True,False,128,45.10256300122974,0.03307004900011634,CONVERGENCE: RELATIVE REDUCTION OF F <= FACTR*EPSMCH
1.9,5.0,1000,3,20260926-1-1-0-3,150,qlog,1.88,2.261355877391911,True,False,128,45.10256300122974,0.04267501000003904,barrido q-log; q por deviance de bins
1.9,5.0,1000,3,20260926-1-1-0-3,200,pdf,1.883789052031704,4.693330744840831,True,False,160,45.10256300122974,0.03624204099992312,CONVERGENCE: RELATIVE REDUCTION OF F <= FACTR*EPSMCH
1.9,5.0,1000,3,20260926-1-1-0-3,200,qlog,1.88,1.6992570443090909,True,False,160,45.10256300122974,0.05493031700007123,barrido q-log; q por deviance de bins
1.9,5.0,1000,4,20260926-1-1-0-4,20,pdf,1.9155113360097218,6.001384699429871,True,False,20,83.9333326746449,0.03656926899998325,CONVERGENCE: RELATIVE REDUCTION OF F <= FACTR*EPSMCH
1.9,5.0,1000,4,20260926-1-1-0-4,20,qlog,2.04,3.9845849288451287,True,False,20,83.9333326746449,0.023782106999988173,barrido q-log; q por deviance de bins
1.9,5.0,1000,4,20260926-1-1-0-4,30,pdf,1.905108694114946,5.914390817439386,True,False,30,83.9333326746449,0.0494994839998526,CONVERGENCE: RELATIVE REDUCTION OF F <= FACTR*EPSMCH
1.9,5.0,1000,4,20260926-1-1-0-4,30,qlog,1.96,4.332752312241587,True,False,30,83.9333326746449,0.017604780000056053,barrido q-log; q por deviance de bins
1.9,5.0,1000,4,20260926-1-1-0-4,40,pdf,1.918618675142707,6.129783161526919,True,False,40,83.9333326746449,0.02770530900011181,CONVERGENCE: RELATIVE REDUCTION OF F <= FACTR*EPSMCH
1.9,5.0,1000,4,20260926-1-1-0-4,40,qlog,1.96,4.480954173207753,True,False,40,83.9333326746449,0.01979327200001535,barrido q-log; q por deviance de bins
1.9,5.0,1000,4,20260926-1-1-0-4,50,pdf,1.9078600284774048,5.911069329803766,True,False,50,83.9333326746449,0.05009479599993938,CONVERGENCE: RELATIVE REDUCTION OF F <= FACTR*EPSMCH
1.9,5.0,1000,4,20260926-1-1-0-4,50,qlog,1.94,4.139105063259561,True,False,50,83.9333326746449,0.017918449000035253,barrido q-log; q por deviance de bins
1.9,5.0,1000,4,20260926-1-1-0-4,70,pdf,1.9124451693008122,5.999076223497955,True,False,68,83.9333326746449,0.057135711999990235,CONVERGENCE: RELATIVE REDUCTION OF F <= FACTR*EPSMCH
1.9,5.0,1000,4,20260926-1-1-0-4,70,qlog,1.94,3.536422398622814,True,False,68,83.9333326746449,0.023734492000130558,barrido q-log; q por deviance de bins
1.9,5.0,1000,4,20260926-1-1-0-4,100,pdf,1.915600985831608,6.071362431039476,True,False,92,83.9333326746449,0.03591594800013809,CONVERGENCE: RELATIVE REDUCTION OF F <= FACTR*EPSMCH
1.9,5.0,1000,4,20260926-1-1-0-4,100,qlog,1.94,3.046098792671919,True,False,92,83.9333326746449,0.03932223499987231,barrido q-log; q por deviance de bins
1.9,5.0,1000,4,20260926-1-1-0-4,150,pdf,1.9206778484687588,6.169454337888682,True,False,136,83.9333326746449,0.03394379600013053,CONVERGENCE: RELATIVE REDUCTION OF F <= FACTR*EPSMCH
1.9,5.0,1000,4,20260926-1-1-0-4,150,qlog,1.96,2.1968139205589616,True,False,136,83.9333326746449,0.019949980999854233,barrido q-log; q por deviance de bins
1.9,5.0,1000,4,20260926-1-1-0-4,200,pdf,1.91778712778272,6.125015400894193,True,False,166,83.9333326746449,0.06148341299990534,CONVERGENCE: RELATIVE REDUCTION OF F <= FACTR*EPSMCH
1.9,5.0,1000,4,20260926-1-1-0-4,200,qlog,1.98,1.4911611510563674,True,False,166,83.9333326746449,0.020583205999855636,barrido q-log; q por deviance de bins
1.9,5.0,1000,5,20260926-1-1-0-5,20,pdf,1.900416327933206,5.1027645648704265,True,False,20,57.92019393998687,0.028760998000052496,CONVERGENCE: RELATIVE REDUCTION OF F <= FACTR*EPSMCH
1.9,5.0,1000,5,20260926-1-1-0-5,20,qlog,2.0,3.4498856770175528,True,False,20,57.92019393998687,0.038331328999902325,barrido q-log; q por deviance de bins
1.9,5.0,1000,5,20260926-1-1-0-5,30,pdf,1.8964073358496967,5.065645343686667,True,False,30,57.92019393998687,0.028972608000003675,CONVERGENCE: NORM OF PROJECTED GRADIENT <= PGTOL
1.9,5.0,1000,5,20260926-1-1-0-5,30,qlog,1.94,3.9922258728955553,True,False,30,57.92019393998687,0.017734998999912932,barrido q-log; q por deviance de bins
1.9,5.0,1000,5,20260926-1-1-0-5,40,pdf,1.8949421089960008,5.082416280273075,True,False,40,57.92019393998687,0.04387538199989649,CONVERGENCE: RELATIVE REDUCTION OF F <= FACTR*EPSMCH
1.9,5.0,1000,5,20260926-1-1-0-5,40,qlog,1.92,3.75805111348735,True,False,40,57.92019393998687,0.01982968799984519,barrido q-log; q por deviance de bins
1.9,5.0,1000,5,20260926-1-1-0-5,50,pdf,1.8957280458448416,5.091839709762931,True,False,49,57.92019393998687,0.03001842999992732,CONVERGENCE: RELATIVE REDUCTION OF F <= FACTR*EPSMCH
1.9,5.0,1000,5,20260926-1-1-0-5,50,qlog,1.9,3.3668475958082196,True,False,49,57.92019393998687,0.02670158699993408,barrido q-log; q por deviance de bins
1.9,5.0,1000,5,20260926-1-1-0-5,70,pdf,1.8931052554456655,5.050647352122583,True,False,68,57.92019393998687,0.04516451999984383,CONVERGENCE: RELATIVE REDUCTION OF F <= FACTR*EPSMCH
1.9,5.0,1000,5,20260926-1-1-0-5,70,qlog,1.9,3.2183386606242808,True,False,68,57.92019393998687,0.0199635199999193,barrido q-log; q por deviance de bins
1.9,5.0,1000,5,20260926-1-1-0-5,100,pdf,1.8959460250748037,5.073255923045489,True,False,94,57.92019393998687,0.02820096300001751,CONVERGENCE: RELATIVE REDUCTION OF F <= FACTR*EPSMCH
1.9,5.0,1000,5,20260926-1-1-0-5,100,qlog,1.9,3.002216699681627,True,False,94,57.92019393998687,0.03914386599990394,barrido q-log; q por deviance de bins
1.9,5.0,1000,5,20260926-1-1-0-5,150,pdf,1.8962758482857942,5.094343246958728,True,False,134,57.92019393998687,0.04066273499984163,CONVERGENCE: RELATIVE REDUCTION OF F <= FACTR*EPSMCH
1.9,5.0,1000,5,20260926-1-1-0-5,150,qlog,1.9,2.057512063679272,True,False,134,57.92019393998687,0.04674577300011151,barrido q-log; q por deviance de bins
1.9,5.0,1000,5,20260926-1-1-0-5,200,pdf,1.8960184934275808,5.085239858497202,True,False,165,57.92019393998687,0.04636070600008679,CONVERGENCE: RELATIVE REDUCTION OF F <= FACTR*EPSMCH
1.9,5.0,1000,5,20260926-1-1-0-5,200,qlog,1.88,1.6283031384263746,True,False,165,57.92019393998687,0.034272011999973984,barrido q-log; q por deviance de bins
1.9,5.0,1000,6,20260926-1-1-0-6,20,pdf,1.8802567094888938,4.724396058762334,True,False,20,37.188855067934846,0.025211796000121467,CONVERGENCE: NORM OF PROJECTED GRADIENT <= PGTOL
1.9,5.0,1000,6,20260926-1-1-0-6,20,qlog,1.98,3.2216194632820008,True,False,20,37.188855067934846,0.01972566600011305,barrido q-log; q por deviance de bins
1.9,5.0,1000,6,20260926-1-1-0-6,30,pdf,1.8885580426030737,4.7858418277780945,True,False,30,37.188855067934846,0.026097833999983777,CONVERGENCE: RELATIVE REDUCTION OF F <= FACTR*EPSMCH
1.9,5.0,1000,6,20260926-1-1-0-6,30,qlog,1.92,3.688850403062616,True,False,30,37.188855067934846,0.03953239499992378,barrido q-log; q por deviance de bins
1.9,5.0,1000,6,20260926-1-1-0-6,40,pdf,1.8761596499341968,4.565713122670014,True,False,40,37.188855067934846,0.035294752000027074,CONVERGENCE: RELATIVE REDUCTION OF F <= FACTR*EPSMCH
1.9,5.0,1000,6,20260926-1-1-0-6,40,qlog,1.88,3.2345965855115795,True,False,40,37.188855067934846,0.01951104700015094,barrido q-log; q por deviance de bins
1.9,5.0,1000,6,20260926-1-1-0-6,50,pdf,1.8843864380506081,4.671925046914117,True,False,50,37.188855067934846,0.04886798699999417,CONVERGENCE: NORM OF PROJECTED GRADIENT <= PGTOL
1.9,5.0,1000,6,20260926-1-1-0-6,50,qlog,1.88,3.27590300488627,True,False,50,37.188855067934846,0.02404068000009829,barrido q-log; q por deviance de bins
1.9,5.0,1000,6,20260926-1-1-0-6,70,pdf,1.8787505876485937,4.618284464354419,True,False,66,37.188855067934846,0.06368153699986578,CONVERGENCE: RELATIVE REDUCTION OF F <= FACTR*EPSMCH
1.9,5.0,1000,6,20260926-1-1-0-6,70,qlog,1.8599999999999999,2.7937490831034943,True,False,66,37.188855067934846,0.021037391999925603,barrido q-log; q por deviance de bins
1.9,5.0,1000,6,20260926-1-1-0-6,100,pdf,1.8815959982267063,4.6654556729329,True,False,93,37.188855067934846,0.054287678000036976,CONVERGENCE: RELATIVE REDUCTION OF F <= FACTR*EPSMCH
1.9,5.0,1000,6,20260926-1-1-0-6,100,qlog,1.8599999999999999,2.4561563073640276,True,False,93,37.188855067934846,0.041664876000140794,barrido q-log; q por deviance de bins
1.9,5.0,1000,6,20260926-1-1-0-6,150,pdf,1.8803692072964646,4.633961898012674,True,False,127,37.188855067934846,0.03480691400000069,CONVERGENCE: RELATIVE REDUCTION OF F <= FACTR*EPSMCH
1.9,5.0,1000,6,20260926-1-1-0-6,150,qlog,1.84,1.8784935611025257,True,False,127,37.188855067934846,0.04611031800004639,barrido q-log; q por deviance de bins
1.9,5.0,1000,6,20260926-1-1-0-6,200,pdf,1.8793629362339326,4.631226651948603,True,False,166,37.188855067934846,0.04043311899999935,CONVERGENCE: RELATIVE REDUCTION OF F <= FACTR*EPSMCH
1.9,5.0,1000,6,20260926-1-1-0-6,200,qlog,1.84,1.7516229776121286,True,False,166,37.188855067934846,0.02629212900001221,barrido q-log; q por deviance de bins
1.9,5.0,1000,7,20260926-1-1-0-7,20,pdf,1.8671569947679467,4.833854884328447,True,False,20,49.3781010419273,0.04214989699994476,CONVERGENCE: NORM OF PROJECTED GRADIENT <= PGTOL
1.9,5.0,1000,7,20260926-1-1-0-7,20,qlog,1.96,3.378365695917244,True,False,20,49.3781010419273,0.019439908000094874,barrido q-log; q por deviance de bins
1.9,5.0,1000,7,20260926-1-1-0-7,30,pdf,1.8576880856665021,4.569673075694103,True,False,30,49.3781010419273,0.028884454000035475,CONVERGENCE: RELATIVE REDUCTION OF F <= FACTR*EPSMCH
1.9,5.0,1000,7,20260926-1-1-0-7,30,qlog,1.88,3.2256619302191027,True,False,30,49.3781010419273,0.022654123000165782,barrido q-log; q por deviance de bins
1.9,5.0,1000,7,20260926-1-1-0-7,40,pdf,1.8765135961690254,4.946566727596397,True,False,40,49.3781010419273,0.04301756600011686,CONVERGENCE: RELATIVE REDUCTION OF F <= FACTR*EPSMCH
1.9,5.0,1000,7,20260926-1-1-0-7,40,qlog,1.88,3.6740723583862427,True,False,40,49.3781010419273,0.02123112999993282,barrido q-log; q por deviance de bins
1.9,5.0,1000,7,20260926-1-1-0-7,50,pdf,1.859473499757136,4.672960819782031,True,False,50,49.3781010419273,0.0254508180000812,CONVERGENCE: RELATIVE REDUCTION OF F <= FACTR*EPSMCH
1.9,5.0,1000,7,20260926-1-1-0-7,50,qlog,1.8599999999999999,3.16190109409105,True,False,50,49.3781010419273,0.03676029999996899,barrido q-log; q por deviance de bins
1.9,5.0,1000,7,20260926-1-1-0-7,70,pdf,1.8685046401310617,4.78036004267641,True,False,69,49.3781010419273,0.024842849000151546,CONVERGENCE: RELATIVE REDUCTION OF F <= FACTR*EPSMCH
1.9,5.0,1000,7,20260926-1-1-0-7,70,qlog,1.8599999999999999,3.0276350249942556,True,False,69,49.3781010419273,0.020641071999989435,barrido q-log; q por deviance de bins
1.9,5.0,1000,7,20260926-1-1-0-7,100,pdf,1.866873904546544,4.761792802953455,True,False,95,49.3781010419273,0.049746574999971926,CONVERGENCE: RELATIVE REDUCTION OF F <= FACTR*EPSMCH
1.9,5.0,1000,7,20260926-1-1-0-7,100,qlog,1.84,2.3598633230349657,True,False,95,49.3781010419273,0.027937367000049562,barrido q-log; q por deviance de bins
1.9,5.0,1000,7,20260926-1-1-0-7,150,pdf,1.8701468286133311,4.8001800657050495,True,False,139,49.3781010419273,0.051311579999946844,CONVERGENCE: RELATIVE REDUCTION OF F <= FACTR*EPSMCH
1.9,5.0,1000,7,20260926-1-1-0-7,150,qlog,1.8599999999999999,2.0642979386944584,True,False,139,49.3781010419273,0.03669671800003016,barrido q-log; q por deviance de bins
1.9,5.0,1000,7,20260926-1-1-0-7,200,pdf,1.8695327397681356,4.784992699977424,True,False,178,49.3781010419273,0.053227709999873696,CONVERGENCE: RELATIVE REDUCTION OF F <= FACTR*EPSMCH
1.9,5.0,1000,7,20260926-1-1-0-7,200,qlog,1.8599999999999999,1.6684607339865982,True,False,178,49.3781010419273,0.04568120500016448,barrido q-log; q por deviance de bins
1.9,5.0,1000,8,20260926-1-1-0-8,20,pdf,1.8523372592433478,4.260044008495084,True,False,20,45.159226194465795,0.05468671200014796,CONVERGENCE: NORM OF PROJECTED GRADIENT <= PGTOL
1.9,5.0,1000,8,20260926-1-1-0-8,20,qlog,1.96,3.0246024708603008,True,False,20,45.159226194465795,0.03185753999991903,barrido q-log; q por deviance de bins
1.9,5.0,1000,8,20260926-1-1-0-8,30,pdf,1.871486916432063,4.448706899681828,True,False,30,45.159226194465795,0.032168592000061835,CONVERGENCE: RELATIVE REDUCTION OF F <= FACTR*EPSMCH
1.9,5.0,1000,8,20260926-1-1-0-8,30,qlog,1.9,3.3979841756788858,True,False,30,45.159226194465795,0.026246100999969713,barrido q-log; q por deviance de bins
1.9,5.0,1000,8,20260926-1-1-0-8,40,pdf,1.8697606640884248,4.438509440372851,True,False,40,45.159226194465795,0.05059308799991413,CONVERGENCE: RELATIVE REDUCTION OF F <= FACTR*EPSMCH
1.9,5.0,1000,8,20260926-1-1-0-8,40,qlog,1.88,3.3501785854681914,True,False,40,45.159226194465795,0.020611959999996543,barrido q-log; q por deviance de bins
1.9,5.0,1000,8,20260926-1-1-0-8,50,pdf,1.880772917380086,4.617051765966495,True,False,49,45.159226194465795,0.032001453000020774,CONVERGENCE: RELATIVE REDUCTION OF F <= FACTR*EPSMCH
1.9,5.0,1000,8,20260926-1-1-0-8,50,qlog,1.9,3.657242951226136,True,False,49,45.159226194465795,0.037178036000113934,barrido q-log; q por deviance de bins
1.9,5.0,1000,8,20260926-1-1-0-8,70,pdf,1.8778624000794821,4.571106811952313,True,False,67,45.159226194465795,0.027328018000162047,CONVERGENCE: RELATIVE REDUCTION OF F <= FACTR*EPSMCH
1.9,5.0,1000,8,20260926-1-1-0-8,70,qlog,1.88,2.935536649498547,True,False,67,45.159226194465795,0.02448159100003977,barrido q-log; q por deviance de bins
1.9,5.0,1000,8,20260926-1-1-0-8,100,pdf,1.8870857436170507,4.689604244755583,True,False,94,45.159226194465795,0.0534798779999619,CONVERGENCE: RELATIVE REDUCTION OF F <= FACTR*EPSMCH
1.9,5.0,1000,8,20260926-1-1-0-8,100,qlog,1.9,2.8899027551848993,True,False,94,45.159226194465795,0.02484308700013571,barrido q-log; q por deviance de bins
1.9,5.0,1000,8,20260926-1-1-0-8,150,pdf,1.8824513797280467,4.618701447134153,True,False,134,45.159226194465795,0.05952262100004191,CONVERGENCE: RELATIVE REDUCTION OF F <= FACTR*EPSMCH
1.9,5.0,1000,8,20260926-1-1-0-8,150,qlog,1.88,2.2270236347036905,True,False,134,45.159226194465795,0.025220273000059024,barrido q-log; q por deviance de bins
1.9,5.0,1000,8,20260926-1-1-0-8,200,pdf,1.8856515222840657,4.656793731194448,True,False,169,45.159226194465795,0.04105329200001506,CONVERGENCE: RELATIVE REDUCTION OF F <= FACTR*EPSMCH
1.9,5.0,1000,8,20260926-1-1-0-8,200,qlog,1.88,1.891029719709062,True,False,169,45.159226194465795,0.04860880400019596,barrido q-log; q por deviance de bins
1.9,5.0,1000,9,20260926-1-1-0-9,20,pdf,1.8816004133103936,5.2373645367169805,True,False,20,203.96990905163173,0.026087349999897924,CONVERGENCE: NORM OF PROJECTED GRADIENT <= PGTOL
1.9,5.0,1000,9,20260926-1-1-0-9,20,qlog,2.1,2.963427421684872,True,False,20,203.96990905163173,0.014727025999945909,barrido q-log; q por deviance de bins
1.9,5.0,1000,9,20260926-1-1-0-9,30,pdf,1.911149900796036,5.71241405537372,True,False,30,203.96990905163173,0.023394149000068865,CONVERGENCE: RELATIVE REDUCTION OF F <= FACTR*EPSMCH
1.9,5.0,1000,9,20260926-1-1-0-9,30,qlog,2.0,3.9673442072611342,True,False,30,203.96990905163173,0.0325812539999788,barrido q-log; q por deviance de bins
1.9,5.0,1000,9,20260926-1-1-0-9,40,pdf,1.9150515566059658,5.874900126323648,True,False,40,203.96990905163173,0.022415071000068565,CONVERGENCE: NORM OF PROJECTED GRADIENT <= PGTOL
1.9,5.0,1000,9,20260926-1-1-0-9,40,qlog,1.96,3.899178758727787,True,False,40,203.96990905163173,0.016384054999889486,barrido q-log; q por deviance de bins
1.9,5.0,1000,9,20260926-1-1-0-9,50,pdf,1.905443879053883,5.685202591829345,True,False,48,203.96990905163173,0.023556747000156975,CONVERGENCE: RELATIVE REDUCTION OF F <= FACTR*EPSMCH
1.9,5.0,1000,9,20260926-1-1-0-9,50,qlog,1.94,4.011453478073069,True,False,48,203.96990905163173,0.03632005200006461,barrido q-log; q por deviance de bins
1.9,5.0,1000,9,20260926-1-1-0-9,70,pdf,1.9103596055614112,5.77579366479869,True,False,63,203.96990905163173,0.035136273000034635,CONVERGENCE: RELATIVE REDUCTION OF F <= FACTR*EPSMCH
1.9,5.0,1000,9,20260926-1-1-0-9,70,qlog,1.94,3.525652858694154,True,False,63,203.96990905163173,0.02136261500004366,barrido q-log; q por deviance de bins
1.9,5.0,1000,9,20260926-1-1-0-9,100,pdf,1.9135689659898547,5.852736167150923,True,False,88,203.96990905163173,0.06454121599995233,CONVERGENCE: RELATIVE REDUCTION OF F <= FACTR*EPSMCH
1.9,5.0,1000,9,20260926-1-1-0-9,100,qlog,1.96,2.868780746956141,True,False,88,203.96990905163173,0.018924572000059925,barrido q-log; q por deviance de bins
1.9,5.0,1000,9,20260926-1-1-0-9,150,pdf,1.9145770559721884,5.859237727795016,True,False,127,203.96990905163173,0.051526263999903676,CONVERGENCE: RELATIVE REDUCTION OF F <= FACTR*EPSMCH
1.9,5.0,1000,9,20260926-1-1-0-9,150,qlog,1.98,2.366238257793267,True,False,127,203.96990905163173,0.017919456000072387,barrido q-log; q por deviance de bins
1.9,5.0,1000,9,20260926-1-1-0-9,200,pdf,1.9130845925797912,5.83575425305614,True,False,165,203.96990905163173,0.05162399200003165,CONVERGENCE: RELATIVE REDUCTION OF F <= FACTR*EPSMCH
1.9,5.0,1000,9,20260926-1-1-0-9,200,qlog,1.98,1.7310155497902804,True,False,165,203.96990905163173,0.03608752800005277,barrido q-log; q por deviance de bins
1.9,5.0,5000,0,20260926-1-1-1-0,20,pdf,1.8896009810885952,4.986809396218943,True,False,20,434.79691951582333,0.023764267999922595,CONVERGENCE: RELATIVE REDUCTION OF F <= FACTR*EPSMCH
1.9,5.0,5000,0,20260926-1-1-1-0,20,qlog,2.16,2.8970045398014994,True,False,20,434.79691951582333,0.035278533000109746,barrido q-log; q por deviance de bins
1.9,5.0,5000,0,20260926-1-1-1-0,30,pdf,1.8810917759895114,4.898765918028689,True,False,30,434.79691951582333,0.02735682899992753,CONVERGENCE: RELATIVE REDUCTION OF F <= FACTR*EPSMCH
1.9,5.0,5000,0,20260926-1-1-1-0,30,qlog,2.0,3.4142147505798883,True,False,30,434.79691951582333,0.0166752519999136,barrido q-log; q por deviance de bins
1.9,5.0,5000,0,20260926-1-1-1-0,40,pdf,1.889196425443184,5.032410172831035,True,False,39,434.79691951582333,0.02844315499987715,CONVERGENCE: RELATIVE REDUCTION OF F <= FACTR*EPSMCH
1.9,5.0,5000,0,20260926-1-1-1-0,40,qlog,1.94,3.88326799939859,True,False,39,434.79691951582333,0.0334237199999734,barrido q-log; q por deviance de bins
1.9,5.0,5000,0,20260926-1-1-1-0,50,pdf,1.8931166369490575,5.073648010264751,True,False,49,434.79691951582333,0.037496529000009104,CONVERGENCE: RELATIVE REDUCTION OF F <= FACTR*EPSMCH
1.9,5.0,5000,0,20260926-1-1-1-0,50,qlog,1.92,4.1065947942709755,True,False,49,434.79691951582333,0.08056691499996305,barrido q-log; q por deviance de bins
1.9,5.0,5000,0,20260926-1-1-1-0,70,pdf,1.8924852009553899,5.081745611196623,True,False,68,434.79691951582333,0.02822414399997797,CONVERGENCE: RELATIVE REDUCTION OF F <= FACTR*EPSMCH
1.9,5.0,5000,0,20260926-1-1-1-0,70,qlog,1.9,4.170814876266288,True,False,68,434.79691951582333,0.01645978900000955,barrido q-log; q por deviance de bins
1.9,5.0,5000,0,20260926-1-1-1-0,100,pdf,1.89233815598906,5.0609306605909365,True,False,97,434.79691951582333,0.044695524999951886,CONVERGENCE: RELATIVE REDUCTION OF F <= FACTR*EPSMCH
1.9,5.0,5000,0,20260926-1-1-1-0,100,qlog,1.92,4.332646168845801,True,False,97,434.79691951582333,0.01735030000008919,barrido q-log; q por deviance de bins
1.9,5.0,5000,0,20260926-1-1-1-0,150,pdf,1.8932331675498955,5.084093151424592,True,False,143,434.79691951582333,0.03676764700003332,CONVERGENCE: RELATIVE REDUCTION OF F <= FACTR*EPSMCH
1.9,5.0,5000,0,20260926-1-1-1-0,150,qlog,1.9,4.047933361081361,True,False,143,434.79691951582333,0.04508975500016277,barrido q-log; q por deviance de bins
1.9,5.0,5000,0,20260926-1-1-1-0,200,pdf,1.8936488343515645,5.085200350085004,True,False,190,434.79691951582333,0.04369073400016532,CONVERGENCE: RELATIVE REDUCTION OF F <= FACTR*EPSMCH
1.9,5.0,5000,0,20260926-1-1-1-0,200,qlog,1.9,3.892069734354329,True,False,190,434.79691951582333,0.021402150999847436,barrido q-log; q por deviance de bins
1.9,5.0,5000,1,20260926-1-1-1-1,20,pdf,1.8696340003368996,4.610602016643332,True,False,20,2878.194170014216,0.035512479000090025,CONVERGENCE: RELATIVE REDUCTION OF F <= FACTR*EPSMCH
1.9,5.0,5000,1,20260926-1-1-1-1,20,qlog,2.2800000000000002,1.769454106957104,True,False,20,2878.194170014216,0.012489297000001898,barrido q-log; q por deviance de bins
1.9,5.0,5000,1,20260926-1-1-1-1,30,pdf,1.8878158119530277,4.872187796058194,True,False,30,2878.194170014216,0.024952105000011215,CONVERGENCE: RELATIVE REDUCTION OF F <= FACTR*EPSMCH
1.9,5.0,5000,1,20260926-1-1-1-1,30,qlog,2.1,3.040582355674498,True,False,30,2878.194170014216,0.014089273000081448,barrido q-log; q por deviance de bins
1.9,5.0,5000,1,20260926-1-1-1-1,40,pdf,1.886962738254524,4.86516254906572,True,False,40,2878.194170014216,0.06397251299995332,CONVERGENCE: RELATIVE REDUCTION OF F <= FACTR*EPSMCH
1.9,5.0,5000,1,20260926-1-1-1-1,40,qlog,2.0,3.490627911190471,True,False,40,2878.194170014216,0.019678347999843027,barrido q-log; q por deviance de bins
1.9,5.0,5000,1,20260926-1-1-1-1,50,pdf,1.8940228653990991,4.949685170196597,True,False,49,2878.194170014216,0.05275457900006586,CONVERGENCE: RELATIVE REDUCTION OF F <= FACTR*EPSMCH
1.9,5.0,5000,1,20260926-1-1-1-1,50,qlog,1.96,3.8932293077022937,True,False,49,2878.194170014216,0.016745545000048878,barrido q-log; q por deviance de bins
1.9,5.0,5000,1,20260926-1-1-1-1,70,pdf,1.898612326374277,5.002912523316075,True,False,68,2878.194170014216,0.03585377600006723,CONVERGENCE: RELATIVE REDUCTION OF F <= FACTR*EPSMCH
1.9,5.0,5000,1,20260926-1-1-1-1,70,qlog,1.96,4.395087984173664,True,False,68,2878.194170014216,0.01601159799997731,barrido q-log; q por deviance de bins
1.9,5.0,5000,1,20260926-1-1-1-1,100,pdf,1.8985829582078333,5.013686190789001,True,False,94,2878.194170014216,0.048598824999999124,CONVERGENCE: RELATIVE REDUCTION OF F <= FACTR*EPSMCH
1.9,5.0,5000,1,20260926-1-1-1-1,100,qlog,1.96,4.173851776842307,True,False,94,2878.194170014216,0.01703717400005189,barrido q-log; q por deviance de bins
1.9,5.0,5000,1,20260926-1-1-1-1,150,pdf,1.8961509696698209,4.974953125641125,True,False,141,2878.194170014216,0.08781460099999094,CONVERGENCE: RELATIVE REDUCTION OF F <= FACTR*EPSMCH
1.9,5.0,5000,1,20260926-1-1-1-1,150,qlog,1.98,4.194372206935089,True,False,141,2878.194170014216,0.01825500099994315,barrido q-log; q por deviance de bins
1.9,5.0,5000,1,20260926-1-1-1-1,200,pdf,1.8993461883633087,5.019952376456092,True,False,186,2878.194170014216,0.05444329800002379,CONVERGENCE: RELATIVE REDUCTION OF F <= FACTR*EPSMCH
1.9,5.0,5000,1,20260926-1-1-1-1,200,qlog,2.0,4.006220832232221,True,False,186,2878.194170014216,0.02066616399997656,barrido q-log; q por deviance de bins
1.9,5.0,5000,2,20260926-1-1-1-2,20,pdf,1.9122224180479155,5.171356181139699,True,False,20,519.3256110363485,0.04228764399999818,CONVERGENCE: RELATIVE REDUCTION OF F <= FACTR*EPSMCH
1.9,5.0,5000,2,20260926-1-1-1-2,20,qlog,2.1799999999999997,2.790547587255175,True,False,20,519.3256110363485,0.03308845700007623,barrido q-log; q por deviance de bins
1.9,5.0,5000,2,20260926-1-1-1-2,30,pdf,1.907423581390697,5.068150628679907,True,False,30,519.3256110363485,0.02660511600015525,CONVERGENCE: RELATIVE REDUCTION OF F <= FACTR*EPSMCH
1.9,5.0,5000,2,20260926-1-1-1-2,30,qlog,2.02,3.41671206203882,True,False,30,519.3256110363485,0.015077256000040506,barrido q-log; q por deviance de bins
1.9,5.0,5000,2,20260926-1-1-1-2,40,pdf,1.9098728432834466,5.145622298844187,True,False,40,519.3256110363485,0.05113113700008398,CONVERGENCE: RELATIVE REDUCTION OF F <= FACTR*EPSMCH
1.9,5.0,5000,2,20260926-1-1-1-2,40,qlog,1.96,3.8917776295575526,True,False,40,519.3256110363485,0.020174515000007887,barrido q-log; q por deviance de bins
1.9,5.0,5000,2,20260926-1-1-1-2,50,pdf,1.904932114834996,5.042479073577326,True,False,49,519.3256110363485,0.027535559000170906,CONVERGENCE: RELATIVE REDUCTION OF F <= FACTR*EPSMCH
1.9,5.0,5000,2,20260926-1-1-1-2,50,qlog,1.94,4.1617610036785715,True,False,49,519.3256110363485,0.01630080299992187,barrido q-log; q por deviance de bins
1.9,5.0,5000,2,20260926-1-1-1-2,70,pdf,1.9064409894898275,5.074123500526858,True,False,69,519.3256110363485,0.0517761139999493,CONVERGENCE: RELATIVE REDUCTION OF F <= FACTR*EPSMCH
1.9,5.0,5000,2,20260926-1-1-1-2,70,qlog,1.92,4.430634911557172,True,False,69,519.3256110363485,0.016499634999945556,barrido q-log; q por deviance de bins
1.9,5.0,5000,2,20260926-1-1-1-2,100,pdf,1.907371437584753,5.09147614990424,True,False,96,519.3256110363485,0.03445971600012854,CONVERGENCE: RELATIVE REDUCTION OF F <= FACTR*EPSMCH
1.9,5.0,5000,2,20260926-1-1-1-2,100,qlog,1.92,4.486254149123436,True,False,96,519.3256110363485,0.03652057900012551,barrido q-log; q por deviance de bins
1.9,5.0,5000,2,20260926-1-1-1-2,150,pdf,1.904274007363785,5.047944716925716,True,False,142,519.3256110363485,0.059587849000081405,CONVERGENCE: RELATIVE REDUCTION OF F <= FACTR*EPSMCH
1.9,5.0,5000,2,20260926-1-1-1-2,150,qlog,1.92,4.121412409163432,True,False,142,519.3256110363485,0.035141279000072245,barrido q-log; q por deviance de bins
1.9,5.0,5000,2,20260926-1-1-1-2,200,pdf,1.9057819910328855,5.067433456132869,True,False,188,519.3256110363485,0.0471785079998881,CONVERGENCE: RELATIVE REDUCTION OF F <= FACTR*EPSMCH
1.9,5.0,5000,2,20260926-1-1-1-2,200,qlog,1.94,3.9871567273143094,True,False,188,519.3256110363485,0.019379223999976602,barrido q-log; q por deviance de bins
1.9,5.0,5000,3,20260926-1-1-1-3,20,pdf,1.9219602555149657,5.243812650949885,True,False,20,534.2478071797067,0.0436858119999215,CONVERGENCE: RELATIVE REDUCTION OF F <= FACTR*EPSMCH
1.9,5.0,5000,3,20260926-1-1-1-3,20,qlog,2.2,2.837839754968593,True,False,20,534.2478071797067,0.01646319500014215,barrido q-log; q por deviance de bins
1.9,5.0,5000,3,20260926-1-1-1-3,30,pdf,1.9249561327657894,5.349726246972016,True,False,30,534.2478071797067,0.036666742000079466,CONVERGENCE: RELATIVE REDUCTION OF F <= FACTR*EPSMCH
1.9,5.0,5000,3,20260926-1-1-1-3,30,qlog,2.04,3.599342920291045,True,False,30,534.2478071797067,0.034499470000127985,barrido q-log; q por deviance de bins
1.9,5.0,5000,3,20260926-1-1-1-3,40,pdf,1.9229989798555258,5.291631853983796,True,False,39,534.2478071797067,0.03509357699999782,CONVERGENCE: RELATIVE REDUCTION OF F <= FACTR*EPSMCH
1.9,5.0,5000,3,20260926-1-1-1-3,40,qlog,1.98,4.048878814327822,True,False,39,534.2478071797067,0.020781141000043135,barrido q-log; q por deviance de bins
1.9,5.0,5000,3,20260926-1-1-1-3,50,pdf,1.9165850801120088,5.164796628039547,True,False,49,534.2478071797067,0.04646988600006807,CONVERGENCE: RELATIVE REDUCTION OF F <= FACTR*EPSMCH
1.9,5.0,5000,3,20260926-1-1-1-3,50,qlog,1.96,4.2611428172136225,True,False,49,534.2478071797067,0.01719624199995451,barrido q-log; q por deviance de bins
1.9,5.0,5000,3,20260926-1-1-1-3,70,pdf,1.9136709164366918,5.159746296332361,True,False,68,534.2478071797067,0.026852308000115954,CONVERGENCE: RELATIVE REDUCTION OF F <= FACTR*EPSMCH
1.9,5.0,5000,3,20260926-1-1-1-3,70,qlog,1.94,4.449040485922724,True,False,68,534.2478071797067,0.018113809999931618,barrido q-log; q por deviance de bins
1.9,5.0,5000,3,20260926-1-1-1-3,100,pdf,1.9140216843734734,5.154085052736279,True,False,97,534.2478071797067,0.06133613499991952,CONVERGENCE: RELATIVE REDUCTION OF F <= FACTR*EPSMCH
1.9,5.0,5000,3,20260926-1-1-1-3,100,qlog,1.94,4.455076106633903,True,False,97,534.2478071797067,0.017970866000041497,barrido q-log; q por deviance de bins
1.9,5.0,5000,3,20260926-1-1-1-3,150,pdf,1.9147122440131037,5.166539642521985,True,False,144,534.2478071797067,0.0609482059999209,CONVERGENCE: RELATIVE REDUCTION OF F <= FACTR*EPSMCH
1.9,5.0,5000,3,20260926-1-1-1-3,150,qlog,1.94,4.132789779244438,True,False,144,534.2478071797067,0.024538782000036008,barrido q-log; q por deviance de bins
1.9,5.0,5000,3,20260926-1-1-1-3,200,pdf,1.9158696596107039,5.186064380853817,True,False,190,534.2478071797067,0.04515396800002236,CONVERGENCE: RELATIVE REDUCTION OF F <= FACTR*EPSMCH
1.9,5.0,5000,3,20260926-1-1-1-3,200,qlog,1.96,3.84406132374012,True,False,190,534.2478071797067,0.038755244000185485,barrido q-log; q por deviance de bins
1.9,5.0,5000,4,20260926-1-1-1-4,20,pdf,1.9199047865595336,5.460010003655548,True,False,20,387.34447783660767,0.025247241999977632,CONVERGENCE: RELATIVE REDUCTION OF F <= FACTR*EPSMCH
1.9,5.0,5000,4,20260926-1-1-1-4,20,qlog,2.16,3.0126570340001924,True,False,20,387.34447783660767,0.014926168000101825,barrido q-log; q por deviance de bins
1.9,5.0,5000,4,20260926-1-1-1-4,30,pdf,1.9171259177250548,5.355428982117316,True,False,29,387.34447783660767,0.06542979100004231,CONVERGENCE: RELATIVE REDUCTION OF F <= FACTR*EPSMCH
1.9,5.0,5000,4,20260926-1-1-1-4,30,qlog,2.02,3.7670329459837655,True,False,29,387.34447783660767,0.01603645399995912,barrido q-log; q por deviance de bins
1.9,5.0,5000,4,20260926-1-1-1-4,40,pdf,1.9217300863906877,5.483325295237491,True,False,39,387.34447783660767,0.03480550100016444,CONVERGENCE: RELATIVE REDUCTION OF F <= FACTR*EPSMCH
1.9,5.0,5000,4,20260926-1-1-1-4,40,qlog,1.96,4.132334334741656,True,False,39,387.34447783660767,0.03395034400000441,barrido q-log; q por deviance de bins
1.9,5.0,5000,4,20260926-1-1-1-4,50,pdf,1.9215330452276431,5.428166930232837,True,False,49,387.34447783660767,0.03209163199994691,CONVERGENCE: RELATIVE REDUCTION OF F <= FACTR*EPSMCH
1.9,5.0,5000,4,20260926-1-1-1-4,50,qlog,1.94,4.315018612958269,True,False,49,387.34447783660767,0.016268198000034317,barrido q-log; q por deviance de bins
1.9,5.0,5000,4,20260926-1-1-1-4,70,pdf,1.9261201514572555,5.520405938529282,True,False,68,387.34447783660767,0.024416321999979118,CONVERGENCE: RELATIVE REDUCTION OF F <= FACTR*EPSMCH
1.9,5.0,5000,4,20260926-1-1-1-4,70,qlog,1.94,4.646459882075604,True,False,68,387.34447783660767,0.03895175899992864,barrido q-log; q por deviance de bins
1.9,5.0,5000,4,20260926-1-1-1-4,100,pdf,1.9242934401720877,5.490168840188617,True,False,97,387.34447783660767,0.04050288999997065,CONVERGENCE: RELATIVE REDUCTION OF F <= FACTR*EPSMCH
1.9,5.0,5000,4,20260926-1-1-1-4,100,qlog,1.92,4.417059157921761,True,False,97,387.34447783660767,0.018077381000011883,barrido q-log; q por deviance de bins
1.9,5.0,5000,4,20260926-1-1-1-4,150,pdf,1.9253469957774547,5.492809346337692,True,False,143,387.34447783660767,0.049906596000028,CONVERGENCE: RELATIVE REDUCTION OF F <= FACTR*EPSMCH
1.9,5.0,5000,4,20260926-1-1-1-4,150,qlog,1.94,4.418426958943535,True,False,143,387.34447783660767,0.020967283000118186,barrido q-log; q por deviance de bins
1.9,5.0,5000,4,20260926-1-1-1-4,200,pdf,1.9241872285085357,5.481922962267343,True,False,190,387.34447783660767,0.031425407999904564,CONVERGENCE: RELATIVE REDUCTION OF F <= FACTR*EPSMCH
1.9,5.0,5000,4,20260926-1-1-1-4,200,qlog,1.92,4.0082597550957635,True,False,190,387.34447783660767,0.03979375299991261,barrido q-log; q por deviance de bins
1.9,5.0,5000,5,20260926-1-1-1-5,20,pdf,1.9143022611781106,5.44852783793271,True,False,20,340.3461891903828,0.040199626000003263,CONVERGENCE: RELATIVE REDUCTION OF F <= FACTR*EPSMCH
1.9,5.0,5000,5,20260926-1-1-1-5,20,qlog,2.16,3.2168046358702354,True,False,20,340.3461891903828,0.0391324730001088,barrido q-log; q por deviance de bins
1.9,5.0,5000,5,20260926-1-1-1-5,30,pdf,1.9054209708715018,5.291799693421361,True,False,30,340.3461891903828,0.03013156700012587,CONVERGENCE: RELATIVE REDUCTION OF F <= FACTR*EPSMCH
1.9,5.0,5000,5,20260926-1-1-1-5,30,qlog,2.02,3.85931975511015,True,False,30,340.3461891903828,0.01744890400004806,barrido q-log; q por deviance de bins
1.9,5.0,5000,5,20260926-1-1-1-5,40,pdf,1.9096675967045413,5.348561400154779,True,False,40,340.3461891903828,0.05035745700001826,CONVERGENCE: RELATIVE REDUCTION OF F <= FACTR*EPSMCH
1.9,5.0,5000,5,20260926-1-1-1-5,40,qlog,1.96,4.208114868419611,True,False,40,340.3461891903828,0.020520876000091448,barrido q-log; q por deviance de bins
1.9,5.0,5000,5,20260926-1-1-1-5,50,pdf,1.910660363646551,5.375544885595269,True,False,50,340.3461891903828,0.026580108999951335,CONVERGENCE: RELATIVE REDUCTION OF F <= FACTR*EPSMCH
1.9,5.0,5000,5,20260926-1-1-1-5,50,qlog,1.94,4.388471796246836,True,False,50,340.3461891903828,0.015891005000185032,barrido q-log; q por deviance de bins
1.9,5.0,5000,5,20260926-1-1-1-5,70,pdf,1.9084391052762504,5.335858507267673,True,False,70,340.3461891903828,0.04970402100002502,CONVERGENCE: RELATIVE REDUCTION OF F <= FACTR*EPSMCH
1.9,5.0,5000,5,20260926-1-1-1-5,70,qlog,1.92,4.435394115214255,True,False,70,340.3461891903828,0.021449918000143953,barrido q-log; q por deviance de bins
1.9,5.0,5000,5,20260926-1-1-1-5,100,pdf,1.9082075818594726,5.326361402890281,True,False,98,340.3461891903828,0.03975449099993966,CONVERGENCE: RELATIVE REDUCTION OF F <= FACTR*EPSMCH
1.9,5.0,5000,5,20260926-1-1-1-5,100,qlog,1.92,4.425242540127161,True,False,98,340.3461891903828,0.03788535000012416,barrido q-log; q por deviance de bins
1.9,5.0,5000,5,20260926-1-1-1-5,150,pdf,1.9065922427781303,5.313067945082495,True,False,146,340.3461891903828,0.0465149350000047,CONVERGENCE: RELATIVE REDUCTION OF F <= FACTR*EPSMCH
1.9,5.0,5000,5,20260926-1-1-1-5,150,qlog,1.92,4.363694692142722,True,False,146,340.3461891903828,0.021085534000121697,barrido q-log; q por deviance de bins
1.9,5.0,5000,5,20260926-1-1-1-5,200,pdf,1.9067776041093876,5.3068068400826265,True,False,195,340.3461891903828,0.055052653000075225,CONVERGENCE: RELATIVE REDUCTION OF F <= FACTR*EPSMCH
1.9,5.0,5000,5,20260926-1-1-1-5,200,qlog,1.92,3.926940797819771,True,False,195,340.3461891903828,0.021250159999908647,barrido q-log; q por deviance de bins
1.9,5.0,5000,6,20260926-1-1-1-6,20,pdf,1.8912535299937003,4.7924061400068165,True,False,20,1102.2779662532712,0.04447107100008907,CONVERGENCE: RELATIVE REDUCTION OF F <= FACTR*EPSMCH
1.9,5.0,5000,6,20260926-1-1-1-6,20,qlog,2.24,2.4666663357603396,True,False,20,1102.2779662532712,0.01623964700002034,barrido q-log; q por deviance de bins
1.9,5.0,5000,6,20260926-1-1-1-6,30,pdf,1.8885141403560664,4.74542017749605,True,False,29,1102.2779662532712,0.026601589999927455,CONVERGENCE: RELATIVE REDUCTION OF F <= FACTR*EPSMCH
1.9,5.0,5000,6,20260926-1-1-1-6,30,qlog,2.06,3.2665280405936605,True,False,29,1102.2779662532712,0.014213336000011623,barrido q-log; q por deviance de bins
1.9,5.0,5000,6,20260926-1-1-1-6,40,pdf,1.8857536073427072,4.71752993133376,True,False,39,1102.2779662532712,0.04313767200005714,CONVERGENCE: RELATIVE REDUCTION OF F <= FACTR*EPSMCH
1.9,5.0,5000,6,20260926-1-1-1-6,40,qlog,1.98,3.6830616548380757,True,False,39,1102.2779662532712,0.017391452000083518,barrido q-log; q por deviance de bins
1.9,5.0,5000,6,20260926-1-1-1-6,50,pdf,1.8905147187583997,4.774709625051844,True,False,48,1102.2779662532712,0.024533605999977226,CONVERGENCE: RELATIVE REDUCTION OF F <= FACTR*EPSMCH
1.9,5.0,5000,6,20260926-1-1-1-6,50,qlog,1.94,3.9344622058748384,True,False,48,1102.2779662532712,0.014686710999967545,barrido q-log; q por deviance de bins
1.9,5.0,5000,6,20260926-1-1-1-6,70,pdf,1.8938263391127714,4.835668486472301,True,False,68,1102.2779662532712,0.0509074710000732,CONVERGENCE: RELATIVE REDUCTION OF F <= FACTR*EPSMCH
1.9,5.0,5000,6,20260926-1-1-1-6,70,qlog,1.92,4.138681411382269,True,False,68,1102.2779662532712,0.02079473699996015,barrido q-log; q por deviance de bins
1.9,5.0,5000,6,20260926-1-1-1-6,100,pdf,1.8927872080743149,4.810460189614023,True,False,95,1102.2779662532712,0.03932183300003089,CONVERGENCE: NORM OF PROJECTED GRADIENT <= PGTOL
1.9,5.0,5000,6,20260926-1-1-1-6,100,qlog,1.92,4.202782605764445,True,False,95,1102.2779662532712,0.03413302600006318,barrido q-log; q por deviance de bins
1.9,5.0,5000,6,20260926-1-1-1-6,150,pdf,1.8918192997225747,4.800111832543405,True,False,140,1102.2779662532712,0.041460949000111214,CONVERGENCE: RELATIVE REDUCTION OF F <= FACTR*EPSMCH
1.9,5.0,5000,6,20260926-1-1-1-6,150,qlog,1.92,3.8936787382254914,True,False,140,1102.2779662532712,0.019244827999955305,barrido q-log; q por deviance de bins
1.9,5.0,5000,6,20260926-1-1-1-6,200,pdf,1.8921093096869739,4.802655885537424,True,False,186,1102.2779662532712,0.05513544300015383,CONVERGENCE: RELATIVE REDUCTION OF F <= FACTR*EPSMCH
1.9,5.0,5000,6,20260926-1-1-1-6,200,qlog,1.94,3.796059711560278,True,False,186,1102.2779662532712,0.02303352400008407,barrido q-log; q por deviance de bins
1.9,5.0,5000,7,20260926-1-1-1-7,20,pdf,1.9019364556217035,4.821999310756211,True,False,20,194.91207740096195,0.05103003599992917,CONVERGENCE: RELATIVE REDUCTION OF F <= FACTR*EPSMCH
1.9,5.0,5000,7,20260926-1-1-1-7,20,qlog,2.1,3.2042406853757583,True,False,20,194.91207740096195,0.019014720000086527,barrido q-log; q por deviance de bins
1.9,5.0,5000,7,20260926-1-1-1-7,30,pdf,1.905449505133202,4.848152503575452,True,False,30,194.91207740096195,0.02853398799993556,CONVERGENCE: RELATIVE REDUCTION OF F <= FACTR*EPSMCH
1.9,5.0,5000,7,20260926-1-1-1-7,30,qlog,1.98,3.727915750943309,True,False,30,194.91207740096195,0.02218702100003611,barrido q-log; q por deviance de bins
1.9,5.0,5000,7,20260926-1-1-1-7,40,pdf,1.9061935108154386,4.873532032352343,True,False,40,194.91207740096195,0.06741442399993502,CONVERGENCE: RELATIVE REDUCTION OF F <= FACTR*EPSMCH
1.9,5.0,5000,7,20260926-1-1-1-7,40,qlog,1.94,4.126611605081436,True,False,40,194.91207740096195,0.016789776999985406,barrido q-log; q por deviance de bins
1.9,5.0,5000,7,20260926-1-1-1-7,50,pdf,1.90906657211693,4.9177223975951465,True,False,50,194.91207740096195,0.026554472999805512,CONVERGENCE: RELATIVE REDUCTION OF F <= FACTR*EPSMCH
1.9,5.0,5000,7,20260926-1-1-1-7,50,qlog,1.92,4.153568431764897,True,False,50,194.91207740096195,0.04050966799991329,barrido q-log; q por deviance de bins
1.9,5.0,5000,7,20260926-1-1-1-7,70,pdf,1.9008531175538366,4.7791075411822055,True,False,69,194.91207740096195,0.034070439999823066,CONVERGENCE: RELATIVE REDUCTION OF F <= FACTR*EPSMCH
1.9,5.0,5000,7,20260926-1-1-1-7,70,qlog,1.9,4.072815233377099,True,False,69,194.91207740096195,0.01846000999989883,barrido q-log; q por deviance de bins
1.9,5.0,5000,7,20260926-1-1-1-7,100,pdf,1.9052008923476274,4.8352850546476285,True,False,99,194.91207740096195,0.05325904200003606,CONVERGENCE: RELATIVE REDUCTION OF F <= FACTR*EPSMCH
1.9,5.0,5000,7,20260926-1-1-1-7,100,qlog,1.9,4.039962807748364,True,False,99,194.91207740096195,0.019736746000035055,barrido q-log; q por deviance de bins
1.9,5.0,5000,7,20260926-1-1-1-7,150,pdf,1.9038363585455855,4.822220589906839,True,False,147,194.91207740096195,0.06867509500011693,CONVERGENCE: RELATIVE REDUCTION OF F <= FACTR*EPSMCH
1.9,5.0,5000,7,20260926-1-1-1-7,150,qlog,1.92,4.053498310941578,True,False,147,194.91207740096195,0.02295654999988983,barrido q-log; q por deviance de bins
1.9,5.0,5000,7,20260926-1-1-1-7,200,pdf,1.9053046337088413,4.842872473389954,True,False,194,194.91207740096195,0.08559853899987502,CONVERGENCE: RELATIVE REDUCTION OF F <= FACTR*EPSMCH
1.9,5.0,5000,7,20260926-1-1-1-7,200,qlog,1.92,3.700922646774809,True,False,194,194.91207740096195,0.024047932000030414,barrido q-log; q por deviance de bins
1.9,5.0,5000,8,20260926-1-1-1-8,20,pdf,1.9165694227846781,5.140152583007126,True,False,20,796.4011008536164,0.02563265699996009,CONVERGENCE: RELATIVE REDUCTION OF F <= FACTR*EPSMCH
1.9,5.0,5000,8,20260926-1-1-1-8,20,qlog,2.2199999999999998,2.45399080328585,True,False,20,796.4011008536164,0.03202369500013447,barrido q-log; q por deviance de bins
1.9,5.0,5000,8,20260926-1-1-1-8,30,pdf,1.9053768271788583,4.975167729262986,True,False,30,796.4011008536164,0.030816834000006565,CONVERGENCE: RELATIVE REDUCTION OF F <= FACTR*EPSMCH
1.9,5.0,5000,8,20260926-1-1-1-8,30,qlog,2.06,3.3093776327853797,True,False,30,796.4011008536164,0.01681178700005148,barrido q-log; q por deviance de bins
1.9,5.0,5000,8,20260926-1-1-1-8,40,pdf,1.909975280407399,5.056074031743059,True,False,40,796.4011008536164,0.054253719999906025,CONVERGENCE: RELATIVE REDUCTION OF F <= FACTR*EPSMCH
1.9,5.0,5000,8,20260926-1-1-1-8,40,qlog,1.98,3.721191602055381,True,False,40,796.4011008536164,0.021815018000097552,barrido q-log; q por deviance de bins
1.9,5.0,5000,8,20260926-1-1-1-8,50,pdf,1.901898865399307,4.92626209096706,True,False,50,796.4011008536164,0.027188520999970933,CONVERGENCE: RELATIVE REDUCTION OF F <= FACTR*EPSMCH
1.9,5.0,5000,8,20260926-1-1-1-8,50,qlog,1.94,3.8369108960442495,True,False,50,796.4011008536164,0.014118713000016214,barrido q-log; q por deviance de bins
1.9,5.0,5000,8,20260926-1-1-1-8,70,pdf,1.9068857042911305,4.9956199907047205,True,False,69,796.4011008536164,0.05308242399996743,CONVERGENCE: RELATIVE REDUCTION OF F <= FACTR*EPSMCH
1.9,5.0,5000,8,20260926-1-1-1-8,70,qlog,1.92,4.127563725446937,True,False,69,796.4011008536164,0.014929260999906546,barrido q-log; q por deviance de bins
1.9,5.0,5000,8,20260926-1-1-1-8,100,pdf,1.908269747853297,5.0116741115838,True,False,97,796.4011008536164,0.029935192999801075,CONVERGENCE: RELATIVE REDUCTION OF F <= FACTR*EPSMCH
1.9,5.0,5000,8,20260926-1-1-1-8,100,qlog,1.92,4.1314134682293915,True,False,97,796.4011008536164,0.03603907700016862,barrido q-log; q por deviance de bins
1.9,5.0,5000,8,20260926-1-1-1-8,150,pdf,1.9066170503346012,4.989612142312724,True,False,143,796.4011008536164,0.03511661099992125,CONVERGENCE: RELATIVE REDUCTION OF F <= FACTR*EPSMCH
1.9,5.0,5000,8,20260926-1-1-1-8,150,qlog,1.92,3.8568735648029815,True,False,143,796.4011008536164,0.02154336599983253,barrido q-log; q por deviance de bins
1.9,5.0,5000,8,20260926-1-1-1-8,200,pdf,1.9094829657849843,5.032657657676503,True,False,187,796.4011008536164,0.0666730349998943,CONVERGENCE: RELATIVE REDUCTION OF F <= FACTR*EPSMCH
1.9,5.0,5000,8,20260926-1-1-1-8,200,qlog,1.94,3.9500019509632254,True,False,187,796.4011008536164,0.02242200499995306,barrido q-log; q por deviance de bins
1.9,5.0,5000,9,20260926-1-1-1-9,20,pdf,1.9015141276049545,4.8592582719707345,True,False,20,1726.5024511304823,0.04733296199992765,CONVERGENCE: RELATIVE REDUCTION OF F <= FACTR*EPSMCH
1.9,5.0,5000,9,20260926-1-1-1-9,20,qlog,2.26,2.042708632967256,True,False,20,1726.5024511304823,0.01662680399999772,barrido q-log; q por deviance de bins
1.9,5.0,5000,9,20260926-1-1-1-9,30,pdf,1.9114418816487158,4.952766408716437,True,False,30,1726.5024511304823,0.02610090999996828,CONVERGENCE: RELATIVE REDUCTION OF F <= FACTR*EPSMCH
1.9,5.0,5000,9,20260926-1-1-1-9,30,qlog,2.08,3.0789216385773495,True,False,30,1726.5024511304823,0.014829285000132586,barrido q-log; q por deviance de bins
1.9,5.0,5000,9,20260926-1-1-1-9,40,pdf,1.9090229989263559,4.9351631361771044,True,False,40,1726.5024511304823,0.06040651600005731,CONVERGENCE: RELATIVE REDUCTION OF F <= FACTR*EPSMCH
1.9,5.0,5000,9,20260926-1-1-1-9,40,qlog,2.0,3.6011254808968687,True,False,40,1726.5024511304823,0.0181144390001009,barrido q-log; q por deviance de bins
1.9,5.0,5000,9,20260926-1-1-1-9,50,pdf,1.91263325033029,5.009073564650436,True,False,49,1726.5024511304823,0.026994713000021875,CONVERGENCE: RELATIVE REDUCTION OF F <= FACTR*EPSMCH
1.9,5.0,5000,9,20260926-1-1-1-9,50,qlog,1.96,3.908423708861529,True,False,49,1726.5024511304823,0.03261616100007814,barrido q-log; q por deviance de bins
1.9,5.0,5000,9,20260926-1-1-1-9,70,pdf,1.9080827524145774,4.946673407742724,True,False,68,1726.5024511304823,0.0358014280000134,CONVERGENCE: RELATIVE REDUCTION OF F <= FACTR*EPSMCH
1.9,5.0,5000,9,20260926-1-1-1-9,70,qlog,1.94,4.179748661120108,True,False,68,1726.5024511304823,0.01494316800017259,barrido q-log; q por deviance de bins
1.9,5.0,5000,9,20260926-1-1-1-9,100,pdf,1.9080832277700477,4.929144415484294,True,False,95,1726.5024511304823,0.05035767700019278,CONVERGENCE: RELATIVE REDUCTION OF F <= FACTR*EPSMCH
1.9,5.0,5000,9,20260926-1-1-1-9,100,qlog,1.94,4.292397055647136,True,False,95,1726.5024511304823,0.01875363199997082,barrido q-log; q por deviance de bins
1.9,5.0,5000,9,20260926-1-1-1-9,150,pdf,1.9086397002881768,4.928835113477478,True,False,140,1726.5024511304823,0.06399240900009318,CONVERGENCE: RELATIVE REDUCTION OF F <= FACTR*EPSMCH
1.9,5.0,5000,9,20260926-1-1-1-9,150,qlog,1.96,4.266617013423848,True,False,140,1726.5024511304823,0.028434683999876142,barrido q-log; q por deviance de bins
1.9,5.0,5000,9,20260926-1-1-1-9,200,pdf,1.9088548494744546,4.937393113880027,True,False,184,1726.5024511304823,0.03901415200016345,CONVERGENCE: RELATIVE REDUCTION OF F <= FACTR*EPSMCH
1.9,5.0,5000,9,20260926-1-1-1-9,200,qlog,1.98,4.227758695135194,True,False,184,1726.5024511304823,0.01769944900001974,barrido q-log; q por deviance de bins
