q_true,b_true,n,bins,method,repetitions,valid,failures,failure_rate,at_bound,mean_occupied_bins,mean_q_hat,median_q_hat,bias_q,mcse_bias_q,sd_q,rmse_q,mcse_rmse_q,mean_b_hat,bias_b,mcse_bias_b,sd_b,rmse_b,mcse_rmse_b,mean_seconds
1.5,2.0,1000,10,pdf,20,20,0,0.0,0,10.0,1.4963421751807011,1.4846026492927358,-0.0036578248192987383,0.013139933193436839,0.058763567680661336,0.0573923228719692,0.007138568320401536,1.9966807060311393,-0.0033192939688604594,0.056382158480569995,0.25214867816144154,0.24578654522997356,0.03295002990010113,0.05167808885005343
1.5,2.0,1000,10,qlog,20,20,0,0.0,0,10.0,1.8660000000000003,1.8599999999999999,0.366,0.021913706357341495,0.09800107410796977,0.3782591704109762,0.02164191867507624,1.7746860053388822,-0.22531399466111796,0.043949620973065595,0.19654868016225024,0.2957468692649116,0.034442109591498904,0.0294346515999905
1.5,2.0,1000,20,pdf,20,20,0,0.0,0,20.0,1.513251969451632,1.5061109813996052,0.013251969451632017,0.009878941063477795,0.04417996752730083,0.04505430887855984,0.008523298274312406,2.0491801012986572,0.04918010129865724,0.0478310826789781,0.2139071046152156,0.21421278976374808,0.035919261082406645,0.05010518315000354
1.5,2.0,1000,20,qlog,20,20,0,0.0,0,20.0,1.581,1.59,0.08100000000000007,0.011095281121174666,0.04961960563283327,0.09433981132056612,0.009597302745468272,1.7564898020577506,-0.24351019794224954,0.043881879725870335,0.19624573209503182,0.309651391889513,0.02950021528743637,0.0320981437999535
1.5,2.0,1000,30,pdf,20,20,0,0.0,0,29.65,1.514758986774917,1.5090336459776088,0.01475898677491686,0.008451838890875463,0.03779777258974793,0.03968709768591243,0.007537299960172141,2.0485920219961953,0.04859202199619585,0.043885827363350796,0.1962633864665455,0.19736903411029186,0.048370730358244275,0.050456910900038565
1.5,2.0,1000,30,qlog,20,20,0,0.0,0,29.65,1.536,1.54,0.03600000000000003,0.007048702754856093,0.03152275702609652,0.04732863826479697,0.006966622896817816,1.7860844726992127,-0.21391552730078728,0.04009530948844411,0.17931167519010668,0.27623340825628256,0.021588894273785585,0.03328526140003305
1.5,2.0,1000,40,pdf,20,20,0,0.0,0,39.4,1.514541239747471,1.514581140213163,0.014541239747470746,0.009026198437944392,0.04036638657129216,0.04194544742847869,0.007497696959151014,2.0506823189622283,0.050682318962227926,0.04560697162943782,0.20396057762265463,0.20515510916949545,0.037854994124211214,0.05191289939998569
1.5,2.0,1000,40,qlog,20,20,0,0.0,0,39.4,1.5239999999999998,1.52,0.02400000000000002,0.008026272648719272,0.03589458249696716,0.04242640687119289,0.006582805886043838,1.788117526439096,-0.21188247356090395,0.040355525740692386,0.18047539764786147,0.2753851544666727,0.03023783255299345,0.036410465450012454
1.5,2.0,1000,50,pdf,20,20,0,0.0,0,48.9,1.5161129054471711,1.5107777268710425,0.016112905447171165,0.008485633844458785,0.03794890821676544,0.0403452521996299,0.007270267820440699,2.056014148075461,0.05601414807546127,0.04513160189636777,0.2018346595474735,0.20454327925779428,0.038701918090348064,0.05765241500007505
1.5,2.0,1000,50,qlog,20,20,0,0.0,0,48.9,1.5269999999999997,1.52,0.027000000000000024,0.007715329920973813,0.034504004344271054,0.043127717305695694,0.006629281139086853,1.7772188312559174,-0.22278116874408288,0.041901019714713224,0.18738705681731524,0.288079264711125,0.030254080804676935,0.035301345800030505
1.5,2.0,1000,60,pdf,20,20,0,0.0,0,58.55,1.5153995301229617,1.5089962365848875,0.015399530122961459,0.008375392997351674,0.03745589616070812,0.03962249963530392,0.008432822283325052,2.0538864541834814,0.053886454183481744,0.04534896304681896,0.20280672816362635,0.20488482248200268,0.04610826461172456,0.05399229810000179
1.5,2.0,1000,60,qlog,20,20,0,0.0,0,58.55,1.5239999999999998,1.52,0.02400000000000002,0.0071964903726893575,0.0321836833455124,0.03949683531626304,0.0070366305886045985,1.7481027117342254,-0.25189728826577445,0.039516441656788866,0.17672289954696865,0.30515844720198104,0.03353379275670214,0.03683861054996669
1.5,2.0,1000,70,pdf,20,20,0,0.0,0,67.95,1.517487569571204,1.509781673093784,0.017487569571204342,0.007786986662725531,0.03482446303547703,0.0381827337147506,0.008118523377944394,2.0621989308562294,0.06219893085622946,0.04320943435037367,0.1932384649535,0.19835008475007967,0.040518084030392316,0.05669576264999705
1.5,2.0,1000,70,qlog,20,20,0,0.0,0,67.95,1.525,1.52,0.025000000000000022,0.007236602866858985,0.0323630718729331,0.040249223594996254,0.007086901406112625,1.7278623442854333,-0.27213765571456683,0.036551505796826665,0.1634633032833641,0.3153460679984986,0.030247053128806184,0.03461815335003848
1.5,2.0,1000,80,pdf,20,20,0,0.0,0,77.1,1.5189727235926642,1.5150659601099208,0.018972723592664366,0.008589114869443477,0.038411689429259696,0.04197200532608668,0.00854487662859076,2.067655415774257,0.06765541577425695,0.046240467437728125,0.20679365700425123,0.21260924493520944,0.04244023252985154,0.05246364209992862
1.5,2.0,1000,80,qlog,20,20,0,0.0,0,77.1,1.5279999999999998,1.53,0.028000000000000025,0.008258966419340232,0.036935220675065585,0.04560701700396556,0.005965487786796064,1.7041993755595013,-0.2958006244404986,0.036928608163271814,0.16514975633505888,0.33676212574462966,0.032768179261417736,0.03561391410007673
1.5,2.0,1000,90,pdf,20,20,0,0.0,0,86.15,1.517653176722968,1.511700605823675,0.017653176722967713,0.007845115638019633,0.03508442371591707,0.03848383552241686,0.00745878623270654,2.0618638181837805,0.06186381818378087,0.04385756664095961,0.1961370006738256,0.20093125411924834,0.041196125649922685,0.05950491204998798
1.5,2.0,1000,90,qlog,20,20,0,0.0,0,86.15,1.528,1.53,0.028000000000000025,0.007867320817286238,0.03518372829650246,0.04427188724235735,0.005453642147642579,1.6463429251022226,-0.35365707489777753,0.03954593894364511,0.1768548154240934,0.39342988076277047,0.03913419750953732,0.03462892274994829
1.5,2.0,1000,100,pdf,20,20,0,0.0,0,95.35,1.5196792423736805,1.5143664039635416,0.019679242373680395,0.00824295353311119,0.03686360887081737,0.040966473565998245,0.00837656161811583,2.06927087349673,0.06927087349672989,0.04530178161276503,0.20259572637598533,0.20926354399063973,0.04256690893898915,0.0593799357000762
1.5,2.0,1000,100,qlog,20,20,0,0.0,0,95.35,1.5299999999999998,1.54,0.030000000000000027,0.00852241626226791,0.038113404189961446,0.047749345545253334,0.005281546822864047,1.6057983262361695,-0.3942016737638306,0.03774578436470617,0.16880427940706344,0.42715933807776757,0.03567096449808162,0.04087549159996797
1.5,2.0,1000,110,pdf,20,20,0,0.0,0,104.4,1.5171291554690818,1.5126404225190495,0.01712915546908187,0.008158050623975798,0.03648391151818892,0.039470621692186,0.008231695009298908,2.059984344299704,0.05998434429970382,0.045069214689821877,0.20155565547794765,0.20540586579611905,0.042432327849757104,0.05967366614995626
1.5,2.0,1000,110,qlog,20,20,0,0.0,0,104.4,1.5309999999999997,1.54,0.031000000000000028,0.007323358447281447,0.032751054623437255,0.044497190922574016,0.005382498663820435,1.5691359369229867,-0.43086406307701325,0.03549943498846438,0.15875829959408166,0.45780763280742326,0.035170839340749875,0.03599368304996915
1.5,2.0,1000,120,pdf,20,20,0,0.0,0,113.1,1.517726962554399,1.5099950277272143,0.017726962554398873,0.008266863071050816,0.036970535575104595,0.040158743469880014,0.007954487838138687,2.062695198269103,0.06269519826910308,0.045280567673231825,0.2025008547542517,0.20709165664843804,0.045008766361703006,0.06333220150004308
1.5,2.0,1000,120,qlog,20,20,0,0.0,0,113.1,1.5319999999999998,1.54,0.03200000000000003,0.009222398363709276,0.04124381931367354,0.05138093031466056,0.005101833801092637,1.5410060048783678,-0.4589939951216321,0.03405625657206405,0.15230420950861837,0.48240256133239984,0.03473510649513554,0.03790405494996776
1.5,2.0,1000,130,pdf,20,20,0,0.0,0,121.35,1.5173624321018504,1.511306359735571,0.017362432101850213,0.008297967263758416,0.037109637753663494,0.040121353441641014,0.008135073677304186,2.061605652835283,0.06160565283528262,0.045554576460935504,0.2037262593057272,0.20790484784013707,0.04458171178058943,0.07052010764996339
1.5,2.0,1000,130,qlog,20,20,0,0.0,0,121.35,1.533,1.54,0.03300000000000003,0.008976577709150698,0.040144475925940594,0.05118593556827896,0.00594926318317317,1.4898243335009886,-0.5101756664990115,0.03429670096488616,0.1533795095229362,0.5316278970597126,0.034849427520048396,0.03723871844999849
1.5,2.0,1000,140,pdf,20,20,0,0.0,0,130.55,1.5185189182131622,1.5132507894350693,0.018518918213162282,0.007889499127875545,0.03528291271671005,0.03905880265794159,0.008086022341132168,2.0652392309904024,0.06523923099040192,0.04435015505231637,0.19833992301927028,0.2040292774832685,0.04217338977811831,0.07389002954996612
1.5,2.0,1000,140,qlog,20,20,0,0.0,0,130.55,1.5289999999999997,1.53,0.029000000000000026,0.00876296032652269,0.03918914994847698,0.04795831523312724,0.006132592897965261,1.4623254149448583,-0.5376745850551419,0.0363901562095055,0.16274172599258077,0.5605841465153212,0.03468556524948761,0.07355311909998363
1.5,2.0,1000,150,pdf,20,20,0,0.0,0,138.25,1.5185565879680907,1.5132053842555604,0.018556587968090354,0.008144596672663817,0.0364237436187898,0.04005872690518809,0.008100268031558883,2.066066028651943,0.06606602865194325,0.0449332370091326,0.20094754480305965,0.2067018144963855,0.04478831007172347,0.0656007997000188
1.5,2.0,1000,150,qlog,20,20,0,0.0,0,138.25,1.5340000000000003,1.54,0.03400000000000003,0.009525588806224176,0.04259972819285666,0.053665631459995,0.005564612500498288,1.430795664041652,-0.5692043359583481,0.033706271434933446,0.15073902839314113,0.587860287841122,0.03377077407132718,0.03941428294997422
1.5,2.0,1000,160,pdf,20,20,0,0.0,0,147.15,1.518726961688967,1.5154807190547124,0.01872696168896707,0.008077361604641875,0.03612305925365203,0.0398789510074018,0.008253130503686,2.0665199039096827,0.0665199039096826,0.04513354194009595,0.2018433356867846,0.20767424772769255,0.04283104855905334,0.06725491775000592
1.5,2.0,1000,160,qlog,20,20,0,0.0,0,147.15,1.531,1.54,0.031000000000000028,0.009676341196308065,0.04327391337685294,0.05234500931320965,0.005312189969711074,1.3975098861448023,-0.6024901138551975,0.033321140709666144,0.14901667142929817,0.6197499554166366,0.0324212484670669,0.040703853100035305
1.5,2.0,1000,170,pdf,20,20,0,0.0,0,155.0,1.5191423558446049,1.5146893570444262,0.01914235584460481,0.007996926971384957,0.035763344638236556,0.039768024416723224,0.00812755885576273,2.067789461551085,0.06778946155108495,0.045089106718139885,0.20164461533300648,0.20790126128896466,0.04518612448326338,0.06359363604994997
1.5,2.0,1000,170,qlog,20,20,0,0.0,0,155.0,1.527,1.53,0.027000000000000024,0.009544907708191571,0.04268612494895616,0.04959838707054902,0.006536654819242849,1.3709538048576742,-0.629046195142326,0.0297888796761445,0.13321991985884205,0.6423077808324245,0.030054187956078626,0.04321481855001821
1.5,2.0,1000,180,pdf,20,20,0,0.0,0,163.5,1.5184891030346042,1.512032568142383,0.01848910303460426,0.007918479365761366,0.03541251628054368,0.03915598198076502,0.007894727450427278,2.065161170377042,0.06516117037704247,0.04464280994653426,0.19964871549410873,0.20521356495960774,0.0434633999901179,0.07622669145002874
1.5,2.0,1000,180,qlog,20,20,0,0.0,0,163.5,1.5299999999999998,1.53,0.030000000000000027,0.009787209698591866,0.043769732392193283,0.052153619241621235,0.006720883769101425,1.3457623217256276,-0.6542376782743725,0.027876627283372996,0.12466806717809463,0.6654261493953084,0.02847029667388325,0.04199033325003256
1.5,2.0,1000,190,pdf,20,20,0,0.0,0,170.9,1.518218727584895,1.5121498523946642,0.01821872758489549,0.00794484267604462,0.03553041658835422,0.0391307042181396,0.008277265192726618,2.0638587348780617,0.06385873487806203,0.04417922587892821,0.19757550451720277,0.202884730835498,0.04339581510339137,0.06814764184998694
1.5,2.0,1000,190,qlog,20,20,0,0.0,0,170.9,1.531,1.54,0.031000000000000028,0.010806917862379205,0.04833000593507324,0.056391488719486786,0.007508022852252811,1.3118701948436151,-0.6881298051563849,0.02822450198012767,0.12622381011728578,0.6990410978426538,0.02751039746525025,0.042454086450015895
1.5,2.0,1000,200,pdf,20,20,0,0.0,0,178.95,1.5189263570228169,1.513632415148491,0.018926357022816875,0.008286213047013389,0.037057071298335194,0.04077710382928799,0.008368560130757296,2.0663965290034825,0.06639652900348264,0.04563371036787903,0.20408015689622888,0.20970163084859458,0.044026406078407965,0.0814390996000384
1.5,2.0,1000,200,qlog,20,20,0,0.0,0,178.95,1.529,1.53,0.029000000000000026,0.010709071412887114,0.04789242331023061,0.05495452665613639,0.007668065804509869,1.2868615000197503,-0.71313849998025,0.03184829681475437,0.14242991329076163,0.7265249385562026,0.03156286536139139,0.044970165149970855
1.5,2.0,5000,10,pdf,20,20,0,0.0,0,10.0,1.5037575306692463,1.506560377347136,0.0037575306692463005,0.005969927119288553,0.026698325718897402,0.026292196620158005,0.0033612637108316108,2.019915380893381,0.019915380893380952,0.03033692699339528,0.13567086197136033,0.13372687106478548,0.02125389997147079,0.06576024099995266
1.5,2.0,5000,10,qlog,20,20,0,0.0,0,10.0,2.0060000000000002,2.02,0.506,0.01824396078879689,0.08158947300518106,0.5122108940661063,0.019511303775922067,1.6358151754663517,-0.3641848245336482,0.0646520978227439,0.2891329712392431,0.46048731548801153,0.08467867109359253,0.029057466349991047
1.5,2.0,5000,20,pdf,20,20,0,0.0,0,20.0,1.5087340690045934,1.509749819866864,0.00873406900459347,0.0033342368687092287,0.014911160583039753,0.016956106151281874,0.0029892160564545128,2.034579165768309,0.03457916576830914,0.018925711365060337,0.08463835426963051,0.08944935532484351,0.014157159961378769,0.05302018710005996
1.5,2.0,5000,20,qlog,20,20,0,0.0,0,20.0,1.6490000000000002,1.6400000000000001,0.1490000000000001,0.01579306976593147,0.07062875514003893,0.16413409152275474,0.0207357488702411,1.744407609753776,-0.25559239024622415,0.016080804396072294,0.0719155435249902,0.2650296645325729,0.015568841673773558,0.031662122700004146
1.5,2.0,5000,30,pdf,20,20,0,0.0,0,29.85,1.5106677206374344,1.5113542482428808,0.010667720637434175,0.0032207598279554474,0.014403675829017816,0.017632153785524882,0.0032246961004767255,2.038628253640619,0.03862825364061852,0.01798839468521524,0.08044654664447443,0.08740827479703782,0.01688095593630038,0.0663704498500465
1.5,2.0,5000,30,qlog,20,20,0,0.0,0,29.85,1.5529999999999997,1.54,0.05300000000000005,0.006847973192274145,0.030625067132042452,0.060827625302982254,0.009998221748007647,1.8026137614939746,-0.19738623850602524,0.01905119994132373,0.08519955624347973,0.21414327754202103,0.01777320184495984,0.031091966699978
1.5,2.0,5000,40,pdf,20,20,0,0.0,0,39.65,1.5094399669337495,1.511858683155865,0.00943996693374961,0.003484719418074804,0.015584139002657545,0.01788393398393459,0.0026835030787515676,2.0347372666065775,0.034737266606577444,0.01842725536967078,0.08240919129066376,0.08751222063242707,0.014553609249565924,0.05691193015009048
1.5,2.0,5000,40,qlog,20,20,0,0.0,0,39.65,1.529,1.52,0.029000000000000026,0.004915068131454756,0.021980852911951412,0.036055512754639925,0.00500809062017842,1.8641760886067764,-0.13582391139322333,0.020065073235140774,0.08973373545457279,0.16154773604372752,0.01732318342804378,0.035788483649957924
1.5,2.0,5000,50,pdf,20,20,0,0.0,0,49.35,1.510940482982773,1.5109790787347546,0.010940482982773248,0.0031225389145214584,0.013964418550516772,0.01746278626329908,0.002597593655551766,2.040066831811326,0.04006683181132588,0.01845716974747811,0.08254297245522736,0.08987784041717002,0.014726892028923837,0.0807642583499728
1.5,2.0,5000,50,qlog,20,20,0,0.0,0,49.35,1.5219999999999998,1.52,0.02200000000000002,0.004078183290065375,0.018238190122579843,0.028284271247461926,0.0036992175559590734,1.9028261014265762,-0.09717389857342384,0.018597415268553165,0.08317016949255478,0.12654714458535735,0.016729581396978502,0.036920018000023445
1.5,2.0,5000,60,pdf,20,20,0,0.0,0,58.95,1.5125146080506346,1.5155256185370858,0.012514608050634434,0.0032413483889008827,0.014495750672683598,0.018874211582139817,0.002538052387263545,2.045281332411049,0.045281332411048904,0.018332489837124852,0.08198538694527044,0.09184727842379077,0.014780485846634666,0.08168072164994555
1.5,2.0,5000,60,qlog,20,20,0,0.0,0,58.95,1.521,1.52,0.02100000000000002,0.004696022953409343,0.02100125309544524,0.029325756597230388,0.005537786079599205,1.9222225578063905,-0.07777744219360958,0.017060848708664384,0.07629843493282613,0.10760905690841754,0.016573009804036497,0.042922879200045824
1.5,2.0,5000,70,pdf,20,20,0,0.0,0,68.75,1.511613837241192,1.5123889837678428,0.011613837241192183,0.0031127128395373534,0.013920475007283835,0.01785978327617375,0.002664588372077778,2.041131332374589,0.04113133237458888,0.017624885571299275,0.0788208844661608,0.08714288117531677,0.015965102400153783,0.06650117490012235
1.5,2.0,5000,70,qlog,20,20,0,0.0,0,68.75,1.517,1.52,0.017000000000000015,0.004872047013860108,0.021788456625132128,0.02720294101747091,0.00589801905168144,1.9173526392159126,-0.08264736078408777,0.017903357956982592,0.08006625083464967,0.11366908348867935,0.015371552920132077,0.03177796899999521
1.5,2.0,5000,80,pdf,20,20,0,0.0,0,78.2,1.5108708151743584,1.5133670248247717,0.010870815174358162,0.00309093950113765,0.013823101677766148,0.01731181260149335,0.0024268499034242807,2.0390033045789413,0.039003304578941314,0.017971303811362575,0.08037011393301556,0.08750797232825859,0.014223125185293823,0.06497644894998303
1.5,2.0,5000,80,qlog,20,20,0,0.0,0,78.2,1.519,1.52,0.019000000000000017,0.004696022953409342,0.021001253095445236,0.02792848008753791,0.005678640996114571,1.9284333125704483,-0.0715666874295515,0.018553844793098982,0.0829753164026997,0.107992817933235,0.01882065998462867,0.034426214800078014
1.5,2.0,5000,90,pdf,20,20,0,0.0,0,87.7,1.5114913184393743,1.5126074400627587,0.011491318439374166,0.003076573575838698,0.013758855306709866,0.01766044149670472,0.002698229748842081,2.0410278412158585,0.04102784121585852,0.017766191940832177,0.07945282576201934,0.08763787822810987,0.015486663887297157,0.06971986070002459
1.5,2.0,5000,90,qlog,20,20,0,0.0,0,87.7,1.518,1.52,0.018000000000000016,0.005005260390723685,0.022384204957490637,0.02828427124746193,0.005712405705774798,1.9245124666212405,-0.0754875333787599,0.01969015076518504,0.0880570311963465,0.11430094663461023,0.017813334582107113,0.035766087649972175
1.5,2.0,5000,100,pdf,20,20,0,0.0,0,97.3,1.5112684411486996,1.5134545305800964,0.011268441148699803,0.0031092233298486544,0.013904869445539685,0.0176254330586326,0.0025109771397787257,2.0408124323627246,0.04081243236272446,0.018135351545349506,0.08110375770251471,0.08896394310706311,0.01420160583626081,0.05691599340000266
1.5,2.0,5000,100,qlog,20,20,0,0.0,0,97.3,1.519,1.52,0.019000000000000017,0.004915068131454755,0.02198085291195141,0.028635642126552733,0.005607509177739609,1.9232223253976648,-0.0767776746023349,0.018143261979807417,0.0811391342408736,0.11022337532226366,0.01971107644476318,0.0398525984500111
1.5,2.0,5000,110,pdf,20,20,0,0.0,0,106.6,1.5110627477126861,1.5136780217585533,0.011062747712686161,0.0031995077014899576,0.014308633430131302,0.017801250744274133,0.002371629244615421,2.0400032338292746,0.040003233829274565,0.01802346024780631,0.08060336460772023,0.08816073946820348,0.015245526228802405,0.07034115400003885
1.5,2.0,5000,110,qlog,20,20,0,0.0,0,106.6,1.519,1.52,0.019000000000000017,0.00552029747482202,0.02468752081944494,0.030659419433511814,0.008007205601541206,1.9150960852749233,-0.0849039147250764,0.02013342951789608,0.09003943404443292,0.1221082283653839,0.01877021220784025,0.034946149050051646
1.5,2.0,5000,120,pdf,20,20,0,0.0,0,115.95,1.5122985410015684,1.5137563444051723,0.012298541001568186,0.0030895435376997395,0.013816858739483604,0.0182377196195894,0.002460075784399026,2.0445412474215647,0.0445412474215642,0.017626616139479634,0.07882862380234275,0.08880978018164279,0.014661457795953303,0.07762710999986666
1.5,2.0,5000,120,qlog,20,20,0,0.0,0,115.95,1.5219999999999998,1.52,0.02200000000000002,0.005409543224222993,0.024192212753171998,0.03224903099319423,0.007640717688909825,1.9157065071847375,-0.0842934928152622,0.017592989963576403,0.07867824297205678,0.11395677054176362,0.017302492183207775,0.03999552705001861
1.5,2.0,5000,130,pdf,20,20,0,0.0,0,125.65,1.5113891474162966,1.5119615301501763,0.011389147416296375,0.0031497898530417224,0.014086288452480729,0.01783858248623746,0.0027876454187629363,2.0408630607863736,0.04086306078637383,0.018122780873545033,0.08104753994915943,0.08893850843167399,0.015757781873974218,0.08059172785003739
1.5,2.0,5000,130,qlog,20,20,0,0.0,0,125.65,1.523,1.52,0.02300000000000002,0.005670793131197978,0.025360557855395125,0.03376388603226829,0.007532937830260563,1.9204508126509214,-0.07954918734907868,0.018373394421553117,0.0821683178080164,0.11288101716731669,0.018443170124759906,0.03883571019998726
1.5,2.0,5000,140,pdf,20,20,0,0.0,0,135.05,1.511582719837804,1.5133467475245848,0.011582719837804267,0.0031772986733821706,0.014209311637004871,0.0180546035453208,0.002660705431030738,2.0414977827658154,0.041497782765815325,0.018144277839328767,0.08114367730276427,0.0893148785051135,0.015314866588359713,0.07471483849999458
1.5,2.0,5000,140,qlog,20,20,0,0.0,0,135.05,1.523,1.52,0.02300000000000002,0.005482028053462279,0.024516374764205016,0.033166247903554026,0.007651187480153617,1.9092853132390988,-0.09071468676090101,0.01685311439287745,0.07536941883010817,0.11672907188947079,0.013168590109240265,0.04308195989999604
1.5,2.0,5000,150,pdf,20,20,0,0.0,0,144.1,1.5117457267132706,1.5142077575845705,0.011745726713270477,0.0030154808174602207,0.013485640185375377,0.01762757676686663,0.002389111299361006,2.042466729035192,0.04246672903519194,0.01791527143986009,0.08011952954977539,0.0888909733294775,0.01490210243055104,0.08380049319994214
1.5,2.0,5000,150,qlog,20,20,0,0.0,0,144.1,1.524,1.52,0.02400000000000002,0.005544081718847875,0.024793887192315452,0.034058772731852836,0.007438800519979255,1.8978763979215938,-0.10212360207840585,0.01741536029788641,0.07788385895745001,0.12724712497053656,0.014774441776301273,0.040829820249928164
1.5,2.0,5000,160,pdf,20,20,0,0.0,0,153.65,1.5113698253781724,1.5132705498284005,0.01136982537817235,0.0030544818889558993,0.013660058279494711,0.01750829122785443,0.002538106430477613,2.0408425165595263,0.04084251655952652,0.017881466432105777,0.07996834895913829,0.08799602918543079,0.014665998973071153,0.0779601663500216
1.5,2.0,5000,160,qlog,20,20,0,0.0,0,153.65,1.525,1.52,0.025000000000000022,0.00630371653116344,0.028191077349141246,0.037148351242013454,0.009610849132757816,1.893310224460532,-0.10668977553946837,0.019198747647128003,0.08585940964368471,0.13559481744449564,0.017164692135295995,0.041209900999956514
1.5,2.0,5000,170,pdf,20,20,0,0.0,0,162.9,1.5120069822684061,1.5140638288766302,0.012006982268406408,0.003115165437603996,0.01393144335928083,0.01812590636528373,0.0025928136369792617,2.043226197355559,0.04322619735555917,0.017834019064219823,0.07975615787924543,0.08894659420965997,0.015442332425231901,0.08742511825003021
1.5,2.0,5000,170,qlog,20,20,0,0.0,0,162.9,1.525,1.52,0.025000000000000022,0.00630371653116344,0.028191077349141246,0.037148351242013454,0.009610849132757816,1.8804981460286503,-0.11950185397134941,0.01875109383975207,0.08385744095632636,0.144779694661048,0.017588523730085633,0.04028528009996535
1.5,2.0,5000,180,pdf,20,20,0,0.0,0,172.45,1.5118693439608044,1.5141456520561531,0.011869343960804423,0.0031637295427246717,0.014148628639913383,0.01819493978639536,0.002647384581829251,2.0425470511566117,0.042547051156612024,0.017929538267938562,0.08018333274458893,0.08898398771493304,0.014917873502770386,0.08387311834999309
1.5,2.0,5000,180,qlog,20,20,0,0.0,0,172.45,1.525,1.52,0.025000000000000022,0.00630371653116344,0.028191077349141246,0.037148351242013454,0.009610849132757816,1.872747876881638,-0.12725212311836212,0.019045764792437806,0.08517524951872622,0.15193809532891742,0.015745204517344333,0.041637633499999535
1.5,2.0,5000,190,pdf,20,20,0,0.0,0,181.4,1.5114731649457118,1.5137096618525239,0.011473164945711711,0.0031421038222042255,0.014051915477621123,0.017866645628998347,0.002615390006073381,2.041568374862483,0.04156837486248338,0.018038382390673558,0.08067009845936249,0.08893936886935401,0.015600634977072123,0.08040064179999717
1.5,2.0,5000,190,qlog,20,20,0,0.0,0,181.4,1.5269999999999997,1.52,0.027000000000000024,0.006370160701930614,0.02848822471422926,0.038729833462074204,0.00930478088771687,1.8614089103445495,-0.13859108965545067,0.01644608520048906,0.07354912894409359,0.15603362067803953,0.014776194367661904,0.0415328898000098
1.5,2.0,5000,200,pdf,20,20,0,0.0,0,190.85,1.5116716900922984,1.5140636062177677,0.011671690092298603,0.003120534224252899,0.013955453303088112,0.01792331701054804,0.002575196073835392,2.042127307491738,0.04212730749173812,0.017803631773840308,0.07962026178536419,0.08830134098038876,0.014922596369521587,0.07638838184993801
1.5,2.0,5000,200,qlog,20,20,0,0.0,0,190.85,1.527,1.52,0.027000000000000024,0.006692493831466011,0.029929742292312045,0.03974921382870362,0.009187331601650958,1.8605113226551886,-0.13948867734481168,0.018194821959140843,0.08136971747828965,0.16045893706421224,0.017817596681597887,0.04291777974995057
1.5,5.0,1000,10,pdf,20,20,0,0.0,0,10.0,1.4929635957808036,1.4748043312083883,-0.007036404219196513,0.020931119811819197,0.09360681348884066,0.09150756656852917,0.014264979960622095,4.948419899268216,-0.051580100731784054,0.22161584114899163,0.9910961713998808,0.967377148121056,0.19128233106986367,0.06370089520000874
1.5,5.0,1000,10,qlog,20,20,0,0.0,0,10.0,1.846,1.83,0.34600000000000003,0.021672199023779645,0.09692102047815174,0.3586641883433583,0.02128792074207382,4.395115970142646,-0.6048840298573536,0.14827723908831097,0.6631159722349046,0.8852238940391648,0.09241635324837708,0.032457055899976696
1.5,5.0,1000,20,pdf,20,20,0,0.0,0,20.0,1.5016436992132998,1.5020863990296824,0.0016436992132995098,0.016029582938468154,0.07168647420277124,0.069890663192927,0.012583742027227805,4.9675195717821286,-0.03248042821787207,0.17377647131481488,0.7771520054999367,0.7581701365044399,0.12186835417402724,0.05547275150001951
1.5,5.0,1000,20,qlog,20,20,0,0.0,0,20.0,1.5580000000000003,1.56,0.058000000000000065,0.017585879503019947,0.07864644402574565,0.0961249187255834,0.012539207138123547,4.208787115057338,-0.7912128849426631,0.13742612883813737,0.6145883319334388,0.9923964460640626,0.09465648355868794,0.03197003294999377
1.5,5.0,1000,30,pdf,20,20,0,0.0,0,29.75,1.5085186872349028,1.5095492583235184,0.008518687234902645,0.01460206500277714,0.06530241991616069,0.06421646032574004,0.01225605262396771,5.027998246942391,0.027998246942390725,0.1783470372564743,0.7975921977823283,0.7779007328039546,0.17467700685534704,0.05944971580006495
1.5,5.0,1000,30,qlog,20,20,0,0.0,0,29.75,1.524,1.53,0.02400000000000002,0.01396235540376526,0.062441551617661295,0.06542170893518456,0.012740746089606495,4.370995827305505,-0.6290041726944958,0.13316152467540657,0.5955164423234495,0.8558937379668029,0.0599994453465623,0.030949236349920285
1.5,5.0,1000,40,pdf,20,20,0,0.0,0,39.55,1.5047693873395087,1.5077733781064533,0.0047693873395087015,0.014142107821335022,0.06324542886727312,0.061828246898721836,0.01126338368388491,4.97932047857318,-0.020679521426819704,0.16382977251371664,0.7326690161579941,0.7144167799558387,0.14114356174537762,0.05966050419997373
1.5,5.0,1000,40,qlog,20,20,0,0.0,0,39.55,1.514,1.52,0.014000000000000012,0.013848807662907693,0.061933750683163195,0.06196773353931873,0.011361291624125368,4.320500944824931,-0.6794990551750683,0.1370548101579374,0.6129277443129535,0.9047736538742425,0.0720774438840229,0.035258275050045994
1.5,5.0,1000,50,pdf,20,20,0,0.0,0,49.1,1.5070267692952288,1.513041810313133,0.007026769295228763,0.01386192004322947,0.06199239103065584,0.06082992031181056,0.010353134666023115,5.001764601188801,0.0017646011888004854,0.15875168019015226,0.7099590968949744,0.6919847809873326,0.1355396016069217,0.06063824974999079
1.5,5.0,1000,50,qlog,20,20,0,0.0,0,49.1,1.5180000000000002,1.52,0.018000000000000016,0.013050509165304031,0.05836365126920771,0.059665735560705244,0.00901047422568495,4.276674110545399,-0.7233258894546,0.1255422051446872,0.5614418094974888,0.9070040807705949,0.07560074605923195,0.03736593359997187
1.5,5.0,1000,60,pdf,20,20,0,0.0,0,58.85,1.5077956086888673,1.5026997618022984,0.007795608688867384,0.014226592298119229,0.0636232549335391,0.06250035323701097,0.011498258276318922,5.019259130563438,0.01925913056343793,0.17216423640182366,0.7699418717776431,0.7506935964364537,0.154220183048065,0.06882755075007481
1.5,5.0,1000,60,qlog,20,20,0,0.0,0,58.85,1.509,1.52,0.009000000000000008,0.013801220388448502,0.061720933922053814,0.060827625302982254,0.011521209336713318,4.201413661289393,-0.7985863387106076,0.13392529139280557,0.5989321109215615,0.9892036343410404,0.08623374525785404,0.03662252019994412
1.5,5.0,1000,70,pdf,20,20,0,0.0,0,67.95,1.5065985097568655,1.5107272908857143,0.006598509756865411,0.01387651575734211,0.062057665048527874,0.060845184137472724,0.010861193258737223,4.996726708453673,-0.003273291546327739,0.16450182520782478,0.7356745271749694,0.717054303295752,0.14334500197975586,0.06712836399992739
1.5,5.0,1000,70,qlog,20,20,0,0.0,0,67.95,1.51,1.51,0.010000000000000009,0.013178930553209395,0.05893796917545024,0.05830951894845306,0.009555119549096356,4.096301301820261,-0.903698698179739,0.11099054457075168,0.496364805039842,1.0250514405579279,0.07120994991609109,0.03946704169998157
1.5,5.0,1000,80,pdf,20,20,0,0.0,0,77.4,1.5069598861668265,1.513142273625226,0.006959886166826401,0.013882683678374164,0.062085248829942916,0.060912143548042315,0.011227946482756903,5.000702626543878,0.000702626543876983,0.1640912746219148,0.7338384891383752,0.715257628703049,0.14516580365597861,0.06245525330000419
1.5,5.0,1000,80,qlog,20,20,0,0.0,0,77.4,1.5090000000000001,1.51,0.009000000000000008,0.013414446258457818,0.05999122742885879,0.05916079783099621,0.010052119815340198,4.064028263682024,-0.935971736317976,0.12775776546815348,0.5713500964805329,1.0891106359305218,0.08562493594525179,0.04142144305005786
1.5,5.0,1000,90,pdf,20,20,0,0.0,0,86.4,1.5079527814419973,1.5098601301519998,0.007952781441997158,0.014284209865481462,0.06388092852817935,0.06276926884077443,0.011076783198859307,5.016276094892831,0.01627609489283106,0.16851623505698787,0.7536275137995161,0.7347255401459911,0.15308764728267213,0.06871014444996035
1.5,5.0,1000,90,qlog,20,20,0,0.0,0,86.4,1.512,1.51,0.01200000000000001,0.014392980745378718,0.06436736669102482,0.06387487769068531,0.010373817960192263,3.9529672249601164,-1.0470327750398838,0.10994742833751413,0.4916998474279366,1.1515024685037993,0.08680667598139544,0.036954457900037596
1.5,5.0,1000,100,pdf,20,20,0,0.0,0,95.4,1.508755244273424,1.5122383326197988,0.008755244273423946,0.013846790020278383,0.06192472751101631,0.06098846272644738,0.011269306596741037,5.018349474554785,0.018349474554785018,0.1632880748965964,0.7302464707677331,0.7119927077447702,0.14805834165902698,0.06506129970011898
1.5,5.0,1000,100,qlog,20,20,0,0.0,0,95.4,1.512,1.51,0.01200000000000001,0.013170940900730161,0.058902238363329903,0.058651513194460776,0.009290629121522629,3.853676873959121,-1.146323126040879,0.11424201663662827,0.5109058301723254,1.249812081168606,0.08814084606659325,0.037246298600052796
1.5,5.0,1000,110,pdf,20,20,0,0.0,0,104.7,1.5064777841485257,1.5092087916964667,0.006477784148525745,0.013997405320798352,0.06259829961184474,0.06135618506763974,0.010864436599198946,4.998332639493862,-0.0016673605061387153,0.16385777986231936,0.7327942688286845,0.7142414497197817,0.14406803902903045,0.07454743305002012
1.5,5.0,1000,110,qlog,20,20,0,0.0,0,104.7,1.51,1.51,0.010000000000000009,0.0138031270293899,0.06172946067956111,0.06099180272790768,0.009598917596025101,3.8335903755131375,-1.166409624486862,0.11722070871706455,0.524226946124117,1.2734145470293912,0.07860847916890933,0.03725159154996618
1.5,5.0,1000,120,pdf,20,20,0,0.0,0,113.05,1.507720158589565,1.510136367516965,0.007720158589565174,0.01409149904402036,0.06301909953460566,0.061906683076166716,0.011004824916585892,5.011304656201922,0.011304656201922735,0.16680520982445282,0.7459755763371846,0.7271749292425163,0.14799205802189896,0.07875762950029638
1.5,5.0,1000,120,qlog,20,20,0,0.0,0,113.05,1.509,1.51,0.009000000000000008,0.014471387377566095,0.06471801180994041,0.06371812928829602,0.009151945266003927,3.693920513963979,-1.3060794860360214,0.10800976190923145,0.48303433972521803,1.3883442255183711,0.08498632773739315,0.03765100830003121
1.5,5.0,1000,130,pdf,20,20,0,0.0,0,121.65,1.506610180471445,1.514199206464557,0.006610180471444982,0.014193504717545427,0.06347528277479106,0.062220177057267956,0.010947965909915744,5.000529560765756,0.0005295607657543666,0.16599019810040097,0.7423307331023061,0.7235346929328278,0.14637904251654685,0.07159319550000873
1.5,5.0,1000,130,qlog,20,20,0,0.0,0,121.65,1.512,1.51,0.01200000000000001,0.014171877266726458,0.06337856187436856,0.06292853089020915,0.00832264066792508,3.6517361396173875,-1.348263860382612,0.10202430949843484,0.4562665827919556,1.419713235853579,0.08107992015955533,0.04362205399991126
1.5,5.0,1000,140,pdf,20,20,0,0.0,0,130.0,1.507917967528079,1.5142712068482134,0.007917967528079028,0.013523052210943588,0.060476928013897376,0.059475037542433995,0.010750853886369616,5.005609324075066,0.005609324075065469,0.16118672597808334,0.7208489527152513,0.7026190408149496,0.1413578821951189,0.07281539625000732
1.5,5.0,1000,140,qlog,20,20,0,0.0,0,130.0,1.512,1.51,0.01200000000000001,0.014896131606632163,0.06661752574842535,0.06603029607687677,0.009073177475008336,3.5225599533927245,-1.477440046607276,0.09079963926401086,0.4060683314535745,1.529534571900199,0.0785605069657976,0.03967610729998796
1.5,5.0,1000,150,pdf,20,20,0,0.0,0,138.9,1.5080361184626605,1.5156551659755162,0.00803611846266048,0.014000387041455476,0.06261163427200322,0.06155310803563412,0.010971434251724584,5.012616943351406,0.012616943351406507,0.16561829348353382,0.7406675250933842,0.7220236497865521,0.14758409493619562,0.07694577039987963
1.5,5.0,1000,150,qlog,20,20,0,0.0,0,138.9,1.511,1.51,0.01100000000000001,0.013801220388448502,0.06172093392205381,0.06115553940568268,0.009038414437688994,3.4959149504424176,-1.5040850495575826,0.09355754205522396,0.4184020476865523,1.5583899050415853,0.08055434231629666,0.04316096280001602
1.5,5.0,1000,160,pdf,20,20,0,0.0,0,147.45,1.5075410608901718,1.5136090059701017,0.007541060890171735,0.013893558640029814,0.06213388313697239,0.06102832179688602,0.010790423886704361,5.005634536257604,0.005634536257605527,0.16352868592193268,0.7313225159853087,0.712827285719736,0.1438910866728184,0.07693048820010517
1.5,5.0,1000,160,qlog,20,20,0,0.0,0,147.45,1.506,1.51,0.006000000000000005,0.014074987145922912,0.06294525608143876,0.06164414002968982,0.008520790932556883,3.41432519722233,-1.5856748027776706,0.09622837590229813,0.43034637976388257,1.6402142196710434,0.08589983986764108,0.04068241370000578
1.5,5.0,1000,170,pdf,20,20,0,0.0,0,155.3,1.5071764184994136,1.5150323328383601,0.0071764184994133175,0.014120435755035835,0.0631485084403574,0.06196651026811593,0.010751260437997854,5.0056481743711405,0.0056481743711403794,0.16560676106873004,0.7406159505664922,0.721885232426568,0.14487343547793127,0.07768765665005048
1.5,5.0,1000,170,qlog,20,20,0,0.0,0,155.3,1.5070000000000001,1.51,0.007000000000000006,0.013398743067522192,0.059921000624067355,0.05882176467941102,0.007894478243406925,3.3286419594874537,-1.6713580405125459,0.08746652077728477,0.391162172426813,1.7142914432694103,0.07568282845727575,0.04227978044996235
1.5,5.0,1000,180,pdf,20,20,0,0.0,0,163.2,1.5077383673707223,1.5118461696534085,0.007738367370722299,0.013957913807565765,0.06242168819559994,0.061331281813553566,0.010998013384825974,5.010034575026607,0.010034575026606962,0.16479853924554436,0.7370014726914083,0.7184102622511763,0.1465023961581771,0.08267767405000086
1.5,5.0,1000,180,qlog,20,20,0,0.0,0,163.2,1.508,1.51,0.008000000000000007,0.014319658919783939,0.0640394615184962,0.06292853089020915,0.0079702397011095,3.260820697537085,-1.7391793024629145,0.0726019565710782,0.3246858203848368,1.7677371082761193,0.06813168817494723,0.04377278530002968
1.5,5.0,1000,190,pdf,20,20,0,0.0,0,171.15,1.5074268037969283,1.513647104298681,0.00742680379692825,0.013853988638734252,0.061956920711439135,0.0608431133118568,0.010570605186337222,5.006394827743348,0.006394827743348408,0.16311589433932358,0.7294764559068014,0.7110344566602219,0.14224176206631983,0.07924910205015294
1.5,5.0,1000,190,qlog,20,20,0,0.0,0,171.15,1.5050000000000003,1.51,0.0050000000000000044,0.014858986293964028,0.06645140686008248,0.06496152707564691,0.007929833850968517,3.2127371544061325,-1.7872628455938675,0.08799365832408754,0.3935196032030999,1.8279560370643924,0.08148720938558177,0.04480942589998449
1.5,5.0,1000,200,pdf,20,20,0,0.0,0,179.05,1.5080614630762794,1.5146475846866325,0.008061463076279229,0.013908065918976732,0.06219876166076011,0.061157492112215106,0.010885161907904579,5.012706530935989,0.01270653093598928,0.16357852121116243,0.7315453861741009,0.7131354537248942,0.14574233471542172,0.08539706445003503
1.5,5.0,1000,200,qlog,20,20,0,0.0,0,179.05,1.509,1.52,0.009000000000000008,0.013952928385336037,0.06239939270959552,0.06148170459575765,0.007818161065073551,3.1273741174665757,-1.872625882533424,0.07989867940294844,0.3573177569149101,1.904736169754345,0.07411384052188749,0.044307839899988724
1.5,5.0,5000,10,pdf,20,20,0,0.0,0,10.0,1.5044239140681184,1.5057002858007271,0.004423914068118473,0.007437610502645471,0.03326200534816331,0.03272023785784997,0.004580913633159934,5.043808402794843,0.04380840279484248,0.07167714431857773,0.3205499342588053,0.3154898151939193,0.05145608233909301,0.05760679809991416
1.5,5.0,5000,10,qlog,20,20,0,0.0,0,10.0,2.017,2.01,0.5170000000000001,0.022065691397327794,0.09868077186991454,0.5258707065429676,0.021977700549986316,3.8893820565207564,-1.1106179434792436,0.16411448167915346,0.7339422742534619,1.321063933054563,0.1580013587533332,0.035121146200049226
1.5,5.0,5000,20,pdf,20,20,0,0.0,0,20.0,1.5068134673993276,1.5104405440676594,0.006813467399327677,0.00447374141719301,0.020007179845199636,0.020656626566115666,0.0024912279908752507,5.056662201611932,0.05666220161193114,0.04383311644812929,0.19602765608736245,0.19928899855501586,0.025971257865308697,0.053436415500027576
1.5,5.0,5000,20,qlog,20,20,0,0.0,0,20.0,1.6620000000000001,1.6400000000000001,0.1620000000000001,0.017999999999999995,0.08049844718999241,0.18000000000000008,0.018500302932033242,4.345398714642053,-0.6546012853579475,0.03859809775484276,0.17261594076402087,0.6758766844978693,0.04246261888392869,0.030600019899998186
1.5,5.0,5000,30,pdf,20,20,0,0.0,0,29.9,1.5038697304352318,1.5009600698586678,0.0038697304352319105,0.004203385069153784,0.018798109500471033,0.018726326078370912,0.003885206926263736,5.029732337006107,0.02973233700610649,0.04342292304789029,0.1941932154336501,0.19159714647739856,0.0388629288050241,0.04796294504994876
1.5,5.0,5000,30,qlog,20,20,0,0.0,0,29.9,1.5489999999999997,1.54,0.049000000000000044,0.008268519882822541,0.0369779450625996,0.060827625302982254,0.008972456668208187,4.382291797956228,-0.6177082020437725,0.041456051695456395,0.18539709933957182,0.6435968482625601,0.038582874582784796,0.03149080215000595
1.5,5.0,5000,40,pdf,20,20,0,0.0,0,39.6,1.5032057791904383,1.502970568276872,0.003205779190438429,0.0036659651611487985,0.01639469460694937,0.016297967079063145,0.0021611491674409875,5.024675453311417,0.024675453311418093,0.04183620181628582,0.18709718236323053,0.18402164509092653,0.030001526599313294,0.05113118204994862
1.5,5.0,5000,40,qlog,20,20,0,0.0,0,39.6,1.524,1.52,0.02400000000000002,0.005544081718847875,0.024793887192315452,0.034058772731852836,0.005092608785958724,4.553824685700708,-0.44617531429929136,0.03939177126798005,0.17616535661865296,0.4780741912287461,0.035517521307011336,0.03479067219993794
1.5,5.0,5000,50,pdf,20,20,0,0.0,0,49.3,1.5047939562221926,1.5034775475977393,0.004793956222192519,0.0034311900064928195,0.01534474819647178,0.015705739352630498,0.0019638386482938087,5.037405703958758,0.03740570395875773,0.04081509318538763,0.18253064574103037,0.1817986564624609,0.026074607985026872,0.050543541950082725
1.5,5.0,5000,50,qlog,20,20,0,0.0,0,49.3,1.517,1.51,0.017000000000000015,0.004872047013860108,0.021788456625132128,0.02720294101747091,0.004001244472129493,4.65972259093538,-0.3402774090646199,0.038672998511728146,0.17295090713194466,0.37974350630867293,0.035376608184799395,0.037116265049985483
1.5,5.0,5000,60,pdf,20,20,0,0.0,0,58.95,1.5039464941019562,1.5030824621022831,0.003946494101956355,0.0030304981002632356,0.013552799515745137,0.013786561270855717,0.0021824609057352557,5.029062453743676,0.029062453743676907,0.03817628835625638,0.17072955178644597,0.1689253594879823,0.025961223458932307,0.0564566731998184
1.5,5.0,5000,60,qlog,20,20,0,0.0,0,58.95,1.5139999999999998,1.51,0.014000000000000012,0.004376973239219328,0.019574419397183733,0.023664319132398488,0.004265617038812151,4.704362837039681,-0.2956371629603193,0.03667544681675744,0.16401758437489583,0.33609226665931136,0.031395983167534065,0.03651020719994449
1.5,5.0,5000,70,pdf,20,20,0,0.0,0,68.6,1.5036270253209227,1.5048121676706734,0.0036270253209226165,0.0034020748688534603,0.015214541342600038,0.015266416329021532,0.002323952193478197,5.028173445847356,0.028173445847356104,0.039955448391099976,0.1786861973479683,0.1764257983330588,0.027874998131914897,0.055761856399931274
1.5,5.0,5000,70,qlog,20,20,0,0.0,0,68.6,1.511,1.5,0.01100000000000001,0.003966968881307639,0.017740824166460355,0.020493901531919215,0.004559547530644961,4.71657697276436,-0.2834230272356399,0.03404689650608452,0.15226235002101016,0.3199269360957887,0.03434115418175533,0.03443825975000436
1.5,5.0,5000,80,pdf,20,20,0,0.0,0,77.9,1.5030131403974383,1.5035600332111634,0.0030131403974382187,0.002967427835972633,0.013270740719119807,0.013281037095312755,0.001770099999924516,5.022516398628388,0.022516398628387835,0.039154217449015184,0.17510298364361274,0.17214816392875937,0.027422272034248903,0.056556933300043966
1.5,5.0,5000,80,qlog,20,20,0,0.0,0,77.9,1.514,1.51,0.014000000000000012,0.004376973239219328,0.019574419397183733,0.023664319132398488,0.004265617038812151,4.748093156067771,-0.2519068439322291,0.03729440598358853,0.16678565391955774,0.2998060033681818,0.03621354235760148,0.03835587930000202
1.5,5.0,5000,90,pdf,20,20,0,0.0,0,87.6,1.5041177887744919,1.504702652878978,0.004117788774491871,0.0032522509605582258,0.01454450845539436,0.014762173765740511,0.002231809249719424,5.032436043737279,0.032436043737279485,0.03924241725942844,0.175497425186986,0.17410191230490654,0.024847054403166056,0.06109950814993681
1.5,5.0,5000,90,qlog,20,20,0,0.0,0,87.6,1.5159999999999998,1.52,0.016000000000000014,0.004255027985559527,0.019029063643750194,0.024494897427831803,0.004039280811442086,4.774068498757863,-0.22593150124213618,0.037555836309720765,0.16795480588078096,0.27900433550583703,0.038216848553270726,0.038794867499996145
1.5,5.0,5000,100,pdf,20,20,0,0.0,0,97.0,1.5039492276991793,1.5045381472553379,0.00394922769917917,0.0031275433116269573,0.01398679889474537,0.014193146782018138,0.0019184235646582492,5.031000238092503,0.031000238092503185,0.038450197679461624,0.17195451151916172,0.17044339556578814,0.025658375648580627,0.06277185145004296
1.5,5.0,5000,100,qlog,20,20,0,0.0,0,97.0,1.514,1.51,0.014000000000000012,0.004376973239219328,0.019574419397183733,0.023664319132398488,0.004265617038812151,4.731003106083506,-0.2689968939164936,0.0384410786449431,0.17191372995701656,0.31691630276315647,0.036704847136530626,0.03866272505001689
1.5,5.0,5000,110,pdf,20,20,0,0.0,0,106.35,1.503780110500392,1.5049017914875498,0.0037801105003921866,0.003094367112551715,0.013838430422010757,0.014007722302814489,0.001842709566762508,5.030087918805264,0.03008791880526429,0.03934241438910118,0.17594462594599222,0.17410907123795571,0.02702005607683579,0.05754951720000463
1.5,5.0,5000,110,qlog,20,20,0,0.0,0,106.35,1.5139999999999998,1.52,0.014000000000000012,0.0043769732392193285,0.019574419397183736,0.023664319132398488,0.003992474123154737,4.705861952583284,-0.29413804741671545,0.04100899145881001,0.1833977851812149,0.34419500456430835,0.04979514549668685,0.03613555599999927
1.5,5.0,5000,120,pdf,20,20,0,0.0,0,115.75,1.503023267617492,1.5038451786848483,0.003023267617491998,0.0030824260006761927,0.01378502814624956,0.013771920636941812,0.0017576172848135887,5.022458263259135,0.02245826325913538,0.03941574944635205,0.17627259029228579,0.1732708814906621,0.027741778514544967,0.06350554755008489
1.5,5.0,5000,120,qlog,20,20,0,0.0,0,115.75,1.515,1.52,0.015000000000000013,0.004784844495080828,0.02139847510553278,0.02569046515733028,0.003964555882981387,4.7024090176154205,-0.29759098238458026,0.04355590695911271,0.19478793756446436,0.35299520731336614,0.046716565767954445,0.03837242184997649
1.5,5.0,5000,130,pdf,20,20,0,0.0,0,125.0,1.503663963238159,1.5032774454244098,0.003663963238159229,0.003097000244609159,0.013850206146559112,0.013987902859172882,0.002042393886464795,5.030048830383051,0.03004883038305106,0.03905820656568627,0.1746736099202062,0.1728822105070904,0.02708483180476955,0.06953939195000203
1.5,5.0,5000,130,qlog,20,20,0,0.0,0,125.0,1.519,1.52,0.019000000000000017,0.004696022953409342,0.021001253095445236,0.027928480087537906,0.0037991049446635225,4.7086046240194595,-0.29139537598054077,0.03668872832487172,0.1640769810848703,0.33239503317388686,0.03782102511093311,0.03969420049993459
1.5,5.0,5000,140,pdf,20,20,0,0.0,0,134.25,1.5044836104629464,1.5056387424014501,0.004483610462946297,0.0031771858445991718,0.014208807051347663,0.014556732144088773,0.0022652773721146603,5.036443098767046,0.03644309876704628,0.03934560075989555,0.17595887582938768,0.17533268129966378,0.026542297424891205,0.06624529555001572
1.5,5.0,5000,140,qlog,20,20,0,0.0,0,134.25,1.519,1.52,0.019000000000000017,0.005326201371768779,0.023819496658255238,0.03000000000000003,0.0058414730177878856,4.699048168100722,-0.3009518318992777,0.046744819961107756,0.20904919005805203,0.36343980353596694,0.04409777199270142,0.04550672579998718
1.5,5.0,5000,150,pdf,20,20,0,0.0,0,143.75,1.5037640782360886,1.5045997629604688,0.0037640782360886084,0.0033469844485225996,0.014968169493062358,0.01506691999188243,0.0020951222233720557,5.030152356048643,0.030152356048642925,0.03975925093951045,0.17780877567043551,0.1759099975710091,0.026972538054063463,0.06877677109987416
1.5,5.0,5000,150,qlog,20,20,0,0.0,0,143.75,1.519,1.52,0.019000000000000017,0.005520297474822019,0.024687520819444937,0.030659419433511814,0.005762663158135498,4.666541642448854,-0.33345835755114633,0.044352691219928686,0.19835126510563725,0.3854484912037724,0.04753375918959349,0.040500915699976756
1.5,5.0,5000,160,pdf,20,20,0,0.0,0,152.75,1.5037481354855715,1.5063617745251738,0.003748135485571502,0.0030889139008771138,0.013814042918010548,0.013976226682184493,0.001951240400095515,5.030517037704468,0.030517037704466166,0.03819454951495849,0.1708112181708576,0.16925997232251191,0.02514925207824985,0.06992874345005476
1.5,5.0,5000,160,qlog,20,20,0,0.0,0,152.75,1.5219999999999998,1.52,0.02200000000000002,0.005211323702941715,0.023305748105067192,0.031622776601683826,0.005477225575051665,4.66717186514121,-0.33282813485879037,0.04079568980182467,0.1824438711717498,0.37735400511364453,0.042105596166023544,0.04410731819998546
1.5,5.0,5000,170,pdf,20,20,0,0.0,0,162.3,1.5037589526297972,1.50523612265629,0.0037589526297971076,0.0030724648272101506,0.013740480424238085,0.01391008580302383,0.001868553095868309,5.028983691808194,0.028983691808194312,0.0379115533980618,0.16954562106135865,0.16777510581388444,0.025833106584814882,0.07284009489999335
1.5,5.0,5000,170,qlog,20,20,0,0.0,0,162.3,1.5210000000000001,1.52,0.02100000000000002,0.005124759301151312,0.0229186203313973,0.030659419433511814,0.005644865071880044,4.636289689013983,-0.3637103109860157,0.037526138510397385,0.1678219932846425,0.3987996999448135,0.04142763448055686,0.04275752324997484
1.5,5.0,5000,180,pdf,20,20,0,0.0,0,171.55,1.5039381259582765,1.5052199811333484,0.0039381259582764285,0.0030990289689797443,0.013859278877759592,0.014070695310615895,0.001984883973113472,5.031717654370601,0.03171765437060059,0.039022087895041975,0.17451208231457108,0.17302529621084922,0.025072192563038675,0.07138813239998854
1.5,5.0,5000,180,qlog,20,20,0,0.0,0,171.55,1.523,1.52,0.02300000000000002,0.00528652706614207,0.02364206776957239,0.03255764119219944,0.0057466366831239015,4.629573303915876,-0.370426696084125,0.03623140471959545,0.16203176774664427,0.4026878645339937,0.03605544049938095,0.043697737600018625
1.5,5.0,5000,190,pdf,20,20,0,0.0,0,180.65,1.5039859922399472,1.5056763013106984,0.003985992239947289,0.003029253002572017,0.01354723126959275,0.013792724004168285,0.001889607719438707,5.031215547400794,0.031215547400792954,0.03846403770599199,0.1720164059994263,0.1705419952265208,0.025735170356040185,0.08530328749989166
1.5,5.0,5000,190,qlog,20,20,0,0.0,0,180.65,1.5239999999999998,1.52,0.02400000000000002,0.005350848432479514,0.023929721664644774,0.03346640106136305,0.0055792310893950465,4.603007567492542,-0.39699243250745864,0.03240495581283197,0.14491936801073846,0.42137220308367446,0.03598623570203001,0.045237098800066634
1.5,5.0,5000,200,pdf,20,20,0,0.0,0,189.95,1.5039286753139733,1.5051497873250257,0.003928675313973373,0.003156940059682301,0.014118265148683739,0.01431061249530343,0.0019827770377756305,5.031364488224358,0.031364488224357466,0.038639801553052466,0.17280244581945453,0.17132245077251873,0.02562241335407675,0.08229050364993781
1.5,5.0,5000,200,qlog,20,20,0,0.0,0,189.95,1.523,1.52,0.02300000000000002,0.005670793131197978,0.025360557855395125,0.0337638860322683,0.005491115967691555,4.58079433661962,-0.41920566338037907,0.03607066119893313,0.1613129008683571,0.44772106003338713,0.03749829785679653,0.04855941680002616
1.9,2.0,1000,10,pdf,20,20,0,0.0,0,10.0,1.8987486605743793,1.8956312689301413,-0.0012513394256203681,0.00904642858189274,0.04045685852541838,0.03945231782819033,0.0061535082625353565,2.0812972716918714,0.08129727169187183,0.07665815801783016,0.34282570471557755,0.3438927696355184,0.07145139071232451,0.04808962654997231
1.9,2.0,1000,10,qlog,20,20,0,0.0,0,10.0,2.3600000000000003,2.3400000000000003,0.4600000000000003,0.020261449005179098,0.09061195459645191,0.468401537145215,0.02046272983702452,0.652150663865124,-1.347849336134876,0.0818174000588737,0.3658985365478738,1.3942329378603517,0.07795430312892518,0.022528317050000624
1.9,2.0,1000,20,pdf,20,20,0,0.0,0,19.95,1.9052959219696877,1.9111684409679235,0.0052959219696878225,0.006534420705112862,0.029222817780428935,0.028971040964828446,0.004096971141675587,2.0836818349368107,0.08368183493681132,0.05255416003214937,0.23502934866457706,0.2438842030460405,0.030694494876675207,0.043477890350141025
1.9,2.0,1000,20,qlog,20,20,0,0.0,0,19.95,2.061,2.0300000000000002,0.16100000000000012,0.017916472867168923,0.08012490249604054,0.17894133116750877,0.019645511426323682,1.2534399710587123,-0.7465600289412876,0.039553598799015426,0.17688907133870507,0.766209588294177,0.041526713033994106,0.026527737650008022
1.9,2.0,1000,30,pdf,20,20,0,0.0,0,29.85,1.9022337339867086,1.9019904358272015,0.0022337339867085416,0.006100641901363648,0.02728289999566537,0.02668573341859242,0.005648752635792261,2.0615023334994986,0.06150233349949846,0.052726926215211536,0.23580198252365742,0.23791801789664108,0.03600118320960788,0.04593830369985881
1.9,2.0,1000,30,qlog,20,20,0,0.0,0,29.85,1.9680000000000004,1.96,0.06800000000000006,0.012682354089961302,0.056717211719751914,0.08763560920082666,0.013051013269797152,1.3954836559156,-0.6045163440843997,0.038505298495172736,0.1722009298582532,0.6273838637524981,0.035573526755140396,0.027527405849991738
1.9,2.0,1000,40,pdf,20,20,0,0.0,0,39.6,1.9014484554269724,1.9016724110553955,0.00144845542697285,0.005511038631996366,0.024646114015542644,0.024065689526537534,0.003979987281652799,2.0500072503297426,0.050007250329742604,0.0516463716435851,0.23096959557254765,0.2306086109852372,0.03299650926157317,0.045869302750088534
1.9,2.0,1000,40,qlog,20,20,0,0.0,0,39.6,1.9349999999999998,1.93,0.03500000000000003,0.009933992677987837,0.044426165831931964,0.055677643628300265,0.009333929562975476,1.3896058577774255,-0.6103941422225747,0.03612996473716037,0.1615781143539218,0.6303833131880106,0.033976255101340544,0.02980691494999519
1.9,2.0,1000,50,pdf,20,20,0,0.0,0,48.95,1.9019702791777255,1.9085773858991644,0.0019702791777252426,0.005476696566849558,0.02449253163123067,0.02395353628297231,0.004267950490361042,2.0588285832008943,0.058828583200893944,0.05049188643021958,0.22580658074034038,0.22781567881027454,0.035851392661252056,0.04464055860007647
1.9,2.0,1000,50,qlog,20,20,0,0.0,0,48.95,1.9309999999999996,1.91,0.031000000000000028,0.009997368074701099,0.04470958922223571,0.0534789678284838,0.008933875599939032,1.359750146152231,-0.640249853847769,0.03975190663132442,0.17777593092573216,0.6632827020869569,0.03873975558735501,0.033245735000014064
1.9,2.0,1000,60,pdf,20,20,0,0.0,0,58.05,1.9022656677830714,1.9051507926828553,0.002265667783071701,0.006181147160900832,0.027642930461408182,0.027038089332879732,0.004445285782979106,2.0627334425292636,0.06273344252926351,0.05428868716700383,0.2427863898292821,0.24481310084142094,0.036013494659038726,0.05128458115000285
1.9,2.0,1000,60,qlog,20,20,0,0.0,0,58.05,1.9269999999999996,1.91,0.027000000000000024,0.009544907708191573,0.04268612494895617,0.04959838707054902,0.009512170435437513,1.339383397547095,-0.660616602452905,0.04200267635534372,0.18784167913494337,0.6855177364850911,0.0394645002314381,0.029631761150017154
1.9,2.0,1000,70,pdf,20,20,0,0.0,0,66.8,1.9018196943882804,1.9067081724779273,0.0018196943882805238,0.0060582385926984655,0.02709326663437286,0.026469872114196172,0.004351801442035543,2.05868301105662,0.05868301105661905,0.053117004897526646,0.23754646742411767,0.2388526821349612,0.03804063868849092,0.0501620951500172
1.9,2.0,1000,70,qlog,20,20,0,0.0,0,66.8,1.9240000000000002,1.9,0.02400000000000002,0.011571289333609522,0.05174837907453827,0.05585696017507581,0.010715307450800578,1.2769117378383399,-0.7230882621616603,0.04733494632811596,0.21168831540194272,0.7519494534939144,0.0452907045574924,0.029457107299958808
1.9,2.0,1000,80,pdf,20,20,0,0.0,0,75.85,1.9025069003893158,1.9050609372968976,0.0025069003893159357,0.005727861048466171,0.025615773340087154,0.025092708127703877,0.0036314049705697985,2.060065496653082,0.06006549665308121,0.05427675700917526,0.24273303654150813,0.2440926556973998,0.036077975350142434,0.04786449824987358
1.9,2.0,1000,80,qlog,20,20,0,0.0,0,75.85,1.924,1.9,0.02400000000000002,0.011929618161269223,0.05335087430842807,0.057271284253105466,0.010320909892121132,1.2150635787914257,-0.7849364212085745,0.043336189612317465,0.19380533171792422,0.8073460637247849,0.042422366950826226,0.03070660185005636
1.9,2.0,1000,90,pdf,20,20,0,0.0,0,84.65,1.9016042013397954,1.9060265788029334,0.0016042013397952859,0.005842595361433134,0.026128880786378882,0.02551775759211535,0.0037078209590981855,2.0577137792317104,0.05771377923171071,0.053012784413055014,0.2370803792482646,0.23817563105087508,0.036986161433313215,0.045822730899863016
1.9,2.0,1000,90,qlog,20,20,0,0.0,0,84.65,1.9300000000000002,1.92,0.030000000000000037,0.0119207912135854,0.05331139899831834,0.06000000000000004,0.01082557076814616,1.1782600312927518,-0.8217399687072483,0.03803913637772484,0.17011618949195573,0.8383013289992381,0.03541891354585551,0.03053814454997337
1.9,2.0,1000,100,pdf,20,20,0,0.0,0,92.65,1.9030186203782207,1.9097267076745068,0.00301862037822076,0.00560022998862846,0.025044989888412226,0.024596768315633392,0.0035246612925038103,2.065199566372048,0.0651995663720484,0.05099244518527392,0.2280451475464087,0.23163623056118246,0.035069343185093076,0.05194012939991808
1.9,2.0,1000,100,qlog,20,20,0,0.0,0,92.65,1.9279999999999997,1.91,0.028000000000000025,0.012260333987036586,0.05482988044372967,0.06033241251599348,0.01092828507546233,1.109229703660901,-0.8907702963390994,0.04675475708946143,0.20909363024705196,0.913786550425997,0.045750433168496536,0.03404021970004578
1.9,2.0,1000,110,pdf,20,20,0,0.0,0,100.55,1.9035217270629257,1.904965428995718,0.0035217270629257502,0.005430298070293823,0.02428503124652584,0.02393067418645457,0.003683430543652839,2.067197458993946,0.0671974589939463,0.052376434492618335,0.2342345358891186,0.23798744800571803,0.03604910664547075,0.046030384750156375
1.9,2.0,1000,110,qlog,20,20,0,0.0,0,100.55,1.9289999999999998,1.91,0.029000000000000036,0.0130161842577454,0.058210145615962716,0.06371812928829601,0.011822020821451224,1.0463567660360609,-0.9536432339639391,0.038752537290417305,0.1733066153639372,0.9684879149827624,0.037548703248473134,0.031322050100015986
1.9,2.0,1000,120,pdf,20,20,0,0.0,0,108.45,1.9029729396110118,1.9042822414858451,0.0029729396110122373,0.005689513373714724,0.02544427732504058,0.024977571060746096,0.0040230178975038606,2.0630915141371537,0.063091514137154,0.052632103853497154,0.23537792403049654,0.23793521790810954,0.03583349202941755,0.052639881099958076
1.9,2.0,1000,120,qlog,20,20,0,0.0,0,108.45,1.9349999999999998,1.92,0.03500000000000003,0.013048492552580055,0.0583546327029375,0.06678323142825607,0.012919888962374818,0.9878751607412003,-1.0121248392588,0.03040628961385574,0.13598106104025454,1.0207658873405812,0.03047930799423929,0.0291040404000114
1.9,2.0,1000,130,pdf,20,20,0,0.0,0,116.45,1.9028767471848789,1.9054561410751811,0.002876747184878614,0.005701196275199929,0.025496524848831283,0.025016890589448254,0.0036761454310926893,2.0638935265826808,0.06389352658268035,0.05324442116213905,0.23811629028234255,0.24072137846918637,0.03450626484058883,0.04661792699989746
1.9,2.0,1000,130,qlog,20,20,0,0.0,0,116.45,1.9369999999999998,1.93,0.03700000000000003,0.013785957767922678,0.06165267740803276,0.07056911505750947,0.012361214322660812,0.9454650781892185,-1.0545349218107813,0.04009583800484465,0.17931403878730437,1.0689198985889332,0.03980985811728829,0.02906747719989653
1.9,2.0,1000,140,pdf,20,20,0,0.0,0,122.7,1.9022205191637478,1.9074280796213843,0.002220519163747714,0.005834356924633314,0.026092037376953415,0.02552812956549869,0.003972230522718454,2.060474067752787,0.06047406775278715,0.05295910591500853,0.23684032170714053,0.23863315770779514,0.03656044322466659,0.05495427589994506
1.9,2.0,1000,140,qlog,20,20,0,0.0,0,122.7,1.9349999999999998,1.92,0.03500000000000005,0.01428101426443699,0.06386663736585053,0.07141428428542855,0.011926633307155208,0.8856135160634071,-1.114386483936593,0.04196458993823813,0.1876713514996083,1.1292992273731384,0.04094422836916623,0.03311966254998424
1.9,2.0,1000,150,pdf,20,20,0,0.0,0,130.3,1.9025807479418788,1.906516486786054,0.0025807479418787694,0.005584414843704319,0.024974262410163445,0.024478324160869945,0.0040295360159127306,2.0610774893141373,0.06107748931413719,0.05209456944738768,0.23297399708588504,0.2351456970756297,0.036257191612988286,0.049596010750065034
1.9,2.0,1000,150,qlog,20,20,0,0.0,0,130.3,1.9440000000000002,1.93,0.04400000000000004,0.014186724706384386,0.06344496164310247,0.07589466384404117,0.013140602672499141,0.8603916342812145,-1.1396083657187854,0.03684680406432449,0.16478391728289019,1.1508706615608815,0.035710549853833796,0.03581171505004477
1.9,2.0,1000,160,pdf,20,20,0,0.0,0,137.95,1.902020194095152,1.9050522678714028,0.0020201940951517726,0.005676457864822396,0.025385891314312382,0.02482544034076864,0.0038916566406036264,2.0577397282468985,0.05773972824689868,0.0527387166482428,0.23585471094314153,0.23702309730993498,0.03557731816579003,0.056644700599963474
1.9,2.0,1000,160,qlog,20,20,0,0.0,0,137.95,1.941,1.93,0.04100000000000005,0.015250539248446967,0.06820248490611194,0.07810249675906661,0.012901531903342993,0.8262856503297407,-1.1737143496702593,0.03274895410062217,0.14645777512202332,1.1823632100674006,0.032760758384487304,0.044308265599966035
1.9,2.0,1000,170,pdf,20,20,0,0.0,0,144.05,1.9023864763905607,1.9065493323475247,0.0023864763905609987,0.005568382450681422,0.02490256336888106,0.02438905592241702,0.003758840590872424,2.060981009962842,0.06098100996284188,0.05190012721206774,0.23210442497414024,0.23430220755263,0.03615773891201712,0.061566050650026224
1.9,2.0,1000,170,qlog,20,20,0,0.0,0,144.05,1.943,1.93,0.04300000000000005,0.014383835957146672,0.06432646995477143,0.07602631123499291,0.012871293158796291,0.7835088985808352,-1.216491101419165,0.03223604903846044,0.14416399395202856,1.2245793947827979,0.03140791506104032,0.038424353299956235
1.9,2.0,1000,180,pdf,20,20,0,0.0,0,151.75,1.902404228882689,1.906293443543076,0.002404228882688786,0.0057553580967650364,0.02573874387844087,0.025201966314919427,0.003548023431831962,2.062166295484313,0.062166295484313704,0.05225374775656393,0.23368586412560818,0.23610014237981428,0.036507954784377995,0.05939603359997818
1.9,2.0,1000,180,qlog,20,20,0,0.0,0,151.75,1.9440000000000004,1.93,0.04400000000000006,0.01525916463189116,0.06824105879353838,0.0797496081495076,0.013555212777595168,0.7512538701608944,-1.2487461298391058,0.02874949369002026,0.12857164441917315,1.2550183389693403,0.02798844639602602,0.035353934450017735
1.9,2.0,1000,190,pdf,20,20,0,0.0,0,158.5,1.9023939596746573,1.9069659607824518,0.0023939596746572755,0.005614065983164689,0.025106866337050872,0.0245879654165833,0.003934128716231815,2.060074041271764,0.06007404127176387,0.053065477361211165,0.23731602927628867,0.2389808429531804,0.03759569357055634,0.05888366515005146
1.9,2.0,1000,190,qlog,20,20,0,0.0,0,158.5,1.9469999999999998,1.93,0.047000000000000056,0.014529461901870107,0.06497772897814988,0.07886697661252147,0.01380113455275715,0.7263918986887343,-1.273608101311266,0.02835516574698213,0.1268081562470513,1.2795912975602504,0.02856498425974657,0.03280414645000747
1.9,2.0,1000,200,pdf,20,20,0,0.0,0,165.05,1.9032894783719172,1.9076291208476408,0.0032894783719176423,0.0055706397990837155,0.024912658537833917,0.02450365678038459,0.0037178440870005397,2.064924404559673,0.06492440455967276,0.051713230082972475,0.2312685956032271,0.23457639151053247,0.03707799711530672,0.061031457950048204
1.9,2.0,1000,200,qlog,20,20,0,0.0,0,165.05,1.9470000000000003,1.94,0.04700000000000006,0.0163690979721258,0.07320483159205449,0.08544003745317537,0.014089911100107787,0.6661048392111253,-1.3338951607888743,0.030018392511679006,0.13424633246276982,1.3402974572335415,0.029259644470172718,0.035169932649932886
1.9,2.0,5000,10,pdf,20,20,0,0.0,0,10.0,1.9018966941334274,1.9041261759170007,0.0018966941334275567,0.004390686738416166,0.019635748030010773,0.019232314455076564,0.0034066496906763905,2.002862533043197,0.002862533043197002,0.04259383675221072,0.19048542880094407,0.18568429592086932,0.05168606718874115,0.0454608557499796
1.9,2.0,5000,10,qlog,20,20,0,0.0,0,10.0,2.473,2.46,0.5730000000000001,0.011989030073582409,0.05361657245763914,0.5753781365328371,0.012467875013801383,0.251768780025296,-1.7482312199747039,0.031821084148338175,0.14230821454685033,1.7537250197865624,0.032219799657143514,0.014429331049927895
1.9,2.0,5000,20,pdf,20,20,0,0.0,0,20.0,1.9062916000292283,1.905834448429128,0.006291600029228406,0.003776333510898457,0.016888276872158787,0.017622072291672893,0.001915345233914006,2.0314597162158816,0.031459716215881464,0.033398919134525806,0.1493645071196363,0.14894288144158177,0.030368293401116863,0.043470571600119
1.9,2.0,5000,20,qlog,20,20,0,0.0,0,20.0,2.174,2.1500000000000004,0.2740000000000002,0.015224633778328132,0.06808663212176234,0.2819219750214588,0.01684173235820052,1.1408555531501332,-0.8591444468498672,0.05186465789455911,0.23194580136401058,0.8883907319332173,0.05692445765933651,0.02358219155005372
1.9,2.0,5000,30,pdf,20,20,0,0.0,0,29.75,1.9054963830452345,1.9064175212961212,0.0054963830452346655,0.0030320106225751433,0.013559563721158959,0.014313591669203953,0.0016555656671197706,2.019168912290096,0.019168912290095718,0.027833558900549994,0.1244754595147482,0.12282866204075786,0.026012467748102237,0.04925461390007513
1.9,2.0,5000,30,qlog,20,20,0,0.0,0,29.75,2.025,2.0,0.1250000000000001,0.011413288653790241,0.05104177855340409,0.13453624047073723,0.013194972475656173,1.431620418251476,-0.568379581748524,0.033937377030644325,0.15177256403712136,0.5873146640288398,0.03505911219432249,0.02842426275001344
1.9,2.0,5000,40,pdf,20,20,0,0.0,0,39.7,1.905241105245476,1.9076592564827655,0.005241105245476163,0.0032084731975556566,0.01434872834744112,0.014935223102564794,0.0018805819084305238,2.0193569153268487,0.019356915326848502,0.028632055260764563,0.12804644379720007,0.12629642651961623,0.026143990426867714,0.04607005974994536
1.9,2.0,5000,40,qlog,20,20,0,0.0,0,39.7,1.9629999999999999,1.95,0.06300000000000006,0.007577668020676219,0.033888361610316615,0.07113367697511502,0.008644987099786887,1.5602691996678069,-0.43973080033219303,0.029557652969688396,0.13218584259114358,0.4582167815491321,0.028522755689534194,0.029640590550002344
1.9,2.0,5000,50,pdf,20,20,0,0.0,0,49.4,1.907185203390945,1.909115304413829,0.007185203390945349,0.00327187509456669,0.014632270250679345,0.015969512009567557,0.0020724025710936113,2.0294403761662423,0.029440376166242354,0.029218326002240547,0.13066832625951907,0.13071815735352438,0.02872285552413081,0.05125420684994424
1.9,2.0,5000,50,qlog,20,20,0,0.0,0,49.4,1.943,1.93,0.04300000000000004,0.0066924938314660105,0.02992974229231204,0.05196152422706636,0.008014971371244657,1.660430179829938,-0.339569820170062,0.028102379164229554,0.12567766028138203,0.36098863326902775,0.02029369280359269,0.02720951810003953
1.9,2.0,5000,60,pdf,20,20,0,0.0,0,59.05,1.9070681267685636,1.9091220029802378,0.007068126768563543,0.0027836212187956127,0.012448732537675611,0.014042108485599262,0.0016986268925134158,2.029250055587281,0.029250055587280964,0.027047362641132257,0.12095948295531996,0.12147099424486674,0.027394566275039958,0.04649776620008197
1.9,2.0,5000,60,qlog,20,20,0,0.0,0,59.05,1.934,1.92,0.03400000000000003,0.006341177044980651,0.028358605859875957,0.043817804600413325,0.007548091428336465,1.7061568091886308,-0.2938431908113689,0.026701819016032732,0.11941416488549148,0.31605470479450376,0.02314832537720347,0.027941404299963325
1.9,2.0,5000,70,pdf,20,20,0,0.0,0,68.85,1.9072382393941996,1.909074662241836,0.007238239394199442,0.00279606837384208,0.012504397907296372,0.014175121805492137,0.0016821627268801677,2.030150429435554,0.03015042943555406,0.027192784057768867,0.12160982730128751,0.12230515519218661,0.02527182876511486,0.05390731744996628
1.9,2.0,5000,70,qlog,20,20,0,0.0,0,68.85,1.9279999999999997,1.92,0.028000000000000025,0.005311358236439105,0.023753116139062478,0.03633180424916994,0.005299634364926878,1.7336070299232453,-0.26639297007675466,0.0275655869511176,0.12327705252476026,0.29223720605280157,0.02183040929095868,0.0308374554500233
1.9,2.0,5000,80,pdf,20,20,0,0.0,0,78.65,1.9080559133643902,1.9099777214204825,0.00805591336439001,0.002877031393923934,0.012866475540429785,0.01490525488964921,0.0017834992128212754,2.035460632257391,0.03546063225739136,0.02724058586796014,0.12182360349535797,0.12392093160664357,0.027542674038814583,0.05282332965002752
1.9,2.0,5000,80,qlog,20,20,0,0.0,0,78.65,1.9259999999999997,1.92,0.026000000000000023,0.005638215469828249,0.02521486612465376,0.035777087639996666,0.005374158440850854,1.7328394086797954,-0.26716059132020475,0.027982490953916483,0.1251415039054604,0.2936871766936647,0.023417710721607272,0.02814228244997139
1.9,2.0,5000,90,pdf,20,20,0,0.0,0,88.0,1.9078644328883883,1.9102890651485835,0.007864432888388295,0.0028647018677949968,0.012811336223320457,0.01475713805897262,0.001752311111241854,2.034179646870103,0.03417964687010374,0.027118714240691507,0.1212785770091556,0.12305005826679805,0.02698616260782897,0.0494124455000474
1.9,2.0,5000,90,qlog,20,20,0,0.0,0,88.0,1.925,1.92,0.025000000000000022,0.005404676337745816,0.024170447375168515,0.03435112807463537,0.00531731723923431,1.7411144977896282,-0.2588855022103719,0.02859337121825369,0.12787344349980245,0.28732514670593795,0.02344148824208195,0.02783809130003192
1.9,2.0,5000,100,pdf,20,20,0,0.0,0,97.55,1.9082115739323395,1.911492760243188,0.008211573932339756,0.002956249660766566,0.013220750399869469,0.01528001228812163,0.001725481486836524,2.035249068460634,0.035249068460634345,0.02731159109714946,0.12214114853380853,0.12415729533234231,0.02589213360373497,0.05062409069996647
1.9,2.0,5000,100,qlog,20,20,0,0.0,0,97.55,1.9259999999999997,1.92,0.026000000000000023,0.005821918656431513,0.026036411750510215,0.03633180424916994,0.005299634364926878,1.726568611943243,-0.2734313880567568,0.02819729222347446,0.12610212438623017,0.29978556079409324,0.02433647698613872,0.028276164599924415
1.9,2.0,5000,110,pdf,20,20,0,0.0,0,107.1,1.9084989642805983,1.9105161355846683,0.008498964280598476,0.002831697332791671,0.012663735455654043,0.014986129578685038,0.001697331317854531,2.037336137167739,0.03733613716773878,0.02734797469644128,0.12230386093637377,0.1249172118587141,0.0262155886790205,0.055751824550225135
1.9,2.0,5000,110,qlog,20,20,0,0.0,0,107.1,1.9279999999999997,1.92,0.028000000000000025,0.005875909783980158,0.026277867413271476,0.037947331922020586,0.005953032545789426,1.7196592547287683,-0.28034074527123193,0.022059072115095425,0.09865116953984687,0.29637203654904826,0.01738319465145132,0.03001872874997389
1.9,2.0,5000,120,pdf,20,20,0,0.0,0,116.55,1.9081396711667256,1.910129221459429,0.00813967116672557,0.002860975275386398,0.012794670395420335,0.014892033363630935,0.001754997736971215,2.03545570055032,0.03545570055032038,0.027268623971930195,0.12194899370823246,0.12403663134188214,0.026175988390139338,0.049020737349883346
1.9,2.0,5000,120,qlog,20,20,0,0.0,0,116.55,1.9279999999999997,1.92,0.028000000000000025,0.006390782836488654,0.028580449703655107,0.03949683531626303,0.007093933086777477,1.7037981465209593,-0.29620185347904077,0.025805360174550807,0.1154050790683229,0.31684058083750366,0.025621612200810193,0.0285966551999536
1.9,2.0,5000,130,pdf,20,20,0,0.0,0,125.9,1.908100916362161,1.9101684845448985,0.008100916362160449,0.0027579090270115044,0.012333744120316056,0.014496207356783988,0.0016593748543752094,2.034403916105531,0.03440391610553121,0.026615657334865164,0.11902883813319878,0.1210086795869152,0.025383409738458124,0.06210603640001864
1.9,2.0,5000,130,qlog,20,20,0,0.0,0,125.9,1.9279999999999997,1.92,0.028000000000000025,0.006223892841723998,0.0278340949575384,0.03898717737923589,0.007250943199702964,1.6807835780465479,-0.3192164219534523,0.02465330254440636,0.1102529207183223,0.336819009625851,0.02112301382694052,0.032214469749942506
1.9,2.0,5000,140,pdf,20,20,0,0.0,0,135.25,1.9082216283113795,1.9107647768061384,0.008221628311379525,0.002882560434422644,0.012891202161240713,0.015015628877751198,0.0017154072867857932,2.035691149508577,0.035691149508577234,0.027431177074451422,0.12267595328261438,0.12478292427793111,0.025714562441699073,0.05506332059999295
1.9,2.0,5000,140,qlog,20,20,0,0.0,0,135.25,1.9289999999999996,1.92,0.029000000000000026,0.006878647357851999,0.030762246170812784,0.04171330722922846,0.007413750896769239,1.6691697453771102,-0.3308302546228896,0.028866677342642245,0.1290957056454021,0.35395066538873193,0.02392916883776885,0.03251681854997059
1.9,2.0,5000,150,pdf,20,20,0,0.0,0,144.3,1.9079335367466925,1.9097667121512094,0.00793353674669257,0.002836520797843737,0.012685306647141072,0.014690546613605731,0.0017373306876606628,2.03300809377271,0.03300809377270978,0.02719677429870741,0.12162767220125788,0.12305754900594197,0.02540014089723415,0.05828814394994879
1.9,2.0,5000,150,qlog,20,20,0,0.0,0,144.3,1.9319999999999997,1.92,0.03200000000000003,0.006712125712391526,0.03001753873286331,0.043358966777357635,0.007146679508381554,1.6448999695930127,-0.35510003040698707,0.02488728775126131,0.11129933437483634,0.3713006818411606,0.021082891454375877,0.030469677100018088
1.9,2.0,5000,160,pdf,20,20,0,0.0,0,153.8,1.9083657056210803,1.9113513234847632,0.0083657056210803,0.002799537565000267,0.012519912601809667,0.01479512864147113,0.0016750059576068842,2.0362447541986963,0.03624475419869616,0.02706247090246852,0.1210270491540594,0.12340523288141413,0.02621970527805198,0.05477577564993226
1.9,2.0,5000,160,qlog,20,20,0,0.0,0,153.8,1.9319999999999997,1.92,0.03200000000000003,0.007018771822387228,0.03138890182683585,0.04427188724235735,0.007953273853193313,1.621629474828931,-0.37837052517106895,0.022068378672412448,0.0986927897294416,0.3904068489737101,0.019869540977183547,0.030098789900034718
1.9,2.0,5000,170,pdf,20,20,0,0.0,0,163.1,1.9082254394895906,1.9102224753860853,0.008225439489590569,0.002735112891343709,0.01223179670236106,0.014484262592082905,0.0017555365493239126,2.0356921888549033,0.03569218885490336,0.026438583264453964,0.11823693881621473,0.12064372076843424,0.025111479821029348,0.06677449479998358
1.9,2.0,5000,170,qlog,20,20,0,0.0,0,163.1,1.9309999999999996,1.92,0.031000000000000028,0.00760539974381084,0.03401238164644105,0.04538722287164091,0.00940908681357039,1.5914908045277847,-0.40850919547221565,0.02215080768146702,0.09906142346456953,0.41976454128861607,0.02067213725664159,0.035058897850035464
1.9,2.0,5000,180,pdf,20,20,0,0.0,0,172.2,1.9081673451808492,1.9102411933430377,0.008167345180849273,0.0027965334894412873,0.012506477967490819,0.014672999655725084,0.001692463411218487,2.034991816020301,0.03499181602030114,0.026653465115394785,0.11919791966788404,0.12133492505825508,0.025946201736900765,0.0573123754500557
1.9,2.0,5000,180,qlog,20,20,0,0.0,0,172.2,1.9319999999999997,1.92,0.03200000000000003,0.007455128930368753,0.03334035013865966,0.04560701700396556,0.009338440861985134,1.5859471694323704,-0.41405283056762937,0.019095883108495294,0.08539938544197094,0.4223365349851218,0.018219389511995646,0.034106385299992326
1.9,2.0,5000,190,pdf,20,20,0,0.0,0,181.55,1.9083966195326407,1.9108872578048879,0.008396619532640448,0.002873410298407726,0.012850281508975263,0.015079007516837275,0.0017344352944082754,2.0359821077424503,0.035982107742450274,0.026822313963342653,0.11995303467175195,0.12232745431097508,0.02545848289314746,0.06031156779995399
1.9,2.0,5000,190,qlog,20,20,0,0.0,0,181.55,1.936,1.92,0.03600000000000003,0.007622680837992289,0.03408966504907164,0.048989794855663606,0.008735890880367287,1.5791981601348064,-0.42080183986519354,0.02325571782626659,0.10400273185017148,0.4328393792789834,0.021646035593912955,0.036866888499980634
1.9,2.0,5000,200,pdf,20,20,0,0.0,0,190.6,1.9083382959357174,1.9104144996895225,0.00833829593571761,0.0028718968323748744,0.012843513083113076,0.01504111751206993,0.0017682156434344635,2.036456322980153,0.036456322980153055,0.026986762508634292,0.12068847092389808,0.12315228438191636,0.025400822469454656,0.05871477915002288
1.9,2.0,5000,200,qlog,20,20,0,0.0,0,190.6,1.9349999999999998,1.92,0.03500000000000003,0.008319286406645079,0.03720497985909671,0.05039841267341666,0.00915073839979596,1.5476440269945093,-0.4523559730054904,0.029323201218879564,0.1311373424866388,0.4700671002936487,0.02420041282028893,0.03526422429995364
1.9,5.0,1000,10,pdf,20,20,0,0.0,0,10.0,1.9043936056905906,1.8996815817897403,0.004393605690590152,0.008879558092740047,0.039710591011050254,0.03895366808772887,0.005536986613942802,5.252441916865429,0.2524419168654285,0.14338878236883254,0.6412541291752658,0.6740722785175222,0.0870823411617246,0.05153573044985933
1.9,5.0,1000,10,qlog,20,20,0,0.0,0,10.0,2.363,2.35,0.4630000000000001,0.017488341981536093,0.07821024296895615,0.46923341739479735,0.017619775609661315,1.5871952100198399,-3.4128047899801595,0.1754502838428678,0.7846375226885709,3.4974433196868024,0.16836366837736186,0.02765127559996472
1.9,5.0,1000,20,pdf,20,20,0,0.0,0,19.95,1.9105596509266722,1.9082053099504412,0.010559650926672059,0.008005749496250299,0.035802800168900736,0.03645894544046348,0.005876262031521874,5.322090138756631,0.3220901387566312,0.16549745624558218,0.7401271245368378,0.7900258286509849,0.12551052019222805,0.05497409409977081
1.9,5.0,1000,20,qlog,20,20,0,0.0,0,19.95,2.0620000000000003,2.06,0.16200000000000012,0.015485137186483386,0.06925163877977338,0.17549928774784257,0.015594397577874381,3.2270418363974733,-1.7729581636025258,0.10766776167830647,0.48150486819588023,1.8340216032196448,0.11693904920160073,0.028661315900035334
1.9,5.0,1000,30,pdf,20,20,0,0.0,0,29.75,1.9104349791436,1.9105760122620281,0.010434979143600387,0.00625113807128237,0.02795593932824861,0.029177844441731066,0.004628702316550143,5.256942487787043,0.2569424877870431,0.13170787123642824,0.5890155065128857,0.6289767448778966,0.1050623412682757,0.053957269700094915
1.9,5.0,1000,30,qlog,20,20,0,0.0,0,29.75,1.9689999999999999,1.97,0.06900000000000006,0.010205777517506558,0.04564162458476743,0.08209750300709524,0.010021490261548664,3.622768274354416,-1.3772317256455844,0.11022267673749236,0.49293079569403536,1.4586291362101238,0.11474733582749008,0.036017919099958814
1.9,5.0,1000,40,pdf,20,20,0,0.0,0,39.35,1.9127349789964754,1.9143938961239646,0.012734978996475344,0.006298906306716093,0.028169565371438648,0.030265952530783426,0.006108529510989061,5.309946993904486,0.309946993904487,0.14828789047066995,0.6631636066649226,0.716842946380178,0.12154440501611742,0.06591286884995498
1.9,5.0,1000,40,qlog,20,20,0,0.0,0,39.35,1.9499999999999997,1.96,0.050000000000000044,0.009233805168766396,0.04129483209670116,0.06418722614352491,0.007915302798724974,3.5881761662539526,-1.4118238337460478,0.11259300222147144,0.50353121351599,1.4946949643218272,0.11786647819352207,0.035116405399958237
1.9,5.0,1000,50,pdf,20,20,0,0.0,0,48.9,1.908701586100328,1.906651953765644,0.008701586100327808,0.0062017441113418476,0.027735042824038793,0.02839874242092633,0.005445862221727097,5.2145721616864185,0.21457216168641846,0.13353340255137874,0.5971795307434534,0.620349445806801,0.09601053227038463,0.057613988149932994
1.9,5.0,1000,50,qlog,20,20,0,0.0,0,48.9,1.9349999999999998,1.94,0.03500000000000003,0.009162279651978146,0.0409749602613725,0.053103672189407064,0.00931981236804626,3.4712782166097425,-1.528721783390258,0.11127362357747182,0.49763077284390067,1.6038219532694542,0.10444758604011006,0.029618831200059502
1.9,5.0,1000,60,pdf,20,20,0,0.0,0,57.95,1.9119786541095571,1.914494526982014,0.011978654109557308,0.006238150946408199,0.027897859140146763,0.029713030334345084,0.005167730263448359,5.285124540971599,0.28512454097159795,0.14294752738502264,0.6392807768968468,0.6852312894115451,0.11177740886950015,0.05392505134996099
1.9,5.0,1000,60,qlog,20,20,0,0.0,0,57.95,1.9359999999999995,1.94,0.03600000000000003,0.009904810102061266,0.04429565738487124,0.05621387729022083,0.011365468933452857,3.36521048203475,-1.6347895179652496,0.10633350844529196,0.47553790633944165,1.6992251920791628,0.09720971812308728,0.03679927109999426
1.9,5.0,1000,70,pdf,20,20,0,0.0,0,66.8,1.9110697781967976,1.9092800948221975,0.011069778196797686,0.006144730388458272,0.027480069704002772,0.028981658142975635,0.005536804793023643,5.260889192827582,0.26088919282758183,0.14190621684741941,0.6346238946013114,0.6713220420582187,0.10954296482820314,0.06248137799998403
1.9,5.0,1000,70,qlog,20,20,0,0.0,0,66.8,1.9289999999999996,1.94,0.029000000000000026,0.008009862341940854,0.035821193373990826,0.04538722287164091,0.00587969145356856,3.147250387201814,-1.8527496127981862,0.101329969317495,0.45316139910377357,1.9046702125773987,0.09829954122525075,0.03931386740000562
1.9,5.0,1000,80,pdf,20,20,0,0.0,0,75.45,1.9122625401466422,1.9137548102571962,0.012262540146642142,0.006288816032095975,0.028124440291514202,0.03003006535912652,0.006447359788121505,5.2949378058753025,0.2949378058753034,0.14369022512203097,0.6426022221502186,0.6922998226572914,0.11992077609087941,0.061568991650028694
1.9,5.0,1000,80,qlog,20,20,0,0.0,0,75.45,1.927,1.94,0.027000000000000024,0.00836974501277951,0.03743063760582966,0.04538722287164091,0.00768752946993035,2.9386149044822494,-2.0613850955177506,0.10935409741811541,0.4890463908900807,2.115778004858546,0.10276839716610738,0.03223090890005551
1.9,5.0,1000,90,pdf,20,20,0,0.0,0,84.45,1.9102776062025821,1.912819131256518,0.010277606202582468,0.005956471566676112,0.026638150658264918,0.027923837598424043,0.005763595161576319,5.2524847529580665,0.2524847529580662,0.1433601875137453,0.6411262490957021,0.6739727549329008,0.12320548508531018,0.058925301950012
1.9,5.0,1000,90,qlog,20,20,0,0.0,0,84.45,1.9309999999999998,1.93,0.031000000000000028,0.008268519882822541,0.0369779450625996,0.0475394572960189,0.00784856081372649,2.9054026749481063,-2.094597325051893,0.09174663691328977,0.4103034336902148,2.132432746050301,0.08691328426026766,0.03789511079996828
1.9,5.0,1000,100,pdf,20,20,0,0.0,0,92.45,1.9113992184384396,1.9145849759107314,0.011399218438439985,0.006218117800089374,0.027808268186202575,0.029403689760763838,0.005838915498024056,5.269327957541414,0.269327957541414,0.13998073163713734,0.6260128629615891,0.666959555053473,0.10842503870829862,0.06284523164990788
1.9,5.0,1000,100,qlog,20,20,0,0.0,0,92.45,1.9279999999999995,1.94,0.028000000000000035,0.009335839262585991,0.04175114243630757,0.04939635614091391,0.007377998213329487,2.6741423291557664,-2.3258576708442336,0.08597126856399633,0.38447520124197304,2.3558531419374416,0.08649874681190972,0.03530944334997912
1.9,5.0,1000,110,pdf,20,20,0,0.0,0,100.6,1.9124452198520658,1.9170016340435123,0.012445219852065769,0.0062932788212737584,0.02814439849145575,0.030122836939601414,0.0061612949176022835,5.296453593321248,0.29645359332124793,0.14499935092762647,0.64845681073504,0.6981089861993658,0.11930054410432975,0.06152769329992225
1.9,5.0,1000,110,qlog,20,20,0,0.0,0,100.6,1.9349999999999998,1.94,0.03500000000000003,0.00961084913275782,0.04298102396468277,0.05458937625582477,0.00890102173457987,2.5401360153141956,-2.4598639846858044,0.07556129241852559,0.33792037263112545,2.481816168148142,0.07338081174474047,0.03349255495008947
1.9,5.0,1000,120,pdf,20,20,0,0.0,0,108.45,1.9119915991129015,1.9158179710270917,0.011991599112901518,0.00622847093101967,0.027854568795282773,0.029679649625915808,0.005723507619729689,5.276962650721739,0.27696265072173815,0.1401525465989986,0.6267812428301357,0.6707609857022966,0.10964804410886392,0.06365468059980231
1.9,5.0,1000,120,qlog,20,20,0,0.0,0,108.45,1.9349999999999998,1.94,0.03500000000000003,0.009719757415209829,0.043468076610433656,0.05495452665613639,0.008690788302824055,2.378001199452658,-2.621998800547342,0.09114048247511387,0.4075926286329658,2.651924371742496,0.0896170217974482,0.03550056155002039
1.9,5.0,1000,130,pdf,20,20,0,0.0,0,115.85,1.9124727395088659,1.9156452225160607,0.012472739508866116,0.0062989159876260595,0.028169608665784187,0.030156587018763947,0.006142681290251215,5.292540959996307,0.29254095999630625,0.14427111809118517,0.6452000544835795,0.6935770815604374,0.11482936338026795,0.06966372105002847
1.9,5.0,1000,130,qlog,20,20,0,0.0,0,115.85,1.9359999999999995,1.94,0.03600000000000005,0.011011955225786964,0.04924696090008739,0.060000000000000026,0.00799122325572294,2.1924312376259447,-2.8075687623740553,0.0785600303982617,0.3513311365699261,2.828374841601785,0.07772005111548501,0.03298034964993803
1.9,5.0,1000,140,pdf,20,20,0,0.0,0,123.2,1.9118512718418095,1.9148228367772058,0.011851271841809929,0.006248129491945664,0.027942484552423458,0.029701783870380232,0.005705419017846079,5.2805956992332215,0.28059569923322086,0.14450472738788625,0.6462447870187786,0.6895539536103606,0.11410807863631525,0.0634233800500624
1.9,5.0,1000,140,qlog,20,20,0,0.0,0,123.2,1.936,1.94,0.036000000000000046,0.010422647405883424,0.04661149621013436,0.057965506984757796,0.00821240579991981,2.196200272187221,-2.803799727812779,0.08012121989435204,0.3583129882479594,2.8254666342664243,0.08133224881663174,0.032672134499966886
1.9,5.0,1000,150,pdf,20,20,0,0.0,0,130.85,1.9121672923005082,1.9156284949300835,0.012167292300508115,0.006202445962046206,0.027738181595808795,0.029647586482814525,0.006182764250598158,5.278601066884218,0.2786010668842188,0.14313389925034506,0.6401142572167555,0.683284350506124,0.11555101678246249,0.06901958250000462
1.9,5.0,1000,150,qlog,20,20,0,0.0,0,130.85,1.9359999999999995,1.94,0.036000000000000046,0.010622716472878204,0.047506232278124935,0.058651513194460755,0.008287962987209603,2.075337767784536,-2.924662232215464,0.07345514994037847,0.32850141712825176,2.9421364167132094,0.0695326192252764,0.034405804499988334
1.9,5.0,1000,160,pdf,20,20,0,0.0,0,137.3,1.9121346111179718,1.9146332806406812,0.012134611117971672,0.006123709282113025,0.027386060458502327,0.02932141331943788,0.006024654842594215,5.28591638314041,0.28591638314041073,0.14171932714202426,0.6337880984301945,0.6806990261299541,0.11448267226304445,0.06465592190002098
1.9,5.0,1000,160,qlog,20,20,0,0.0,0,137.3,1.936,1.95,0.036000000000000046,0.011107133791065616,0.04967261238401533,0.060332412515993465,0.010256682568199166,1.8878644075095405,-3.1121355924904597,0.07794580168658892,0.3485842222638612,3.1306266717794187,0.07839667255555251,0.035108544849913416
1.9,5.0,1000,170,pdf,20,20,0,0.0,0,143.7,1.911377896655706,1.913817694461853,0.011377896655706122,0.006245245093340411,0.02792958512971236,0.0295044940907294,0.006093808129002038,5.276023735727909,0.2760237357279089,0.1450436540521833,0.6486549403312895,0.6898584439727977,0.1185728269085263,0.07690509224994457
1.9,5.0,1000,170,qlog,20,20,0,0.0,0,143.7,1.9419999999999997,1.96,0.04200000000000006,0.011867691656895956,0.05307393056165294,0.06663332499583077,0.009147907439754516,1.878411918835416,-3.1215880811645844,0.06335250410697671,0.2833210114560691,3.1337787739763407,0.06187486939199096,0.037168387999918194
1.9,5.0,1000,180,pdf,20,20,0,0.0,0,151.8,1.9110424113478222,1.914991581548886,0.011042411347822323,0.006012210680993185,0.02688742355550213,0.02843803292344317,0.005572951882681907,5.270671815514786,0.27067181551478503,0.1403873293848336,0.6278312233682833,0.6691238110382707,0.1109993600718094,0.07699802705005823
1.9,5.0,1000,180,qlog,20,20,0,0.0,0,151.8,1.9419999999999995,1.95,0.04200000000000005,0.011688951148301052,0.05227457870655076,0.06603029607687676,0.009402476635222527,1.7809156048298498,-3.2190843951701504,0.06151621939319312,0.2751088965639414,3.230232964191309,0.061238210917206576,0.03389732415005255
1.9,5.0,1000,190,pdf,20,20,0,0.0,0,157.1,1.911646068823634,1.9170263322744252,0.011646068823634292,0.00623868993999042,0.02790026959272533,0.029582675846248976,0.005711323858916791,5.277177918294776,0.277177918294776,0.14437052971963713,0.6456446368015245,0.6876348926350883,0.11152073893061624,0.07871114984995983
1.9,5.0,1000,190,qlog,20,20,0,0.0,0,157.1,1.9479999999999993,1.96,0.04800000000000004,0.011643837312863026,0.05207282350102043,0.069856996786292,0.009259931589689484,1.7137742142163286,-3.286225785783671,0.05622150253803472,0.2514302029444452,3.295350695260606,0.054984085082103784,0.041506242999980715
1.9,5.0,1000,200,pdf,20,20,0,0.0,0,164.35,1.9117742933729733,1.9154358601812556,0.01177429337297351,0.006183436733249681,0.027653169740231045,0.02941252949477104,0.005900872382385679,5.2778618942347295,0.2778618942347292,0.1435594261454477,0.6420172713441634,0.6846780996473502,0.11744164084350597,0.07427381765005521
1.9,5.0,1000,200,qlog,20,20,0,0.0,0,164.35,1.9459999999999997,1.96,0.046000000000000055,0.011885417867905906,0.05315320458725645,0.06928203230275515,0.008735890880367289,1.6065583504126746,-3.393441649587326,0.05369213846490868,0.24011854292973406,3.401502652957912,0.055189030272848286,0.0352377488500224
1.9,5.0,5000,10,pdf,20,20,0,0.0,0,10.0,1.8980152936917878,1.902964278143281,-0.001984706308212336,0.00552459830439578,0.024706754714018078,0.024162814430516568,0.003513697244997147,4.972176772184514,-0.02782322781548565,0.09307703777566241,0.41625316722139394,0.4066663205464918,0.05932059180319702,0.07175651165011913
1.9,5.0,5000,10,qlog,20,20,0,0.0,0,10.0,2.4899999999999993,2.48,0.5900000000000001,0.012008768726051373,0.05370484639504884,0.5923174824365731,0.012097869812331576,0.4951661784493737,-4.504833821550626,0.07355660294229,0.328955128745843,4.516229474094314,0.07271195146254282,0.01741319559996555
1.9,5.0,5000,20,pdf,20,20,0,0.0,0,20.0,1.8986671086501103,1.901725291613329,-0.0013328913498893869,0.003913759383557142,0.017502864058422885,0.017111672539113765,0.0017930174474603336,4.974607626724792,-0.025392373275207582,0.06225699614996667,0.27842175093253635,0.27255735257605845,0.03797535503069611,0.06219241970006806
1.9,5.0,5000,20,qlog,20,20,0,0.0,0,20.0,2.193,2.17,0.29300000000000015,0.014601730250754162,0.06530092285960272,0.29983328701129913,0.014999316964328914,2.6500201411414324,-2.349979858858567,0.11712006833947712,0.5237768686729836,2.404793220796741,0.12408882033860176,0.0255249030499499
1.9,5.0,5000,30,pdf,20,20,0,0.0,0,29.85,1.8982807058502735,1.903865390260096,-0.0017192941497263692,0.003577266353339266,0.01599802147937876,0.015687441762926625,0.0017366406886962123,4.956449872792449,-0.043550127207550735,0.056291915409218234,0.25174509887735974,0.24920559513808457,0.05398311110597529,0.07419163000008666
1.9,5.0,5000,30,qlog,20,20,0,0.0,0,29.85,2.0349999999999997,2.02,0.13500000000000012,0.011038211144164534,0.049364380936695255,0.14331782861877315,0.01162335991751308,3.4127017914339013,-1.5872982085660987,0.06331957739166043,0.2831737587086231,1.6111156419255748,0.06342538340419666,0.028654329100049836
1.9,5.0,5000,40,pdf,20,20,0,0.0,0,39.65,1.8988083993156792,1.9043411270159756,-0.0011916006843211147,0.0033067727362839517,0.014788337248947804,0.014463059318486553,0.00146712764790816,4.971271324904083,-0.028728675095916277,0.05599980091799279,0.250438723158174,0.2457822473796845,0.04696671177758305,0.06484260940001149
1.9,5.0,5000,40,qlog,20,20,0,0.0,0,39.65,1.9659999999999997,1.96,0.06600000000000006,0.006821020142872602,0.030504529430716933,0.0723878442834155,0.0067822115072362025,3.8013009034140004,-1.198699096586,0.05737256986500727,0.2565779325240244,1.2245081248572751,0.05610878386474985,0.026318230549964027
1.9,5.0,5000,50,pdf,20,20,0,0.0,0,49.3,1.9005437307227848,1.9034154901171516,0.0005437307227852184,0.0029620847801301417,0.013246845846977032,0.012922872039442104,0.0015396880707051024,4.994497192849519,-0.005502807150480482,0.04784800239774591,0.2139827718978656,0.2086371880134859,0.036780672245394275,0.06728166895009054
1.9,5.0,5000,50,qlog,20,20,0,0.0,0,49.3,1.9419999999999997,1.94,0.04200000000000004,0.005211323702941715,0.023305748105067192,0.04774934554525333,0.005636741362311706,4.06853482519689,-0.9314651748031089,0.039424277772721256,0.17631073012727747,0.9471845499959864,0.037189486463759164,0.031866593149993606
1.9,5.0,5000,60,pdf,20,20,0,0.0,0,58.9,1.8999658958262458,1.9041034607463914,-3.410417375362407e-05,0.00321265925587856,0.014367448969376704,0.014003698564591032,0.0015817749659420121,4.978945470973689,-0.02105452902631173,0.0532169599360552,0.23799347994580458,0.23292089829896798,0.04540779235377414,0.0694432529999176
1.9,5.0,5000,60,qlog,20,20,0,0.0,0,58.9,1.9310000000000003,1.92,0.031000000000000028,0.00552029747482202,0.02468752081944494,0.0392428337406972,0.006637524594375778,4.172932831552453,-0.8270671684475468,0.036122474694501056,0.16154461786484062,0.8419215708763409,0.03610159861268553,0.027250896449982066
1.9,5.0,5000,70,pdf,20,20,0,0.0,0,68.55,1.8995355562551275,1.9035165089519497,-0.0004644437448726335,0.003051826702416539,0.013648183924304808,0.013310709455255225,0.001748658615969952,4.976833613691198,-0.023166386308800878,0.05108759651048705,0.2284706772090602,0.22388744779856873,0.04025162131584603,0.06388672200005203
1.9,5.0,5000,70,qlog,20,20,0,0.0,0,68.55,1.9260000000000002,1.92,0.026000000000000023,0.0060000000000000045,0.026832815729997496,0.036878177829171584,0.006976297775335776,4.243547870324024,-0.7564521296759767,0.042350292716444235,0.18939626676196708,0.7786508993519,0.040644213261535896,0.03273021434995371
1.9,5.0,5000,80,pdf,20,20,0,0.0,0,77.9,1.8994085227877027,1.9044132259304365,-0.0005914772122975309,0.002968052527498481,0.013273534424553337,0.012950954621435425,0.0015401727743352836,4.972740776303074,-0.02725922369692597,0.05066731597504503,0.22659112551532345,0.22252960821145815,0.046942205081914455,0.07248034320014085
1.9,5.0,5000,80,qlog,20,20,0,0.0,0,77.9,1.9220000000000002,1.92,0.02200000000000002,0.005005260390723684,0.022384204957490633,0.030983866769659363,0.0038729833462074195,4.279089978029118,-0.7209100219708826,0.045743471849962816,0.20457102516672984,0.7479760015528152,0.04670076083836456,0.027690063599970928
1.9,5.0,5000,90,pdf,20,20,0,0.0,0,87.45,1.900354826756871,1.9046349839187917,0.0003548267568711405,0.0030661902143725938,0.013712419502563545,0.013369922520753906,0.0015958376114246237,4.9867739423834845,-0.013226057616515208,0.050177656005177027,0.22440129955835275,0.2191188597117534,0.04236419210525757,0.0739638222499707
1.9,5.0,5000,90,qlog,20,20,0,0.0,0,87.45,1.9250000000000003,1.92,0.025000000000000022,0.004784844495080828,0.02139847510553278,0.03255764119219944,0.004187155846326958,4.287205453834473,-0.7127945461655265,0.035808538771166125,0.1601406537345285,0.7296840703845157,0.03609038936938957,0.03151871580002989
1.9,5.0,5000,100,pdf,20,20,0,0.0,0,96.85,1.8997986387046712,1.905314422514365,-0.00020136129532921654,0.003061583755336911,0.013691818791484837,0.013346653254624212,0.0016614360729112927,4.979613463378514,-0.020386536621486817,0.05017238888538171,0.22437774428253685,0.21964451825227224,0.041015179555783286,0.07510311669989278
1.9,5.0,5000,100,qlog,20,20,0,0.0,0,96.85,1.9250000000000003,1.92,0.025000000000000022,0.005206271521722123,0.02328315406378388,0.0337638860322683,0.005389278368171376,4.265216657644354,-0.7347833423556456,0.03761798988972201,0.16823276514063648,0.7528570317841596,0.03807012296994289,0.030593944599968382
1.9,5.0,5000,110,pdf,20,20,0,0.0,0,106.15,1.899174201967704,1.9031235699142008,-0.0008257980322957214,0.002941445774963772,0.013154545409897087,0.012848031136486856,0.0016153608491592903,4.9702635793451275,-0.029736420654872343,0.0507554335646514,0.22698519935607,0.22322728642292505,0.04228395866993114,0.08719570625003144
1.9,5.0,5000,110,qlog,20,20,0,0.0,0,106.15,1.9260000000000002,1.92,0.026000000000000023,0.005821918656431513,0.026036411750510215,0.03633180424916993,0.005978430127906358,4.251898678729019,-0.7481013212709805,0.04347615056448313,0.1944312561244003,0.7717311219444201,0.04376650017803975,0.028671533550004825
1.9,5.0,5000,120,pdf,20,20,0,0.0,0,115.55,1.8995462528805735,1.9035185260058822,-0.0004537471194265952,0.003014720590617589,0.013482240347578488,0.013148693889461705,0.0015912418762497498,4.975208373765392,-0.024791626234607955,0.05115781726840516,0.2287847139853331,0.22436565650081033,0.04622181093719239,0.08475766319998002
1.9,5.0,5000,120,qlog,20,20,0,0.0,0,115.55,1.9280000000000002,1.92,0.028000000000000025,0.005505977612893487,0.02462348045004372,0.03687817782917158,0.0058144689813949295,4.206886728881042,-0.7931132711189577,0.04163586766955059,0.18620126082260174,0.8136129453741155,0.04342255631760944,0.02772771949996695
1.9,5.0,5000,130,pdf,20,20,0,0.0,0,124.45,1.8995260515964059,1.9052199817337783,-0.00047394840359442635,0.00299081106203711,0.013375313685146639,0.01304525555351589,0.0015562193382581977,4.975007027066519,-0.02499297293348044,0.050392784535567774,0.22536338359405944,0.22107435542769024,0.043798984564591574,0.09595428074976553
1.9,5.0,5000,130,qlog,20,20,0,0.0,0,124.45,1.9280000000000002,1.92,0.028000000000000025,0.006223892841723998,0.0278340949575384,0.03898717737923589,0.006463192182319479,4.165475823250551,-0.8345241767494496,0.03971173435675978,0.1775962750522575,0.8522875199404025,0.04002035650484308,0.029151103000003786
1.9,5.0,5000,140,pdf,20,20,0,0.0,0,134.2,1.8993557786492272,1.903603810175328,-0.0006442213507726558,0.003009483794662186,0.013458820684097334,0.01313384492999454,0.0016978643954540468,4.972474541471349,-0.027525458528650494,0.050874369070581696,0.22751709510846693,0.22345800054032053,0.04449439561437461,0.08063366499995936
1.9,5.0,5000,140,qlog,20,20,0,0.0,0,134.2,1.9300000000000002,1.92,0.030000000000000027,0.007469235147202866,0.03340343505815251,0.044271887242357345,0.007912654211467043,4.1367567045305815,-0.8632432954694188,0.04284857785877957,0.191624665662847,0.8832174132334463,0.044029926595328665,0.03404422250002881
1.9,5.0,5000,150,pdf,20,20,0,0.0,0,143.05,1.8993799362928048,1.9040551829546852,-0.0006200637071947402,0.0030221234525571084,0.013515346952628111,0.013187715954190033,0.0015883791398080905,4.972265857292561,-0.027734142707438857,0.050429251762110355,0.22552646998905962,0.22155870983591794,0.04325021120421747,0.08955820205001146
1.9,5.0,5000,150,qlog,20,20,0,0.0,0,143.05,1.9300000000000002,1.92,0.030000000000000027,0.007326950970650471,0.03276712087636504,0.043817804600413325,0.00805409343456057,4.073908964211072,-0.9260910357889276,0.041475178143702884,0.1854826354164664,0.9435720556521345,0.04017906542535438,0.03243021754999518
1.9,5.0,5000,160,pdf,20,20,0,0.0,0,152.4,1.8995568241341245,1.9042157970195266,-0.0004431758658754448,0.0029441035043885778,0.013166431137216422,0.012840699680882015,0.0014841276443840104,4.975602189075871,-0.024397810924129272,0.04964632615732594,0.22202512024181345,0.2177743086210164,0.0435351707299133,0.0865639094499329
1.9,5.0,5000,160,qlog,20,20,0,0.0,0,152.4,1.935,1.92,0.03500000000000003,0.007236602866858983,0.032363071872933094,0.04711687595755902,0.00746399608476203,4.10168181080934,-0.8983181891906609,0.04656027755375983,0.2082238913229292,0.920958684471007,0.04557435608011588,0.03273176269995019
1.9,5.0,5000,170,pdf,20,20,0,0.0,0,161.7,1.8995105846891847,1.9035814008183567,-0.000489415310815211,0.0029894964350549386,0.013369434494552256,0.013040100349129906,0.0015821030214340902,4.9738772352996445,-0.02612276470035524,0.05071710676577408,0.2268137967007707,0.2226087875415473,0.04508871477362247,0.10237543639996147
1.9,5.0,5000,170,qlog,20,20,0,0.0,0,161.7,1.935,1.92,0.03500000000000003,0.007236602866858983,0.032363071872933094,0.04711687595755902,0.00746399608476203,4.021632773947335,-0.9783672260526647,0.046561941978430936,0.20823133485634523,0.9991970293136577,0.04292386956103346,0.031222244349919492
1.9,5.0,5000,180,pdf,20,20,0,0.0,0,171.05,1.899930901122247,1.9044641419518147,-6.909887775277123e-05,0.003072981997765904,0.013742793281275338,0.013394996210084569,0.001565789690615594,4.980673269462664,-0.019326730537336623,0.05065204545031072,0.22652283365260745,0.22163142144328124,0.044443529666547854,0.08344815270002073
1.9,5.0,5000,180,qlog,20,20,0,0.0,0,171.05,1.937,1.92,0.03700000000000003,0.007437458535930423,0.03326132573235298,0.04919349550499541,0.007370603355452088,3.946821539233769,-1.0531784607662316,0.04281526496227574,0.19147568586062705,1.0695862104496001,0.04167294209931277,0.033207093600003644
1.9,5.0,5000,190,pdf,20,20,0,0.0,0,179.9,1.8998956782009273,1.9040484919526133,-0.0001043217990726042,0.0030378859107598292,0.013585838808695676,0.013242248614447253,0.001529215495690257,4.979937001231611,-0.020062998768388064,0.050330490108047715,0.22508479444495086,0.2203009994879502,0.043669145802508136,0.09913823035003588
1.9,5.0,5000,190,qlog,20,20,0,0.0,0,179.9,1.9400000000000002,1.92,0.040000000000000036,0.008705715001320146,0.03893314107138304,0.05513619500836093,0.009372264143741128,3.952771247969811,-1.0472287520301902,0.042830469687014684,0.19154368345681796,1.0637399083503938,0.04307986237847872,0.03394665760004045
1.9,5.0,5000,200,pdf,20,20,0,0.0,0,189.35,1.8997659551513337,1.9048703299315446,-0.000234044848666215,0.0030635759953219987,0.013700728359553134,0.013355868998097336,0.0015898601959271625,4.97778313317845,-0.022216866821548952,0.050426928867309505,0.22551608168770107,0.22092581812941559,0.04212193600237304,0.08761581969984036
1.9,5.0,5000,200,qlog,20,20,0,0.0,0,189.35,1.939,1.92,0.039000000000000035,0.008882270928208922,0.03972272318009061,0.05495452665613639,0.00942943560550001,3.8699083694696634,-1.1300916305303377,0.037269315477470935,0.1666734457650201,1.1417084255806045,0.037227808902228814,0.0324412243499637
