q_true,b_true,n,rep,condition,bins,method,q_hat,b_hat,success,at_bound,occupied_bins,message,seconds
1.5,2.0,2000,0,clean,10,pdf,1.5409379552356528,2.3258202909248546,True,False,10,CONVERGENCE: RELATIVE REDUCTION OF F <= FACTR*EPSMCH,0
1.5,2.0,2000,0,clean,10,qlog,1.98,1.9748230498286015,True,False,10,barrido q-log; q por deviance de bins,0
1.5,2.0,2000,0,clean,20,pdf,1.5229719084244386,2.249179580577676,True,False,20,CONVERGENCE: RELATIVE REDUCTION OF F <= FACTR*EPSMCH,0
1.5,2.0,2000,0,clean,20,qlog,1.62,1.8584874308641004,True,False,20,barrido q-log; q por deviance de bins,0
1.5,2.0,2000,0,clean,30,pdf,1.504595250709782,2.166144563000681,True,False,30,CONVERGENCE: RELATIVE REDUCTION OF F <= FACTR*EPSMCH,0
1.5,2.0,2000,0,clean,30,qlog,1.52,1.855934488417265,True,False,30,barrido q-log; q por deviance de bins,0
1.5,2.0,2000,0,clean,40,pdf,1.502425068283189,2.1628664868452696,True,False,39,CONVERGENCE: RELATIVE REDUCTION OF F <= FACTR*EPSMCH,0
1.5,2.0,2000,0,clean,40,qlog,1.5,1.8850645516007416,True,False,39,barrido q-log; q por deviance de bins,0
1.5,2.0,2000,0,clean,50,pdf,1.5016837398801486,2.1606185525923713,True,False,48,CONVERGENCE: RELATIVE REDUCTION OF F <= FACTR*EPSMCH,0
1.5,2.0,2000,0,clean,50,qlog,1.5,1.9487956610775266,True,False,48,barrido q-log; q por deviance de bins,0
1.5,2.0,2000,0,clean,60,pdf,1.50232989889269,2.1613569002577466,True,False,58,CONVERGENCE: RELATIVE REDUCTION OF F <= FACTR*EPSMCH,0
1.5,2.0,2000,0,clean,60,qlog,1.5,1.9585921700382904,True,False,58,barrido q-log; q por deviance de bins,0
1.5,2.0,2000,0,clean,70,pdf,1.5076423341680618,2.189688906787294,True,False,68,CONVERGENCE: RELATIVE REDUCTION OF F <= FACTR*EPSMCH,0
1.5,2.0,2000,0,clean,70,qlog,1.5,1.9291459560026543,True,False,68,barrido q-log; q por deviance de bins,0
1.5,2.0,2000,0,clean,80,pdf,1.5011681225307043,2.1606344088364264,True,False,76,CONVERGENCE: RELATIVE REDUCTION OF F <= FACTR*EPSMCH,0
1.5,2.0,2000,0,clean,80,qlog,1.5,1.9302830277084602,True,False,76,barrido q-log; q por deviance de bins,0
1.5,2.0,2000,0,clean,90,pdf,1.4951070734839618,2.1347648938672634,True,False,86,CONVERGENCE: RELATIVE REDUCTION OF F <= FACTR*EPSMCH,0
1.5,2.0,2000,0,clean,90,qlog,1.5,1.9371683487324687,True,False,86,barrido q-log; q por deviance de bins,0
1.5,2.0,2000,0,clean,100,pdf,1.506315244491569,2.1810245127421344,True,False,94,CONVERGENCE: RELATIVE REDUCTION OF F <= FACTR*EPSMCH,0
1.5,2.0,2000,0,clean,100,qlog,1.52,1.970088575964207,True,False,94,barrido q-log; q por deviance de bins,0
1.5,2.0,2000,0,clean,110,pdf,1.5068381172662582,2.1796474315832834,True,False,104,CONVERGENCE: RELATIVE REDUCTION OF F <= FACTR*EPSMCH,0
1.5,2.0,2000,0,clean,110,qlog,1.52,1.9541819722063232,True,False,104,barrido q-log; q por deviance de bins,0
1.5,2.0,2000,0,clean,120,pdf,1.4990006436789516,2.151397649504436,True,False,113,CONVERGENCE: RELATIVE REDUCTION OF F <= FACTR*EPSMCH,0
1.5,2.0,2000,0,clean,120,qlog,1.5,1.8745571347864083,True,False,113,barrido q-log; q por deviance de bins,0
1.5,2.0,2000,0,clean,130,pdf,1.5033922242682982,2.1709685012353197,True,False,122,CONVERGENCE: RELATIVE REDUCTION OF F <= FACTR*EPSMCH,0
1.5,2.0,2000,0,clean,130,qlog,1.52,1.904015280566908,True,False,122,barrido q-log; q por deviance de bins,0
1.5,2.0,2000,0,clean,140,pdf,1.5042610996877432,2.1754504052898955,True,False,132,CONVERGENCE: RELATIVE REDUCTION OF F <= FACTR*EPSMCH,0
1.5,2.0,2000,0,clean,140,qlog,1.52,1.9029481312891343,True,False,132,barrido q-log; q por deviance de bins,0
1.5,2.0,2000,0,clean,150,pdf,1.5006337860988053,2.159794563229288,True,False,140,CONVERGENCE: RELATIVE REDUCTION OF F <= FACTR*EPSMCH,0
1.5,2.0,2000,0,clean,150,qlog,1.52,1.8885933696587678,True,False,140,barrido q-log; q por deviance de bins,0
1.5,2.0,2000,0,clean,160,pdf,1.501694631065905,2.1623559822239553,True,False,149,CONVERGENCE: RELATIVE REDUCTION OF F <= FACTR*EPSMCH,0
1.5,2.0,2000,0,clean,160,qlog,1.52,1.8885402939370497,True,False,149,barrido q-log; q por deviance de bins,0
1.5,2.0,2000,0,clean,170,pdf,1.5024342685719807,2.1678413607362397,True,False,158,CONVERGENCE: RELATIVE REDUCTION OF F <= FACTR*EPSMCH,0
1.5,2.0,2000,0,clean,170,qlog,1.52,1.8087485557605436,True,False,158,barrido q-log; q por deviance de bins,0
1.5,2.0,2000,0,clean,180,pdf,1.4978330999191238,2.14746026634185,True,False,168,CONVERGENCE: RELATIVE REDUCTION OF F <= FACTR*EPSMCH,0
1.5,2.0,2000,0,clean,180,qlog,1.52,1.8236811689923693,True,False,168,barrido q-log; q por deviance de bins,0
1.5,2.0,2000,0,clean,190,pdf,1.5034716515429671,2.1717368307009415,True,False,178,CONVERGENCE: RELATIVE REDUCTION OF F <= FACTR*EPSMCH,0
1.5,2.0,2000,0,clean,190,qlog,1.52,1.8271278299295761,True,False,178,barrido q-log; q por deviance de bins,0
1.5,2.0,2000,0,clean,200,pdf,1.5022031587271314,2.1651680817616237,True,False,185,CONVERGENCE: RELATIVE REDUCTION OF F <= FACTR*EPSMCH,0
1.5,2.0,2000,0,clean,200,qlog,1.52,1.7493636530312562,True,False,185,barrido q-log; q por deviance de bins,0
1.5,2.0,2000,0,noisy,10,pdf,1.5273639270776682,2.210592290988318,True,False,10,CONVERGENCE: NORM OF PROJECTED GRADIENT <= PGTOL,0
1.5,2.0,2000,0,noisy,10,qlog,1.98,1.8994886482315434,True,False,10,barrido q-log; q por deviance de bins,0
1.5,2.0,2000,0,noisy,20,pdf,1.5067616801497719,2.148136907435381,True,False,20,CONVERGENCE: RELATIVE REDUCTION OF F <= FACTR*EPSMCH,0
1.5,2.0,2000,0,noisy,20,qlog,1.62,1.8191433671959016,True,False,20,barrido q-log; q por deviance de bins,0
1.5,2.0,2000,0,noisy,30,pdf,1.5014337480109974,2.1358636645065086,True,False,30,CONVERGENCE: RELATIVE REDUCTION OF F <= FACTR*EPSMCH,0
1.5,2.0,2000,0,noisy,30,qlog,1.52,1.8430918373365444,True,False,30,barrido q-log; q por deviance de bins,0
1.5,2.0,2000,0,noisy,40,pdf,1.500118784910762,2.136891635830567,True,False,39,CONVERGENCE: RELATIVE REDUCTION OF F <= FACTR*EPSMCH,0
1.5,2.0,2000,0,noisy,40,qlog,1.5,1.8998456880709134,True,False,39,barrido q-log; q por deviance de bins,0
1.5,2.0,2000,0,noisy,50,pdf,1.5038617545195,2.157166153716578,True,False,48,CONVERGENCE: RELATIVE REDUCTION OF F <= FACTR*EPSMCH,0
1.5,2.0,2000,0,noisy,50,qlog,1.5,1.9552352077183641,True,False,48,barrido q-log; q por deviance de bins,0
1.5,2.0,2000,0,noisy,60,pdf,1.497042974122861,2.1290224199058474,True,False,58,CONVERGENCE: RELATIVE REDUCTION OF F <= FACTR*EPSMCH,0
1.5,2.0,2000,0,noisy,60,qlog,1.5,1.9894968298636713,True,False,58,barrido q-log; q por deviance de bins,0
1.5,2.0,2000,0,noisy,70,pdf,1.5035515650018954,2.156258285242579,True,False,67,CONVERGENCE: RELATIVE REDUCTION OF F <= FACTR*EPSMCH,0
1.5,2.0,2000,0,noisy,70,qlog,1.5,1.9658771703402358,True,False,67,barrido q-log; q por deviance de bins,0
1.5,2.0,2000,0,noisy,80,pdf,1.4974854064326166,2.1352664752951274,True,False,76,CONVERGENCE: RELATIVE REDUCTION OF F <= FACTR*EPSMCH,0
1.5,2.0,2000,0,noisy,80,qlog,1.5,1.9472752111863245,True,False,76,barrido q-log; q por deviance de bins,0
1.5,2.0,2000,0,noisy,90,pdf,1.4973028414960243,2.134624605631818,True,False,86,CONVERGENCE: RELATIVE REDUCTION OF F <= FACTR*EPSMCH,0
1.5,2.0,2000,0,noisy,90,qlog,1.5,1.9482431311328878,True,False,86,barrido q-log; q por deviance de bins,0
1.5,2.0,2000,0,noisy,100,pdf,1.5023118953027745,2.156484685140235,True,False,94,CONVERGENCE: RELATIVE REDUCTION OF F <= FACTR*EPSMCH,0
1.5,2.0,2000,0,noisy,100,qlog,1.5,1.943731462433319,True,False,94,barrido q-log; q por deviance de bins,0
1.5,2.0,2000,0,noisy,110,pdf,1.504220390182947,2.1630060031784955,True,False,104,CONVERGENCE: RELATIVE REDUCTION OF F <= FACTR*EPSMCH,0
1.5,2.0,2000,0,noisy,110,qlog,1.5,1.8670505444286865,True,False,104,barrido q-log; q por deviance de bins,0
1.5,2.0,2000,0,noisy,120,pdf,1.4951336589380666,2.127066011342991,True,False,112,CONVERGENCE: RELATIVE REDUCTION OF F <= FACTR*EPSMCH,0
1.5,2.0,2000,0,noisy,120,qlog,1.5,1.908430306247843,True,False,112,barrido q-log; q por deviance de bins,0
1.5,2.0,2000,0,noisy,130,pdf,1.5028120125787754,2.155635903842781,True,False,122,CONVERGENCE: RELATIVE REDUCTION OF F <= FACTR*EPSMCH,0
1.5,2.0,2000,0,noisy,130,qlog,1.52,1.9272235552042798,True,False,122,barrido q-log; q por deviance de bins,0
1.5,2.0,2000,0,noisy,140,pdf,1.5013793356536782,2.1504117280950914,True,False,132,CONVERGENCE: RELATIVE REDUCTION OF F <= FACTR*EPSMCH,0
1.5,2.0,2000,0,noisy,140,qlog,1.5,1.8218608675776067,True,False,132,barrido q-log; q por deviance de bins,0
1.5,2.0,2000,0,noisy,150,pdf,1.5043656618511103,2.1641415352979276,True,False,140,CONVERGENCE: RELATIVE REDUCTION OF F <= FACTR*EPSMCH,0
1.5,2.0,2000,0,noisy,150,qlog,1.52,1.8873077938530503,True,False,140,barrido q-log; q por deviance de bins,0
1.5,2.0,2000,0,noisy,160,pdf,1.503806465071066,2.1587628563574848,True,False,149,CONVERGENCE: RELATIVE REDUCTION OF F <= FACTR*EPSMCH,0
1.5,2.0,2000,0,noisy,160,qlog,1.52,1.8791602714839593,True,False,149,barrido q-log; q por deviance de bins,0
1.5,2.0,2000,0,noisy,170,pdf,1.506231472830379,2.1659020532965796,True,False,158,CONVERGENCE: RELATIVE REDUCTION OF F <= FACTR*EPSMCH,0
1.5,2.0,2000,0,noisy,170,qlog,1.52,1.7740486869719587,True,False,158,barrido q-log; q por deviance de bins,0
1.5,2.0,2000,0,noisy,180,pdf,1.498130725911024,2.1375036291663676,True,False,168,CONVERGENCE: RELATIVE REDUCTION OF F <= FACTR*EPSMCH,0
1.5,2.0,2000,0,noisy,180,qlog,1.52,1.8364085885509576,True,False,168,barrido q-log; q por deviance de bins,0
1.5,2.0,2000,0,noisy,190,pdf,1.5050131479878104,2.164544463152482,True,False,177,CONVERGENCE: RELATIVE REDUCTION OF F <= FACTR*EPSMCH,0
1.5,2.0,2000,0,noisy,190,qlog,1.52,1.8030462855335034,True,False,177,barrido q-log; q por deviance de bins,0
1.5,2.0,2000,0,noisy,200,pdf,1.5028223090407198,2.159823212882668,True,False,184,CONVERGENCE: RELATIVE REDUCTION OF F <= FACTR*EPSMCH,0
1.5,2.0,2000,0,noisy,200,qlog,1.52,1.755669953144667,True,False,184,barrido q-log; q por deviance de bins,0
1.5,2.0,2000,1,clean,10,pdf,1.4418678647920036,1.8414600066583215,True,False,10,CONVERGENCE: RELATIVE REDUCTION OF F <= FACTR*EPSMCH,0
1.5,2.0,2000,1,clean,10,qlog,2.02,1.4028614538459654,True,False,10,barrido q-log; q por deviance de bins,0
1.5,2.0,2000,1,clean,20,pdf,1.4361387878408176,1.8048390425034122,True,False,19,CONVERGENCE: RELATIVE REDUCTION OF F <= FACTR*EPSMCH,0
1.5,2.0,2000,1,clean,20,qlog,1.62,1.4941989748850402,True,False,19,barrido q-log; q por deviance de bins,0
1.5,2.0,2000,1,clean,30,pdf,1.4765856019697332,1.930492929350731,True,False,29,CONVERGENCE: RELATIVE REDUCTION OF F <= FACTR*EPSMCH,0
1.5,2.0,2000,1,clean,30,qlog,1.54,1.66547179481409,True,False,29,barrido q-log; q por deviance de bins,0
1.5,2.0,2000,1,clean,40,pdf,1.4647714061556403,1.8892086784819544,True,False,38,CONVERGENCE: RELATIVE REDUCTION OF F <= FACTR*EPSMCH,0
1.5,2.0,2000,1,clean,40,qlog,1.52,1.7075485381330748,True,False,38,barrido q-log; q por deviance de bins,0
1.5,2.0,2000,1,clean,50,pdf,1.4618075509406143,1.8798953521648603,True,False,47,CONVERGENCE: RELATIVE REDUCTION OF F <= FACTR*EPSMCH,0
1.5,2.0,2000,1,clean,50,qlog,1.52,1.7190106292909388,True,False,47,barrido q-log; q por deviance de bins,0
1.5,2.0,2000,1,clean,60,pdf,1.4711219428096753,1.915531688093674,True,False,56,CONVERGENCE: RELATIVE REDUCTION OF F <= FACTR*EPSMCH,0
1.5,2.0,2000,1,clean,60,qlog,1.52,1.6697547651877536,True,False,56,barrido q-log; q por deviance de bins,0
1.5,2.0,2000,1,clean,70,pdf,1.4720400380305187,1.9164629957284878,True,False,66,CONVERGENCE: RELATIVE REDUCTION OF F <= FACTR*EPSMCH,0
1.5,2.0,2000,1,clean,70,qlog,1.54,1.728776195907391,True,False,66,barrido q-log; q por deviance de bins,0
1.5,2.0,2000,1,clean,80,pdf,1.4655551752078642,1.8955593132980153,True,False,74,CONVERGENCE: RELATIVE REDUCTION OF F <= FACTR*EPSMCH,0
1.5,2.0,2000,1,clean,80,qlog,1.54,1.672612399412693,True,False,74,barrido q-log; q por deviance de bins,0
1.5,2.0,2000,1,clean,90,pdf,1.4673062920345261,1.8967248492030306,True,False,84,CONVERGENCE: RELATIVE REDUCTION OF F <= FACTR*EPSMCH,0
1.5,2.0,2000,1,clean,90,qlog,1.5,1.6343311302235322,True,False,84,barrido q-log; q por deviance de bins,0
1.5,2.0,2000,1,clean,100,pdf,1.4693440014346395,1.902409110181875,True,False,93,CONVERGENCE: RELATIVE REDUCTION OF F <= FACTR*EPSMCH,0
1.5,2.0,2000,1,clean,100,qlog,1.5,1.584276506170344,True,False,93,barrido q-log; q por deviance de bins,0
1.5,2.0,2000,1,clean,110,pdf,1.4737441037819763,1.9225341964960265,True,False,101,CONVERGENCE: RELATIVE REDUCTION OF F <= FACTR*EPSMCH,0
1.5,2.0,2000,1,clean,110,qlog,1.52,1.6648322161828164,True,False,101,barrido q-log; q por deviance de bins,0
1.5,2.0,2000,1,clean,120,pdf,1.476961800344986,1.9300849986767612,True,False,112,CONVERGENCE: RELATIVE REDUCTION OF F <= FACTR*EPSMCH,0
1.5,2.0,2000,1,clean,120,qlog,1.52,1.643101269533723,True,False,112,barrido q-log; q por deviance de bins,0
1.5,2.0,2000,1,clean,130,pdf,1.472115289051235,1.9133559322366076,True,False,120,CONVERGENCE: RELATIVE REDUCTION OF F <= FACTR*EPSMCH,0
1.5,2.0,2000,1,clean,130,qlog,1.52,1.5721238495402399,True,False,120,barrido q-log; q por deviance de bins,0
1.5,2.0,2000,1,clean,140,pdf,1.472352786102423,1.917123531197772,True,False,129,CONVERGENCE: RELATIVE REDUCTION OF F <= FACTR*EPSMCH,0
1.5,2.0,2000,1,clean,140,qlog,1.54,1.6779457015671364,True,False,129,barrido q-log; q por deviance de bins,0
1.5,2.0,2000,1,clean,150,pdf,1.4706595011749148,1.9083058182154304,True,False,136,CONVERGENCE: RELATIVE REDUCTION OF F <= FACTR*EPSMCH,0
1.5,2.0,2000,1,clean,150,qlog,1.54,1.592581316613206,True,False,136,barrido q-log; q por deviance de bins,0
1.5,2.0,2000,1,clean,160,pdf,1.4703205019634547,1.910370066707778,True,False,146,CONVERGENCE: RELATIVE REDUCTION OF F <= FACTR*EPSMCH,0
1.5,2.0,2000,1,clean,160,qlog,1.54,1.595955671469196,True,False,146,barrido q-log; q por deviance de bins,0
1.5,2.0,2000,1,clean,170,pdf,1.4685796728860891,1.9056867605543208,True,False,156,CONVERGENCE: RELATIVE REDUCTION OF F <= FACTR*EPSMCH,0
1.5,2.0,2000,1,clean,170,qlog,1.54,1.6157348629943697,True,False,156,barrido q-log; q por deviance de bins,0
1.5,2.0,2000,1,clean,180,pdf,1.4693460189590806,1.9043581734465034,True,False,162,CONVERGENCE: RELATIVE REDUCTION OF F <= FACTR*EPSMCH,0
1.5,2.0,2000,1,clean,180,qlog,1.54,1.5425476139231904,True,False,162,barrido q-log; q por deviance de bins,0
1.5,2.0,2000,1,clean,190,pdf,1.4747730277954059,1.9219735332693368,True,False,172,CONVERGENCE: RELATIVE REDUCTION OF F <= FACTR*EPSMCH,0
1.5,2.0,2000,1,clean,190,qlog,1.54,1.552851149389936,True,False,172,barrido q-log; q por deviance de bins,0
1.5,2.0,2000,1,clean,200,pdf,1.472835221210527,1.9161358013753205,True,False,179,CONVERGENCE: RELATIVE REDUCTION OF F <= FACTR*EPSMCH,0
1.5,2.0,2000,1,clean,200,qlog,1.54,1.4858802980597552,True,False,179,barrido q-log; q por deviance de bins,0
1.5,2.0,2000,1,noisy,10,pdf,1.4166549621904427,1.7393209937689562,True,False,10,CONVERGENCE: RELATIVE REDUCTION OF F <= FACTR*EPSMCH,0
1.5,2.0,2000,1,noisy,10,qlog,2.02,1.3800396845295109,True,False,10,barrido q-log; q por deviance de bins,0
1.5,2.0,2000,1,noisy,20,pdf,1.4308581226372599,1.7795881448045827,True,False,19,CONVERGENCE: RELATIVE REDUCTION OF F <= FACTR*EPSMCH,0
1.5,2.0,2000,1,noisy,20,qlog,1.62,1.5125865972946475,True,False,19,barrido q-log; q por deviance de bins,0
1.5,2.0,2000,1,noisy,30,pdf,1.47194788217467,1.8961284756949508,True,False,29,CONVERGENCE: RELATIVE REDUCTION OF F <= FACTR*EPSMCH,0
1.5,2.0,2000,1,noisy,30,qlog,1.54,1.6900929427218707,True,False,29,barrido q-log; q por deviance de bins,0
1.5,2.0,2000,1,noisy,40,pdf,1.4656798535032451,1.8835365154201866,True,False,38,CONVERGENCE: RELATIVE REDUCTION OF F <= FACTR*EPSMCH,0
1.5,2.0,2000,1,noisy,40,qlog,1.52,1.7396487593159624,True,False,38,barrido q-log; q por deviance de bins,0
1.5,2.0,2000,1,noisy,50,pdf,1.4610534030925593,1.869601308934153,True,False,47,CONVERGENCE: RELATIVE REDUCTION OF F <= FACTR*EPSMCH,0
1.5,2.0,2000,1,noisy,50,qlog,1.52,1.7750412902598014,True,False,47,barrido q-log; q por deviance de bins,0
1.5,2.0,2000,1,noisy,60,pdf,1.47092261238731,1.901007338073998,True,False,56,CONVERGENCE: RELATIVE REDUCTION OF F <= FACTR*EPSMCH,0
1.5,2.0,2000,1,noisy,60,qlog,1.52,1.711011319937196,True,False,56,barrido q-log; q por deviance de bins,0
1.5,2.0,2000,1,noisy,70,pdf,1.4674794411345093,1.8971422286637711,True,False,66,CONVERGENCE: RELATIVE REDUCTION OF F <= FACTR*EPSMCH,0
1.5,2.0,2000,1,noisy,70,qlog,1.54,1.7869029827815466,True,False,66,barrido q-log; q por deviance de bins,0
1.5,2.0,2000,1,noisy,80,pdf,1.4706996239715517,1.900624428761668,True,False,74,CONVERGENCE: RELATIVE REDUCTION OF F <= FACTR*EPSMCH,0
1.5,2.0,2000,1,noisy,80,qlog,1.54,1.7397746964137515,True,False,74,barrido q-log; q por deviance de bins,0
1.5,2.0,2000,1,noisy,90,pdf,1.4642630777975754,1.8813221167943202,True,False,84,CONVERGENCE: RELATIVE REDUCTION OF F <= FACTR*EPSMCH,0
1.5,2.0,2000,1,noisy,90,qlog,1.5,1.6798516816825757,True,False,84,barrido q-log; q por deviance de bins,0
1.5,2.0,2000,1,noisy,100,pdf,1.4683431511059917,1.8915937939552303,True,False,93,CONVERGENCE: RELATIVE REDUCTION OF F <= FACTR*EPSMCH,0
1.5,2.0,2000,1,noisy,100,qlog,1.52,1.765016326164225,True,False,93,barrido q-log; q por deviance de bins,0
1.5,2.0,2000,1,noisy,110,pdf,1.475033175884433,1.9148235323294842,True,False,102,CONVERGENCE: RELATIVE REDUCTION OF F <= FACTR*EPSMCH,0
1.5,2.0,2000,1,noisy,110,qlog,1.52,1.697515000914093,True,False,102,barrido q-log; q por deviance de bins,0
1.5,2.0,2000,1,noisy,120,pdf,1.4736779808413834,1.9107685836976778,True,False,112,CONVERGENCE: RELATIVE REDUCTION OF F <= FACTR*EPSMCH,0
1.5,2.0,2000,1,noisy,120,qlog,1.52,1.6948808010606378,True,False,112,barrido q-log; q por deviance de bins,0
1.5,2.0,2000,1,noisy,130,pdf,1.4653829223243464,1.8839136781028532,True,False,120,CONVERGENCE: RELATIVE REDUCTION OF F <= FACTR*EPSMCH,0
1.5,2.0,2000,1,noisy,130,qlog,1.52,1.6657619362822675,True,False,120,barrido q-log; q por deviance de bins,0
1.5,2.0,2000,1,noisy,140,pdf,1.4697563311192194,1.9015696991524695,True,False,130,CONVERGENCE: RELATIVE REDUCTION OF F <= FACTR*EPSMCH,0
1.5,2.0,2000,1,noisy,140,qlog,1.54,1.7139001738230988,True,False,130,barrido q-log; q por deviance de bins,0
1.5,2.0,2000,1,noisy,150,pdf,1.470898520649511,1.9004292878245144,True,False,138,CONVERGENCE: RELATIVE REDUCTION OF F <= FACTR*EPSMCH,0
1.5,2.0,2000,1,noisy,150,qlog,1.54,1.7176090231725079,True,False,138,barrido q-log; q por deviance de bins,0
1.5,2.0,2000,1,noisy,160,pdf,1.4734122016913445,1.908728622583589,True,False,147,CONVERGENCE: RELATIVE REDUCTION OF F <= FACTR*EPSMCH,0
1.5,2.0,2000,1,noisy,160,qlog,1.54,1.6453610292772585,True,False,147,barrido q-log; q por deviance de bins,0
1.5,2.0,2000,1,noisy,170,pdf,1.4724435535185212,1.9068606661260372,True,False,157,CONVERGENCE: RELATIVE REDUCTION OF F <= FACTR*EPSMCH,0
1.5,2.0,2000,1,noisy,170,qlog,1.54,1.6297671343217908,True,False,157,barrido q-log; q por deviance de bins,0
1.5,2.0,2000,1,noisy,180,pdf,1.4671026227728314,1.8885530084752016,True,False,164,CONVERGENCE: RELATIVE REDUCTION OF F <= FACTR*EPSMCH,0
1.5,2.0,2000,1,noisy,180,qlog,1.54,1.6520310695692932,True,False,164,barrido q-log; q por deviance de bins,0
1.5,2.0,2000,1,noisy,190,pdf,1.4726021595571859,1.9086464469781035,True,False,174,CONVERGENCE: RELATIVE REDUCTION OF F <= FACTR*EPSMCH,0
1.5,2.0,2000,1,noisy,190,qlog,1.54,1.5798647244029136,True,False,174,barrido q-log; q por deviance de bins,0
1.5,2.0,2000,1,noisy,200,pdf,1.4707970258492276,1.9014731817603105,True,False,181,CONVERGENCE: RELATIVE REDUCTION OF F <= FACTR*EPSMCH,0
1.5,2.0,2000,1,noisy,200,qlog,1.54,1.5240431125495413,True,False,181,barrido q-log; q por deviance de bins,0
1.5,2.0,2000,2,clean,10,pdf,1.470695231463123,1.8276361291412506,True,False,10,CONVERGENCE: NORM OF PROJECTED GRADIENT <= PGTOL,0
1.5,2.0,2000,2,clean,10,qlog,1.9,1.5983107432173305,True,False,10,barrido q-log; q por deviance de bins,0
1.5,2.0,2000,2,clean,20,pdf,1.4577028013267253,1.7839677977561597,True,False,20,CONVERGENCE: NORM OF PROJECTED GRADIENT <= PGTOL,0
1.5,2.0,2000,2,clean,20,qlog,1.54,1.4898064291071424,True,False,20,barrido q-log; q por deviance de bins,0
1.5,2.0,2000,2,clean,30,pdf,1.465418263836912,1.8145483090811263,True,False,30,CONVERGENCE: RELATIVE REDUCTION OF F <= FACTR*EPSMCH,0
1.5,2.0,2000,2,clean,30,qlog,1.5,1.658460804404369,True,False,30,barrido q-log; q por deviance de bins,0
1.5,2.0,2000,2,clean,40,pdf,1.470049889593931,1.830718038791483,True,False,40,CONVERGENCE: RELATIVE REDUCTION OF F <= FACTR*EPSMCH,0
1.5,2.0,2000,2,clean,40,qlog,1.48,1.628668886672177,True,False,40,barrido q-log; q por deviance de bins,0
1.5,2.0,2000,2,clean,50,pdf,1.4772773965152242,1.8507597807033884,True,False,50,CONVERGENCE: RELATIVE REDUCTION OF F <= FACTR*EPSMCH,0
1.5,2.0,2000,2,clean,50,qlog,1.48,1.660410372891863,True,False,50,barrido q-log; q por deviance de bins,0
1.5,2.0,2000,2,clean,60,pdf,1.4748527831290306,1.8436968902237485,True,False,59,CONVERGENCE: RELATIVE REDUCTION OF F <= FACTR*EPSMCH,0
1.5,2.0,2000,2,clean,60,qlog,1.48,1.7162725545318898,True,False,59,barrido q-log; q por deviance de bins,0
1.5,2.0,2000,2,clean,70,pdf,1.4776766950997697,1.8555224374914647,True,False,68,CONVERGENCE: RELATIVE REDUCTION OF F <= FACTR*EPSMCH,0
1.5,2.0,2000,2,clean,70,qlog,1.48,1.6872320090182475,True,False,68,barrido q-log; q por deviance de bins,0
1.5,2.0,2000,2,clean,80,pdf,1.475725503716973,1.8521448631195272,True,False,79,CONVERGENCE: RELATIVE REDUCTION OF F <= FACTR*EPSMCH,0
1.5,2.0,2000,2,clean,80,qlog,1.48,1.664198702435862,True,False,79,barrido q-log; q por deviance de bins,0
1.5,2.0,2000,2,clean,90,pdf,1.4771106161374452,1.850373652179764,True,False,87,CONVERGENCE: RELATIVE REDUCTION OF F <= FACTR*EPSMCH,0
1.5,2.0,2000,2,clean,90,qlog,1.48,1.6475350608976993,True,False,87,barrido q-log; q por deviance de bins,0
1.5,2.0,2000,2,clean,100,pdf,1.4788782340209854,1.856724319929538,True,False,97,CONVERGENCE: RELATIVE REDUCTION OF F <= FACTR*EPSMCH,0
1.5,2.0,2000,2,clean,100,qlog,1.48,1.6595356873906546,True,False,97,barrido q-log; q por deviance de bins,0
1.5,2.0,2000,2,clean,110,pdf,1.4807581495496347,1.8645115541821946,True,False,106,CONVERGENCE: RELATIVE REDUCTION OF F <= FACTR*EPSMCH,0
1.5,2.0,2000,2,clean,110,qlog,1.5,1.6768714818972577,True,False,106,barrido q-log; q por deviance de bins,0
1.5,2.0,2000,2,clean,120,pdf,1.4767432433240473,1.853282994767039,True,False,115,CONVERGENCE: RELATIVE REDUCTION OF F <= FACTR*EPSMCH,0
1.5,2.0,2000,2,clean,120,qlog,1.5,1.674033244973223,True,False,115,barrido q-log; q por deviance de bins,0
1.5,2.0,2000,2,clean,130,pdf,1.4785577730547124,1.8567583508208982,True,False,125,CONVERGENCE: RELATIVE REDUCTION OF F <= FACTR*EPSMCH,0
1.5,2.0,2000,2,clean,130,qlog,1.5,1.638586280116233,True,False,125,barrido q-log; q por deviance de bins,0
1.5,2.0,2000,2,clean,140,pdf,1.479963733212317,1.8622956054864102,True,False,133,CONVERGENCE: RELATIVE REDUCTION OF F <= FACTR*EPSMCH,0
1.5,2.0,2000,2,clean,140,qlog,1.5,1.6765426783126083,True,False,133,barrido q-log; q por deviance de bins,0
1.5,2.0,2000,2,clean,150,pdf,1.479376567877916,1.8586358131827838,True,False,143,CONVERGENCE: RELATIVE REDUCTION OF F <= FACTR*EPSMCH,0
1.5,2.0,2000,2,clean,150,qlog,1.5,1.6098326592648369,True,False,143,barrido q-log; q por deviance de bins,0
1.5,2.0,2000,2,clean,160,pdf,1.4791484772373433,1.860102420279683,True,False,152,CONVERGENCE: RELATIVE REDUCTION OF F <= FACTR*EPSMCH,0
1.5,2.0,2000,2,clean,160,qlog,1.5,1.60590133575142,True,False,152,barrido q-log; q por deviance de bins,0
1.5,2.0,2000,2,clean,170,pdf,1.4793852882517555,1.8575356357097275,True,False,160,CONVERGENCE: RELATIVE REDUCTION OF F <= FACTR*EPSMCH,0
1.5,2.0,2000,2,clean,170,qlog,1.5,1.5657209601678441,True,False,160,barrido q-log; q por deviance de bins,0
1.5,2.0,2000,2,clean,180,pdf,1.4806494195519595,1.862161840952785,True,False,169,CONVERGENCE: RELATIVE REDUCTION OF F <= FACTR*EPSMCH,0
1.5,2.0,2000,2,clean,180,qlog,1.5,1.57809816633979,True,False,169,barrido q-log; q por deviance de bins,0
1.5,2.0,2000,2,clean,190,pdf,1.4800762941676748,1.8615338696726844,True,False,178,CONVERGENCE: RELATIVE REDUCTION OF F <= FACTR*EPSMCH,0
1.5,2.0,2000,2,clean,190,qlog,1.5,1.5501932535275131,True,False,178,barrido q-log; q por deviance de bins,0
1.5,2.0,2000,2,clean,200,pdf,1.4794216016619268,1.859466242858132,True,False,188,CONVERGENCE: RELATIVE REDUCTION OF F <= FACTR*EPSMCH,0
1.5,2.0,2000,2,clean,200,qlog,1.5,1.5501716181563678,True,False,188,barrido q-log; q por deviance de bins,0
1.5,2.0,2000,2,noisy,10,pdf,1.488689842860953,1.8847171247301477,True,False,10,CONVERGENCE: NORM OF PROJECTED GRADIENT <= PGTOL,0
1.5,2.0,2000,2,noisy,10,qlog,1.92,1.69285890634062,True,False,10,barrido q-log; q por deviance de bins,0
1.5,2.0,2000,2,noisy,20,pdf,1.4657260666661127,1.8011399275377846,True,False,20,CONVERGENCE: NORM OF PROJECTED GRADIENT <= PGTOL,0
1.5,2.0,2000,2,noisy,20,qlog,1.56,1.5425918391922182,True,False,20,barrido q-log; q por deviance de bins,0
1.5,2.0,2000,2,noisy,30,pdf,1.4690438353199622,1.8261866881109414,True,False,30,CONVERGENCE: RELATIVE REDUCTION OF F <= FACTR*EPSMCH,0
1.5,2.0,2000,2,noisy,30,qlog,1.5,1.6371075850546524,True,False,30,barrido q-log; q por deviance de bins,0
1.5,2.0,2000,2,noisy,40,pdf,1.475327192115553,1.8315538063282257,True,False,40,CONVERGENCE: RELATIVE REDUCTION OF F <= FACTR*EPSMCH,0
1.5,2.0,2000,2,noisy,40,qlog,1.48,1.6041572226808003,True,False,40,barrido q-log; q por deviance de bins,0
1.5,2.0,2000,2,noisy,50,pdf,1.4779797154950234,1.836668972749079,True,False,50,CONVERGENCE: RELATIVE REDUCTION OF F <= FACTR*EPSMCH,0
1.5,2.0,2000,2,noisy,50,qlog,1.48,1.6129792172124056,True,False,50,barrido q-log; q por deviance de bins,0
1.5,2.0,2000,2,noisy,60,pdf,1.476189280751767,1.8383815739704321,True,False,59,CONVERGENCE: RELATIVE REDUCTION OF F <= FACTR*EPSMCH,0
1.5,2.0,2000,2,noisy,60,qlog,1.48,1.6657986604697832,True,False,59,barrido q-log; q por deviance de bins,0
1.5,2.0,2000,2,noisy,70,pdf,1.480203555623833,1.8500396135284496,True,False,68,CONVERGENCE: RELATIVE REDUCTION OF F <= FACTR*EPSMCH,0
1.5,2.0,2000,2,noisy,70,qlog,1.48,1.6501353265772034,True,False,68,barrido q-log; q por deviance de bins,0
1.5,2.0,2000,2,noisy,80,pdf,1.477282461234114,1.8392822052747795,True,False,79,CONVERGENCE: RELATIVE REDUCTION OF F <= FACTR*EPSMCH,0
1.5,2.0,2000,2,noisy,80,qlog,1.48,1.6402012175259635,True,False,79,barrido q-log; q por deviance de bins,0
1.5,2.0,2000,2,noisy,90,pdf,1.4762061522195886,1.8358553512077673,True,False,87,CONVERGENCE: RELATIVE REDUCTION OF F <= FACTR*EPSMCH,0
1.5,2.0,2000,2,noisy,90,qlog,1.48,1.6084499112605921,True,False,87,barrido q-log; q por deviance de bins,0
1.5,2.0,2000,2,noisy,100,pdf,1.478537779555075,1.8401295854518707,True,False,97,CONVERGENCE: RELATIVE REDUCTION OF F <= FACTR*EPSMCH,0
1.5,2.0,2000,2,noisy,100,qlog,1.48,1.6243945207330526,True,False,97,barrido q-log; q por deviance de bins,0
1.5,2.0,2000,2,noisy,110,pdf,1.4804425433709665,1.8516851477933094,True,False,105,CONVERGENCE: RELATIVE REDUCTION OF F <= FACTR*EPSMCH,0
1.5,2.0,2000,2,noisy,110,qlog,1.5,1.6403706448495803,True,False,105,barrido q-log; q por deviance de bins,0
1.5,2.0,2000,2,noisy,120,pdf,1.477268348621979,1.841939903211091,True,False,114,CONVERGENCE: RELATIVE REDUCTION OF F <= FACTR*EPSMCH,0
1.5,2.0,2000,2,noisy,120,qlog,1.48,1.517861870613832,True,False,114,barrido q-log; q por deviance de bins,0
1.5,2.0,2000,2,noisy,130,pdf,1.4807448996784882,1.8516326895437019,True,False,124,CONVERGENCE: RELATIVE REDUCTION OF F <= FACTR*EPSMCH,0
1.5,2.0,2000,2,noisy,130,qlog,1.5,1.633511388364927,True,False,124,barrido q-log; q por deviance de bins,0
1.5,2.0,2000,2,noisy,140,pdf,1.482995929524704,1.856033685113596,True,False,132,CONVERGENCE: RELATIVE REDUCTION OF F <= FACTR*EPSMCH,0
1.5,2.0,2000,2,noisy,140,qlog,1.5,1.6221581860582766,True,False,132,barrido q-log; q por deviance de bins,0
1.5,2.0,2000,2,noisy,150,pdf,1.4798276699513724,1.8482842903421908,True,False,141,CONVERGENCE: RELATIVE REDUCTION OF F <= FACTR*EPSMCH,0
1.5,2.0,2000,2,noisy,150,qlog,1.5,1.535477175825094,True,False,141,barrido q-log; q por deviance de bins,0
1.5,2.0,2000,2,noisy,160,pdf,1.4825685704352867,1.8565167502625166,True,False,151,CONVERGENCE: RELATIVE REDUCTION OF F <= FACTR*EPSMCH,0
1.5,2.0,2000,2,noisy,160,qlog,1.5,1.5610676708938376,True,False,151,barrido q-log; q por deviance de bins,0
1.5,2.0,2000,2,noisy,170,pdf,1.4821754563256442,1.8538220994492203,True,False,160,CONVERGENCE: RELATIVE REDUCTION OF F <= FACTR*EPSMCH,0
1.5,2.0,2000,2,noisy,170,qlog,1.5,1.5571313783814975,True,False,160,barrido q-log; q por deviance de bins,0
1.5,2.0,2000,2,noisy,180,pdf,1.4807136652001605,1.8484121780410316,True,False,167,CONVERGENCE: RELATIVE REDUCTION OF F <= FACTR*EPSMCH,0
1.5,2.0,2000,2,noisy,180,qlog,1.5,1.5182203786162858,True,False,167,barrido q-log; q por deviance de bins,0
1.5,2.0,2000,2,noisy,190,pdf,1.482725602100004,1.8570088229984005,True,False,177,CONVERGENCE: RELATIVE REDUCTION OF F <= FACTR*EPSMCH,0
1.5,2.0,2000,2,noisy,190,qlog,1.5,1.4950006093974306,True,False,177,barrido q-log; q por deviance de bins,0
1.5,2.0,2000,2,noisy,200,pdf,1.479537566406973,1.8451917330404959,True,False,185,CONVERGENCE: RELATIVE REDUCTION OF F <= FACTR*EPSMCH,0
1.5,2.0,2000,2,noisy,200,qlog,1.5,1.4695829579803037,True,False,185,barrido q-log; q por deviance de bins,0
1.5,2.0,2000,3,clean,10,pdf,1.4860306402931296,1.8717358320508308,True,False,10,CONVERGENCE: RELATIVE REDUCTION OF F <= FACTR*EPSMCH,0
1.5,2.0,2000,3,clean,10,qlog,1.94,1.689983322406704,True,False,10,barrido q-log; q por deviance de bins,0
1.5,2.0,2000,3,clean,20,pdf,1.495301915693885,1.9020435786656036,True,False,20,CONVERGENCE: RELATIVE REDUCTION OF F <= FACTR*EPSMCH,0
1.5,2.0,2000,3,clean,20,qlog,1.58,1.5887932164802878,True,False,20,barrido q-log; q por deviance de bins,0
1.5,2.0,2000,3,clean,30,pdf,1.4914431625461446,1.890470812013673,True,False,29,CONVERGENCE: RELATIVE REDUCTION OF F <= FACTR*EPSMCH,0
1.5,2.0,2000,3,clean,30,qlog,1.52,1.6807929897836307,True,False,29,barrido q-log; q por deviance de bins,0
1.5,2.0,2000,3,clean,40,pdf,1.5056620929799922,1.9444391708640663,True,False,39,CONVERGENCE: RELATIVE REDUCTION OF F <= FACTR*EPSMCH,0
1.5,2.0,2000,3,clean,40,qlog,1.52,1.769896771877039,True,False,39,barrido q-log; q por deviance de bins,0
1.5,2.0,2000,3,clean,50,pdf,1.511278963959949,1.9590655336869138,True,False,49,CONVERGENCE: RELATIVE REDUCTION OF F <= FACTR*EPSMCH,0
1.5,2.0,2000,3,clean,50,qlog,1.52,1.8178050839000583,True,False,49,barrido q-log; q por deviance de bins,0
1.5,2.0,2000,3,clean,60,pdf,1.5001370326809895,1.9186852338955935,True,False,58,CONVERGENCE: RELATIVE REDUCTION OF F <= FACTR*EPSMCH,0
1.5,2.0,2000,3,clean,60,qlog,1.5,1.7538690919595552,True,False,58,barrido q-log; q por deviance de bins,0
1.5,2.0,2000,3,clean,70,pdf,1.504993933585821,1.9380893557950387,True,False,67,CONVERGENCE: RELATIVE REDUCTION OF F <= FACTR*EPSMCH,0
1.5,2.0,2000,3,clean,70,qlog,1.52,1.7704658633456556,True,False,67,barrido q-log; q por deviance de bins,0
1.5,2.0,2000,3,clean,80,pdf,1.511278118805482,1.9588732990689426,True,False,77,CONVERGENCE: RELATIVE REDUCTION OF F <= FACTR*EPSMCH,0
1.5,2.0,2000,3,clean,80,qlog,1.52,1.8053478526261262,True,False,77,barrido q-log; q por deviance de bins,0
1.5,2.0,2000,3,clean,90,pdf,1.5092902625390603,1.9492892206091545,True,False,86,CONVERGENCE: RELATIVE REDUCTION OF F <= FACTR*EPSMCH,0
1.5,2.0,2000,3,clean,90,qlog,1.52,1.7980210838144872,True,False,86,barrido q-log; q por deviance de bins,0
1.5,2.0,2000,3,clean,100,pdf,1.5131811564969162,1.9620647197518004,True,False,96,CONVERGENCE: RELATIVE REDUCTION OF F <= FACTR*EPSMCH,0
1.5,2.0,2000,3,clean,100,qlog,1.52,1.763119968665881,True,False,96,barrido q-log; q por deviance de bins,0
1.5,2.0,2000,3,clean,110,pdf,1.5045662246535103,1.934430970843136,True,False,105,CONVERGENCE: RELATIVE REDUCTION OF F <= FACTR*EPSMCH,0
1.5,2.0,2000,3,clean,110,qlog,1.52,1.7843983210224803,True,False,105,barrido q-log; q por deviance de bins,0
1.5,2.0,2000,3,clean,120,pdf,1.5047406408010158,1.9359755498492095,True,False,114,CONVERGENCE: RELATIVE REDUCTION OF F <= FACTR*EPSMCH,0
1.5,2.0,2000,3,clean,120,qlog,1.52,1.7548552499305043,True,False,114,barrido q-log; q por deviance de bins,0
1.5,2.0,2000,3,clean,130,pdf,1.5094300472039432,1.9545944490640583,True,False,123,CONVERGENCE: RELATIVE REDUCTION OF F <= FACTR*EPSMCH,0
1.5,2.0,2000,3,clean,130,qlog,1.52,1.7262355714156021,True,False,123,barrido q-log; q por deviance de bins,0
1.5,2.0,2000,3,clean,140,pdf,1.5051622712240234,1.9384831547980825,True,False,133,CONVERGENCE: RELATIVE REDUCTION OF F <= FACTR*EPSMCH,0
1.5,2.0,2000,3,clean,140,qlog,1.52,1.724012042186886,True,False,133,barrido q-log; q por deviance de bins,0
1.5,2.0,2000,3,clean,150,pdf,1.5084658342701174,1.9499833686887287,True,False,141,CONVERGENCE: RELATIVE REDUCTION OF F <= FACTR*EPSMCH,0
1.5,2.0,2000,3,clean,150,qlog,1.52,1.7459213345142026,True,False,141,barrido q-log; q por deviance de bins,0
1.5,2.0,2000,3,clean,160,pdf,1.5098441879603253,1.955959658497797,True,False,151,CONVERGENCE: RELATIVE REDUCTION OF F <= FACTR*EPSMCH,0
1.5,2.0,2000,3,clean,160,qlog,1.52,1.6839938178834353,True,False,151,barrido q-log; q por deviance de bins,0
1.5,2.0,2000,3,clean,170,pdf,1.513676874494182,1.9684598870918166,True,False,161,CONVERGENCE: RELATIVE REDUCTION OF F <= FACTR*EPSMCH,0
1.5,2.0,2000,3,clean,170,qlog,1.52,1.642569104769531,True,False,161,barrido q-log; q por deviance de bins,0
1.5,2.0,2000,3,clean,180,pdf,1.5060802528733397,1.9407487034915711,True,False,169,CONVERGENCE: RELATIVE REDUCTION OF F <= FACTR*EPSMCH,0
1.5,2.0,2000,3,clean,180,qlog,1.52,1.6362332508946447,True,False,169,barrido q-log; q por deviance de bins,0
1.5,2.0,2000,3,clean,190,pdf,1.5058038627177286,1.9396759757000872,True,False,179,CONVERGENCE: RELATIVE REDUCTION OF F <= FACTR*EPSMCH,0
1.5,2.0,2000,3,clean,190,qlog,1.52,1.6547302062402274,True,False,179,barrido q-log; q por deviance de bins,0
1.5,2.0,2000,3,clean,200,pdf,1.509679395179227,1.954244881769386,True,False,189,CONVERGENCE: RELATIVE REDUCTION OF F <= FACTR*EPSMCH,0
1.5,2.0,2000,3,clean,200,qlog,1.52,1.6243179270131536,True,False,189,barrido q-log; q por deviance de bins,0
1.5,2.0,2000,3,noisy,10,pdf,1.4918586547551937,1.9010046827205251,True,False,10,CONVERGENCE: RELATIVE REDUCTION OF F <= FACTR*EPSMCH,0
1.5,2.0,2000,3,noisy,10,qlog,1.94,1.6951638712902006,True,False,10,barrido q-log; q por deviance de bins,0
1.5,2.0,2000,3,noisy,20,pdf,1.4956935705534273,1.9107678900340452,True,False,20,CONVERGENCE: RELATIVE REDUCTION OF F <= FACTR*EPSMCH,0
1.5,2.0,2000,3,noisy,20,qlog,1.58,1.5947411055630376,True,False,20,barrido q-log; q por deviance de bins,0
1.5,2.0,2000,3,noisy,30,pdf,1.4963673144325762,1.9031517293764924,True,False,29,CONVERGENCE: RELATIVE REDUCTION OF F <= FACTR*EPSMCH,0
1.5,2.0,2000,3,noisy,30,qlog,1.52,1.6544180969105353,True,False,29,barrido q-log; q por deviance de bins,0
1.5,2.0,2000,3,noisy,40,pdf,1.5069269312183775,1.9311455370072703,True,False,39,CONVERGENCE: RELATIVE REDUCTION OF F <= FACTR*EPSMCH,0
1.5,2.0,2000,3,noisy,40,qlog,1.52,1.7395950608577433,True,False,39,barrido q-log; q por deviance de bins,0
1.5,2.0,2000,3,noisy,50,pdf,1.5113926328604081,1.9504351180870263,True,False,49,CONVERGENCE: RELATIVE REDUCTION OF F <= FACTR*EPSMCH,0
1.5,2.0,2000,3,noisy,50,qlog,1.52,1.7718167246981944,True,False,49,barrido q-log; q por deviance de bins,0
1.5,2.0,2000,3,noisy,60,pdf,1.5038049630067416,1.9290192609009804,True,False,58,CONVERGENCE: RELATIVE REDUCTION OF F <= FACTR*EPSMCH,0
1.5,2.0,2000,3,noisy,60,qlog,1.5,1.7222589846118759,True,False,58,barrido q-log; q por deviance de bins,0
1.5,2.0,2000,3,noisy,70,pdf,1.5040025519548021,1.9305186532402583,True,False,68,CONVERGENCE: RELATIVE REDUCTION OF F <= FACTR*EPSMCH,0
1.5,2.0,2000,3,noisy,70,qlog,1.5,1.7099846878013687,True,False,68,barrido q-log; q por deviance de bins,0
1.5,2.0,2000,3,noisy,80,pdf,1.5077946472588757,1.9357659117097914,True,False,77,CONVERGENCE: RELATIVE REDUCTION OF F <= FACTR*EPSMCH,0
1.5,2.0,2000,3,noisy,80,qlog,1.5,1.6833132460452018,True,False,77,barrido q-log; q por deviance de bins,0
1.5,2.0,2000,3,noisy,90,pdf,1.5114436182172526,1.9453078204098018,True,False,86,CONVERGENCE: RELATIVE REDUCTION OF F <= FACTR*EPSMCH,0
1.5,2.0,2000,3,noisy,90,qlog,1.52,1.7140205877516705,True,False,86,barrido q-log; q por deviance de bins,0
1.5,2.0,2000,3,noisy,100,pdf,1.5111867421777356,1.9474754012496405,True,False,96,CONVERGENCE: RELATIVE REDUCTION OF F <= FACTR*EPSMCH,0
1.5,2.0,2000,3,noisy,100,qlog,1.52,1.7340626460806365,True,False,96,barrido q-log; q por deviance de bins,0
1.5,2.0,2000,3,noisy,110,pdf,1.504314085578012,1.9276080423389996,True,False,105,CONVERGENCE: RELATIVE REDUCTION OF F <= FACTR*EPSMCH,0
1.5,2.0,2000,3,noisy,110,qlog,1.5,1.6561425007279853,True,False,105,barrido q-log; q por deviance de bins,0
1.5,2.0,2000,3,noisy,120,pdf,1.5099509112931446,1.947594311760887,True,False,114,CONVERGENCE: RELATIVE REDUCTION OF F <= FACTR*EPSMCH,0
1.5,2.0,2000,3,noisy,120,qlog,1.52,1.7098414818289989,True,False,114,barrido q-log; q por deviance de bins,0
1.5,2.0,2000,3,noisy,130,pdf,1.5058291348061366,1.9308064765191628,True,False,123,CONVERGENCE: RELATIVE REDUCTION OF F <= FACTR*EPSMCH,0
1.5,2.0,2000,3,noisy,130,qlog,1.5,1.6418009291406213,True,False,123,barrido q-log; q por deviance de bins,0
1.5,2.0,2000,3,noisy,140,pdf,1.5077106209218807,1.9404862781222003,True,False,134,CONVERGENCE: RELATIVE REDUCTION OF F <= FACTR*EPSMCH,0
1.5,2.0,2000,3,noisy,140,qlog,1.5,1.633278258118839,True,False,134,barrido q-log; q por deviance de bins,0
1.5,2.0,2000,3,noisy,150,pdf,1.508334667700606,1.9395615677873947,True,False,141,CONVERGENCE: RELATIVE REDUCTION OF F <= FACTR*EPSMCH,0
1.5,2.0,2000,3,noisy,150,qlog,1.52,1.6928023381612773,True,False,141,barrido q-log; q por deviance de bins,0
1.5,2.0,2000,3,noisy,160,pdf,1.5073010706010967,1.9342170757836024,True,False,152,CONVERGENCE: RELATIVE REDUCTION OF F <= FACTR*EPSMCH,0
1.5,2.0,2000,3,noisy,160,qlog,1.5,1.589713994278472,True,False,152,barrido q-log; q por deviance de bins,0
1.5,2.0,2000,3,noisy,170,pdf,1.5128099710825407,1.9558276084766335,True,False,161,CONVERGENCE: RELATIVE REDUCTION OF F <= FACTR*EPSMCH,0
1.5,2.0,2000,3,noisy,170,qlog,1.52,1.6158956206253385,True,False,161,barrido q-log; q por deviance de bins,0
1.5,2.0,2000,3,noisy,180,pdf,1.5075006262940107,1.9373744726344058,True,False,168,CONVERGENCE: RELATIVE REDUCTION OF F <= FACTR*EPSMCH,0
1.5,2.0,2000,3,noisy,180,qlog,1.5,1.5051324319789283,True,False,168,barrido q-log; q por deviance de bins,0
1.5,2.0,2000,3,noisy,190,pdf,1.5039013169114206,1.923151289525412,True,False,177,CONVERGENCE: RELATIVE REDUCTION OF F <= FACTR*EPSMCH,0
1.5,2.0,2000,3,noisy,190,qlog,1.5,1.5410284483683947,True,False,177,barrido q-log; q por deviance de bins,0
1.5,2.0,2000,3,noisy,200,pdf,1.5106517962383235,1.949339272735355,True,False,188,CONVERGENCE: RELATIVE REDUCTION OF F <= FACTR*EPSMCH,0
1.5,2.0,2000,3,noisy,200,qlog,1.52,1.5751746788245895,True,False,188,barrido q-log; q por deviance de bins,0
1.5,2.0,2000,4,clean,10,pdf,1.490780508006114,1.9338403521653187,True,False,10,CONVERGENCE: RELATIVE REDUCTION OF F <= FACTR*EPSMCH,0
1.5,2.0,2000,4,clean,10,qlog,2.0,1.467167988366857,True,False,10,barrido q-log; q por deviance de bins,0
1.5,2.0,2000,4,clean,20,pdf,1.5096240336391518,1.9819271451869922,True,False,20,CONVERGENCE: RELATIVE REDUCTION OF F <= FACTR*EPSMCH,0
1.5,2.0,2000,4,clean,20,qlog,1.6400000000000001,1.6375489751368442,True,False,20,barrido q-log; q por deviance de bins,0
1.5,2.0,2000,4,clean,30,pdf,1.5087026997322752,1.9980558115548517,True,False,29,CONVERGENCE: RELATIVE REDUCTION OF F <= FACTR*EPSMCH,0
1.5,2.0,2000,4,clean,30,qlog,1.54,1.7083169035567511,True,False,29,barrido q-log; q por deviance de bins,0
1.5,2.0,2000,4,clean,40,pdf,1.4876414663062238,1.9155508702364747,True,False,39,CONVERGENCE: RELATIVE REDUCTION OF F <= FACTR*EPSMCH,0
1.5,2.0,2000,4,clean,40,qlog,1.5,1.6913479927618618,True,False,39,barrido q-log; q por deviance de bins,0
1.5,2.0,2000,4,clean,50,pdf,1.4989260285757304,1.9703051509028395,True,False,48,CONVERGENCE: RELATIVE REDUCTION OF F <= FACTR*EPSMCH,0
1.5,2.0,2000,4,clean,50,qlog,1.52,1.819458278479733,True,False,48,barrido q-log; q por deviance de bins,0
1.5,2.0,2000,4,clean,60,pdf,1.4952046611630934,1.9496231782624451,True,False,58,CONVERGENCE: RELATIVE REDUCTION OF F <= FACTR*EPSMCH,0
1.5,2.0,2000,4,clean,60,qlog,1.5,1.7509444503617668,True,False,58,barrido q-log; q por deviance de bins,0
1.5,2.0,2000,4,clean,70,pdf,1.491801001283952,1.938151681514948,True,False,66,CONVERGENCE: RELATIVE REDUCTION OF F <= FACTR*EPSMCH,0
1.5,2.0,2000,4,clean,70,qlog,1.52,1.7967794442143183,True,False,66,barrido q-log; q por deviance de bins,0
1.5,2.0,2000,4,clean,80,pdf,1.4886467952303928,1.9238672295590071,True,False,76,CONVERGENCE: RELATIVE REDUCTION OF F <= FACTR*EPSMCH,0
1.5,2.0,2000,4,clean,80,qlog,1.5,1.7354630265566402,True,False,76,barrido q-log; q por deviance de bins,0
1.5,2.0,2000,4,clean,90,pdf,1.4976915409102225,1.9606066079647433,True,False,85,CONVERGENCE: RELATIVE REDUCTION OF F <= FACTR*EPSMCH,0
1.5,2.0,2000,4,clean,90,qlog,1.52,1.7849735662660167,True,False,85,barrido q-log; q por deviance de bins,0
1.5,2.0,2000,4,clean,100,pdf,1.4933253205116819,1.9439031909995566,True,False,95,CONVERGENCE: RELATIVE REDUCTION OF F <= FACTR*EPSMCH,0
1.5,2.0,2000,4,clean,100,qlog,1.52,1.7343812255948903,True,False,95,barrido q-log; q por deviance de bins,0
1.5,2.0,2000,4,clean,110,pdf,1.4916802104777775,1.940911795259763,True,False,104,CONVERGENCE: RELATIVE REDUCTION OF F <= FACTR*EPSMCH,0
1.5,2.0,2000,4,clean,110,qlog,1.52,1.725405032320299,True,False,104,barrido q-log; q por deviance de bins,0
1.5,2.0,2000,4,clean,120,pdf,1.4899327820746155,1.9329476506186416,True,False,113,CONVERGENCE: RELATIVE REDUCTION OF F <= FACTR*EPSMCH,0
1.5,2.0,2000,4,clean,120,qlog,1.52,1.7170336395862138,True,False,113,barrido q-log; q por deviance de bins,0
1.5,2.0,2000,4,clean,130,pdf,1.4936545047366776,1.9463482807936037,True,False,121,CONVERGENCE: RELATIVE REDUCTION OF F <= FACTR*EPSMCH,0
1.5,2.0,2000,4,clean,130,qlog,1.52,1.6862569993407561,True,False,121,barrido q-log; q por deviance de bins,0
1.5,2.0,2000,4,clean,140,pdf,1.4917973945916083,1.9368740363400831,True,False,131,CONVERGENCE: RELATIVE REDUCTION OF F <= FACTR*EPSMCH,0
1.5,2.0,2000,4,clean,140,qlog,1.52,1.657413014274561,True,False,131,barrido q-log; q por deviance de bins,0
1.5,2.0,2000,4,clean,150,pdf,1.4963918489294605,1.9565613054292528,True,False,141,CONVERGENCE: RELATIVE REDUCTION OF F <= FACTR*EPSMCH,0
1.5,2.0,2000,4,clean,150,qlog,1.52,1.6193445993113078,True,False,141,barrido q-log; q por deviance de bins,0
1.5,2.0,2000,4,clean,160,pdf,1.4894897731473526,1.9294118354913787,True,False,146,CONVERGENCE: RELATIVE REDUCTION OF F <= FACTR*EPSMCH,0
1.5,2.0,2000,4,clean,160,qlog,1.52,1.5712225557418122,True,False,146,barrido q-log; q por deviance de bins,0
1.5,2.0,2000,4,clean,170,pdf,1.4895566494742178,1.9292262983052821,True,False,158,CONVERGENCE: RELATIVE REDUCTION OF F <= FACTR*EPSMCH,0
1.5,2.0,2000,4,clean,170,qlog,1.54,1.6423510637500884,True,False,158,barrido q-log; q por deviance de bins,0
1.5,2.0,2000,4,clean,180,pdf,1.4921613520155859,1.9378894316590791,True,False,164,CONVERGENCE: RELATIVE REDUCTION OF F <= FACTR*EPSMCH,0
1.5,2.0,2000,4,clean,180,qlog,1.54,1.6388224872190709,True,False,164,barrido q-log; q por deviance de bins,0
1.5,2.0,2000,4,clean,190,pdf,1.4907593870536786,1.9349622623618865,True,False,175,CONVERGENCE: RELATIVE REDUCTION OF F <= FACTR*EPSMCH,0
1.5,2.0,2000,4,clean,190,qlog,1.54,1.6048193377325695,True,False,175,barrido q-log; q por deviance de bins,0
1.5,2.0,2000,4,clean,200,pdf,1.4931718877420435,1.942650901002835,True,False,183,CONVERGENCE: RELATIVE REDUCTION OF F <= FACTR*EPSMCH,0
1.5,2.0,2000,4,clean,200,qlog,1.54,1.5591779122933274,True,False,183,barrido q-log; q por deviance de bins,0
1.5,2.0,2000,4,noisy,10,pdf,1.4779051132515937,1.8845880286079717,True,False,10,CONVERGENCE: NORM OF PROJECTED GRADIENT <= PGTOL,0
1.5,2.0,2000,4,noisy,10,qlog,2.0,1.4805518670970035,True,False,10,barrido q-log; q por deviance de bins,0
1.5,2.0,2000,4,noisy,20,pdf,1.4962110412259297,1.9151386373538086,True,False,20,CONVERGENCE: RELATIVE REDUCTION OF F <= FACTR*EPSMCH,0
1.5,2.0,2000,4,noisy,20,qlog,1.62,1.5572440163149586,True,False,20,barrido q-log; q por deviance de bins,0
1.5,2.0,2000,4,noisy,30,pdf,1.4924213974089628,1.9168886903127544,True,False,29,CONVERGENCE: RELATIVE REDUCTION OF F <= FACTR*EPSMCH,0
1.5,2.0,2000,4,noisy,30,qlog,1.54,1.6980631000152444,True,False,29,barrido q-log; q por deviance de bins,0
1.5,2.0,2000,4,noisy,40,pdf,1.4769071566242626,1.8582199135241813,True,False,39,CONVERGENCE: NORM OF PROJECTED GRADIENT <= PGTOL,0
1.5,2.0,2000,4,noisy,40,qlog,1.5,1.6736579154483906,True,False,39,barrido q-log; q por deviance de bins,0
1.5,2.0,2000,4,noisy,50,pdf,1.4861574037377676,1.8903546730168255,True,False,48,CONVERGENCE: RELATIVE REDUCTION OF F <= FACTR*EPSMCH,0
1.5,2.0,2000,4,noisy,50,qlog,1.5,1.7056953467755478,True,False,48,barrido q-log; q por deviance de bins,0
1.5,2.0,2000,4,noisy,60,pdf,1.4888247143931335,1.8969539040304861,True,False,58,CONVERGENCE: RELATIVE REDUCTION OF F <= FACTR*EPSMCH,0
1.5,2.0,2000,4,noisy,60,qlog,1.5,1.7314737083304517,True,False,58,barrido q-log; q por deviance de bins,0
1.5,2.0,2000,4,noisy,70,pdf,1.4821137699150184,1.8732273111162594,True,False,66,CONVERGENCE: RELATIVE REDUCTION OF F <= FACTR*EPSMCH,0
1.5,2.0,2000,4,noisy,70,qlog,1.5,1.680747928730841,True,False,66,barrido q-log; q por deviance de bins,0
1.5,2.0,2000,4,noisy,80,pdf,1.4813046777657768,1.8740631690141156,True,False,76,CONVERGENCE: RELATIVE REDUCTION OF F <= FACTR*EPSMCH,0
1.5,2.0,2000,4,noisy,80,qlog,1.5,1.6692895067403857,True,False,76,barrido q-log; q por deviance de bins,0
1.5,2.0,2000,4,noisy,90,pdf,1.485412157704111,1.8860986686573455,True,False,85,CONVERGENCE: RELATIVE REDUCTION OF F <= FACTR*EPSMCH,0
1.5,2.0,2000,4,noisy,90,qlog,1.5,1.6462318486934795,True,False,85,barrido q-log; q por deviance de bins,0
1.5,2.0,2000,4,noisy,100,pdf,1.483588223276647,1.8823265356480163,True,False,95,CONVERGENCE: RELATIVE REDUCTION OF F <= FACTR*EPSMCH,0
1.5,2.0,2000,4,noisy,100,qlog,1.5,1.6432110214200946,True,False,95,barrido q-log; q por deviance de bins,0
1.5,2.0,2000,4,noisy,110,pdf,1.4783870434995776,1.8651677730877645,True,False,104,CONVERGENCE: RELATIVE REDUCTION OF F <= FACTR*EPSMCH,0
1.5,2.0,2000,4,noisy,110,qlog,1.5,1.614212694429004,True,False,104,barrido q-log; q por deviance de bins,0
1.5,2.0,2000,4,noisy,120,pdf,1.4843343632729054,1.8834327999648803,True,False,113,CONVERGENCE: RELATIVE REDUCTION OF F <= FACTR*EPSMCH,0
1.5,2.0,2000,4,noisy,120,qlog,1.52,1.6415411865877667,True,False,113,barrido q-log; q por deviance de bins,0
1.5,2.0,2000,4,noisy,130,pdf,1.4855883429878094,1.8862381460109778,True,False,121,CONVERGENCE: RELATIVE REDUCTION OF F <= FACTR*EPSMCH,0
1.5,2.0,2000,4,noisy,130,qlog,1.52,1.620465808496132,True,False,121,barrido q-log; q por deviance de bins,0
1.5,2.0,2000,4,noisy,140,pdf,1.481743230649037,1.8709183502777553,True,False,131,CONVERGENCE: RELATIVE REDUCTION OF F <= FACTR*EPSMCH,0
1.5,2.0,2000,4,noisy,140,qlog,1.52,1.5927977084835827,True,False,131,barrido q-log; q por deviance de bins,0
1.5,2.0,2000,4,noisy,150,pdf,1.4876973810716692,1.8941648305559717,True,False,140,CONVERGENCE: RELATIVE REDUCTION OF F <= FACTR*EPSMCH,0
1.5,2.0,2000,4,noisy,150,qlog,1.52,1.551852047794339,True,False,140,barrido q-log; q por deviance de bins,0
1.5,2.0,2000,4,noisy,160,pdf,1.4832796451505508,1.8786085028004642,True,False,148,CONVERGENCE: RELATIVE REDUCTION OF F <= FACTR*EPSMCH,0
1.5,2.0,2000,4,noisy,160,qlog,1.52,1.563986975905109,True,False,148,barrido q-log; q por deviance de bins,0
1.5,2.0,2000,4,noisy,170,pdf,1.4821780099777353,1.8736926679885615,True,False,158,CONVERGENCE: RELATIVE REDUCTION OF F <= FACTR*EPSMCH,0
1.5,2.0,2000,4,noisy,170,qlog,1.52,1.5235420678772238,True,False,158,barrido q-log; q por deviance de bins,0
1.5,2.0,2000,4,noisy,180,pdf,1.4844853233025974,1.8821843234128444,True,False,166,CONVERGENCE: RELATIVE REDUCTION OF F <= FACTR*EPSMCH,0
1.5,2.0,2000,4,noisy,180,qlog,1.52,1.5493143280834532,True,False,166,barrido q-log; q por deviance de bins,0
1.5,2.0,2000,4,noisy,190,pdf,1.4843538250779904,1.881667086702393,True,False,176,CONVERGENCE: RELATIVE REDUCTION OF F <= FACTR*EPSMCH,0
1.5,2.0,2000,4,noisy,190,qlog,1.52,1.5071450371019428,True,False,176,barrido q-log; q por deviance de bins,0
1.5,2.0,2000,4,noisy,200,pdf,1.4850240155978172,1.8836858243171146,True,False,186,CONVERGENCE: RELATIVE REDUCTION OF F <= FACTR*EPSMCH,0
1.5,2.0,2000,4,noisy,200,qlog,1.54,1.578299654752198,True,False,186,barrido q-log; q por deviance de bins,0
1.5,2.0,2000,5,clean,10,pdf,1.4300482642583296,1.8149426433950362,True,False,10,CONVERGENCE: NORM OF PROJECTED GRADIENT <= PGTOL,0
1.5,2.0,2000,5,clean,10,qlog,1.96,1.6576792789048373,True,False,10,barrido q-log; q por deviance de bins,0
1.5,2.0,2000,5,clean,20,pdf,1.4770605059231012,1.9776203123890057,True,False,20,CONVERGENCE: RELATIVE REDUCTION OF F <= FACTR*EPSMCH,0
1.5,2.0,2000,5,clean,20,qlog,1.58,1.6520557186162408,True,False,20,barrido q-log; q por deviance de bins,0
1.5,2.0,2000,5,clean,30,pdf,1.4942660106553192,2.04265908424674,True,False,30,CONVERGENCE: NORM OF PROJECTED GRADIENT <= PGTOL,0
1.5,2.0,2000,5,clean,30,qlog,1.52,1.788007975714848,True,False,30,barrido q-log; q por deviance de bins,0
1.5,2.0,2000,5,clean,40,pdf,1.5271452950110131,2.170130305725317,True,False,40,CONVERGENCE: RELATIVE REDUCTION OF F <= FACTR*EPSMCH,0
1.5,2.0,2000,5,clean,40,qlog,1.54,1.941813893074421,True,False,40,barrido q-log; q por deviance de bins,0
1.5,2.0,2000,5,clean,50,pdf,1.5142899508914318,2.111597233827926,True,False,50,CONVERGENCE: RELATIVE REDUCTION OF F <= FACTR*EPSMCH,0
1.5,2.0,2000,5,clean,50,qlog,1.52,1.9051104099509462,True,False,50,barrido q-log; q por deviance de bins,0
1.5,2.0,2000,5,clean,60,pdf,1.5104797022690308,2.1000985969442056,True,False,60,CONVERGENCE: RELATIVE REDUCTION OF F <= FACTR*EPSMCH,0
1.5,2.0,2000,5,clean,60,qlog,1.52,1.886161663621312,True,False,60,barrido q-log; q por deviance de bins,0
1.5,2.0,2000,5,clean,70,pdf,1.524582650111638,2.1587664054072317,True,False,68,CONVERGENCE: RELATIVE REDUCTION OF F <= FACTR*EPSMCH,0
1.5,2.0,2000,5,clean,70,qlog,1.54,1.9578012118336197,True,False,68,barrido q-log; q por deviance de bins,0
1.5,2.0,2000,5,clean,80,pdf,1.5165198370499902,2.125287980558879,True,False,79,CONVERGENCE: RELATIVE REDUCTION OF F <= FACTR*EPSMCH,0
1.5,2.0,2000,5,clean,80,qlog,1.52,1.8773050605867485,True,False,79,barrido q-log; q por deviance de bins,0
1.5,2.0,2000,5,clean,90,pdf,1.5142186146009105,2.1202601813430015,True,False,89,CONVERGENCE: RELATIVE REDUCTION OF F <= FACTR*EPSMCH,0
1.5,2.0,2000,5,clean,90,qlog,1.52,1.8516339702715836,True,False,89,barrido q-log; q por deviance de bins,0
1.5,2.0,2000,5,clean,100,pdf,1.522033904647714,2.1452406865497333,True,False,98,CONVERGENCE: RELATIVE REDUCTION OF F <= FACTR*EPSMCH,0
1.5,2.0,2000,5,clean,100,qlog,1.54,1.9238431684523685,True,False,98,barrido q-log; q por deviance de bins,0
1.5,2.0,2000,5,clean,110,pdf,1.5201065024874985,2.1390968677475337,True,False,107,CONVERGENCE: RELATIVE REDUCTION OF F <= FACTR*EPSMCH,0
1.5,2.0,2000,5,clean,110,qlog,1.54,1.8640207817123053,True,False,107,barrido q-log; q por deviance de bins,0
1.5,2.0,2000,5,clean,120,pdf,1.5200040165226665,2.1400577822690625,True,False,117,CONVERGENCE: RELATIVE REDUCTION OF F <= FACTR*EPSMCH,0
1.5,2.0,2000,5,clean,120,qlog,1.54,1.842046565469839,True,False,117,barrido q-log; q por deviance de bins,0
1.5,2.0,2000,5,clean,130,pdf,1.520689687847745,2.1436201849287855,True,False,125,CONVERGENCE: RELATIVE REDUCTION OF F <= FACTR*EPSMCH,0
1.5,2.0,2000,5,clean,130,qlog,1.54,1.8373382232847304,True,False,125,barrido q-log; q por deviance de bins,0
1.5,2.0,2000,5,clean,140,pdf,1.5207446252181709,2.1429980725921816,True,False,135,CONVERGENCE: RELATIVE REDUCTION OF F <= FACTR*EPSMCH,0
1.5,2.0,2000,5,clean,140,qlog,1.54,1.8264120973471667,True,False,135,barrido q-log; q por deviance de bins,0
1.5,2.0,2000,5,clean,150,pdf,1.520609865463801,2.138484668532919,True,False,144,CONVERGENCE: RELATIVE REDUCTION OF F <= FACTR*EPSMCH,0
1.5,2.0,2000,5,clean,150,qlog,1.54,1.7219053568962002,True,False,144,barrido q-log; q por deviance de bins,0
1.5,2.0,2000,5,clean,160,pdf,1.5219587998641375,2.14683141348148,True,False,153,CONVERGENCE: RELATIVE REDUCTION OF F <= FACTR*EPSMCH,0
1.5,2.0,2000,5,clean,160,qlog,1.54,1.754186459901044,True,False,153,barrido q-log; q por deviance de bins,0
1.5,2.0,2000,5,clean,170,pdf,1.5205870546800906,2.1403830882124897,True,False,163,CONVERGENCE: RELATIVE REDUCTION OF F <= FACTR*EPSMCH,0
1.5,2.0,2000,5,clean,170,qlog,1.54,1.6731221610785594,True,False,163,barrido q-log; q por deviance de bins,0
1.5,2.0,2000,5,clean,180,pdf,1.5184110869062064,2.1346728276599096,True,False,171,CONVERGENCE: RELATIVE REDUCTION OF F <= FACTR*EPSMCH,0
1.5,2.0,2000,5,clean,180,qlog,1.54,1.645699741497127,True,False,171,barrido q-log; q por deviance de bins,0
1.5,2.0,2000,5,clean,190,pdf,1.521263863187111,2.144483129744027,True,False,181,CONVERGENCE: RELATIVE REDUCTION OF F <= FACTR*EPSMCH,0
1.5,2.0,2000,5,clean,190,qlog,1.54,1.5981913210680712,True,False,181,barrido q-log; q por deviance de bins,0
1.5,2.0,2000,5,clean,200,pdf,1.5229508645889056,2.150533089390474,True,False,188,CONVERGENCE: RELATIVE REDUCTION OF F <= FACTR*EPSMCH,0
1.5,2.0,2000,5,clean,200,qlog,1.56,1.62463119055797,True,False,188,barrido q-log; q por deviance de bins,0
1.5,2.0,2000,5,noisy,10,pdf,1.4255960872649454,1.7870542172103832,True,False,10,CONVERGENCE: RELATIVE REDUCTION OF F <= FACTR*EPSMCH,0
1.5,2.0,2000,5,noisy,10,qlog,1.96,1.6286770352037543,True,False,10,barrido q-log; q por deviance de bins,0
1.5,2.0,2000,5,noisy,20,pdf,1.4682615610952456,1.9237156652214122,True,False,20,CONVERGENCE: RELATIVE REDUCTION OF F <= FACTR*EPSMCH,0
1.5,2.0,2000,5,noisy,20,qlog,1.58,1.6313655991936333,True,False,20,barrido q-log; q por deviance de bins,0
1.5,2.0,2000,5,noisy,30,pdf,1.478645061094855,1.965987892555497,True,False,30,CONVERGENCE: RELATIVE REDUCTION OF F <= FACTR*EPSMCH,0
1.5,2.0,2000,5,noisy,30,qlog,1.52,1.761647547693501,True,False,30,barrido q-log; q por deviance de bins,0
1.5,2.0,2000,5,noisy,40,pdf,1.5177302132101318,2.091892396045988,True,False,40,CONVERGENCE: RELATIVE REDUCTION OF F <= FACTR*EPSMCH,0
1.5,2.0,2000,5,noisy,40,qlog,1.54,1.8771038770886985,True,False,40,barrido q-log; q por deviance de bins,0
1.5,2.0,2000,5,noisy,50,pdf,1.509260601306473,2.0637811190090996,True,False,50,CONVERGENCE: RELATIVE REDUCTION OF F <= FACTR*EPSMCH,0
1.5,2.0,2000,5,noisy,50,qlog,1.52,1.8727766085424893,True,False,50,barrido q-log; q por deviance de bins,0
1.5,2.0,2000,5,noisy,60,pdf,1.498532793726603,2.0247907668555234,True,False,60,CONVERGENCE: RELATIVE REDUCTION OF F <= FACTR*EPSMCH,0
1.5,2.0,2000,5,noisy,60,qlog,1.52,1.8320171512227548,True,False,60,barrido q-log; q por deviance de bins,0
1.5,2.0,2000,5,noisy,70,pdf,1.5148821993244732,2.0841159751536344,True,False,68,CONVERGENCE: RELATIVE REDUCTION OF F <= FACTR*EPSMCH,0
1.5,2.0,2000,5,noisy,70,qlog,1.54,1.9071127882721968,True,False,68,barrido q-log; q por deviance de bins,0
1.5,2.0,2000,5,noisy,80,pdf,1.5074165296992026,2.0556314668851154,True,False,79,CONVERGENCE: RELATIVE REDUCTION OF F <= FACTR*EPSMCH,0
1.5,2.0,2000,5,noisy,80,qlog,1.52,1.8213118975203908,True,False,79,barrido q-log; q por deviance de bins,0
1.5,2.0,2000,5,noisy,90,pdf,1.5033953403061908,2.045720348861435,True,False,89,CONVERGENCE: RELATIVE REDUCTION OF F <= FACTR*EPSMCH,0
1.5,2.0,2000,5,noisy,90,qlog,1.52,1.825835933007843,True,False,89,barrido q-log; q por deviance de bins,0
1.5,2.0,2000,5,noisy,100,pdf,1.5121237402793966,2.075821524221908,True,False,97,CONVERGENCE: RELATIVE REDUCTION OF F <= FACTR*EPSMCH,0
1.5,2.0,2000,5,noisy,100,qlog,1.52,1.8419241785917435,True,False,97,barrido q-log; q por deviance de bins,0
1.5,2.0,2000,5,noisy,110,pdf,1.516218651128806,2.08924978392289,True,False,107,CONVERGENCE: RELATIVE REDUCTION OF F <= FACTR*EPSMCH,0
1.5,2.0,2000,5,noisy,110,qlog,1.52,1.6960853608344597,True,False,107,barrido q-log; q por deviance de bins,0
1.5,2.0,2000,5,noisy,120,pdf,1.5101148398768742,2.0686096457888814,True,False,117,CONVERGENCE: RELATIVE REDUCTION OF F <= FACTR*EPSMCH,0
1.5,2.0,2000,5,noisy,120,qlog,1.54,1.8089988861450017,True,False,117,barrido q-log; q por deviance de bins,0
1.5,2.0,2000,5,noisy,130,pdf,1.5102132025238866,2.068054228460046,True,False,125,CONVERGENCE: NORM OF PROJECTED GRADIENT <= PGTOL,0
1.5,2.0,2000,5,noisy,130,qlog,1.54,1.823055892232265,True,False,125,barrido q-log; q por deviance de bins,0
1.5,2.0,2000,5,noisy,140,pdf,1.5105946506786863,2.068223261477734,True,False,135,CONVERGENCE: RELATIVE REDUCTION OF F <= FACTR*EPSMCH,0
1.5,2.0,2000,5,noisy,140,qlog,1.54,1.7908674763706325,True,False,135,barrido q-log; q por deviance de bins,0
1.5,2.0,2000,5,noisy,150,pdf,1.51074306300857,2.069038089605567,True,False,142,CONVERGENCE: RELATIVE REDUCTION OF F <= FACTR*EPSMCH,0
1.5,2.0,2000,5,noisy,150,qlog,1.54,1.64893210626364,True,False,142,barrido q-log; q por deviance de bins,0
1.5,2.0,2000,5,noisy,160,pdf,1.5130214317993265,2.0768152186829156,True,False,153,CONVERGENCE: RELATIVE REDUCTION OF F <= FACTR*EPSMCH,0
1.5,2.0,2000,5,noisy,160,qlog,1.54,1.7253406892743517,True,False,153,barrido q-log; q por deviance de bins,0
1.5,2.0,2000,5,noisy,170,pdf,1.5138975971495328,2.080420676961779,True,False,162,CONVERGENCE: RELATIVE REDUCTION OF F <= FACTR*EPSMCH,0
1.5,2.0,2000,5,noisy,170,qlog,1.54,1.6971147423035142,True,False,162,barrido q-log; q por deviance de bins,0
1.5,2.0,2000,5,noisy,180,pdf,1.5118950544075518,2.074064304999025,True,False,170,CONVERGENCE: RELATIVE REDUCTION OF F <= FACTR*EPSMCH,0
1.5,2.0,2000,5,noisy,180,qlog,1.54,1.5791711870532619,True,False,170,barrido q-log; q por deviance de bins,0
1.5,2.0,2000,5,noisy,190,pdf,1.5139184681864148,2.0805731386341826,True,False,181,CONVERGENCE: RELATIVE REDUCTION OF F <= FACTR*EPSMCH,0
1.5,2.0,2000,5,noisy,190,qlog,1.54,1.647661089577588,True,False,181,barrido q-log; q por deviance de bins,0
1.5,2.0,2000,5,noisy,200,pdf,1.5126225003331144,2.077129863988723,True,False,187,CONVERGENCE: RELATIVE REDUCTION OF F <= FACTR*EPSMCH,0
1.5,2.0,2000,5,noisy,200,qlog,1.54,1.6293882528789678,True,False,187,barrido q-log; q por deviance de bins,0
1.5,2.0,2000,6,clean,10,pdf,1.5158650323131926,2.036828148530415,True,False,10,CONVERGENCE: RELATIVE REDUCTION OF F <= FACTR*EPSMCH,0
1.5,2.0,2000,6,clean,10,qlog,1.92,1.9358541216189702,True,False,10,barrido q-log; q por deviance de bins,0
1.5,2.0,2000,6,clean,20,pdf,1.5009364761098583,1.9663542755276788,True,False,20,CONVERGENCE: RELATIVE REDUCTION OF F <= FACTR*EPSMCH,0
1.5,2.0,2000,6,clean,20,qlog,1.58,1.7197898430553054,True,False,20,barrido q-log; q por deviance de bins,0
1.5,2.0,2000,6,clean,30,pdf,1.512177796732256,2.000106137272802,True,False,30,CONVERGENCE: RELATIVE REDUCTION OF F <= FACTR*EPSMCH,0
1.5,2.0,2000,6,clean,30,qlog,1.54,1.8277912574955617,True,False,30,barrido q-log; q por deviance de bins,0
1.5,2.0,2000,6,clean,40,pdf,1.5075773386451041,1.9847502282673373,True,False,40,CONVERGENCE: RELATIVE REDUCTION OF F <= FACTR*EPSMCH,0
1.5,2.0,2000,6,clean,40,qlog,1.52,1.8521347545438147,True,False,40,barrido q-log; q por deviance de bins,0
1.5,2.0,2000,6,clean,50,pdf,1.5115679166401212,1.9957970305352248,True,False,50,CONVERGENCE: RELATIVE REDUCTION OF F <= FACTR*EPSMCH,0
1.5,2.0,2000,6,clean,50,qlog,1.52,1.8610357231606187,True,False,50,barrido q-log; q por deviance de bins,0
1.5,2.0,2000,6,clean,60,pdf,1.5111125099221443,1.9911180589353537,True,False,60,CONVERGENCE: RELATIVE REDUCTION OF F <= FACTR*EPSMCH,0
1.5,2.0,2000,6,clean,60,qlog,1.52,1.8033284813291488,True,False,60,barrido q-log; q por deviance de bins,0
1.5,2.0,2000,6,clean,70,pdf,1.5069450560622735,1.9757757795005422,True,False,69,CONVERGENCE: RELATIVE REDUCTION OF F <= FACTR*EPSMCH,0
1.5,2.0,2000,6,clean,70,qlog,1.52,1.8851689448432638,True,False,69,barrido q-log; q por deviance de bins,0
1.5,2.0,2000,6,clean,80,pdf,1.5093545140788038,1.9866280705900015,True,False,79,CONVERGENCE: RELATIVE REDUCTION OF F <= FACTR*EPSMCH,0
1.5,2.0,2000,6,clean,80,qlog,1.52,1.8624038284478968,True,False,79,barrido q-log; q por deviance de bins,0
1.5,2.0,2000,6,clean,90,pdf,1.5108213557577832,1.9902294215680014,True,False,88,CONVERGENCE: RELATIVE REDUCTION OF F <= FACTR*EPSMCH,0
1.5,2.0,2000,6,clean,90,qlog,1.52,1.7955831102809807,True,False,88,barrido q-log; q por deviance de bins,0
1.5,2.0,2000,6,clean,100,pdf,1.5091424971455512,1.9856031404110184,True,False,98,CONVERGENCE: RELATIVE REDUCTION OF F <= FACTR*EPSMCH,0
1.5,2.0,2000,6,clean,100,qlog,1.52,1.851882044187522,True,False,98,barrido q-log; q por deviance de bins,0
1.5,2.0,2000,6,clean,110,pdf,1.5095242862432967,1.9862890962262618,True,False,107,CONVERGENCE: RELATIVE REDUCTION OF F <= FACTR*EPSMCH,0
1.5,2.0,2000,6,clean,110,qlog,1.52,1.823088993867087,True,False,107,barrido q-log; q por deviance de bins,0
1.5,2.0,2000,6,clean,120,pdf,1.5109938785295047,1.9920286076087246,True,False,117,CONVERGENCE: RELATIVE REDUCTION OF F <= FACTR*EPSMCH,0
1.5,2.0,2000,6,clean,120,qlog,1.52,1.7859477604422425,True,False,117,barrido q-log; q por deviance de bins,0
1.5,2.0,2000,6,clean,130,pdf,1.5056058619897188,1.973677050321549,True,False,124,CONVERGENCE: RELATIVE REDUCTION OF F <= FACTR*EPSMCH,0
1.5,2.0,2000,6,clean,130,qlog,1.52,1.7562066140152384,True,False,124,barrido q-log; q por deviance de bins,0
1.5,2.0,2000,6,clean,140,pdf,1.5120482978248595,1.9962148725661362,True,False,136,CONVERGENCE: RELATIVE REDUCTION OF F <= FACTR*EPSMCH,0
1.5,2.0,2000,6,clean,140,qlog,1.52,1.8324537149328934,True,False,136,barrido q-log; q por deviance de bins,0
1.5,2.0,2000,6,clean,150,pdf,1.5095005554574115,1.9868834995000946,True,False,144,CONVERGENCE: RELATIVE REDUCTION OF F <= FACTR*EPSMCH,0
1.5,2.0,2000,6,clean,150,qlog,1.52,1.7621128271445672,True,False,144,barrido q-log; q por deviance de bins,0
1.5,2.0,2000,6,clean,160,pdf,1.5103126710448067,1.986746665339604,True,False,154,CONVERGENCE: RELATIVE REDUCTION OF F <= FACTR*EPSMCH,0
1.5,2.0,2000,6,clean,160,qlog,1.52,1.7609962982588456,True,False,154,barrido q-log; q por deviance de bins,0
1.5,2.0,2000,6,clean,170,pdf,1.5114107875326412,1.9943616380883304,True,False,163,CONVERGENCE: RELATIVE REDUCTION OF F <= FACTR*EPSMCH,0
1.5,2.0,2000,6,clean,170,qlog,1.52,1.7169290739312173,True,False,163,barrido q-log; q por deviance de bins,0
1.5,2.0,2000,6,clean,180,pdf,1.5114567949473479,1.9913319248176473,True,False,172,CONVERGENCE: RELATIVE REDUCTION OF F <= FACTR*EPSMCH,0
1.5,2.0,2000,6,clean,180,qlog,1.52,1.6855109675977855,True,False,172,barrido q-log; q por deviance de bins,0
1.5,2.0,2000,6,clean,190,pdf,1.5106903254281434,1.9925275598926901,True,False,181,CONVERGENCE: RELATIVE REDUCTION OF F <= FACTR*EPSMCH,0
1.5,2.0,2000,6,clean,190,qlog,1.52,1.7244019916040092,True,False,181,barrido q-log; q por deviance de bins,0
1.5,2.0,2000,6,clean,200,pdf,1.510493431148699,1.9872984570536147,True,False,189,CONVERGENCE: RELATIVE REDUCTION OF F <= FACTR*EPSMCH,0
1.5,2.0,2000,6,clean,200,qlog,1.54,1.7162879017143782,True,False,189,barrido q-log; q por deviance de bins,0
1.5,2.0,2000,6,noisy,10,pdf,1.526134113930602,2.0227731921131893,True,False,10,CONVERGENCE: RELATIVE REDUCTION OF F <= FACTR*EPSMCH,0
1.5,2.0,2000,6,noisy,10,qlog,1.92,1.907858653649775,True,False,10,barrido q-log; q por deviance de bins,0
1.5,2.0,2000,6,noisy,20,pdf,1.5077199549361073,1.9556229012789403,True,False,20,CONVERGENCE: RELATIVE REDUCTION OF F <= FACTR*EPSMCH,0
1.5,2.0,2000,6,noisy,20,qlog,1.58,1.6899355088065893,True,False,20,barrido q-log; q por deviance de bins,0
1.5,2.0,2000,6,noisy,30,pdf,1.5170577241922818,1.9874737190237395,True,False,30,CONVERGENCE: NORM OF PROJECTED GRADIENT <= PGTOL,0
1.5,2.0,2000,6,noisy,30,qlog,1.54,1.8064560024582335,True,False,30,barrido q-log; q por deviance de bins,0
1.5,2.0,2000,6,noisy,40,pdf,1.5090910846299561,1.9648319961841023,True,False,40,CONVERGENCE: RELATIVE REDUCTION OF F <= FACTR*EPSMCH,0
1.5,2.0,2000,6,noisy,40,qlog,1.52,1.8194578930960854,True,False,40,barrido q-log; q por deviance de bins,0
1.5,2.0,2000,6,noisy,50,pdf,1.5139875755565944,1.9747159440722815,True,False,50,CONVERGENCE: RELATIVE REDUCTION OF F <= FACTR*EPSMCH,0
1.5,2.0,2000,6,noisy,50,qlog,1.52,1.8402297751296437,True,False,50,barrido q-log; q por deviance de bins,0
1.5,2.0,2000,6,noisy,60,pdf,1.5107294831192206,1.964286879271523,True,False,60,CONVERGENCE: NORM OF PROJECTED GRADIENT <= PGTOL,0
1.5,2.0,2000,6,noisy,60,qlog,1.52,1.808779366760353,True,False,60,barrido q-log; q por deviance de bins,0
1.5,2.0,2000,6,noisy,70,pdf,1.5086275354021497,1.9624486119977664,True,False,69,CONVERGENCE: RELATIVE REDUCTION OF F <= FACTR*EPSMCH,0
1.5,2.0,2000,6,noisy,70,qlog,1.52,1.8390186256234597,True,False,69,barrido q-log; q por deviance de bins,0
1.5,2.0,2000,6,noisy,80,pdf,1.5084269505398205,1.958535777975408,True,False,79,CONVERGENCE: RELATIVE REDUCTION OF F <= FACTR*EPSMCH,0
1.5,2.0,2000,6,noisy,80,qlog,1.52,1.8188400733941,True,False,79,barrido q-log; q por deviance de bins,0
1.5,2.0,2000,6,noisy,90,pdf,1.5079173954745027,1.9521930702510109,True,False,88,CONVERGENCE: RELATIVE REDUCTION OF F <= FACTR*EPSMCH,0
1.5,2.0,2000,6,noisy,90,qlog,1.52,1.7781881827903265,True,False,88,barrido q-log; q por deviance de bins,0
1.5,2.0,2000,6,noisy,100,pdf,1.509916683039818,1.9610987782691671,True,False,97,CONVERGENCE: RELATIVE REDUCTION OF F <= FACTR*EPSMCH,0
1.5,2.0,2000,6,noisy,100,qlog,1.52,1.7887585923654208,True,False,97,barrido q-log; q por deviance de bins,0
1.5,2.0,2000,6,noisy,110,pdf,1.501788541568683,1.9334086890589524,True,False,107,CONVERGENCE: RELATIVE REDUCTION OF F <= FACTR*EPSMCH,0
1.5,2.0,2000,6,noisy,110,qlog,1.5,1.6969645976015513,True,False,107,barrido q-log; q por deviance de bins,0
1.5,2.0,2000,6,noisy,120,pdf,1.5096783697915968,1.962440277775651,True,False,117,CONVERGENCE: RELATIVE REDUCTION OF F <= FACTR*EPSMCH,0
1.5,2.0,2000,6,noisy,120,qlog,1.52,1.7635085443786458,True,False,117,barrido q-log; q por deviance de bins,0
1.5,2.0,2000,6,noisy,130,pdf,1.5050175365365566,1.9465422720145944,True,False,124,CONVERGENCE: RELATIVE REDUCTION OF F <= FACTR*EPSMCH,0
1.5,2.0,2000,6,noisy,130,qlog,1.52,1.688630673053955,True,False,124,barrido q-log; q por deviance de bins,0
1.5,2.0,2000,6,noisy,140,pdf,1.5074412668181703,1.956080855242545,True,False,136,CONVERGENCE: RELATIVE REDUCTION OF F <= FACTR*EPSMCH,0
1.5,2.0,2000,6,noisy,140,qlog,1.5,1.6660618264595068,True,False,136,barrido q-log; q por deviance de bins,0
1.5,2.0,2000,6,noisy,150,pdf,1.508944179497407,1.9604209870271452,True,False,144,CONVERGENCE: RELATIVE REDUCTION OF F <= FACTR*EPSMCH,0
1.5,2.0,2000,6,noisy,150,qlog,1.5,1.6339138511391311,True,False,144,barrido q-log; q por deviance de bins,0
1.5,2.0,2000,6,noisy,160,pdf,1.506525341558004,1.9521436928622804,True,False,153,CONVERGENCE: RELATIVE REDUCTION OF F <= FACTR*EPSMCH,0
1.5,2.0,2000,6,noisy,160,qlog,1.52,1.6900638325067807,True,False,153,barrido q-log; q por deviance de bins,0
1.5,2.0,2000,6,noisy,170,pdf,1.5082187727604817,1.958570646882091,True,False,161,CONVERGENCE: RELATIVE REDUCTION OF F <= FACTR*EPSMCH,0
1.5,2.0,2000,6,noisy,170,qlog,1.52,1.6114160954302057,True,False,161,barrido q-log; q por deviance de bins,0
1.5,2.0,2000,6,noisy,180,pdf,1.507475497054178,1.9547608265706728,True,False,172,CONVERGENCE: RELATIVE REDUCTION OF F <= FACTR*EPSMCH,0
1.5,2.0,2000,6,noisy,180,qlog,1.52,1.6793728020077623,True,False,172,barrido q-log; q por deviance de bins,0
1.5,2.0,2000,6,noisy,190,pdf,1.5085109911024563,1.9581423280384689,True,False,179,CONVERGENCE: RELATIVE REDUCTION OF F <= FACTR*EPSMCH,0
1.5,2.0,2000,6,noisy,190,qlog,1.52,1.5827434437841055,True,False,179,barrido q-log; q por deviance de bins,0
1.5,2.0,2000,6,noisy,200,pdf,1.5074803103688657,1.9557218025845164,True,False,189,CONVERGENCE: RELATIVE REDUCTION OF F <= FACTR*EPSMCH,0
1.5,2.0,2000,6,noisy,200,qlog,1.52,1.5861080880515914,True,False,189,barrido q-log; q por deviance de bins,0
1.5,2.0,2000,7,clean,10,pdf,1.5037048657664154,1.9409236621423154,True,False,10,CONVERGENCE: RELATIVE REDUCTION OF F <= FACTR*EPSMCH,0
1.5,2.0,2000,7,clean,10,qlog,2.0,1.570874501959462,True,False,10,barrido q-log; q por deviance de bins,0
1.5,2.0,2000,7,clean,20,pdf,1.534243719439427,2.0583635040024144,True,False,20,CONVERGENCE: RELATIVE REDUCTION OF F <= FACTR*EPSMCH,0
1.5,2.0,2000,7,clean,20,qlog,1.6600000000000001,1.7263654992320103,True,False,20,barrido q-log; q por deviance de bins,0
1.5,2.0,2000,7,clean,30,pdf,1.5162452893245688,1.9806813865823991,True,False,29,CONVERGENCE: RELATIVE REDUCTION OF F <= FACTR*EPSMCH,0
1.5,2.0,2000,7,clean,30,qlog,1.56,1.7266464222957798,True,False,29,barrido q-log; q por deviance de bins,0
1.5,2.0,2000,7,clean,40,pdf,1.5193753287548046,2.0052375717999924,True,False,39,CONVERGENCE: RELATIVE REDUCTION OF F <= FACTR*EPSMCH,0
1.5,2.0,2000,7,clean,40,qlog,1.54,1.7774979306865217,True,False,39,barrido q-log; q por deviance de bins,0
1.5,2.0,2000,7,clean,50,pdf,1.5189418838598872,2.011651571139147,True,False,48,CONVERGENCE: RELATIVE REDUCTION OF F <= FACTR*EPSMCH,0
1.5,2.0,2000,7,clean,50,qlog,1.54,1.8092743091201742,True,False,48,barrido q-log; q por deviance de bins,0
1.5,2.0,2000,7,clean,60,pdf,1.5181159041558845,2.0048246273899037,True,False,58,CONVERGENCE: RELATIVE REDUCTION OF F <= FACTR*EPSMCH,0
1.5,2.0,2000,7,clean,60,qlog,1.52,1.78929545424545,True,False,58,barrido q-log; q por deviance de bins,0
1.5,2.0,2000,7,clean,70,pdf,1.5280338542800054,2.039057503917641,True,False,68,CONVERGENCE: RELATIVE REDUCTION OF F <= FACTR*EPSMCH,0
1.5,2.0,2000,7,clean,70,qlog,1.54,1.8037763693226299,True,False,68,barrido q-log; q por deviance de bins,0
1.5,2.0,2000,7,clean,80,pdf,1.5271867700418273,2.033899675554998,True,False,77,CONVERGENCE: RELATIVE REDUCTION OF F <= FACTR*EPSMCH,0
1.5,2.0,2000,7,clean,80,qlog,1.54,1.8348063558861463,True,False,77,barrido q-log; q por deviance de bins,0
1.5,2.0,2000,7,clean,90,pdf,1.5288815754611813,2.0433444766920608,True,False,87,CONVERGENCE: RELATIVE REDUCTION OF F <= FACTR*EPSMCH,0
1.5,2.0,2000,7,clean,90,qlog,1.54,1.7898535842338392,True,False,87,barrido q-log; q por deviance de bins,0
1.5,2.0,2000,7,clean,100,pdf,1.5242255390980124,2.028060954738212,True,False,95,CONVERGENCE: RELATIVE REDUCTION OF F <= FACTR*EPSMCH,0
1.5,2.0,2000,7,clean,100,qlog,1.54,1.765636894124756,True,False,95,barrido q-log; q por deviance de bins,0
1.5,2.0,2000,7,clean,110,pdf,1.522967597933856,2.022007516921725,True,False,105,CONVERGENCE: RELATIVE REDUCTION OF F <= FACTR*EPSMCH,0
1.5,2.0,2000,7,clean,110,qlog,1.54,1.767470458587408,True,False,105,barrido q-log; q por deviance de bins,0
1.5,2.0,2000,7,clean,120,pdf,1.5220898045010132,2.0196361602151596,True,False,114,CONVERGENCE: RELATIVE REDUCTION OF F <= FACTR*EPSMCH,0
1.5,2.0,2000,7,clean,120,qlog,1.54,1.7567096278727548,True,False,114,barrido q-log; q por deviance de bins,0
1.5,2.0,2000,7,clean,130,pdf,1.523725875029768,2.024860302383141,True,False,124,CONVERGENCE: RELATIVE REDUCTION OF F <= FACTR*EPSMCH,0
1.5,2.0,2000,7,clean,130,qlog,1.54,1.7314322062972145,True,False,124,barrido q-log; q por deviance de bins,0
1.5,2.0,2000,7,clean,140,pdf,1.5240885048809838,2.0274068443405064,True,False,133,CONVERGENCE: RELATIVE REDUCTION OF F <= FACTR*EPSMCH,0
1.5,2.0,2000,7,clean,140,qlog,1.54,1.6848903922467517,True,False,133,barrido q-log; q por deviance de bins,0
1.5,2.0,2000,7,clean,150,pdf,1.5239546714967787,2.026486374608959,True,False,141,CONVERGENCE: RELATIVE REDUCTION OF F <= FACTR*EPSMCH,0
1.5,2.0,2000,7,clean,150,qlog,1.54,1.6765711039935476,True,False,141,barrido q-log; q por deviance de bins,0
1.5,2.0,2000,7,clean,160,pdf,1.5262113043269396,2.033878870133119,True,False,151,CONVERGENCE: RELATIVE REDUCTION OF F <= FACTR*EPSMCH,0
1.5,2.0,2000,7,clean,160,qlog,1.54,1.6490460007173962,True,False,151,barrido q-log; q por deviance de bins,0
1.5,2.0,2000,7,clean,170,pdf,1.5256740946665255,2.032156813325628,True,False,161,CONVERGENCE: RELATIVE REDUCTION OF F <= FACTR*EPSMCH,0
1.5,2.0,2000,7,clean,170,qlog,1.54,1.641334355341201,True,False,161,barrido q-log; q por deviance de bins,0
1.5,2.0,2000,7,clean,180,pdf,1.5275598464652724,2.037368298891026,True,False,168,CONVERGENCE: RELATIVE REDUCTION OF F <= FACTR*EPSMCH,0
1.5,2.0,2000,7,clean,180,qlog,1.56,1.664283243786589,True,False,168,barrido q-log; q por deviance de bins,0
1.5,2.0,2000,7,clean,190,pdf,1.5277574974717736,2.039310991461695,True,False,177,CONVERGENCE: RELATIVE REDUCTION OF F <= FACTR*EPSMCH,0
1.5,2.0,2000,7,clean,190,qlog,1.56,1.6669027235007403,True,False,177,barrido q-log; q por deviance de bins,0
1.5,2.0,2000,7,clean,200,pdf,1.5282646599027583,2.04161133521513,True,False,187,CONVERGENCE: RELATIVE REDUCTION OF F <= FACTR*EPSMCH,0
1.5,2.0,2000,7,clean,200,qlog,1.56,1.640264514155596,True,False,187,barrido q-log; q por deviance de bins,0
1.5,2.0,2000,7,noisy,10,pdf,1.4799997003706402,1.8640927470089668,True,False,10,CONVERGENCE: NORM OF PROJECTED GRADIENT <= PGTOL,0
1.5,2.0,2000,7,noisy,10,qlog,2.0,1.513064302070676,True,False,10,barrido q-log; q por deviance de bins,0
1.5,2.0,2000,7,noisy,20,pdf,1.525833302502951,2.0253757051037735,True,False,20,CONVERGENCE: RELATIVE REDUCTION OF F <= FACTR*EPSMCH,0
1.5,2.0,2000,7,noisy,20,qlog,1.6400000000000001,1.6484678718758525,True,False,20,barrido q-log; q por deviance de bins,0
1.5,2.0,2000,7,noisy,30,pdf,1.5112488940211157,1.9646115567653708,True,False,29,CONVERGENCE: NORM OF PROJECTED GRADIENT <= PGTOL,0
1.5,2.0,2000,7,noisy,30,qlog,1.56,1.7501098953341103,True,False,29,barrido q-log; q por deviance de bins,0
1.5,2.0,2000,7,noisy,40,pdf,1.51310798891115,1.9756420250328428,True,False,39,CONVERGENCE: RELATIVE REDUCTION OF F <= FACTR*EPSMCH,0
1.5,2.0,2000,7,noisy,40,qlog,1.54,1.7932619127159548,True,False,39,barrido q-log; q por deviance de bins,0
1.5,2.0,2000,7,noisy,50,pdf,1.5136618941391937,1.9819710892279798,True,False,48,CONVERGENCE: RELATIVE REDUCTION OF F <= FACTR*EPSMCH,0
1.5,2.0,2000,7,noisy,50,qlog,1.54,1.7758601897140585,True,False,48,barrido q-log; q por deviance de bins,0
1.5,2.0,2000,7,noisy,60,pdf,1.511194177103551,1.9722155980969782,True,False,58,CONVERGENCE: RELATIVE REDUCTION OF F <= FACTR*EPSMCH,0
1.5,2.0,2000,7,noisy,60,qlog,1.52,1.777125239061262,True,False,58,barrido q-log; q por deviance de bins,0
1.5,2.0,2000,7,noisy,70,pdf,1.5344653840902704,2.0473318973426036,True,False,68,CONVERGENCE: RELATIVE REDUCTION OF F <= FACTR*EPSMCH,0
1.5,2.0,2000,7,noisy,70,qlog,1.54,1.8170278391295713,True,False,68,barrido q-log; q por deviance de bins,0
1.5,2.0,2000,7,noisy,80,pdf,1.5255882942062506,2.021166819350011,True,False,77,CONVERGENCE: RELATIVE REDUCTION OF F <= FACTR*EPSMCH,0
1.5,2.0,2000,7,noisy,80,qlog,1.54,1.823045024739087,True,False,77,barrido q-log; q por deviance de bins,0
1.5,2.0,2000,7,noisy,90,pdf,1.5244042662301076,2.015882655738459,True,False,87,CONVERGENCE: RELATIVE REDUCTION OF F <= FACTR*EPSMCH,0
1.5,2.0,2000,7,noisy,90,qlog,1.54,1.759372741553199,True,False,87,barrido q-log; q por deviance de bins,0
1.5,2.0,2000,7,noisy,100,pdf,1.5198946479120172,2.0036632846790305,True,False,95,CONVERGENCE: RELATIVE REDUCTION OF F <= FACTR*EPSMCH,0
1.5,2.0,2000,7,noisy,100,qlog,1.54,1.7419311450040105,True,False,95,barrido q-log; q por deviance de bins,0
1.5,2.0,2000,7,noisy,110,pdf,1.5183195091355743,1.9955754853020582,True,False,105,CONVERGENCE: RELATIVE REDUCTION OF F <= FACTR*EPSMCH,0
1.5,2.0,2000,7,noisy,110,qlog,1.54,1.769402594657588,True,False,105,barrido q-log; q por deviance de bins,0
1.5,2.0,2000,7,noisy,120,pdf,1.5179473104138541,1.9925443565463379,True,False,114,CONVERGENCE: RELATIVE REDUCTION OF F <= FACTR*EPSMCH,0
1.5,2.0,2000,7,noisy,120,qlog,1.54,1.7234216541279024,True,False,114,barrido q-log; q por deviance de bins,0
1.5,2.0,2000,7,noisy,130,pdf,1.5265092172275996,2.0223769361935746,True,False,124,CONVERGENCE: RELATIVE REDUCTION OF F <= FACTR*EPSMCH,0
1.5,2.0,2000,7,noisy,130,qlog,1.54,1.7372245998957967,True,False,124,barrido q-log; q por deviance de bins,0
1.5,2.0,2000,7,noisy,140,pdf,1.5287120415013744,2.0273831977547543,True,False,132,CONVERGENCE: RELATIVE REDUCTION OF F <= FACTR*EPSMCH,0
1.5,2.0,2000,7,noisy,140,qlog,1.54,1.6688791343300748,True,False,132,barrido q-log; q por deviance de bins,0
1.5,2.0,2000,7,noisy,150,pdf,1.5254372947120698,2.0174563280247932,True,False,142,CONVERGENCE: RELATIVE REDUCTION OF F <= FACTR*EPSMCH,0
1.5,2.0,2000,7,noisy,150,qlog,1.54,1.6069228027591254,True,False,142,barrido q-log; q por deviance de bins,0
1.5,2.0,2000,7,noisy,160,pdf,1.5256880349659367,2.02062468318045,True,False,151,CONVERGENCE: RELATIVE REDUCTION OF F <= FACTR*EPSMCH,0
1.5,2.0,2000,7,noisy,160,qlog,1.54,1.64100526116798,True,False,151,barrido q-log; q por deviance de bins,0
1.5,2.0,2000,7,noisy,170,pdf,1.5236371951803935,2.0109497385087893,True,False,161,CONVERGENCE: RELATIVE REDUCTION OF F <= FACTR*EPSMCH,0
1.5,2.0,2000,7,noisy,170,qlog,1.54,1.6079952634417087,True,False,161,barrido q-log; q por deviance de bins,0
1.5,2.0,2000,7,noisy,180,pdf,1.5230138822704045,2.0111507161424425,True,False,168,CONVERGENCE: RELATIVE REDUCTION OF F <= FACTR*EPSMCH,0
1.5,2.0,2000,7,noisy,180,qlog,1.54,1.5431862429766134,True,False,168,barrido q-log; q por deviance de bins,0
1.5,2.0,2000,7,noisy,190,pdf,1.5232030310188194,2.009000311872682,True,False,178,CONVERGENCE: RELATIVE REDUCTION OF F <= FACTR*EPSMCH,0
1.5,2.0,2000,7,noisy,190,qlog,1.54,1.542005197116286,True,False,178,barrido q-log; q por deviance de bins,0
1.5,2.0,2000,7,noisy,200,pdf,1.5222350684111419,2.0089733488417187,True,False,185,CONVERGENCE: RELATIVE REDUCTION OF F <= FACTR*EPSMCH,0
1.5,2.0,2000,7,noisy,200,qlog,1.56,1.5982862296767366,True,False,185,barrido q-log; q por deviance de bins,0
1.5,2.0,2000,8,clean,10,pdf,1.5409127631667552,2.220335727511825,True,False,10,CONVERGENCE: RELATIVE REDUCTION OF F <= FACTR*EPSMCH,0
1.5,2.0,2000,8,clean,10,qlog,1.92,1.8103757343695606,True,False,10,barrido q-log; q por deviance de bins,0
1.5,2.0,2000,8,clean,20,pdf,1.5449254052931163,2.233256997320148,True,False,20,CONVERGENCE: RELATIVE REDUCTION OF F <= FACTR*EPSMCH,0
1.5,2.0,2000,8,clean,20,qlog,1.62,1.8909350152672748,True,False,20,barrido q-log; q por deviance de bins,0
1.5,2.0,2000,8,clean,30,pdf,1.5137824438131404,2.1078550664727924,True,False,30,CONVERGENCE: RELATIVE REDUCTION OF F <= FACTR*EPSMCH,0
1.5,2.0,2000,8,clean,30,qlog,1.54,1.8765382726669162,True,False,30,barrido q-log; q por deviance de bins,0
1.5,2.0,2000,8,clean,40,pdf,1.5105770457490937,2.1021546228524888,True,False,39,CONVERGENCE: RELATIVE REDUCTION OF F <= FACTR*EPSMCH,0
1.5,2.0,2000,8,clean,40,qlog,1.52,1.8623660289721395,True,False,39,barrido q-log; q por deviance de bins,0
1.5,2.0,2000,8,clean,50,pdf,1.5221233934267289,2.1481900195798027,True,False,49,CONVERGENCE: RELATIVE REDUCTION OF F <= FACTR*EPSMCH,0
1.5,2.0,2000,8,clean,50,qlog,1.52,1.9221173566313534,True,False,49,barrido q-log; q por deviance de bins,0
1.5,2.0,2000,8,clean,60,pdf,1.520562829540691,2.1398633315707842,True,False,59,CONVERGENCE: RELATIVE REDUCTION OF F <= FACTR*EPSMCH,0
1.5,2.0,2000,8,clean,60,qlog,1.52,1.9367899513550637,True,False,59,barrido q-log; q por deviance de bins,0
1.5,2.0,2000,8,clean,70,pdf,1.519665584552461,2.139279197155347,True,False,69,CONVERGENCE: RELATIVE REDUCTION OF F <= FACTR*EPSMCH,0
1.5,2.0,2000,8,clean,70,qlog,1.52,1.9608461281027914,True,False,69,barrido q-log; q por deviance de bins,0
1.5,2.0,2000,8,clean,80,pdf,1.5218417351335018,2.1464467578200668,True,False,77,CONVERGENCE: RELATIVE REDUCTION OF F <= FACTR*EPSMCH,0
1.5,2.0,2000,8,clean,80,qlog,1.52,1.9060862258959463,True,False,77,barrido q-log; q por deviance de bins,0
1.5,2.0,2000,8,clean,90,pdf,1.518487337520224,2.133616325742556,True,False,87,CONVERGENCE: RELATIVE REDUCTION OF F <= FACTR*EPSMCH,0
1.5,2.0,2000,8,clean,90,qlog,1.52,1.88202550589445,True,False,87,barrido q-log; q por deviance de bins,0
1.5,2.0,2000,8,clean,100,pdf,1.5200645397699009,2.1376855038005402,True,False,97,CONVERGENCE: RELATIVE REDUCTION OF F <= FACTR*EPSMCH,0
1.5,2.0,2000,8,clean,100,qlog,1.52,1.869995038029819,True,False,97,barrido q-log; q por deviance de bins,0
1.5,2.0,2000,8,clean,110,pdf,1.520598877473608,2.142452778506642,True,False,107,CONVERGENCE: RELATIVE REDUCTION OF F <= FACTR*EPSMCH,0
1.5,2.0,2000,8,clean,110,qlog,1.52,1.890196549927265,True,False,107,barrido q-log; q por deviance de bins,0
1.5,2.0,2000,8,clean,120,pdf,1.5195980861481917,2.133898911399543,True,False,115,CONVERGENCE: RELATIVE REDUCTION OF F <= FACTR*EPSMCH,0
1.5,2.0,2000,8,clean,120,qlog,1.52,1.8372122193177918,True,False,115,barrido q-log; q por deviance de bins,0
1.5,2.0,2000,8,clean,130,pdf,1.5211373749321853,2.1404208355823773,True,False,124,CONVERGENCE: RELATIVE REDUCTION OF F <= FACTR*EPSMCH,0
1.5,2.0,2000,8,clean,130,qlog,1.52,1.8095970306623828,True,False,124,barrido q-log; q por deviance de bins,0
1.5,2.0,2000,8,clean,140,pdf,1.5198649905064303,2.1384604536055773,True,False,134,CONVERGENCE: RELATIVE REDUCTION OF F <= FACTR*EPSMCH,0
1.5,2.0,2000,8,clean,140,qlog,1.52,1.840824479360269,True,False,134,barrido q-log; q por deviance de bins,0
1.5,2.0,2000,8,clean,150,pdf,1.5209696433921063,2.139375488898311,True,False,143,CONVERGENCE: RELATIVE REDUCTION OF F <= FACTR*EPSMCH,0
1.5,2.0,2000,8,clean,150,qlog,1.52,1.7709650118145865,True,False,143,barrido q-log; q por deviance de bins,0
1.5,2.0,2000,8,clean,160,pdf,1.5205486749723585,2.140154303610036,True,False,152,CONVERGENCE: RELATIVE REDUCTION OF F <= FACTR*EPSMCH,0
1.5,2.0,2000,8,clean,160,qlog,1.54,1.8193480012775098,True,False,152,barrido q-log; q por deviance de bins,0
1.5,2.0,2000,8,clean,170,pdf,1.517836999268599,2.129716563013404,True,False,163,CONVERGENCE: RELATIVE REDUCTION OF F <= FACTR*EPSMCH,0
1.5,2.0,2000,8,clean,170,qlog,1.52,1.7809914176324362,True,False,163,barrido q-log; q por deviance de bins,0
1.5,2.0,2000,8,clean,180,pdf,1.5214488173839977,2.1448460765360693,True,False,171,CONVERGENCE: RELATIVE REDUCTION OF F <= FACTR*EPSMCH,0
1.5,2.0,2000,8,clean,180,qlog,1.52,1.7340367754217603,True,False,171,barrido q-log; q por deviance de bins,0
1.5,2.0,2000,8,clean,190,pdf,1.5181849331516533,2.132787839538226,True,False,179,CONVERGENCE: RELATIVE REDUCTION OF F <= FACTR*EPSMCH,0
1.5,2.0,2000,8,clean,190,qlog,1.54,1.7875877029218612,True,False,179,barrido q-log; q por deviance de bins,0
1.5,2.0,2000,8,clean,200,pdf,1.5197916753558878,2.1378426075863586,True,False,190,CONVERGENCE: RELATIVE REDUCTION OF F <= FACTR*EPSMCH,0
1.5,2.0,2000,8,clean,200,qlog,1.52,1.7377401455108776,True,False,190,barrido q-log; q por deviance de bins,0
1.5,2.0,2000,8,noisy,10,pdf,1.5239251596909753,2.099606475524785,True,False,10,CONVERGENCE: RELATIVE REDUCTION OF F <= FACTR*EPSMCH,0
1.5,2.0,2000,8,noisy,10,qlog,1.92,1.747569728055013,True,False,10,barrido q-log; q por deviance de bins,0
1.5,2.0,2000,8,noisy,20,pdf,1.5418532692635702,2.192434542978894,True,False,20,CONVERGENCE: RELATIVE REDUCTION OF F <= FACTR*EPSMCH,0
1.5,2.0,2000,8,noisy,20,qlog,1.62,1.8636115889896923,True,False,20,barrido q-log; q por deviance de bins,0
1.5,2.0,2000,8,noisy,30,pdf,1.5110636379201563,2.0735080963829886,True,False,30,CONVERGENCE: RELATIVE REDUCTION OF F <= FACTR*EPSMCH,0
1.5,2.0,2000,8,noisy,30,qlog,1.54,1.8495689881470674,True,False,30,barrido q-log; q por deviance de bins,0
1.5,2.0,2000,8,noisy,40,pdf,1.5061458263055807,2.0701110840878,True,False,39,CONVERGENCE: RELATIVE REDUCTION OF F <= FACTR*EPSMCH,0
1.5,2.0,2000,8,noisy,40,qlog,1.52,1.818972467442305,True,False,39,barrido q-log; q por deviance de bins,0
1.5,2.0,2000,8,noisy,50,pdf,1.5143685024480302,2.0947634457974464,True,False,49,CONVERGENCE: RELATIVE REDUCTION OF F <= FACTR*EPSMCH,0
1.5,2.0,2000,8,noisy,50,qlog,1.52,1.8924241377675513,True,False,49,barrido q-log; q por deviance de bins,0
1.5,2.0,2000,8,noisy,60,pdf,1.5160324022972635,2.0977609989175514,True,False,59,CONVERGENCE: RELATIVE REDUCTION OF F <= FACTR*EPSMCH,0
1.5,2.0,2000,8,noisy,60,qlog,1.52,1.895503180777509,True,False,59,barrido q-log; q por deviance de bins,0
1.5,2.0,2000,8,noisy,70,pdf,1.514084863897204,2.0935614853915383,True,False,69,CONVERGENCE: RELATIVE REDUCTION OF F <= FACTR*EPSMCH,0
1.5,2.0,2000,8,noisy,70,qlog,1.52,1.8972156876368762,True,False,69,barrido q-log; q por deviance de bins,0
1.5,2.0,2000,8,noisy,80,pdf,1.5172306489658607,2.104375663078951,True,False,77,CONVERGENCE: RELATIVE REDUCTION OF F <= FACTR*EPSMCH,0
1.5,2.0,2000,8,noisy,80,qlog,1.52,1.8354217587879202,True,False,77,barrido q-log; q por deviance de bins,0
1.5,2.0,2000,8,noisy,90,pdf,1.5123524713038972,2.0873851072908254,True,False,87,CONVERGENCE: RELATIVE REDUCTION OF F <= FACTR*EPSMCH,0
1.5,2.0,2000,8,noisy,90,qlog,1.52,1.823331416680438,True,False,87,barrido q-log; q por deviance de bins,0
1.5,2.0,2000,8,noisy,100,pdf,1.5141999036200475,2.092304145650797,True,False,97,CONVERGENCE: NORM OF PROJECTED GRADIENT <= PGTOL,0
1.5,2.0,2000,8,noisy,100,qlog,1.52,1.850875131040959,True,False,97,barrido q-log; q por deviance de bins,0
1.5,2.0,2000,8,noisy,110,pdf,1.516281235189848,2.1039215068341215,True,False,107,CONVERGENCE: RELATIVE REDUCTION OF F <= FACTR*EPSMCH,0
1.5,2.0,2000,8,noisy,110,qlog,1.52,1.8180952603095442,True,False,107,barrido q-log; q por deviance de bins,0
1.5,2.0,2000,8,noisy,120,pdf,1.513442345158741,2.092486516676112,True,False,115,CONVERGENCE: RELATIVE REDUCTION OF F <= FACTR*EPSMCH,0
1.5,2.0,2000,8,noisy,120,qlog,1.52,1.7657333023043382,True,False,115,barrido q-log; q por deviance de bins,0
1.5,2.0,2000,8,noisy,130,pdf,1.5130083369297325,2.09289461550583,True,False,125,CONVERGENCE: RELATIVE REDUCTION OF F <= FACTR*EPSMCH,0
1.5,2.0,2000,8,noisy,130,qlog,1.52,1.7915485239671045,True,False,125,barrido q-log; q por deviance de bins,0
1.5,2.0,2000,8,noisy,140,pdf,1.5154514962601466,2.1014379152628515,True,False,135,CONVERGENCE: RELATIVE REDUCTION OF F <= FACTR*EPSMCH,0
1.5,2.0,2000,8,noisy,140,qlog,1.52,1.8005953848409162,True,False,135,barrido q-log; q por deviance de bins,0
1.5,2.0,2000,8,noisy,150,pdf,1.5146083261717818,2.0961508903187624,True,False,143,CONVERGENCE: RELATIVE REDUCTION OF F <= FACTR*EPSMCH,0
1.5,2.0,2000,8,noisy,150,qlog,1.52,1.7817250585375684,True,False,143,barrido q-log; q por deviance de bins,0
1.5,2.0,2000,8,noisy,160,pdf,1.5151873437022703,2.098485765821189,True,False,152,CONVERGENCE: RELATIVE REDUCTION OF F <= FACTR*EPSMCH,0
1.5,2.0,2000,8,noisy,160,qlog,1.52,1.7191299583885928,True,False,152,barrido q-log; q por deviance de bins,0
1.5,2.0,2000,8,noisy,170,pdf,1.5137421878503368,2.093875277589068,True,False,161,CONVERGENCE: RELATIVE REDUCTION OF F <= FACTR*EPSMCH,0
1.5,2.0,2000,8,noisy,170,qlog,1.52,1.701084628435928,True,False,161,barrido q-log; q por deviance de bins,0
1.5,2.0,2000,8,noisy,180,pdf,1.5157036711279723,2.1006241486022934,True,False,171,CONVERGENCE: RELATIVE REDUCTION OF F <= FACTR*EPSMCH,0
1.5,2.0,2000,8,noisy,180,qlog,1.52,1.6853406731901424,True,False,171,barrido q-log; q por deviance de bins,0
1.5,2.0,2000,8,noisy,190,pdf,1.513141637260835,2.0923135009859704,True,False,178,CONVERGENCE: RELATIVE REDUCTION OF F <= FACTR*EPSMCH,0
1.5,2.0,2000,8,noisy,190,qlog,1.52,1.6960848155308008,True,False,178,barrido q-log; q por deviance de bins,0
1.5,2.0,2000,8,noisy,200,pdf,1.5134418270849495,2.0938032577220618,True,False,191,CONVERGENCE: RELATIVE REDUCTION OF F <= FACTR*EPSMCH,0
1.5,2.0,2000,8,noisy,200,qlog,1.52,1.7114105161275683,True,False,191,barrido q-log; q por deviance de bins,0
1.5,2.0,2000,9,clean,10,pdf,1.5073643444436637,2.115106321823199,True,False,10,CONVERGENCE: RELATIVE REDUCTION OF F <= FACTR*EPSMCH,0
1.5,2.0,2000,9,clean,10,qlog,1.98,1.8660850532155007,True,False,10,barrido q-log; q por deviance de bins,0
1.5,2.0,2000,9,clean,20,pdf,1.5463105191901099,2.2740026132585096,True,False,20,CONVERGENCE: RELATIVE REDUCTION OF F <= FACTR*EPSMCH,0
1.5,2.0,2000,9,clean,20,qlog,1.6400000000000001,1.9066728113015108,True,False,20,barrido q-log; q por deviance de bins,0
1.5,2.0,2000,9,clean,30,pdf,1.5366728844669557,2.2321129810282763,True,False,30,CONVERGENCE: RELATIVE REDUCTION OF F <= FACTR*EPSMCH,0
1.5,2.0,2000,9,clean,30,qlog,1.58,1.9862692812256226,True,False,30,barrido q-log; q por deviance de bins,0
1.5,2.0,2000,9,clean,40,pdf,1.5319146662821452,2.219331507246164,True,False,39,CONVERGENCE: RELATIVE REDUCTION OF F <= FACTR*EPSMCH,0
1.5,2.0,2000,9,clean,40,qlog,1.56,2.0218574734200354,True,False,39,barrido q-log; q por deviance de bins,0
1.5,2.0,2000,9,clean,50,pdf,1.5368402286768494,2.233104576328154,True,False,49,CONVERGENCE: RELATIVE REDUCTION OF F <= FACTR*EPSMCH,0
1.5,2.0,2000,9,clean,50,qlog,1.56,2.061780012767419,True,False,49,barrido q-log; q por deviance de bins,0
1.5,2.0,2000,9,clean,60,pdf,1.550796267521696,2.288467985899426,True,False,59,CONVERGENCE: RELATIVE REDUCTION OF F <= FACTR*EPSMCH,0
1.5,2.0,2000,9,clean,60,qlog,1.58,2.0762763398674573,True,False,59,barrido q-log; q por deviance de bins,0
1.5,2.0,2000,9,clean,70,pdf,1.5412869756983547,2.2573437991326015,True,False,67,CONVERGENCE: RELATIVE REDUCTION OF F <= FACTR*EPSMCH,0
1.5,2.0,2000,9,clean,70,qlog,1.58,2.070468168420603,True,False,67,barrido q-log; q por deviance de bins,0
1.5,2.0,2000,9,clean,80,pdf,1.5345258232501409,2.2279735705118786,True,False,78,CONVERGENCE: RELATIVE REDUCTION OF F <= FACTR*EPSMCH,0
1.5,2.0,2000,9,clean,80,qlog,1.54,1.9780883546370869,True,False,78,barrido q-log; q por deviance de bins,0
1.5,2.0,2000,9,clean,90,pdf,1.5367487897175176,2.2348248723318838,True,False,88,CONVERGENCE: RELATIVE REDUCTION OF F <= FACTR*EPSMCH,0
1.5,2.0,2000,9,clean,90,qlog,1.54,1.8911327626086294,True,False,88,barrido q-log; q por deviance de bins,0
1.5,2.0,2000,9,clean,100,pdf,1.5404364345353896,2.248954359165228,True,False,97,CONVERGENCE: RELATIVE REDUCTION OF F <= FACTR*EPSMCH,0
1.5,2.0,2000,9,clean,100,qlog,1.56,2.0444982568570023,True,False,97,barrido q-log; q por deviance de bins,0
1.5,2.0,2000,9,clean,110,pdf,1.54112815384526,2.2503366177614454,True,False,106,CONVERGENCE: RELATIVE REDUCTION OF F <= FACTR*EPSMCH,0
1.5,2.0,2000,9,clean,110,qlog,1.56,1.9715898513173868,True,False,106,barrido q-log; q por deviance de bins,0
1.5,2.0,2000,9,clean,120,pdf,1.541660419229508,2.254928550579428,True,False,115,CONVERGENCE: RELATIVE REDUCTION OF F <= FACTR*EPSMCH,0
1.5,2.0,2000,9,clean,120,qlog,1.56,1.9011288983724526,True,False,115,barrido q-log; q por deviance de bins,0
1.5,2.0,2000,9,clean,130,pdf,1.539541610354264,2.2500263973323165,True,False,125,CONVERGENCE: RELATIVE REDUCTION OF F <= FACTR*EPSMCH,0
1.5,2.0,2000,9,clean,130,qlog,1.56,1.8626006768215346,True,False,125,barrido q-log; q por deviance de bins,0
1.5,2.0,2000,9,clean,140,pdf,1.5402910058448904,2.253609120945901,True,False,133,CONVERGENCE: RELATIVE REDUCTION OF F <= FACTR*EPSMCH,0
1.5,2.0,2000,9,clean,140,qlog,1.56,1.8890810983241753,True,False,133,barrido q-log; q por deviance de bins,0
1.5,2.0,2000,9,clean,150,pdf,1.536624173678843,2.233673166586482,True,False,143,CONVERGENCE: RELATIVE REDUCTION OF F <= FACTR*EPSMCH,0
1.5,2.0,2000,9,clean,150,qlog,1.56,1.8294134624576333,True,False,143,barrido q-log; q por deviance de bins,0
1.5,2.0,2000,9,clean,160,pdf,1.5416821716220401,2.2537569990661543,True,False,152,CONVERGENCE: RELATIVE REDUCTION OF F <= FACTR*EPSMCH,0
1.5,2.0,2000,9,clean,160,qlog,1.56,1.808562905861692,True,False,152,barrido q-log; q por deviance de bins,0
1.5,2.0,2000,9,clean,170,pdf,1.5423351263779235,2.258128475131911,True,False,162,CONVERGENCE: RELATIVE REDUCTION OF F <= FACTR*EPSMCH,0
1.5,2.0,2000,9,clean,170,qlog,1.56,1.8096067553223356,True,False,162,barrido q-log; q por deviance de bins,0
1.5,2.0,2000,9,clean,180,pdf,1.5400514277688577,2.2476402791207115,True,False,168,CONVERGENCE: RELATIVE REDUCTION OF F <= FACTR*EPSMCH,0
1.5,2.0,2000,9,clean,180,qlog,1.56,1.7016461582537634,True,False,168,barrido q-log; q por deviance de bins,0
1.5,2.0,2000,9,clean,190,pdf,1.5408801002269463,2.2504725549816302,True,False,177,CONVERGENCE: RELATIVE REDUCTION OF F <= FACTR*EPSMCH,0
1.5,2.0,2000,9,clean,190,qlog,1.58,1.7967041804767705,True,False,177,barrido q-log; q por deviance de bins,0
1.5,2.0,2000,9,clean,200,pdf,1.5398580111759617,2.2456458684139413,True,False,188,CONVERGENCE: RELATIVE REDUCTION OF F <= FACTR*EPSMCH,0
1.5,2.0,2000,9,clean,200,qlog,1.58,1.8545844017543438,True,False,188,barrido q-log; q por deviance de bins,0
1.5,2.0,2000,9,noisy,10,pdf,1.5121947744079167,2.122513101175253,True,False,10,CONVERGENCE: NORM OF PROJECTED GRADIENT <= PGTOL,0
1.5,2.0,2000,9,noisy,10,qlog,1.98,1.8566056781306068,True,False,10,barrido q-log; q por deviance de bins,0
1.5,2.0,2000,9,noisy,20,pdf,1.5503581176989751,2.273429634202596,True,False,20,CONVERGENCE: RELATIVE REDUCTION OF F <= FACTR*EPSMCH,0
1.5,2.0,2000,9,noisy,20,qlog,1.6400000000000001,1.8946203174364522,True,False,20,barrido q-log; q por deviance de bins,0
1.5,2.0,2000,9,noisy,30,pdf,1.5416798103948528,2.228819019725202,True,False,30,CONVERGENCE: RELATIVE REDUCTION OF F <= FACTR*EPSMCH,0
1.5,2.0,2000,9,noisy,30,qlog,1.58,1.9848782188100043,True,False,30,barrido q-log; q por deviance de bins,0
1.5,2.0,2000,9,noisy,40,pdf,1.5392751173584736,2.225746142504125,True,False,39,CONVERGENCE: RELATIVE REDUCTION OF F <= FACTR*EPSMCH,0
1.5,2.0,2000,9,noisy,40,qlog,1.56,1.982130719347582,True,False,39,barrido q-log; q por deviance de bins,0
1.5,2.0,2000,9,noisy,50,pdf,1.5436622573076746,2.241600511023469,True,False,49,CONVERGENCE: RELATIVE REDUCTION OF F <= FACTR*EPSMCH,0
1.5,2.0,2000,9,noisy,50,qlog,1.56,2.034340780505438,True,False,49,barrido q-log; q por deviance de bins,0
1.5,2.0,2000,9,noisy,60,pdf,1.5533697654774523,2.2802725766932572,True,False,59,CONVERGENCE: RELATIVE REDUCTION OF F <= FACTR*EPSMCH,0
1.5,2.0,2000,9,noisy,60,qlog,1.56,1.9574170967848155,True,False,59,barrido q-log; q por deviance de bins,0
1.5,2.0,2000,9,noisy,70,pdf,1.5429680532286472,2.244703166815247,True,False,67,CONVERGENCE: RELATIVE REDUCTION OF F <= FACTR*EPSMCH,0
1.5,2.0,2000,9,noisy,70,qlog,1.58,2.0445209400620445,True,False,67,barrido q-log; q por deviance de bins,0
1.5,2.0,2000,9,noisy,80,pdf,1.5381956719795962,2.221842275896617,True,False,78,CONVERGENCE: RELATIVE REDUCTION OF F <= FACTR*EPSMCH,0
1.5,2.0,2000,9,noisy,80,qlog,1.54,1.8826240859738046,True,False,78,barrido q-log; q por deviance de bins,0
1.5,2.0,2000,9,noisy,90,pdf,1.5367284247332316,2.218586450151574,True,False,88,CONVERGENCE: RELATIVE REDUCTION OF F <= FACTR*EPSMCH,0
1.5,2.0,2000,9,noisy,90,qlog,1.54,1.876654983951927,True,False,88,barrido q-log; q por deviance de bins,0
1.5,2.0,2000,9,noisy,100,pdf,1.5433698302208416,2.242522425008584,True,False,97,CONVERGENCE: RELATIVE REDUCTION OF F <= FACTR*EPSMCH,0
1.5,2.0,2000,9,noisy,100,qlog,1.54,1.827131859924393,True,False,97,barrido q-log; q por deviance de bins,0
1.5,2.0,2000,9,noisy,110,pdf,1.5437942170149068,2.2476627045440343,True,False,106,CONVERGENCE: RELATIVE REDUCTION OF F <= FACTR*EPSMCH,0
1.5,2.0,2000,9,noisy,110,qlog,1.56,1.899444879733049,True,False,106,barrido q-log; q por deviance de bins,0
1.5,2.0,2000,9,noisy,120,pdf,1.543557517660109,2.2450540475723795,True,False,115,CONVERGENCE: RELATIVE REDUCTION OF F <= FACTR*EPSMCH,0
1.5,2.0,2000,9,noisy,120,qlog,1.56,1.8208158410179742,True,False,115,barrido q-log; q por deviance de bins,0
1.5,2.0,2000,9,noisy,130,pdf,1.5438827483430155,2.250896579945416,True,False,124,CONVERGENCE: RELATIVE REDUCTION OF F <= FACTR*EPSMCH,0
1.5,2.0,2000,9,noisy,130,qlog,1.56,1.7683399088549714,True,False,124,barrido q-log; q por deviance de bins,0
1.5,2.0,2000,9,noisy,140,pdf,1.5410772917720732,2.2394341639296487,True,False,133,CONVERGENCE: RELATIVE REDUCTION OF F <= FACTR*EPSMCH,0
1.5,2.0,2000,9,noisy,140,qlog,1.56,1.7712287787223608,True,False,133,barrido q-log; q por deviance de bins,0
1.5,2.0,2000,9,noisy,150,pdf,1.542592157646679,2.245726328925385,True,False,143,CONVERGENCE: RELATIVE REDUCTION OF F <= FACTR*EPSMCH,0
1.5,2.0,2000,9,noisy,150,qlog,1.54,1.6948856665650927,True,False,143,barrido q-log; q por deviance de bins,0
1.5,2.0,2000,9,noisy,160,pdf,1.5433388781274142,2.2472527323845983,True,False,152,CONVERGENCE: RELATIVE REDUCTION OF F <= FACTR*EPSMCH,0
1.5,2.0,2000,9,noisy,160,qlog,1.56,1.7120635968195579,True,False,152,barrido q-log; q por deviance de bins,0
1.5,2.0,2000,9,noisy,170,pdf,1.540718755894285,2.237581788386781,True,False,161,CONVERGENCE: RELATIVE REDUCTION OF F <= FACTR*EPSMCH,0
1.5,2.0,2000,9,noisy,170,qlog,1.56,1.5979906584854011,True,False,161,barrido q-log; q por deviance de bins,0
1.5,2.0,2000,9,noisy,180,pdf,1.5413341201881587,2.240138624136034,True,False,168,CONVERGENCE: RELATIVE REDUCTION OF F <= FACTR*EPSMCH,0
1.5,2.0,2000,9,noisy,180,qlog,1.56,1.6316652107463778,True,False,168,barrido q-log; q por deviance de bins,0
1.5,2.0,2000,9,noisy,190,pdf,1.5404861242574253,2.235506341234756,True,False,178,CONVERGENCE: RELATIVE REDUCTION OF F <= FACTR*EPSMCH,0
1.5,2.0,2000,9,noisy,190,qlog,1.56,1.6128592451135497,True,False,178,barrido q-log; q por deviance de bins,0
1.5,2.0,2000,9,noisy,200,pdf,1.5428755279881696,2.2429632128991446,True,False,187,CONVERGENCE: RELATIVE REDUCTION OF F <= FACTR*EPSMCH,0
1.5,2.0,2000,9,noisy,200,qlog,1.56,1.5933840793701157,True,False,187,barrido q-log; q por deviance de bins,0
1.5,5.0,2000,0,clean,10,pdf,1.4671891921095375,4.6320465877747,True,False,10,CONVERGENCE: NORM OF PROJECTED GRADIENT <= PGTOL,0
1.5,5.0,2000,0,clean,10,qlog,2.12,2.972925879681544,True,False,10,barrido q-log; q por deviance de bins,0
1.5,5.0,2000,0,clean,20,pdf,1.4705593997194364,4.647482160046243,True,False,20,CONVERGENCE: NORM OF PROJECTED GRADIENT <= PGTOL,0
1.5,5.0,2000,0,clean,20,qlog,1.74,4.17519717056659,True,False,20,barrido q-log; q por deviance de bins,0
1.5,5.0,2000,0,clean,30,pdf,1.4898417229096068,4.8215898345968515,True,False,29,CONVERGENCE: NORM OF PROJECTED GRADIENT <= PGTOL,0
1.5,5.0,2000,0,clean,30,qlog,1.56,3.9889341323753538,True,False,29,barrido q-log; q por deviance de bins,0
1.5,5.0,2000,0,clean,40,pdf,1.4967764147327978,4.876636690877186,True,False,38,CONVERGENCE: NORM OF PROJECTED GRADIENT <= PGTOL,0
1.5,5.0,2000,0,clean,40,qlog,1.54,4.289342289005647,True,False,38,barrido q-log; q por deviance de bins,0
1.5,5.0,2000,0,clean,50,pdf,1.5133937230484489,5.041075292816993,True,False,48,CONVERGENCE: RELATIVE REDUCTION OF F <= FACTR*EPSMCH,0
1.5,5.0,2000,0,clean,50,qlog,1.54,4.471160523556137,True,False,48,barrido q-log; q por deviance de bins,0
1.5,5.0,2000,0,clean,60,pdf,1.5038641467725158,4.94100094071799,True,False,56,CONVERGENCE: RELATIVE REDUCTION OF F <= FACTR*EPSMCH,0
1.5,5.0,2000,0,clean,60,qlog,1.54,4.4787435400849605,True,False,56,barrido q-log; q por deviance de bins,0
1.5,5.0,2000,0,clean,70,pdf,1.5085890029004074,4.982940041062218,True,False,66,CONVERGENCE: RELATIVE REDUCTION OF F <= FACTR*EPSMCH,0
1.5,5.0,2000,0,clean,70,qlog,1.56,4.627526785138439,True,False,66,barrido q-log; q por deviance de bins,0
1.5,5.0,2000,0,clean,80,pdf,1.5046931174506895,4.9504977459475645,True,False,74,CONVERGENCE: RELATIVE REDUCTION OF F <= FACTR*EPSMCH,0
1.5,5.0,2000,0,clean,80,qlog,1.56,4.66392619068643,True,False,74,barrido q-log; q por deviance de bins,0
1.5,5.0,2000,0,clean,90,pdf,1.5012257697224516,4.921209724960537,True,False,83,CONVERGENCE: RELATIVE REDUCTION OF F <= FACTR*EPSMCH,0
1.5,5.0,2000,0,clean,90,qlog,1.56,4.562117089560805,True,False,83,barrido q-log; q por deviance de bins,0
1.5,5.0,2000,0,clean,100,pdf,1.508515006526523,4.989964142252195,True,False,92,CONVERGENCE: RELATIVE REDUCTION OF F <= FACTR*EPSMCH,0
1.5,5.0,2000,0,clean,100,qlog,1.58,4.67944662549128,True,False,92,barrido q-log; q por deviance de bins,0
1.5,5.0,2000,0,clean,110,pdf,1.5077448829707556,4.974473970276853,True,False,101,CONVERGENCE: RELATIVE REDUCTION OF F <= FACTR*EPSMCH,0
1.5,5.0,2000,0,clean,110,qlog,1.58,4.61334093626585,True,False,101,barrido q-log; q por deviance de bins,0
1.5,5.0,2000,0,clean,120,pdf,1.506133721533208,4.959010470425352,True,False,110,CONVERGENCE: RELATIVE REDUCTION OF F <= FACTR*EPSMCH,0
1.5,5.0,2000,0,clean,120,qlog,1.58,4.524932546931876,True,False,110,barrido q-log; q por deviance de bins,0
1.5,5.0,2000,0,clean,130,pdf,1.5039434889714716,4.9454581389015155,True,False,119,CONVERGENCE: RELATIVE REDUCTION OF F <= FACTR*EPSMCH,0
1.5,5.0,2000,0,clean,130,qlog,1.58,4.320637495062003,True,False,119,barrido q-log; q por deviance de bins,0
1.5,5.0,2000,0,clean,140,pdf,1.505184336640215,4.963044441868292,True,False,128,CONVERGENCE: RELATIVE REDUCTION OF F <= FACTR*EPSMCH,0
1.5,5.0,2000,0,clean,140,qlog,1.6,4.446411838431041,True,False,128,barrido q-log; q por deviance de bins,0
1.5,5.0,2000,0,clean,150,pdf,1.5054789743145252,4.959742768209157,True,False,137,CONVERGENCE: RELATIVE REDUCTION OF F <= FACTR*EPSMCH,0
1.5,5.0,2000,0,clean,150,qlog,1.6,4.540861255869867,True,False,137,barrido q-log; q por deviance de bins,0
1.5,5.0,2000,0,clean,160,pdf,1.5060745428197053,4.965085515368517,True,False,145,CONVERGENCE: RELATIVE REDUCTION OF F <= FACTR*EPSMCH,0
1.5,5.0,2000,0,clean,160,qlog,1.6,4.463115051244434,True,False,145,barrido q-log; q por deviance de bins,0
1.5,5.0,2000,0,clean,170,pdf,1.510510416870223,5.006274580987002,True,False,155,CONVERGENCE: RELATIVE REDUCTION OF F <= FACTR*EPSMCH,0
1.5,5.0,2000,0,clean,170,qlog,1.6,4.247410558650646,True,False,155,barrido q-log; q por deviance de bins,0
1.5,5.0,2000,0,clean,180,pdf,1.5080521955582085,4.9781515899631685,True,False,162,CONVERGENCE: RELATIVE REDUCTION OF F <= FACTR*EPSMCH,0
1.5,5.0,2000,0,clean,180,qlog,1.6,4.2312295416292995,True,False,162,barrido q-log; q por deviance de bins,0
1.5,5.0,2000,0,clean,190,pdf,1.5076115944104282,4.975038307113951,True,False,173,CONVERGENCE: RELATIVE REDUCTION OF F <= FACTR*EPSMCH,0
1.5,5.0,2000,0,clean,190,qlog,1.6,4.1210330642117015,True,False,173,barrido q-log; q por deviance de bins,0
1.5,5.0,2000,0,clean,200,pdf,1.5071349716463798,4.967244413708293,True,False,181,CONVERGENCE: RELATIVE REDUCTION OF F <= FACTR*EPSMCH,0
1.5,5.0,2000,0,clean,200,qlog,1.62,4.2005126709031195,True,False,181,barrido q-log; q por deviance de bins,0
1.5,5.0,2000,0,noisy,10,pdf,1.4858507904743259,4.767521383978415,True,False,10,CONVERGENCE: RELATIVE REDUCTION OF F <= FACTR*EPSMCH,0
1.5,5.0,2000,0,noisy,10,qlog,2.12,3.0340492454139696,True,False,10,barrido q-log; q por deviance de bins,0
1.5,5.0,2000,0,noisy,20,pdf,1.4810821878285902,4.711359032839492,True,False,20,CONVERGENCE: NORM OF PROJECTED GRADIENT <= PGTOL,0
1.5,5.0,2000,0,noisy,20,qlog,1.74,4.155552962809142,True,False,20,barrido q-log; q por deviance de bins,0
1.5,5.0,2000,0,noisy,30,pdf,1.4957902010394843,4.836617277170594,True,False,29,CONVERGENCE: RELATIVE REDUCTION OF F <= FACTR*EPSMCH,0
1.5,5.0,2000,0,noisy,30,qlog,1.58,4.16960297717974,True,False,29,barrido q-log; q por deviance de bins,0
1.5,5.0,2000,0,noisy,40,pdf,1.500450237423158,4.892171842558544,True,False,38,CONVERGENCE: NORM OF PROJECTED GRADIENT <= PGTOL,0
1.5,5.0,2000,0,noisy,40,qlog,1.54,4.291004852720201,True,False,38,barrido q-log; q por deviance de bins,0
1.5,5.0,2000,0,noisy,50,pdf,1.5095925190053507,4.967365150783755,True,False,48,CONVERGENCE: RELATIVE REDUCTION OF F <= FACTR*EPSMCH,0
1.5,5.0,2000,0,noisy,50,qlog,1.54,4.420726544376766,True,False,48,barrido q-log; q por deviance de bins,0
1.5,5.0,2000,0,noisy,60,pdf,1.5045837797105004,4.919999192976936,True,False,56,CONVERGENCE: RELATIVE REDUCTION OF F <= FACTR*EPSMCH,0
1.5,5.0,2000,0,noisy,60,qlog,1.54,4.46302412566647,True,False,56,barrido q-log; q por deviance de bins,0
1.5,5.0,2000,0,noisy,70,pdf,1.5089331544562439,4.96175868260905,True,False,66,CONVERGENCE: RELATIVE REDUCTION OF F <= FACTR*EPSMCH,0
1.5,5.0,2000,0,noisy,70,qlog,1.56,4.595057746152383,True,False,66,barrido q-log; q por deviance de bins,0
1.5,5.0,2000,0,noisy,80,pdf,1.509608511664947,4.97009039758063,True,False,74,CONVERGENCE: RELATIVE REDUCTION OF F <= FACTR*EPSMCH,0
1.5,5.0,2000,0,noisy,80,qlog,1.56,4.635705321125354,True,False,74,barrido q-log; q por deviance de bins,0
1.5,5.0,2000,0,noisy,90,pdf,1.503213643846976,4.896713234983279,True,False,83,CONVERGENCE: RELATIVE REDUCTION OF F <= FACTR*EPSMCH,0
1.5,5.0,2000,0,noisy,90,qlog,1.56,4.475235261774496,True,False,83,barrido q-log; q por deviance de bins,0
1.5,5.0,2000,0,noisy,100,pdf,1.5087068678599904,4.95316972036104,True,False,92,CONVERGENCE: RELATIVE REDUCTION OF F <= FACTR*EPSMCH,0
1.5,5.0,2000,0,noisy,100,qlog,1.58,4.68530559941261,True,False,92,barrido q-log; q por deviance de bins,0
1.5,5.0,2000,0,noisy,110,pdf,1.5047064939496317,4.924725995674056,True,False,101,CONVERGENCE: RELATIVE REDUCTION OF F <= FACTR*EPSMCH,0
1.5,5.0,2000,0,noisy,110,qlog,1.58,4.75134186711663,True,False,101,barrido q-log; q por deviance de bins,0
1.5,5.0,2000,0,noisy,120,pdf,1.5050961756763848,4.9374078832084045,True,False,110,CONVERGENCE: RELATIVE REDUCTION OF F <= FACTR*EPSMCH,0
1.5,5.0,2000,0,noisy,120,qlog,1.58,4.550353238262395,True,False,110,barrido q-log; q por deviance de bins,0
1.5,5.0,2000,0,noisy,130,pdf,1.505870587502261,4.944264744415752,True,False,119,CONVERGENCE: RELATIVE REDUCTION OF F <= FACTR*EPSMCH,0
1.5,5.0,2000,0,noisy,130,qlog,1.58,4.46006594991865,True,False,119,barrido q-log; q por deviance de bins,0
1.5,5.0,2000,0,noisy,140,pdf,1.5063697648677103,4.939778567394212,True,False,128,CONVERGENCE: RELATIVE REDUCTION OF F <= FACTR*EPSMCH,0
1.5,5.0,2000,0,noisy,140,qlog,1.58,4.2658143425606285,True,False,128,barrido q-log; q por deviance de bins,0
1.5,5.0,2000,0,noisy,150,pdf,1.5052645010018864,4.930195947380706,True,False,137,CONVERGENCE: RELATIVE REDUCTION OF F <= FACTR*EPSMCH,0
1.5,5.0,2000,0,noisy,150,qlog,1.6,4.564921630154707,True,False,137,barrido q-log; q por deviance de bins,0
1.5,5.0,2000,0,noisy,160,pdf,1.5081968835117503,4.95756384889373,True,False,145,CONVERGENCE: RELATIVE REDUCTION OF F <= FACTR*EPSMCH,0
1.5,5.0,2000,0,noisy,160,qlog,1.6,4.491982829943014,True,False,145,barrido q-log; q por deviance de bins,0
1.5,5.0,2000,0,noisy,170,pdf,1.5112146112297018,4.981952872310641,True,False,155,CONVERGENCE: RELATIVE REDUCTION OF F <= FACTR*EPSMCH,0
1.5,5.0,2000,0,noisy,170,qlog,1.6,4.448220769732325,True,False,155,barrido q-log; q por deviance de bins,0
1.5,5.0,2000,0,noisy,180,pdf,1.509287154524382,4.964144623284013,True,False,162,CONVERGENCE: RELATIVE REDUCTION OF F <= FACTR*EPSMCH,0
1.5,5.0,2000,0,noisy,180,qlog,1.6,4.20241373209334,True,False,162,barrido q-log; q por deviance de bins,0
1.5,5.0,2000,0,noisy,190,pdf,1.5115326270770542,4.985569546353825,True,False,173,CONVERGENCE: RELATIVE REDUCTION OF F <= FACTR*EPSMCH,0
1.5,5.0,2000,0,noisy,190,qlog,1.62,4.475552368225799,True,False,173,barrido q-log; q por deviance de bins,0
1.5,5.0,2000,0,noisy,200,pdf,1.5073835961033486,4.942999546418703,True,False,181,CONVERGENCE: RELATIVE REDUCTION OF F <= FACTR*EPSMCH,0
1.5,5.0,2000,0,noisy,200,qlog,1.62,4.409825714234969,True,False,181,barrido q-log; q por deviance de bins,0
1.5,5.0,2000,1,clean,10,pdf,1.52792716024892,5.844332498534631,True,False,10,CONVERGENCE: RELATIVE REDUCTION OF F <= FACTR*EPSMCH,0
1.5,5.0,2000,1,clean,10,qlog,2.0,4.945916873774067,True,False,10,barrido q-log; q por deviance de bins,0
1.5,5.0,2000,1,clean,20,pdf,1.5324232586945024,5.886483647280233,True,False,20,CONVERGENCE: NORM OF PROJECTED GRADIENT <= PGTOL,0
1.5,5.0,2000,1,clean,20,qlog,1.6400000000000001,4.9185112476837265,True,False,20,barrido q-log; q por deviance de bins,0
1.5,5.0,2000,1,clean,30,pdf,1.5174127093377063,5.718362975630854,True,False,29,CONVERGENCE: RELATIVE REDUCTION OF F <= FACTR*EPSMCH,0
1.5,5.0,2000,1,clean,30,qlog,1.56,4.985811253633709,True,False,29,barrido q-log; q por deviance de bins,0
1.5,5.0,2000,1,clean,40,pdf,1.5284009352288828,5.801871804679476,True,False,39,CONVERGENCE: RELATIVE REDUCTION OF F <= FACTR*EPSMCH,0
1.5,5.0,2000,1,clean,40,qlog,1.54,5.137187975833365,True,False,39,barrido q-log; q por deviance de bins,0
1.5,5.0,2000,1,clean,50,pdf,1.534283709034072,5.899073712774101,True,False,49,CONVERGENCE: RELATIVE REDUCTION OF F <= FACTR*EPSMCH,0
1.5,5.0,2000,1,clean,50,qlog,1.54,5.205085236040577,True,False,49,barrido q-log; q por deviance de bins,0
1.5,5.0,2000,1,clean,60,pdf,1.5293742921751716,5.821676922902982,True,False,58,CONVERGENCE: RELATIVE REDUCTION OF F <= FACTR*EPSMCH,0
1.5,5.0,2000,1,clean,60,qlog,1.54,5.2832275997241,True,False,58,barrido q-log; q por deviance de bins,0
1.5,5.0,2000,1,clean,70,pdf,1.5304993357457781,5.837011661844872,True,False,68,CONVERGENCE: RELATIVE REDUCTION OF F <= FACTR*EPSMCH,0
1.5,5.0,2000,1,clean,70,qlog,1.54,5.28527031377748,True,False,68,barrido q-log; q por deviance de bins,0
1.5,5.0,2000,1,clean,80,pdf,1.5347044190335744,5.8748359257439615,True,False,77,CONVERGENCE: RELATIVE REDUCTION OF F <= FACTR*EPSMCH,0
1.5,5.0,2000,1,clean,80,qlog,1.54,5.208856179186424,True,False,77,barrido q-log; q por deviance de bins,0
1.5,5.0,2000,1,clean,90,pdf,1.5320952071851683,5.8566842526538325,True,False,87,CONVERGENCE: RELATIVE REDUCTION OF F <= FACTR*EPSMCH,0
1.5,5.0,2000,1,clean,90,qlog,1.54,5.116777838059329,True,False,87,barrido q-log; q por deviance de bins,0
1.5,5.0,2000,1,clean,100,pdf,1.5330438905201442,5.875665408957182,True,False,97,CONVERGENCE: RELATIVE REDUCTION OF F <= FACTR*EPSMCH,0
1.5,5.0,2000,1,clean,100,qlog,1.54,5.095311686469716,True,False,97,barrido q-log; q por deviance de bins,0
1.5,5.0,2000,1,clean,110,pdf,1.5282065850715765,5.816708815272341,True,False,104,CONVERGENCE: RELATIVE REDUCTION OF F <= FACTR*EPSMCH,0
1.5,5.0,2000,1,clean,110,qlog,1.54,5.026471480359296,True,False,104,barrido q-log; q por deviance de bins,0
1.5,5.0,2000,1,clean,120,pdf,1.5278670976766233,5.81016283506916,True,False,114,CONVERGENCE: RELATIVE REDUCTION OF F <= FACTR*EPSMCH,0
1.5,5.0,2000,1,clean,120,qlog,1.54,4.98731937032738,True,False,114,barrido q-log; q por deviance de bins,0
1.5,5.0,2000,1,clean,130,pdf,1.530938836886662,5.846326660131837,True,False,124,CONVERGENCE: RELATIVE REDUCTION OF F <= FACTR*EPSMCH,0
1.5,5.0,2000,1,clean,130,qlog,1.54,4.835607471323137,True,False,124,barrido q-log; q por deviance de bins,0
1.5,5.0,2000,1,clean,140,pdf,1.5273034646437988,5.808246713854991,True,False,131,CONVERGENCE: RELATIVE REDUCTION OF F <= FACTR*EPSMCH,0
1.5,5.0,2000,1,clean,140,qlog,1.54,4.712688780610604,True,False,131,barrido q-log; q por deviance de bins,0
1.5,5.0,2000,1,clean,150,pdf,1.53008322978904,5.835791994046732,True,False,143,CONVERGENCE: RELATIVE REDUCTION OF F <= FACTR*EPSMCH,0
1.5,5.0,2000,1,clean,150,qlog,1.54,4.7634891166555215,True,False,143,barrido q-log; q por deviance de bins,0
1.5,5.0,2000,1,clean,160,pdf,1.533458740765033,5.869912543722563,True,False,150,CONVERGENCE: RELATIVE REDUCTION OF F <= FACTR*EPSMCH,0
1.5,5.0,2000,1,clean,160,qlog,1.54,4.636676881685015,True,False,150,barrido q-log; q por deviance de bins,0
1.5,5.0,2000,1,clean,170,pdf,1.5310917291965833,5.845039446076383,True,False,159,CONVERGENCE: RELATIVE REDUCTION OF F <= FACTR*EPSMCH,0
1.5,5.0,2000,1,clean,170,qlog,1.54,4.427172103890176,True,False,159,barrido q-log; q por deviance de bins,0
1.5,5.0,2000,1,clean,180,pdf,1.5321208118431926,5.859041254436642,True,False,167,CONVERGENCE: RELATIVE REDUCTION OF F <= FACTR*EPSMCH,0
1.5,5.0,2000,1,clean,180,qlog,1.54,4.497207602063704,True,False,167,barrido q-log; q por deviance de bins,0
1.5,5.0,2000,1,clean,190,pdf,1.532200076524131,5.850551649721269,True,False,177,CONVERGENCE: RELATIVE REDUCTION OF F <= FACTR*EPSMCH,0
1.5,5.0,2000,1,clean,190,qlog,1.54,4.408320760636018,True,False,177,barrido q-log; q por deviance de bins,0
1.5,5.0,2000,1,clean,200,pdf,1.5311868677041889,5.848652420721973,True,False,186,CONVERGENCE: RELATIVE REDUCTION OF F <= FACTR*EPSMCH,0
1.5,5.0,2000,1,clean,200,qlog,1.54,4.34456283850006,True,False,186,barrido q-log; q por deviance de bins,0
1.5,5.0,2000,1,noisy,10,pdf,1.4879820751132051,5.304878652840364,True,False,10,CONVERGENCE: NORM OF PROJECTED GRADIENT <= PGTOL,0
1.5,5.0,2000,1,noisy,10,qlog,1.98,4.39588395895551,True,False,10,barrido q-log; q por deviance de bins,0
1.5,5.0,2000,1,noisy,20,pdf,1.517723441851944,5.647297054066403,True,False,20,CONVERGENCE: RELATIVE REDUCTION OF F <= FACTR*EPSMCH,0
1.5,5.0,2000,1,noisy,20,qlog,1.6400000000000001,4.83906149681497,True,False,20,barrido q-log; q por deviance de bins,0
1.5,5.0,2000,1,noisy,30,pdf,1.5111529937813968,5.600936934742833,True,False,29,CONVERGENCE: RELATIVE REDUCTION OF F <= FACTR*EPSMCH,0
1.5,5.0,2000,1,noisy,30,qlog,1.56,4.865160234416897,True,False,29,barrido q-log; q por deviance de bins,0
1.5,5.0,2000,1,noisy,40,pdf,1.521531944371499,5.728574657446101,True,False,39,CONVERGENCE: RELATIVE REDUCTION OF F <= FACTR*EPSMCH,0
1.5,5.0,2000,1,noisy,40,qlog,1.54,5.206685462392496,True,False,39,barrido q-log; q por deviance de bins,0
1.5,5.0,2000,1,noisy,50,pdf,1.5302979551186167,5.776412633305388,True,False,49,CONVERGENCE: RELATIVE REDUCTION OF F <= FACTR*EPSMCH,0
1.5,5.0,2000,1,noisy,50,qlog,1.54,5.186049313747591,True,False,49,barrido q-log; q por deviance de bins,0
1.5,5.0,2000,1,noisy,60,pdf,1.5235568001978819,5.701664261645417,True,False,58,CONVERGENCE: RELATIVE REDUCTION OF F <= FACTR*EPSMCH,0
1.5,5.0,2000,1,noisy,60,qlog,1.54,5.105822628418601,True,False,58,barrido q-log; q por deviance de bins,0
1.5,5.0,2000,1,noisy,70,pdf,1.5257035249133697,5.714424448283491,True,False,68,CONVERGENCE: RELATIVE REDUCTION OF F <= FACTR*EPSMCH,0
1.5,5.0,2000,1,noisy,70,qlog,1.52,5.092840209552078,True,False,68,barrido q-log; q por deviance de bins,0
1.5,5.0,2000,1,noisy,80,pdf,1.5247187412510257,5.714005375435306,True,False,77,CONVERGENCE: RELATIVE REDUCTION OF F <= FACTR*EPSMCH,0
1.5,5.0,2000,1,noisy,80,qlog,1.54,5.3246954472237915,True,False,77,barrido q-log; q por deviance de bins,0
1.5,5.0,2000,1,noisy,90,pdf,1.5209726014430651,5.678499293478281,True,False,86,CONVERGENCE: RELATIVE REDUCTION OF F <= FACTR*EPSMCH,0
1.5,5.0,2000,1,noisy,90,qlog,1.54,5.220094267217262,True,False,86,barrido q-log; q por deviance de bins,0
1.5,5.0,2000,1,noisy,100,pdf,1.5289617178508108,5.768532262597248,True,False,97,CONVERGENCE: RELATIVE REDUCTION OF F <= FACTR*EPSMCH,0
1.5,5.0,2000,1,noisy,100,qlog,1.54,5.276487311011327,True,False,97,barrido q-log; q por deviance de bins,0
1.5,5.0,2000,1,noisy,110,pdf,1.526443684994915,5.7342518989697595,True,False,104,CONVERGENCE: RELATIVE REDUCTION OF F <= FACTR*EPSMCH,0
1.5,5.0,2000,1,noisy,110,qlog,1.54,5.0133909580144165,True,False,104,barrido q-log; q por deviance de bins,0
1.5,5.0,2000,1,noisy,120,pdf,1.5231671569071323,5.710732910924223,True,False,114,CONVERGENCE: RELATIVE REDUCTION OF F <= FACTR*EPSMCH,0
1.5,5.0,2000,1,noisy,120,qlog,1.54,4.86491579677328,True,False,114,barrido q-log; q por deviance de bins,0
1.5,5.0,2000,1,noisy,130,pdf,1.5248080197239908,5.719263350363125,True,False,124,CONVERGENCE: RELATIVE REDUCTION OF F <= FACTR*EPSMCH,0
1.5,5.0,2000,1,noisy,130,qlog,1.54,4.925607504532517,True,False,124,barrido q-log; q por deviance de bins,0
1.5,5.0,2000,1,noisy,140,pdf,1.5245708820714472,5.7127207811278975,True,False,132,CONVERGENCE: RELATIVE REDUCTION OF F <= FACTR*EPSMCH,0
1.5,5.0,2000,1,noisy,140,qlog,1.54,4.929779627248474,True,False,132,barrido q-log; q por deviance de bins,0
1.5,5.0,2000,1,noisy,150,pdf,1.5262327122110406,5.731174526948841,True,False,142,CONVERGENCE: RELATIVE REDUCTION OF F <= FACTR*EPSMCH,0
1.5,5.0,2000,1,noisy,150,qlog,1.54,4.835920032187996,True,False,142,barrido q-log; q por deviance de bins,0
1.5,5.0,2000,1,noisy,160,pdf,1.5274544455878412,5.745526861137083,True,False,151,CONVERGENCE: RELATIVE REDUCTION OF F <= FACTR*EPSMCH,0
1.5,5.0,2000,1,noisy,160,qlog,1.54,4.709435797551588,True,False,151,barrido q-log; q por deviance de bins,0
1.5,5.0,2000,1,noisy,170,pdf,1.524272591337215,5.708666114361633,True,False,161,CONVERGENCE: RELATIVE REDUCTION OF F <= FACTR*EPSMCH,0
1.5,5.0,2000,1,noisy,170,qlog,1.54,4.711108625425908,True,False,161,barrido q-log; q por deviance de bins,0
1.5,5.0,2000,1,noisy,180,pdf,1.5228062421043365,5.6949040395758015,True,False,167,CONVERGENCE: RELATIVE REDUCTION OF F <= FACTR*EPSMCH,0
1.5,5.0,2000,1,noisy,180,qlog,1.54,4.459070971268326,True,False,167,barrido q-log; q por deviance de bins,0
1.5,5.0,2000,1,noisy,190,pdf,1.5257983124194896,5.728293234972808,True,False,178,CONVERGENCE: RELATIVE REDUCTION OF F <= FACTR*EPSMCH,0
1.5,5.0,2000,1,noisy,190,qlog,1.54,4.643466429665539,True,False,178,barrido q-log; q por deviance de bins,0
1.5,5.0,2000,1,noisy,200,pdf,1.5255634710411807,5.731218146814421,True,False,186,CONVERGENCE: RELATIVE REDUCTION OF F <= FACTR*EPSMCH,0
1.5,5.0,2000,1,noisy,200,qlog,1.56,4.7631396761800495,True,False,186,barrido q-log; q por deviance de bins,0
1.5,5.0,2000,2,clean,10,pdf,1.5093317324422886,5.093900856430602,True,False,10,CONVERGENCE: RELATIVE REDUCTION OF F <= FACTR*EPSMCH,0
1.5,5.0,2000,2,clean,10,qlog,2.16,2.633694573096034,True,False,10,barrido q-log; q por deviance de bins,0
1.5,5.0,2000,2,clean,20,pdf,1.523328988512742,5.251868453035088,True,False,20,CONVERGENCE: RELATIVE REDUCTION OF F <= FACTR*EPSMCH,0
1.5,5.0,2000,2,clean,20,qlog,1.8,4.493550016269566,True,False,20,barrido q-log; q por deviance de bins,0
1.5,5.0,2000,2,clean,30,pdf,1.537398894762336,5.377734310500734,True,False,29,CONVERGENCE: RELATIVE REDUCTION OF F <= FACTR*EPSMCH,0
1.5,5.0,2000,2,clean,30,qlog,1.62,4.3771390511095465,True,False,29,barrido q-log; q por deviance de bins,0
1.5,5.0,2000,2,clean,40,pdf,1.5438410155233464,5.4407189997784435,True,False,38,CONVERGENCE: RELATIVE REDUCTION OF F <= FACTR*EPSMCH,0
1.5,5.0,2000,2,clean,40,qlog,1.6,4.87547300266184,True,False,38,barrido q-log; q por deviance de bins,0
1.5,5.0,2000,2,clean,50,pdf,1.548584911820385,5.491851542724155,True,False,48,CONVERGENCE: RELATIVE REDUCTION OF F <= FACTR*EPSMCH,0
1.5,5.0,2000,2,clean,50,qlog,1.6,5.120753249973525,True,False,48,barrido q-log; q por deviance de bins,0
1.5,5.0,2000,2,clean,60,pdf,1.5346271098212676,5.35840671629732,True,False,56,CONVERGENCE: RELATIVE REDUCTION OF F <= FACTR*EPSMCH,0
1.5,5.0,2000,2,clean,60,qlog,1.58,4.796962587843756,True,False,56,barrido q-log; q por deviance de bins,0
1.5,5.0,2000,2,clean,70,pdf,1.5378441480759306,5.37862338114834,True,False,66,CONVERGENCE: RELATIVE REDUCTION OF F <= FACTR*EPSMCH,0
1.5,5.0,2000,2,clean,70,qlog,1.6,5.040893845173858,True,False,66,barrido q-log; q por deviance de bins,0
1.5,5.0,2000,2,clean,80,pdf,1.5429414689837397,5.4406312766214695,True,False,75,CONVERGENCE: RELATIVE REDUCTION OF F <= FACTR*EPSMCH,0
1.5,5.0,2000,2,clean,80,qlog,1.6,5.039936983442125,True,False,75,barrido q-log; q por deviance de bins,0
1.5,5.0,2000,2,clean,90,pdf,1.5406690240952932,5.4056330737719644,True,False,84,CONVERGENCE: RELATIVE REDUCTION OF F <= FACTR*EPSMCH,0
1.5,5.0,2000,2,clean,90,qlog,1.6,4.811546910057865,True,False,84,barrido q-log; q por deviance de bins,0
1.5,5.0,2000,2,clean,100,pdf,1.5478653381677505,5.485273345390367,True,False,93,CONVERGENCE: RELATIVE REDUCTION OF F <= FACTR*EPSMCH,0
1.5,5.0,2000,2,clean,100,qlog,1.62,5.1253534561696155,True,False,93,barrido q-log; q por deviance de bins,0
1.5,5.0,2000,2,clean,110,pdf,1.5347950897149087,5.354736753713666,True,False,102,CONVERGENCE: RELATIVE REDUCTION OF F <= FACTR*EPSMCH,0
1.5,5.0,2000,2,clean,110,qlog,1.62,4.8997384838765345,True,False,102,barrido q-log; q por deviance de bins,0
1.5,5.0,2000,2,clean,120,pdf,1.5390067340437463,5.400849398251065,True,False,111,CONVERGENCE: RELATIVE REDUCTION OF F <= FACTR*EPSMCH,0
1.5,5.0,2000,2,clean,120,qlog,1.62,4.7760916840007255,True,False,111,barrido q-log; q por deviance de bins,0
1.5,5.0,2000,2,clean,130,pdf,1.5396580903991752,5.403901427866515,True,False,120,CONVERGENCE: RELATIVE REDUCTION OF F <= FACTR*EPSMCH,0
1.5,5.0,2000,2,clean,130,qlog,1.6400000000000001,4.971582946406484,True,False,120,barrido q-log; q por deviance de bins,0
1.5,5.0,2000,2,clean,140,pdf,1.5365799056321552,5.37194834411011,True,False,129,CONVERGENCE: RELATIVE REDUCTION OF F <= FACTR*EPSMCH,0
1.5,5.0,2000,2,clean,140,qlog,1.6400000000000001,4.802394875560768,True,False,129,barrido q-log; q por deviance de bins,0
1.5,5.0,2000,2,clean,150,pdf,1.5439068676348928,5.448747247446816,True,False,138,CONVERGENCE: RELATIVE REDUCTION OF F <= FACTR*EPSMCH,0
1.5,5.0,2000,2,clean,150,qlog,1.6400000000000001,4.844888276532482,True,False,138,barrido q-log; q por deviance de bins,0
1.5,5.0,2000,2,clean,160,pdf,1.541564582539923,5.4224708618725845,True,False,147,CONVERGENCE: RELATIVE REDUCTION OF F <= FACTR*EPSMCH,0
1.5,5.0,2000,2,clean,160,qlog,1.6400000000000001,4.765291934523707,True,False,147,barrido q-log; q por deviance de bins,0
1.5,5.0,2000,2,clean,170,pdf,1.5391951376784012,5.400837884538165,True,False,155,CONVERGENCE: RELATIVE REDUCTION OF F <= FACTR*EPSMCH,0
1.5,5.0,2000,2,clean,170,qlog,1.6600000000000001,4.9188475568748276,True,False,155,barrido q-log; q por deviance de bins,0
1.5,5.0,2000,2,clean,180,pdf,1.5379242921086411,5.3815312611598385,True,False,164,CONVERGENCE: RELATIVE REDUCTION OF F <= FACTR*EPSMCH,0
1.5,5.0,2000,2,clean,180,qlog,1.6600000000000001,4.7492984079437885,True,False,164,barrido q-log; q por deviance de bins,0
1.5,5.0,2000,2,clean,190,pdf,1.5390813702125752,5.3946739826245915,True,False,172,CONVERGENCE: RELATIVE REDUCTION OF F <= FACTR*EPSMCH,0
1.5,5.0,2000,2,clean,190,qlog,1.6600000000000001,4.656071060649085,True,False,172,barrido q-log; q por deviance de bins,0
1.5,5.0,2000,2,clean,200,pdf,1.546146273520462,5.472683472284745,True,False,181,CONVERGENCE: RELATIVE REDUCTION OF F <= FACTR*EPSMCH,0
1.5,5.0,2000,2,clean,200,qlog,1.6600000000000001,4.667711191575158,True,False,181,barrido q-log; q por deviance de bins,0
1.5,5.0,2000,2,noisy,10,pdf,1.5284528704282354,5.312880628621302,True,False,10,CONVERGENCE: NORM OF PROJECTED GRADIENT <= PGTOL,0
1.5,5.0,2000,2,noisy,10,qlog,2.16,2.637837392798246,True,False,10,barrido q-log; q por deviance de bins,0
1.5,5.0,2000,2,noisy,20,pdf,1.5295130139104445,5.2894935246361,True,False,20,CONVERGENCE: NORM OF PROJECTED GRADIENT <= PGTOL,0
1.5,5.0,2000,2,noisy,20,qlog,1.8,4.47307099477746,True,False,20,barrido q-log; q por deviance de bins,0
1.5,5.0,2000,2,noisy,30,pdf,1.5400064104424067,5.346099639270004,True,False,29,CONVERGENCE: RELATIVE REDUCTION OF F <= FACTR*EPSMCH,0
1.5,5.0,2000,2,noisy,30,qlog,1.62,4.355629416391669,True,False,29,barrido q-log; q por deviance de bins,0
1.5,5.0,2000,2,noisy,40,pdf,1.5420473632985106,5.412016821431797,True,False,38,CONVERGENCE: RELATIVE REDUCTION OF F <= FACTR*EPSMCH,0
1.5,5.0,2000,2,noisy,40,qlog,1.6,4.853912948951252,True,False,38,barrido q-log; q por deviance de bins,0
1.5,5.0,2000,2,noisy,50,pdf,1.5395423106985682,5.371508631354724,True,False,48,CONVERGENCE: RELATIVE REDUCTION OF F <= FACTR*EPSMCH,0
1.5,5.0,2000,2,noisy,50,qlog,1.58,4.849965893229678,True,False,48,barrido q-log; q por deviance de bins,0
1.5,5.0,2000,2,noisy,60,pdf,1.5396074944544613,5.3562010715690045,True,False,56,CONVERGENCE: RELATIVE REDUCTION OF F <= FACTR*EPSMCH,0
1.5,5.0,2000,2,noisy,60,qlog,1.6,5.122957245786973,True,False,56,barrido q-log; q por deviance de bins,0
1.5,5.0,2000,2,noisy,70,pdf,1.5391778991034277,5.345870953088198,True,False,66,CONVERGENCE: RELATIVE REDUCTION OF F <= FACTR*EPSMCH,0
1.5,5.0,2000,2,noisy,70,qlog,1.6,5.053276538876006,True,False,66,barrido q-log; q por deviance de bins,0
1.5,5.0,2000,2,noisy,80,pdf,1.5429697196938397,5.400930286076586,True,False,75,CONVERGENCE: RELATIVE REDUCTION OF F <= FACTR*EPSMCH,0
1.5,5.0,2000,2,noisy,80,qlog,1.6,4.899690544737791,True,False,75,barrido q-log; q por deviance de bins,0
1.5,5.0,2000,2,noisy,90,pdf,1.5328912171268352,5.289721409951469,True,False,84,CONVERGENCE: RELATIVE REDUCTION OF F <= FACTR*EPSMCH,0
1.5,5.0,2000,2,noisy,90,qlog,1.6,4.808798003246326,True,False,84,barrido q-log; q por deviance de bins,0
1.5,5.0,2000,2,noisy,100,pdf,1.536914467530761,5.340969479123046,True,False,92,CONVERGENCE: RELATIVE REDUCTION OF F <= FACTR*EPSMCH,0
1.5,5.0,2000,2,noisy,100,qlog,1.62,5.028800406415386,True,False,92,barrido q-log; q por deviance de bins,0
1.5,5.0,2000,2,noisy,110,pdf,1.5315545789910245,5.279544271959328,True,False,101,CONVERGENCE: RELATIVE REDUCTION OF F <= FACTR*EPSMCH,0
1.5,5.0,2000,2,noisy,110,qlog,1.62,4.817242876620037,True,False,101,barrido q-log; q por deviance de bins,0
1.5,5.0,2000,2,noisy,120,pdf,1.5387301666542619,5.3612287892008235,True,False,110,CONVERGENCE: RELATIVE REDUCTION OF F <= FACTR*EPSMCH,0
1.5,5.0,2000,2,noisy,120,qlog,1.62,4.764732557404722,True,False,110,barrido q-log; q por deviance de bins,0
1.5,5.0,2000,2,noisy,130,pdf,1.5418482779687637,5.3885080330056985,True,False,119,CONVERGENCE: RELATIVE REDUCTION OF F <= FACTR*EPSMCH,0
1.5,5.0,2000,2,noisy,130,qlog,1.6400000000000001,4.958608140821988,True,False,119,barrido q-log; q por deviance de bins,0
1.5,5.0,2000,2,noisy,140,pdf,1.5345585398932509,5.311577130202063,True,False,128,CONVERGENCE: RELATIVE REDUCTION OF F <= FACTR*EPSMCH,0
1.5,5.0,2000,2,noisy,140,qlog,1.6400000000000001,4.903295570144268,True,False,128,barrido q-log; q por deviance de bins,0
1.5,5.0,2000,2,noisy,150,pdf,1.5398510717415281,5.366537189809108,True,False,137,CONVERGENCE: RELATIVE REDUCTION OF F <= FACTR*EPSMCH,0
1.5,5.0,2000,2,noisy,150,qlog,1.6400000000000001,4.719775790872657,True,False,137,barrido q-log; q por deviance de bins,0
1.5,5.0,2000,2,noisy,160,pdf,1.5377684632525055,5.345724306049367,True,False,145,CONVERGENCE: RELATIVE REDUCTION OF F <= FACTR*EPSMCH,0
1.5,5.0,2000,2,noisy,160,qlog,1.6400000000000001,4.608876129773114,True,False,145,barrido q-log; q por deviance de bins,0
1.5,5.0,2000,2,noisy,170,pdf,1.535939202187915,5.326434542819446,True,False,153,CONVERGENCE: RELATIVE REDUCTION OF F <= FACTR*EPSMCH,0
1.5,5.0,2000,2,noisy,170,qlog,1.6400000000000001,4.376486815429179,True,False,153,barrido q-log; q por deviance de bins,0
1.5,5.0,2000,2,noisy,180,pdf,1.5343557996077202,5.307736395168107,True,False,163,CONVERGENCE: RELATIVE REDUCTION OF F <= FACTR*EPSMCH,0
1.5,5.0,2000,2,noisy,180,qlog,1.6600000000000001,4.624449108079788,True,False,163,barrido q-log; q por deviance de bins,0
1.5,5.0,2000,2,noisy,190,pdf,1.539393192597515,5.354595096112849,True,False,172,CONVERGENCE: RELATIVE REDUCTION OF F <= FACTR*EPSMCH,0
1.5,5.0,2000,2,noisy,190,qlog,1.6600000000000001,4.5848884073238425,True,False,172,barrido q-log; q por deviance de bins,0
1.5,5.0,2000,2,noisy,200,pdf,1.5407459058962472,5.369169546915654,True,False,179,CONVERGENCE: RELATIVE REDUCTION OF F <= FACTR*EPSMCH,0
1.5,5.0,2000,2,noisy,200,qlog,1.6600000000000001,4.4389243067024164,True,False,179,barrido q-log; q por deviance de bins,0
1.5,5.0,2000,3,clean,10,pdf,1.5124221710831636,5.298560734733585,True,False,10,CONVERGENCE: NORM OF PROJECTED GRADIENT <= PGTOL,0
1.5,5.0,2000,3,clean,10,qlog,2.08,3.7205346697532518,True,False,10,barrido q-log; q por deviance de bins,0
1.5,5.0,2000,3,clean,20,pdf,1.5276472746014076,5.494965998295288,True,False,20,CONVERGENCE: NORM OF PROJECTED GRADIENT <= PGTOL,0
1.5,5.0,2000,3,clean,20,qlog,1.7200000000000002,4.720355689983852,True,False,20,barrido q-log; q por deviance de bins,0
1.5,5.0,2000,3,clean,30,pdf,1.519593837797707,5.3756963424840025,True,False,29,CONVERGENCE: RELATIVE REDUCTION OF F <= FACTR*EPSMCH,0
1.5,5.0,2000,3,clean,30,qlog,1.58,4.5318263957949885,True,False,29,barrido q-log; q por deviance de bins,0
1.5,5.0,2000,3,clean,40,pdf,1.5361772432830008,5.571808985076112,True,False,39,CONVERGENCE: RELATIVE REDUCTION OF F <= FACTR*EPSMCH,0
1.5,5.0,2000,3,clean,40,qlog,1.58,5.069811331289169,True,False,39,barrido q-log; q por deviance de bins,0
1.5,5.0,2000,3,clean,50,pdf,1.5329654318529498,5.513077681521054,True,False,47,CONVERGENCE: RELATIVE REDUCTION OF F <= FACTR*EPSMCH,0
1.5,5.0,2000,3,clean,50,qlog,1.58,5.058565184850334,True,False,47,barrido q-log; q por deviance de bins,0
1.5,5.0,2000,3,clean,60,pdf,1.511858449927125,5.309102951382315,True,False,58,CONVERGENCE: RELATIVE REDUCTION OF F <= FACTR*EPSMCH,0
1.5,5.0,2000,3,clean,60,qlog,1.54,4.806851040380239,True,False,58,barrido q-log; q por deviance de bins,0
1.5,5.0,2000,3,clean,70,pdf,1.5226024083078984,5.430263043999624,True,False,67,CONVERGENCE: RELATIVE REDUCTION OF F <= FACTR*EPSMCH,0
1.5,5.0,2000,3,clean,70,qlog,1.54,4.763726018200736,True,False,67,barrido q-log; q por deviance de bins,0
1.5,5.0,2000,3,clean,80,pdf,1.5256162310060633,5.461451301510835,True,False,76,CONVERGENCE: RELATIVE REDUCTION OF F <= FACTR*EPSMCH,0
1.5,5.0,2000,3,clean,80,qlog,1.56,4.949771806586352,True,False,76,barrido q-log; q por deviance de bins,0
1.5,5.0,2000,3,clean,90,pdf,1.5289650045520358,5.47654672812588,True,False,85,CONVERGENCE: RELATIVE REDUCTION OF F <= FACTR*EPSMCH,0
1.5,5.0,2000,3,clean,90,qlog,1.56,4.603799258687366,True,False,85,barrido q-log; q por deviance de bins,0
1.5,5.0,2000,3,clean,100,pdf,1.5258293605629953,5.4603708976171195,True,False,93,CONVERGENCE: RELATIVE REDUCTION OF F <= FACTR*EPSMCH,0
1.5,5.0,2000,3,clean,100,qlog,1.56,4.680999954129734,True,False,93,barrido q-log; q por deviance de bins,0
1.5,5.0,2000,3,clean,110,pdf,1.5328463510767172,5.515649276198846,True,False,103,CONVERGENCE: RELATIVE REDUCTION OF F <= FACTR*EPSMCH,0
1.5,5.0,2000,3,clean,110,qlog,1.56,4.639894354100226,True,False,103,barrido q-log; q por deviance de bins,0
1.5,5.0,2000,3,clean,120,pdf,1.522463649068089,5.414065165373901,True,False,111,CONVERGENCE: RELATIVE REDUCTION OF F <= FACTR*EPSMCH,0
1.5,5.0,2000,3,clean,120,qlog,1.56,4.446968455726257,True,False,111,barrido q-log; q por deviance de bins,0
1.5,5.0,2000,3,clean,130,pdf,1.5323272583370056,5.521581511374862,True,False,121,CONVERGENCE: RELATIVE REDUCTION OF F <= FACTR*EPSMCH,0
1.5,5.0,2000,3,clean,130,qlog,1.58,4.626308033353936,True,False,121,barrido q-log; q por deviance de bins,0
1.5,5.0,2000,3,clean,140,pdf,1.5274041049164497,5.46566419336501,True,False,129,CONVERGENCE: RELATIVE REDUCTION OF F <= FACTR*EPSMCH,0
1.5,5.0,2000,3,clean,140,qlog,1.58,4.598620534517657,True,False,129,barrido q-log; q por deviance de bins,0
1.5,5.0,2000,3,clean,150,pdf,1.5287482081167272,5.476950107277485,True,False,137,CONVERGENCE: RELATIVE REDUCTION OF F <= FACTR*EPSMCH,0
1.5,5.0,2000,3,clean,150,qlog,1.58,4.42532293948406,True,False,137,barrido q-log; q por deviance de bins,0
1.5,5.0,2000,3,clean,160,pdf,1.530854807009563,5.508667137129382,True,False,146,CONVERGENCE: RELATIVE REDUCTION OF F <= FACTR*EPSMCH,0
1.5,5.0,2000,3,clean,160,qlog,1.58,4.364073645768253,True,False,146,barrido q-log; q por deviance de bins,0
1.5,5.0,2000,3,clean,170,pdf,1.5281253900624965,5.473785734264868,True,False,156,CONVERGENCE: RELATIVE REDUCTION OF F <= FACTR*EPSMCH,0
1.5,5.0,2000,3,clean,170,qlog,1.58,4.188909767097547,True,False,156,barrido q-log; q por deviance de bins,0
1.5,5.0,2000,3,clean,180,pdf,1.5251217529169498,5.445102701387584,True,False,163,CONVERGENCE: RELATIVE REDUCTION OF F <= FACTR*EPSMCH,0
1.5,5.0,2000,3,clean,180,qlog,1.58,4.118663986848481,True,False,163,barrido q-log; q por deviance de bins,0
1.5,5.0,2000,3,clean,190,pdf,1.5251591602116776,5.452269801413599,True,False,173,CONVERGENCE: RELATIVE REDUCTION OF F <= FACTR*EPSMCH,0
1.5,5.0,2000,3,clean,190,qlog,1.6,4.339818076125297,True,False,173,barrido q-log; q por deviance de bins,0
1.5,5.0,2000,3,clean,200,pdf,1.5269350151416639,5.474240464028999,True,False,180,CONVERGENCE: RELATIVE REDUCTION OF F <= FACTR*EPSMCH,0
1.5,5.0,2000,3,clean,200,qlog,1.6,4.361303679210335,True,False,180,barrido q-log; q por deviance de bins,0
1.5,5.0,2000,3,noisy,10,pdf,1.5184201409898659,5.304283534915155,True,False,10,CONVERGENCE: NORM OF PROJECTED GRADIENT <= PGTOL,0
1.5,5.0,2000,3,noisy,10,qlog,2.08,3.756251844418141,True,False,10,barrido q-log; q por deviance de bins,0
1.5,5.0,2000,3,noisy,20,pdf,1.5279435879443588,5.438718238140081,True,False,20,CONVERGENCE: RELATIVE REDUCTION OF F <= FACTR*EPSMCH,0
1.5,5.0,2000,3,noisy,20,qlog,1.7200000000000002,4.697332303046163,True,False,20,barrido q-log; q por deviance de bins,0
1.5,5.0,2000,3,noisy,30,pdf,1.5221336086358628,5.370058322400446,True,False,29,CONVERGENCE: RELATIVE REDUCTION OF F <= FACTR*EPSMCH,0
1.5,5.0,2000,3,noisy,30,qlog,1.58,4.538400362090496,True,False,29,barrido q-log; q por deviance de bins,0
1.5,5.0,2000,3,noisy,40,pdf,1.5282844349584377,5.4292464094098545,True,False,39,CONVERGENCE: RELATIVE REDUCTION OF F <= FACTR*EPSMCH,0
1.5,5.0,2000,3,noisy,40,qlog,1.56,4.731867224045384,True,False,39,barrido q-log; q por deviance de bins,0
1.5,5.0,2000,3,noisy,50,pdf,1.5296956443097598,5.434988912112816,True,False,47,CONVERGENCE: RELATIVE REDUCTION OF F <= FACTR*EPSMCH,0
1.5,5.0,2000,3,noisy,50,qlog,1.58,5.087597501465411,True,False,47,barrido q-log; q por deviance de bins,0
1.5,5.0,2000,3,noisy,60,pdf,1.5117743868089104,5.2731700968249715,True,False,58,CONVERGENCE: RELATIVE REDUCTION OF F <= FACTR*EPSMCH,0
1.5,5.0,2000,3,noisy,60,qlog,1.54,4.814481342942868,True,False,58,barrido q-log; q por deviance de bins,0
1.5,5.0,2000,3,noisy,70,pdf,1.5147614757815087,5.293095239325452,True,False,67,CONVERGENCE: RELATIVE REDUCTION OF F <= FACTR*EPSMCH,0
1.5,5.0,2000,3,noisy,70,qlog,1.54,4.788480626170753,True,False,67,barrido q-log; q por deviance de bins,0
1.5,5.0,2000,3,noisy,80,pdf,1.5210539729717716,5.364863770241581,True,False,76,CONVERGENCE: RELATIVE REDUCTION OF F <= FACTR*EPSMCH,0
1.5,5.0,2000,3,noisy,80,qlog,1.56,4.930932926515815,True,False,76,barrido q-log; q por deviance de bins,0
1.5,5.0,2000,3,noisy,90,pdf,1.528608289200686,5.445199413402344,True,False,85,CONVERGENCE: RELATIVE REDUCTION OF F <= FACTR*EPSMCH,0
1.5,5.0,2000,3,noisy,90,qlog,1.56,4.838903277232304,True,False,85,barrido q-log; q por deviance de bins,0
1.5,5.0,2000,3,noisy,100,pdf,1.5191186902422649,5.349192872481404,True,False,94,CONVERGENCE: RELATIVE REDUCTION OF F <= FACTR*EPSMCH,0
1.5,5.0,2000,3,noisy,100,qlog,1.56,4.747070128984574,True,False,94,barrido q-log; q por deviance de bins,0
1.5,5.0,2000,3,noisy,110,pdf,1.5257481511237245,5.401180117470213,True,False,103,CONVERGENCE: RELATIVE REDUCTION OF F <= FACTR*EPSMCH,0
1.5,5.0,2000,3,noisy,110,qlog,1.56,4.716973836417757,True,False,103,barrido q-log; q por deviance de bins,0
1.5,5.0,2000,3,noisy,120,pdf,1.5186095712838916,5.335815934818007,True,False,110,CONVERGENCE: RELATIVE REDUCTION OF F <= FACTR*EPSMCH,0
1.5,5.0,2000,3,noisy,120,qlog,1.56,4.580324506477266,True,False,110,barrido q-log; q por deviance de bins,0
1.5,5.0,2000,3,noisy,130,pdf,1.5279542338569996,5.421691190466754,True,False,121,CONVERGENCE: RELATIVE REDUCTION OF F <= FACTR*EPSMCH,0
1.5,5.0,2000,3,noisy,130,qlog,1.58,4.636332881036937,True,False,121,barrido q-log; q por deviance de bins,0
1.5,5.0,2000,3,noisy,140,pdf,1.5221544902631305,5.371053188042094,True,False,130,CONVERGENCE: RELATIVE REDUCTION OF F <= FACTR*EPSMCH,0
1.5,5.0,2000,3,noisy,140,qlog,1.58,4.634101931856894,True,False,130,barrido q-log; q por deviance de bins,0
1.5,5.0,2000,3,noisy,150,pdf,1.524231982089183,5.3925436656162065,True,False,137,CONVERGENCE: RELATIVE REDUCTION OF F <= FACTR*EPSMCH,0
1.5,5.0,2000,3,noisy,150,qlog,1.58,4.451772066495759,True,False,137,barrido q-log; q por deviance de bins,0
1.5,5.0,2000,3,noisy,160,pdf,1.5253821847917628,5.406837746615798,True,False,146,CONVERGENCE: RELATIVE REDUCTION OF F <= FACTR*EPSMCH,0
1.5,5.0,2000,3,noisy,160,qlog,1.58,4.434514749050568,True,False,146,barrido q-log; q por deviance de bins,0
1.5,5.0,2000,3,noisy,170,pdf,1.522709529779678,5.381069284389602,True,False,155,CONVERGENCE: RELATIVE REDUCTION OF F <= FACTR*EPSMCH,0
1.5,5.0,2000,3,noisy,170,qlog,1.58,4.270635268379164,True,False,155,barrido q-log; q por deviance de bins,0
1.5,5.0,2000,3,noisy,180,pdf,1.521946441077365,5.372931658220614,True,False,161,CONVERGENCE: RELATIVE REDUCTION OF F <= FACTR*EPSMCH,0
1.5,5.0,2000,3,noisy,180,qlog,1.6,4.477660404269517,True,False,161,barrido q-log; q por deviance de bins,0
1.5,5.0,2000,3,noisy,190,pdf,1.5248016244936493,5.399012689360212,True,False,174,CONVERGENCE: RELATIVE REDUCTION OF F <= FACTR*EPSMCH,0
1.5,5.0,2000,3,noisy,190,qlog,1.58,4.186314330800507,True,False,174,barrido q-log; q por deviance de bins,0
1.5,5.0,2000,3,noisy,200,pdf,1.521815329465931,5.373469210154618,True,False,179,CONVERGENCE: RELATIVE REDUCTION OF F <= FACTR*EPSMCH,0
1.5,5.0,2000,3,noisy,200,qlog,1.6,4.241953136252853,True,False,179,barrido q-log; q por deviance de bins,0
1.5,5.0,2000,4,clean,10,pdf,1.5204823643730736,5.530255451157879,True,False,10,CONVERGENCE: RELATIVE REDUCTION OF F <= FACTR*EPSMCH,0
1.5,5.0,2000,4,clean,10,qlog,1.8599999999999999,5.2133169995748645,True,False,10,barrido q-log; q por deviance de bins,0
1.5,5.0,2000,4,clean,20,pdf,1.489571773920685,5.227429639079791,True,False,20,CONVERGENCE: RELATIVE REDUCTION OF F <= FACTR*EPSMCH,0
1.5,5.0,2000,4,clean,20,qlog,1.54,4.511721731783318,True,False,20,barrido q-log; q por deviance de bins,0
1.5,5.0,2000,4,clean,30,pdf,1.4568422271756132,4.946139842899446,True,False,30,CONVERGENCE: RELATIVE REDUCTION OF F <= FACTR*EPSMCH,0
1.5,5.0,2000,4,clean,30,qlog,1.46,4.326047317204273,True,False,30,barrido q-log; q por deviance de bins,0
1.5,5.0,2000,4,clean,40,pdf,1.4606770300312726,4.962025642295003,True,False,40,CONVERGENCE: RELATIVE REDUCTION OF F <= FACTR*EPSMCH,0
1.5,5.0,2000,4,clean,40,qlog,1.46,4.4685608302157185,True,False,40,barrido q-log; q por deviance de bins,0
1.5,5.0,2000,4,clean,50,pdf,1.442356821603405,4.825300471436719,True,False,50,CONVERGENCE: RELATIVE REDUCTION OF F <= FACTR*EPSMCH,0
1.5,5.0,2000,4,clean,50,qlog,1.44,4.384159537316871,True,False,50,barrido q-log; q por deviance de bins,0
1.5,5.0,2000,4,clean,60,pdf,1.4502778732132515,4.905139724537535,True,False,60,CONVERGENCE: RELATIVE REDUCTION OF F <= FACTR*EPSMCH,0
1.5,5.0,2000,4,clean,60,qlog,1.44,4.407507096210981,True,False,60,barrido q-log; q por deviance de bins,0
1.5,5.0,2000,4,clean,70,pdf,1.4385867326587163,4.807880391782228,True,False,69,CONVERGENCE: RELATIVE REDUCTION OF F <= FACTR*EPSMCH,0
1.5,5.0,2000,4,clean,70,qlog,1.44,4.373105117836534,True,False,69,barrido q-log; q por deviance de bins,0
1.5,5.0,2000,4,clean,80,pdf,1.4454107714948934,4.857670748021474,True,False,79,CONVERGENCE: RELATIVE REDUCTION OF F <= FACTR*EPSMCH,0
1.5,5.0,2000,4,clean,80,qlog,1.44,4.336921294134035,True,False,79,barrido q-log; q por deviance de bins,0
1.5,5.0,2000,4,clean,90,pdf,1.446081530219889,4.870753149481392,True,False,89,CONVERGENCE: RELATIVE REDUCTION OF F <= FACTR*EPSMCH,0
1.5,5.0,2000,4,clean,90,qlog,1.44,4.267168389651846,True,False,89,barrido q-log; q por deviance de bins,0
1.5,5.0,2000,4,clean,100,pdf,1.442561566158849,4.838447832806713,True,False,98,CONVERGENCE: RELATIVE REDUCTION OF F <= FACTR*EPSMCH,0
1.5,5.0,2000,4,clean,100,qlog,1.44,4.281719124932352,True,False,98,barrido q-log; q por deviance de bins,0
1.5,5.0,2000,4,clean,110,pdf,1.444850330345897,4.854103793053712,True,False,107,CONVERGENCE: RELATIVE REDUCTION OF F <= FACTR*EPSMCH,0
1.5,5.0,2000,4,clean,110,qlog,1.44,4.247610358458151,True,False,107,barrido q-log; q por deviance de bins,0
1.5,5.0,2000,4,clean,120,pdf,1.445592801716094,4.860864924813499,True,False,117,CONVERGENCE: RELATIVE REDUCTION OF F <= FACTR*EPSMCH,0
1.5,5.0,2000,4,clean,120,qlog,1.44,4.25719974018302,True,False,117,barrido q-log; q por deviance de bins,0
1.5,5.0,2000,4,clean,130,pdf,1.4429613430975112,4.848352488524944,True,False,126,CONVERGENCE: RELATIVE REDUCTION OF F <= FACTR*EPSMCH,0
1.5,5.0,2000,4,clean,130,qlog,1.44,4.140557979666646,True,False,126,barrido q-log; q por deviance de bins,0
1.5,5.0,2000,4,clean,140,pdf,1.4401535368664338,4.821130111873306,True,False,135,CONVERGENCE: RELATIVE REDUCTION OF F <= FACTR*EPSMCH,0
1.5,5.0,2000,4,clean,140,qlog,1.44,4.162273467849268,True,False,135,barrido q-log; q por deviance de bins,0
1.5,5.0,2000,4,clean,150,pdf,1.442797250539105,4.845105390290935,True,False,144,CONVERGENCE: RELATIVE REDUCTION OF F <= FACTR*EPSMCH,0
1.5,5.0,2000,4,clean,150,qlog,1.44,4.051199756772988,True,False,144,barrido q-log; q por deviance de bins,0
1.5,5.0,2000,4,clean,160,pdf,1.4429733236381808,4.838790537675488,True,False,154,CONVERGENCE: RELATIVE REDUCTION OF F <= FACTR*EPSMCH,0
1.5,5.0,2000,4,clean,160,qlog,1.44,4.092971105413036,True,False,154,barrido q-log; q por deviance de bins,0
1.5,5.0,2000,4,clean,170,pdf,1.441506821657351,4.832384990871289,True,False,163,CONVERGENCE: RELATIVE REDUCTION OF F <= FACTR*EPSMCH,0
1.5,5.0,2000,4,clean,170,qlog,1.44,4.043091162671718,True,False,163,barrido q-log; q por deviance de bins,0
1.5,5.0,2000,4,clean,180,pdf,1.4431086513592004,4.847377275489322,True,False,170,CONVERGENCE: RELATIVE REDUCTION OF F <= FACTR*EPSMCH,0
1.5,5.0,2000,4,clean,180,qlog,1.44,3.936829502344684,True,False,170,barrido q-log; q por deviance de bins,0
1.5,5.0,2000,4,clean,190,pdf,1.4437741565821463,4.850415666925574,True,False,181,CONVERGENCE: RELATIVE REDUCTION OF F <= FACTR*EPSMCH,0
1.5,5.0,2000,4,clean,190,qlog,1.44,3.9000120740079924,True,False,181,barrido q-log; q por deviance de bins,0
1.5,5.0,2000,4,clean,200,pdf,1.4421486070563705,4.838475702607172,True,False,187,CONVERGENCE: RELATIVE REDUCTION OF F <= FACTR*EPSMCH,0
1.5,5.0,2000,4,clean,200,qlog,1.44,3.835547324132217,True,False,187,barrido q-log; q por deviance de bins,0
1.5,5.0,2000,4,noisy,10,pdf,1.4767520511623042,5.088043421259004,True,False,10,CONVERGENCE: NORM OF PROJECTED GRADIENT <= PGTOL,0
1.5,5.0,2000,4,noisy,10,qlog,1.84,4.899625840404869,True,False,10,barrido q-log; q por deviance de bins,0
1.5,5.0,2000,4,noisy,20,pdf,1.471507410663457,5.035995381229893,True,False,20,CONVERGENCE: RELATIVE REDUCTION OF F <= FACTR*EPSMCH,0
1.5,5.0,2000,4,noisy,20,qlog,1.52,4.356654605461076,True,False,20,barrido q-log; q por deviance de bins,0
1.5,5.0,2000,4,noisy,30,pdf,1.4422194734336569,4.761420836768081,True,False,30,CONVERGENCE: RELATIVE REDUCTION OF F <= FACTR*EPSMCH,0
1.5,5.0,2000,4,noisy,30,qlog,1.46,4.347803506725621,True,False,30,barrido q-log; q por deviance de bins,0
1.5,5.0,2000,4,noisy,40,pdf,1.4530369349061985,4.841643812103536,True,False,40,CONVERGENCE: RELATIVE REDUCTION OF F <= FACTR*EPSMCH,0
1.5,5.0,2000,4,noisy,40,qlog,1.46,4.452015716644167,True,False,40,barrido q-log; q por deviance de bins,0
1.5,5.0,2000,4,noisy,50,pdf,1.4244277678266282,4.618612238113851,True,False,50,CONVERGENCE: RELATIVE REDUCTION OF F <= FACTR*EPSMCH,0
1.5,5.0,2000,4,noisy,50,qlog,1.42,4.274006437460921,True,False,50,barrido q-log; q por deviance de bins,0
1.5,5.0,2000,4,noisy,60,pdf,1.4380781390270816,4.742344882490044,True,False,60,CONVERGENCE: RELATIVE REDUCTION OF F <= FACTR*EPSMCH,0
1.5,5.0,2000,4,noisy,60,qlog,1.44,4.392370003789263,True,False,60,barrido q-log; q por deviance de bins,0
1.5,5.0,2000,4,noisy,70,pdf,1.4313484994210142,4.687993975030429,True,False,70,CONVERGENCE: RELATIVE REDUCTION OF F <= FACTR*EPSMCH,0
1.5,5.0,2000,4,noisy,70,qlog,1.42,4.1870968568075755,True,False,70,barrido q-log; q por deviance de bins,0
1.5,5.0,2000,4,noisy,80,pdf,1.4356992632865462,4.715313027562841,True,False,79,CONVERGENCE: RELATIVE REDUCTION OF F <= FACTR*EPSMCH,0
1.5,5.0,2000,4,noisy,80,qlog,1.44,4.3236335309189835,True,False,79,barrido q-log; q por deviance de bins,0
1.5,5.0,2000,4,noisy,90,pdf,1.4383386507161304,4.7366934642896545,True,False,89,CONVERGENCE: RELATIVE REDUCTION OF F <= FACTR*EPSMCH,0
1.5,5.0,2000,4,noisy,90,qlog,1.44,4.329691434879643,True,False,89,barrido q-log; q por deviance de bins,0
1.5,5.0,2000,4,noisy,100,pdf,1.4337254331579066,4.697344112692305,True,False,98,CONVERGENCE: RELATIVE REDUCTION OF F <= FACTR*EPSMCH,0
1.5,5.0,2000,4,noisy,100,qlog,1.44,4.3250576930574995,True,False,98,barrido q-log; q por deviance de bins,0
1.5,5.0,2000,4,noisy,110,pdf,1.4397153933106164,4.7578748423691835,True,False,108,CONVERGENCE: RELATIVE REDUCTION OF F <= FACTR*EPSMCH,0
1.5,5.0,2000,4,noisy,110,qlog,1.44,4.2383006189780446,True,False,108,barrido q-log; q por deviance de bins,0
1.5,5.0,2000,4,noisy,120,pdf,1.439422127818221,4.749566416835546,True,False,117,CONVERGENCE: RELATIVE REDUCTION OF F <= FACTR*EPSMCH,0
1.5,5.0,2000,4,noisy,120,qlog,1.44,4.214175909176776,True,False,117,barrido q-log; q por deviance de bins,0
1.5,5.0,2000,4,noisy,130,pdf,1.4385425471411462,4.745654820345955,True,False,126,CONVERGENCE: RELATIVE REDUCTION OF F <= FACTR*EPSMCH,0
1.5,5.0,2000,4,noisy,130,qlog,1.44,4.188453038854989,True,False,126,barrido q-log; q por deviance de bins,0
1.5,5.0,2000,4,noisy,140,pdf,1.4343614408191496,4.713329100135349,True,False,134,CONVERGENCE: RELATIVE REDUCTION OF F <= FACTR*EPSMCH,0
1.5,5.0,2000,4,noisy,140,qlog,1.44,4.099002232559869,True,False,134,barrido q-log; q por deviance de bins,0
1.5,5.0,2000,4,noisy,150,pdf,1.4328582715734635,4.7033260522342575,True,False,144,CONVERGENCE: RELATIVE REDUCTION OF F <= FACTR*EPSMCH,0
1.5,5.0,2000,4,noisy,150,qlog,1.42,3.9014458208951837,True,False,144,barrido q-log; q por deviance de bins,0
1.5,5.0,2000,4,noisy,160,pdf,1.4328996381131802,4.699490144559159,True,False,153,CONVERGENCE: RELATIVE REDUCTION OF F <= FACTR*EPSMCH,0
1.5,5.0,2000,4,noisy,160,qlog,1.42,3.934294220237307,True,False,153,barrido q-log; q por deviance de bins,0
1.5,5.0,2000,4,noisy,170,pdf,1.4373757586131888,4.7354880114879006,True,False,163,CONVERGENCE: RELATIVE REDUCTION OF F <= FACTR*EPSMCH,0
1.5,5.0,2000,4,noisy,170,qlog,1.44,4.042756552435302,True,False,163,barrido q-log; q por deviance de bins,0
1.5,5.0,2000,4,noisy,180,pdf,1.4382289097438092,4.741853800375399,True,False,171,CONVERGENCE: RELATIVE REDUCTION OF F <= FACTR*EPSMCH,0
1.5,5.0,2000,4,noisy,180,qlog,1.44,3.941004921608253,True,False,171,barrido q-log; q por deviance de bins,0
1.5,5.0,2000,4,noisy,190,pdf,1.439030705773057,4.748162941369845,True,False,181,CONVERGENCE: RELATIVE REDUCTION OF F <= FACTR*EPSMCH,0
1.5,5.0,2000,4,noisy,190,qlog,1.44,3.963339705974006,True,False,181,barrido q-log; q por deviance de bins,0
1.5,5.0,2000,4,noisy,200,pdf,1.4367444517973884,4.7277630877710655,True,False,188,CONVERGENCE: RELATIVE REDUCTION OF F <= FACTR*EPSMCH,0
1.5,5.0,2000,4,noisy,200,qlog,1.44,3.8748241423709953,True,False,188,barrido q-log; q por deviance de bins,0
1.5,5.0,2000,5,clean,10,pdf,1.5067963001668847,5.193032207294702,True,False,10,CONVERGENCE: RELATIVE REDUCTION OF F <= FACTR*EPSMCH,0
1.5,5.0,2000,5,clean,10,qlog,1.98,4.122719433541019,True,False,10,barrido q-log; q por deviance de bins,0
1.5,5.0,2000,5,clean,20,pdf,1.5092657640985105,5.205879336133989,True,False,20,CONVERGENCE: NORM OF PROJECTED GRADIENT <= PGTOL,0
1.5,5.0,2000,5,clean,20,qlog,1.6400000000000001,4.42157283283041,True,False,20,barrido q-log; q por deviance de bins,0
1.5,5.0,2000,5,clean,30,pdf,1.4992242610520967,5.096646234000394,True,False,29,CONVERGENCE: RELATIVE REDUCTION OF F <= FACTR*EPSMCH,0
1.5,5.0,2000,5,clean,30,qlog,1.54,4.489978674917991,True,False,29,barrido q-log; q por deviance de bins,0
1.5,5.0,2000,5,clean,40,pdf,1.490676405995163,5.012810762433389,True,False,39,CONVERGENCE: RELATIVE REDUCTION OF F <= FACTR*EPSMCH,0
1.5,5.0,2000,5,clean,40,qlog,1.52,4.46207328960749,True,False,39,barrido q-log; q por deviance de bins,0
1.5,5.0,2000,5,clean,50,pdf,1.5028657190590844,5.113229056646984,True,False,48,CONVERGENCE: RELATIVE REDUCTION OF F <= FACTR*EPSMCH,0
1.5,5.0,2000,5,clean,50,qlog,1.52,4.654340590354571,True,False,48,barrido q-log; q por deviance de bins,0
1.5,5.0,2000,5,clean,60,pdf,1.5107944197611565,5.185566177947701,True,False,57,CONVERGENCE: RELATIVE REDUCTION OF F <= FACTR*EPSMCH,0
1.5,5.0,2000,5,clean,60,qlog,1.52,4.631328755049801,True,False,57,barrido q-log; q por deviance de bins,0
1.5,5.0,2000,5,clean,70,pdf,1.508007879119167,5.160080378171972,True,False,66,CONVERGENCE: RELATIVE REDUCTION OF F <= FACTR*EPSMCH,0
1.5,5.0,2000,5,clean,70,qlog,1.52,4.661198043942296,True,False,66,barrido q-log; q por deviance de bins,0
1.5,5.0,2000,5,clean,80,pdf,1.5007034865890125,5.093140845299987,True,False,76,CONVERGENCE: RELATIVE REDUCTION OF F <= FACTR*EPSMCH,0
1.5,5.0,2000,5,clean,80,qlog,1.52,4.54539175302922,True,False,76,barrido q-log; q por deviance de bins,0
1.5,5.0,2000,5,clean,90,pdf,1.5074984739982777,5.1540994393460355,True,False,84,CONVERGENCE: RELATIVE REDUCTION OF F <= FACTR*EPSMCH,0
1.5,5.0,2000,5,clean,90,qlog,1.52,4.557646925788808,True,False,84,barrido q-log; q por deviance de bins,0
1.5,5.0,2000,5,clean,100,pdf,1.5072761109970498,5.1516566421447765,True,False,94,CONVERGENCE: RELATIVE REDUCTION OF F <= FACTR*EPSMCH,0
1.5,5.0,2000,5,clean,100,qlog,1.52,4.515802487725966,True,False,94,barrido q-log; q por deviance de bins,0
1.5,5.0,2000,5,clean,110,pdf,1.5065124879657543,5.137084712848936,True,False,102,CONVERGENCE: RELATIVE REDUCTION OF F <= FACTR*EPSMCH,0
1.5,5.0,2000,5,clean,110,qlog,1.52,4.43630034702542,True,False,102,barrido q-log; q por deviance de bins,0
1.5,5.0,2000,5,clean,120,pdf,1.5069162451997284,5.148491275898018,True,False,112,CONVERGENCE: RELATIVE REDUCTION OF F <= FACTR*EPSMCH,0
1.5,5.0,2000,5,clean,120,qlog,1.52,4.434199770492415,True,False,112,barrido q-log; q por deviance de bins,0
1.5,5.0,2000,5,clean,130,pdf,1.5114837573359232,5.181990653032808,True,False,121,CONVERGENCE: RELATIVE REDUCTION OF F <= FACTR*EPSMCH,0
1.5,5.0,2000,5,clean,130,qlog,1.52,4.419456832444823,True,False,121,barrido q-log; q por deviance de bins,0
1.5,5.0,2000,5,clean,140,pdf,1.5108381354738891,5.1800235397531535,True,False,129,CONVERGENCE: RELATIVE REDUCTION OF F <= FACTR*EPSMCH,0
1.5,5.0,2000,5,clean,140,qlog,1.52,4.276123887386372,True,False,129,barrido q-log; q por deviance de bins,0
1.5,5.0,2000,5,clean,150,pdf,1.5067196537235796,5.146622457649189,True,False,139,CONVERGENCE: RELATIVE REDUCTION OF F <= FACTR*EPSMCH,0
1.5,5.0,2000,5,clean,150,qlog,1.52,4.312640616903092,True,False,139,barrido q-log; q por deviance de bins,0
1.5,5.0,2000,5,clean,160,pdf,1.504666439728241,5.121801192051374,True,False,149,CONVERGENCE: RELATIVE REDUCTION OF F <= FACTR*EPSMCH,0
1.5,5.0,2000,5,clean,160,qlog,1.52,4.112164631739631,True,False,149,barrido q-log; q por deviance de bins,0
1.5,5.0,2000,5,clean,170,pdf,1.506747899858648,5.144525781123139,True,False,157,CONVERGENCE: RELATIVE REDUCTION OF F <= FACTR*EPSMCH,0
1.5,5.0,2000,5,clean,170,qlog,1.52,4.144576966216723,True,False,157,barrido q-log; q por deviance de bins,0
1.5,5.0,2000,5,clean,180,pdf,1.508413112513891,5.160273656450216,True,False,166,CONVERGENCE: RELATIVE REDUCTION OF F <= FACTR*EPSMCH,0
1.5,5.0,2000,5,clean,180,qlog,1.54,4.278784974334661,True,False,166,barrido q-log; q por deviance de bins,0
1.5,5.0,2000,5,clean,190,pdf,1.5095987075304433,5.1732350406017815,True,False,174,CONVERGENCE: RELATIVE REDUCTION OF F <= FACTR*EPSMCH,0
1.5,5.0,2000,5,clean,190,qlog,1.54,4.273318459049119,True,False,174,barrido q-log; q por deviance de bins,0
1.5,5.0,2000,5,clean,200,pdf,1.5054201842727273,5.136603285554516,True,False,183,CONVERGENCE: RELATIVE REDUCTION OF F <= FACTR*EPSMCH,0
1.5,5.0,2000,5,clean,200,qlog,1.54,4.223261627429303,True,False,183,barrido q-log; q por deviance de bins,0
1.5,5.0,2000,5,noisy,10,pdf,1.5256656660824055,5.345133691927023,True,False,10,CONVERGENCE: RELATIVE REDUCTION OF F <= FACTR*EPSMCH,0
1.5,5.0,2000,5,noisy,10,qlog,1.98,4.216555614552424,True,False,10,barrido q-log; q por deviance de bins,0
1.5,5.0,2000,5,noisy,20,pdf,1.5114924725959122,5.186329565104151,True,False,20,CONVERGENCE: RELATIVE REDUCTION OF F <= FACTR*EPSMCH,0
1.5,5.0,2000,5,noisy,20,qlog,1.62,4.13281216538844,True,False,20,barrido q-log; q por deviance de bins,0
1.5,5.0,2000,5,noisy,30,pdf,1.503868612777944,5.128410857545946,True,False,29,CONVERGENCE: RELATIVE REDUCTION OF F <= FACTR*EPSMCH,0
1.5,5.0,2000,5,noisy,30,qlog,1.54,4.4695734904534055,True,False,29,barrido q-log; q por deviance de bins,0
1.5,5.0,2000,5,noisy,40,pdf,1.4960792936184169,5.029855776285548,True,False,39,CONVERGENCE: RELATIVE REDUCTION OF F <= FACTR*EPSMCH,0
1.5,5.0,2000,5,noisy,40,qlog,1.52,4.421466681744696,True,False,39,barrido q-log; q por deviance de bins,0
1.5,5.0,2000,5,noisy,50,pdf,1.5105324394783188,5.168423808564273,True,False,48,CONVERGENCE: RELATIVE REDUCTION OF F <= FACTR*EPSMCH,0
1.5,5.0,2000,5,noisy,50,qlog,1.52,4.67758791651323,True,False,48,barrido q-log; q por deviance de bins,0
1.5,5.0,2000,5,noisy,60,pdf,1.5089717574880421,5.15881115901186,True,False,57,CONVERGENCE: RELATIVE REDUCTION OF F <= FACTR*EPSMCH,0
1.5,5.0,2000,5,noisy,60,qlog,1.52,4.583051244968323,True,False,57,barrido q-log; q por deviance de bins,0
1.5,5.0,2000,5,noisy,70,pdf,1.5102164368355944,5.166099779145527,True,False,66,CONVERGENCE: RELATIVE REDUCTION OF F <= FACTR*EPSMCH,0
1.5,5.0,2000,5,noisy,70,qlog,1.52,4.6858301956218495,True,False,66,barrido q-log; q por deviance de bins,0
1.5,5.0,2000,5,noisy,80,pdf,1.5056956224552116,5.122943664408032,True,False,76,CONVERGENCE: RELATIVE REDUCTION OF F <= FACTR*EPSMCH,0
1.5,5.0,2000,5,noisy,80,qlog,1.52,4.549623781112585,True,False,76,barrido q-log; q por deviance de bins,0
1.5,5.0,2000,5,noisy,90,pdf,1.509132290723417,5.165453432883037,True,False,84,CONVERGENCE: RELATIVE REDUCTION OF F <= FACTR*EPSMCH,0
1.5,5.0,2000,5,noisy,90,qlog,1.52,4.5957648838343665,True,False,84,barrido q-log; q por deviance de bins,0
1.5,5.0,2000,5,noisy,100,pdf,1.5117315219868726,5.1782358160112345,True,False,94,CONVERGENCE: RELATIVE REDUCTION OF F <= FACTR*EPSMCH,0
1.5,5.0,2000,5,noisy,100,qlog,1.52,4.593045733772224,True,False,94,barrido q-log; q por deviance de bins,0
1.5,5.0,2000,5,noisy,110,pdf,1.5083553102352902,5.160563926187692,True,False,102,CONVERGENCE: RELATIVE REDUCTION OF F <= FACTR*EPSMCH,0
1.5,5.0,2000,5,noisy,110,qlog,1.52,4.475369932555481,True,False,102,barrido q-log; q por deviance de bins,0
1.5,5.0,2000,5,noisy,120,pdf,1.5057383873060173,5.128766476535609,True,False,112,CONVERGENCE: RELATIVE REDUCTION OF F <= FACTR*EPSMCH,0
1.5,5.0,2000,5,noisy,120,qlog,1.52,4.468260239188161,True,False,112,barrido q-log; q por deviance de bins,0
1.5,5.0,2000,5,noisy,130,pdf,1.5144779001003603,5.198709840014698,True,False,121,CONVERGENCE: RELATIVE REDUCTION OF F <= FACTR*EPSMCH,0
1.5,5.0,2000,5,noisy,130,qlog,1.52,4.497448460189904,True,False,121,barrido q-log; q por deviance de bins,0
1.5,5.0,2000,5,noisy,140,pdf,1.513273850574091,5.194733135338979,True,False,130,CONVERGENCE: RELATIVE REDUCTION OF F <= FACTR*EPSMCH,0
1.5,5.0,2000,5,noisy,140,qlog,1.54,4.7068682488218805,True,False,130,barrido q-log; q por deviance de bins,0
1.5,5.0,2000,5,noisy,150,pdf,1.5099233713633502,5.164948588549741,True,False,139,CONVERGENCE: RELATIVE REDUCTION OF F <= FACTR*EPSMCH,0
1.5,5.0,2000,5,noisy,150,qlog,1.54,4.588621358457161,True,False,139,barrido q-log; q por deviance de bins,0
1.5,5.0,2000,5,noisy,160,pdf,1.5074476400484405,5.139723117835235,True,False,149,CONVERGENCE: RELATIVE REDUCTION OF F <= FACTR*EPSMCH,0
1.5,5.0,2000,5,noisy,160,qlog,1.54,4.524133047547406,True,False,149,barrido q-log; q por deviance de bins,0
1.5,5.0,2000,5,noisy,170,pdf,1.5117020102054322,5.181428595467012,True,False,157,CONVERGENCE: RELATIVE REDUCTION OF F <= FACTR*EPSMCH,0
1.5,5.0,2000,5,noisy,170,qlog,1.54,4.458909419085847,True,False,157,barrido q-log; q por deviance de bins,0
1.5,5.0,2000,5,noisy,180,pdf,1.5083502931649235,5.150976933986852,True,False,167,CONVERGENCE: RELATIVE REDUCTION OF F <= FACTR*EPSMCH,0
1.5,5.0,2000,5,noisy,180,qlog,1.54,4.4135026991848605,True,False,167,barrido q-log; q por deviance de bins,0
1.5,5.0,2000,5,noisy,190,pdf,1.5079066205952896,5.153339564240771,True,False,175,CONVERGENCE: RELATIVE REDUCTION OF F <= FACTR*EPSMCH,0
1.5,5.0,2000,5,noisy,190,qlog,1.54,4.372695089413297,True,False,175,barrido q-log; q por deviance de bins,0
1.5,5.0,2000,5,noisy,200,pdf,1.509664342246502,5.1635843271947195,True,False,184,CONVERGENCE: RELATIVE REDUCTION OF F <= FACTR*EPSMCH,0
1.5,5.0,2000,5,noisy,200,qlog,1.54,4.366151747123687,True,False,184,barrido q-log; q por deviance de bins,0
1.5,5.0,2000,6,clean,10,pdf,1.5562935888064726,5.125266123259444,True,False,10,CONVERGENCE: NORM OF PROJECTED GRADIENT <= PGTOL,0
1.5,5.0,2000,6,clean,10,qlog,2.06,3.9098657250527107,True,False,10,barrido q-log; q por deviance de bins,0
1.5,5.0,2000,6,clean,20,pdf,1.5228156181988206,4.810805780926242,True,False,20,CONVERGENCE: RELATIVE REDUCTION OF F <= FACTR*EPSMCH,0
1.5,5.0,2000,6,clean,20,qlog,1.6800000000000002,3.937890356775002,True,False,20,barrido q-log; q por deviance de bins,0
1.5,5.0,2000,6,clean,30,pdf,1.5349808551836561,4.936792516765049,True,False,29,CONVERGENCE: RELATIVE REDUCTION OF F <= FACTR*EPSMCH,0
1.5,5.0,2000,6,clean,30,qlog,1.58,4.214253396723312,True,False,29,barrido q-log; q por deviance de bins,0
1.5,5.0,2000,6,clean,40,pdf,1.5406757119446222,4.9950451567955705,True,False,39,CONVERGENCE: RELATIVE REDUCTION OF F <= FACTR*EPSMCH,0
1.5,5.0,2000,6,clean,40,qlog,1.58,4.554916511173323,True,False,39,barrido q-log; q por deviance de bins,0
1.5,5.0,2000,6,clean,50,pdf,1.5369494337907894,4.969884237765235,True,False,47,CONVERGENCE: RELATIVE REDUCTION OF F <= FACTR*EPSMCH,0
1.5,5.0,2000,6,clean,50,qlog,1.56,4.324873123409846,True,False,47,barrido q-log; q por deviance de bins,0
1.5,5.0,2000,6,clean,60,pdf,1.5407031241849383,4.9912017297761535,True,False,57,CONVERGENCE: RELATIVE REDUCTION OF F <= FACTR*EPSMCH,0
1.5,5.0,2000,6,clean,60,qlog,1.58,4.633626342846483,True,False,57,barrido q-log; q por deviance de bins,0
1.5,5.0,2000,6,clean,70,pdf,1.5406026618270132,4.996031303905091,True,False,66,CONVERGENCE: RELATIVE REDUCTION OF F <= FACTR*EPSMCH,0
1.5,5.0,2000,6,clean,70,qlog,1.58,4.524609120433107,True,False,66,barrido q-log; q por deviance de bins,0
1.5,5.0,2000,6,clean,80,pdf,1.5330876227177808,4.920902892763659,True,False,76,CONVERGENCE: RELATIVE REDUCTION OF F <= FACTR*EPSMCH,0
1.5,5.0,2000,6,clean,80,qlog,1.54,4.32857860489145,True,False,76,barrido q-log; q por deviance de bins,0
1.5,5.0,2000,6,clean,90,pdf,1.5317676310402062,4.918172310329971,True,False,85,CONVERGENCE: RELATIVE REDUCTION OF F <= FACTR*EPSMCH,0
1.5,5.0,2000,6,clean,90,qlog,1.54,4.295397080934984,True,False,85,barrido q-log; q por deviance de bins,0
1.5,5.0,2000,6,clean,100,pdf,1.533394481064375,4.932100596460891,True,False,94,CONVERGENCE: RELATIVE REDUCTION OF F <= FACTR*EPSMCH,0
1.5,5.0,2000,6,clean,100,qlog,1.56,4.342633149309601,True,False,94,barrido q-log; q por deviance de bins,0
1.5,5.0,2000,6,clean,110,pdf,1.5348166150516835,4.9359302017012485,True,False,103,CONVERGENCE: RELATIVE REDUCTION OF F <= FACTR*EPSMCH,0
1.5,5.0,2000,6,clean,110,qlog,1.56,4.263365256572715,True,False,103,barrido q-log; q por deviance de bins,0
1.5,5.0,2000,6,clean,120,pdf,1.534423713876805,4.947409418505057,True,False,113,CONVERGENCE: RELATIVE REDUCTION OF F <= FACTR*EPSMCH,0
1.5,5.0,2000,6,clean,120,qlog,1.56,4.231162775519124,True,False,113,barrido q-log; q por deviance de bins,0
1.5,5.0,2000,6,clean,130,pdf,1.5360280085392604,4.961465076758975,True,False,121,CONVERGENCE: RELATIVE REDUCTION OF F <= FACTR*EPSMCH,0
1.5,5.0,2000,6,clean,130,qlog,1.56,4.056270397734871,True,False,121,barrido q-log; q por deviance de bins,0
1.5,5.0,2000,6,clean,140,pdf,1.5299621539306356,4.911850884445801,True,False,130,CONVERGENCE: RELATIVE REDUCTION OF F <= FACTR*EPSMCH,0
1.5,5.0,2000,6,clean,140,qlog,1.56,4.0350952414412244,True,False,130,barrido q-log; q por deviance de bins,0
1.5,5.0,2000,6,clean,150,pdf,1.5345839085130735,4.949283747582973,True,False,137,CONVERGENCE: RELATIVE REDUCTION OF F <= FACTR*EPSMCH,0
1.5,5.0,2000,6,clean,150,qlog,1.58,4.187348620040514,True,False,137,barrido q-log; q por deviance de bins,0
1.5,5.0,2000,6,clean,160,pdf,1.5355627119820883,4.960498371743324,True,False,148,CONVERGENCE: RELATIVE REDUCTION OF F <= FACTR*EPSMCH,0
1.5,5.0,2000,6,clean,160,qlog,1.56,3.9861805691584866,True,False,148,barrido q-log; q por deviance de bins,0
1.5,5.0,2000,6,clean,170,pdf,1.5339792231950655,4.938378953478545,True,False,155,CONVERGENCE: RELATIVE REDUCTION OF F <= FACTR*EPSMCH,0
1.5,5.0,2000,6,clean,170,qlog,1.58,4.208346911845756,True,False,155,barrido q-log; q por deviance de bins,0
1.5,5.0,2000,6,clean,180,pdf,1.5339058026850554,4.935737371224214,True,False,164,CONVERGENCE: RELATIVE REDUCTION OF F <= FACTR*EPSMCH,0
1.5,5.0,2000,6,clean,180,qlog,1.58,3.940820549732043,True,False,164,barrido q-log; q por deviance de bins,0
1.5,5.0,2000,6,clean,190,pdf,1.5369130298349603,4.964576586692576,True,False,171,CONVERGENCE: RELATIVE REDUCTION OF F <= FACTR*EPSMCH,0
1.5,5.0,2000,6,clean,190,qlog,1.58,3.8949034157703193,True,False,171,barrido q-log; q por deviance de bins,0
1.5,5.0,2000,6,clean,200,pdf,1.537329941555798,4.9673958796218525,True,False,179,CONVERGENCE: RELATIVE REDUCTION OF F <= FACTR*EPSMCH,0
1.5,5.0,2000,6,clean,200,qlog,1.58,3.8901623163522023,True,False,179,barrido q-log; q por deviance de bins,0
1.5,5.0,2000,6,noisy,10,pdf,1.5516456175315378,5.08648099562338,True,False,10,CONVERGENCE: RELATIVE REDUCTION OF F <= FACTR*EPSMCH,0
1.5,5.0,2000,6,noisy,10,qlog,2.06,3.9065040734010155,True,False,10,barrido q-log; q por deviance de bins,0
1.5,5.0,2000,6,noisy,20,pdf,1.5189296917427397,4.755327534029702,True,False,20,CONVERGENCE: RELATIVE REDUCTION OF F <= FACTR*EPSMCH,0
1.5,5.0,2000,6,noisy,20,qlog,1.6800000000000002,4.0033090208678805,True,False,20,barrido q-log; q por deviance de bins,0
1.5,5.0,2000,6,noisy,30,pdf,1.5307774820892677,4.903155977653661,True,False,29,CONVERGENCE: RELATIVE REDUCTION OF F <= FACTR*EPSMCH,0
1.5,5.0,2000,6,noisy,30,qlog,1.58,4.224199936565668,True,False,29,barrido q-log; q por deviance de bins,0
1.5,5.0,2000,6,noisy,40,pdf,1.5339845003339725,4.931089047499437,True,False,39,CONVERGENCE: RELATIVE REDUCTION OF F <= FACTR*EPSMCH,0
1.5,5.0,2000,6,noisy,40,qlog,1.56,4.407118001519653,True,False,39,barrido q-log; q por deviance de bins,0
1.5,5.0,2000,6,noisy,50,pdf,1.5229080805092565,4.810472124822964,True,False,47,CONVERGENCE: RELATIVE REDUCTION OF F <= FACTR*EPSMCH,0
1.5,5.0,2000,6,noisy,50,qlog,1.56,4.3531382677445185,True,False,47,barrido q-log; q por deviance de bins,0
1.5,5.0,2000,6,noisy,60,pdf,1.538980325540093,4.9521248247783145,True,False,57,CONVERGENCE: RELATIVE REDUCTION OF F <= FACTR*EPSMCH,0
1.5,5.0,2000,6,noisy,60,qlog,1.58,4.542264293619712,True,False,57,barrido q-log; q por deviance de bins,0
1.5,5.0,2000,6,noisy,70,pdf,1.5319214580008993,4.889574026995162,True,False,66,CONVERGENCE: RELATIVE REDUCTION OF F <= FACTR*EPSMCH,0
1.5,5.0,2000,6,noisy,70,qlog,1.58,4.512935470339978,True,False,66,barrido q-log; q por deviance de bins,0
1.5,5.0,2000,6,noisy,80,pdf,1.5272405347987317,4.858934222271186,True,False,76,CONVERGENCE: RELATIVE REDUCTION OF F <= FACTR*EPSMCH,0
1.5,5.0,2000,6,noisy,80,qlog,1.54,4.329212308349242,True,False,76,barrido q-log; q por deviance de bins,0
1.5,5.0,2000,6,noisy,90,pdf,1.5288512573314077,4.857836294987656,True,False,85,CONVERGENCE: RELATIVE REDUCTION OF F <= FACTR*EPSMCH,0
1.5,5.0,2000,6,noisy,90,qlog,1.54,4.231623056621043,True,False,85,barrido q-log; q por deviance de bins,0
1.5,5.0,2000,6,noisy,100,pdf,1.523530735664157,4.816200994166032,True,False,94,CONVERGENCE: RELATIVE REDUCTION OF F <= FACTR*EPSMCH,0
1.5,5.0,2000,6,noisy,100,qlog,1.54,4.201952496147233,True,False,94,barrido q-log; q por deviance de bins,0
1.5,5.0,2000,6,noisy,110,pdf,1.5365506881563684,4.941656063822986,True,False,103,CONVERGENCE: RELATIVE REDUCTION OF F <= FACTR*EPSMCH,0
1.5,5.0,2000,6,noisy,110,qlog,1.56,4.110297012714181,True,False,103,barrido q-log; q por deviance de bins,0
1.5,5.0,2000,6,noisy,120,pdf,1.5307818954437662,4.882787682814532,True,False,112,CONVERGENCE: RELATIVE REDUCTION OF F <= FACTR*EPSMCH,0
1.5,5.0,2000,6,noisy,120,qlog,1.56,4.174155131967654,True,False,112,barrido q-log; q por deviance de bins,0
1.5,5.0,2000,6,noisy,130,pdf,1.5345867079042337,4.918286340570765,True,False,121,CONVERGENCE: RELATIVE REDUCTION OF F <= FACTR*EPSMCH,0
1.5,5.0,2000,6,noisy,130,qlog,1.56,4.0983953243994655,True,False,121,barrido q-log; q por deviance de bins,0
1.5,5.0,2000,6,noisy,140,pdf,1.5285652757675199,4.863767680711034,True,False,131,CONVERGENCE: RELATIVE REDUCTION OF F <= FACTR*EPSMCH,0
1.5,5.0,2000,6,noisy,140,qlog,1.56,4.036284344106108,True,False,131,barrido q-log; q por deviance de bins,0
1.5,5.0,2000,6,noisy,150,pdf,1.5262348435246211,4.841273917658948,True,False,138,CONVERGENCE: RELATIVE REDUCTION OF F <= FACTR*EPSMCH,0
1.5,5.0,2000,6,noisy,150,qlog,1.56,3.949076503563541,True,False,138,barrido q-log; q por deviance de bins,0
1.5,5.0,2000,6,noisy,160,pdf,1.531644201926621,4.888926416356344,True,False,146,CONVERGENCE: RELATIVE REDUCTION OF F <= FACTR*EPSMCH,0
1.5,5.0,2000,6,noisy,160,qlog,1.56,3.8944454127603056,True,False,146,barrido q-log; q por deviance de bins,0
1.5,5.0,2000,6,noisy,170,pdf,1.5328652711856012,4.899273666953545,True,False,156,CONVERGENCE: RELATIVE REDUCTION OF F <= FACTR*EPSMCH,0
1.5,5.0,2000,6,noisy,170,qlog,1.58,4.1003414968075464,True,False,156,barrido q-log; q por deviance de bins,0
1.5,5.0,2000,6,noisy,180,pdf,1.5323250138870188,4.891484084061279,True,False,164,CONVERGENCE: RELATIVE REDUCTION OF F <= FACTR*EPSMCH,0
1.5,5.0,2000,6,noisy,180,qlog,1.58,3.9315707220655085,True,False,164,barrido q-log; q por deviance de bins,0
1.5,5.0,2000,6,noisy,190,pdf,1.5329375789774322,4.898283478556826,True,False,174,CONVERGENCE: RELATIVE REDUCTION OF F <= FACTR*EPSMCH,0
1.5,5.0,2000,6,noisy,190,qlog,1.58,4.041037343426315,True,False,174,barrido q-log; q por deviance de bins,0
1.5,5.0,2000,6,noisy,200,pdf,1.5286494542706142,4.867496222177499,True,False,182,CONVERGENCE: RELATIVE REDUCTION OF F <= FACTR*EPSMCH,0
1.5,5.0,2000,6,noisy,200,qlog,1.58,3.859091506318001,True,False,182,barrido q-log; q por deviance de bins,0
1.5,5.0,2000,7,clean,10,pdf,1.5194052117653074,5.065978623854997,True,False,10,CONVERGENCE: RELATIVE REDUCTION OF F <= FACTR*EPSMCH,0
1.5,5.0,2000,7,clean,10,qlog,1.98,4.397252637541246,True,False,10,barrido q-log; q por deviance de bins,0
1.5,5.0,2000,7,clean,20,pdf,1.5245461017061044,5.0993720759484535,True,False,20,CONVERGENCE: RELATIVE REDUCTION OF F <= FACTR*EPSMCH,0
1.5,5.0,2000,7,clean,20,qlog,1.62,4.262499494071513,True,False,20,barrido q-log; q por deviance de bins,0
1.5,5.0,2000,7,clean,30,pdf,1.5339886463489243,5.155590670090654,True,False,30,CONVERGENCE: RELATIVE REDUCTION OF F <= FACTR*EPSMCH,0
1.5,5.0,2000,7,clean,30,qlog,1.56,4.506218052561468,True,False,30,barrido q-log; q por deviance de bins,0
1.5,5.0,2000,7,clean,40,pdf,1.5351772848579481,5.1607333772476265,True,False,40,CONVERGENCE: RELATIVE REDUCTION OF F <= FACTR*EPSMCH,0
1.5,5.0,2000,7,clean,40,qlog,1.54,4.645423810064778,True,False,40,barrido q-log; q por deviance de bins,0
1.5,5.0,2000,7,clean,50,pdf,1.5291045605343316,5.124413167984186,True,False,50,CONVERGENCE: RELATIVE REDUCTION OF F <= FACTR*EPSMCH,0
1.5,5.0,2000,7,clean,50,qlog,1.54,4.695563770569734,True,False,50,barrido q-log; q por deviance de bins,0
1.5,5.0,2000,7,clean,60,pdf,1.5372802140526791,5.195104584140688,True,False,59,CONVERGENCE: RELATIVE REDUCTION OF F <= FACTR*EPSMCH,0
1.5,5.0,2000,7,clean,60,qlog,1.54,4.702087828963335,True,False,59,barrido q-log; q por deviance de bins,0
1.5,5.0,2000,7,clean,70,pdf,1.5418956559819366,5.239148109047983,True,False,68,CONVERGENCE: RELATIVE REDUCTION OF F <= FACTR*EPSMCH,0
1.5,5.0,2000,7,clean,70,qlog,1.56,4.759849686110381,True,False,68,barrido q-log; q por deviance de bins,0
1.5,5.0,2000,7,clean,80,pdf,1.5363698985969858,5.183029553661168,True,False,78,CONVERGENCE: RELATIVE REDUCTION OF F <= FACTR*EPSMCH,0
1.5,5.0,2000,7,clean,80,qlog,1.54,4.591059961761515,True,False,78,barrido q-log; q por deviance de bins,0
1.5,5.0,2000,7,clean,90,pdf,1.5391746535672193,5.220781018077202,True,False,87,CONVERGENCE: RELATIVE REDUCTION OF F <= FACTR*EPSMCH,0
1.5,5.0,2000,7,clean,90,qlog,1.54,4.671769375060048,True,False,87,barrido q-log; q por deviance de bins,0
1.5,5.0,2000,7,clean,100,pdf,1.5408854069636584,5.227644290757933,True,False,97,CONVERGENCE: RELATIVE REDUCTION OF F <= FACTR*EPSMCH,0
1.5,5.0,2000,7,clean,100,qlog,1.56,4.730062835493719,True,False,97,barrido q-log; q por deviance de bins,0
1.5,5.0,2000,7,clean,110,pdf,1.540013061956061,5.22516786369115,True,False,104,CONVERGENCE: RELATIVE REDUCTION OF F <= FACTR*EPSMCH,0
1.5,5.0,2000,7,clean,110,qlog,1.56,4.38108938987327,True,False,104,barrido q-log; q por deviance de bins,0
1.5,5.0,2000,7,clean,120,pdf,1.5373666542366653,5.19780204456618,True,False,115,CONVERGENCE: RELATIVE REDUCTION OF F <= FACTR*EPSMCH,0
1.5,5.0,2000,7,clean,120,qlog,1.54,4.523042699967219,True,False,115,barrido q-log; q por deviance de bins,0
1.5,5.0,2000,7,clean,130,pdf,1.539090877472328,5.218988850049017,True,False,124,CONVERGENCE: RELATIVE REDUCTION OF F <= FACTR*EPSMCH,0
1.5,5.0,2000,7,clean,130,qlog,1.56,4.494432258152768,True,False,124,barrido q-log; q por deviance de bins,0
1.5,5.0,2000,7,clean,140,pdf,1.538566030281855,5.208479063424201,True,False,133,CONVERGENCE: RELATIVE REDUCTION OF F <= FACTR*EPSMCH,0
1.5,5.0,2000,7,clean,140,qlog,1.56,4.434553168758133,True,False,133,barrido q-log; q por deviance de bins,0
1.5,5.0,2000,7,clean,150,pdf,1.53921165777255,5.217889801242857,True,False,143,CONVERGENCE: RELATIVE REDUCTION OF F <= FACTR*EPSMCH,0
1.5,5.0,2000,7,clean,150,qlog,1.56,4.4572795909075085,True,False,143,barrido q-log; q por deviance de bins,0
1.5,5.0,2000,7,clean,160,pdf,1.5383645992526294,5.2112761708700805,True,False,152,CONVERGENCE: RELATIVE REDUCTION OF F <= FACTR*EPSMCH,0
1.5,5.0,2000,7,clean,160,qlog,1.56,4.392932661647603,True,False,152,barrido q-log; q por deviance de bins,0
1.5,5.0,2000,7,clean,170,pdf,1.5410877987855363,5.239289934741683,True,False,160,CONVERGENCE: RELATIVE REDUCTION OF F <= FACTR*EPSMCH,0
1.5,5.0,2000,7,clean,170,qlog,1.56,4.32161701729777,True,False,160,barrido q-log; q por deviance de bins,0
1.5,5.0,2000,7,clean,180,pdf,1.5392450711489918,5.2266454353060245,True,False,170,CONVERGENCE: RELATIVE REDUCTION OF F <= FACTR*EPSMCH,0
1.5,5.0,2000,7,clean,180,qlog,1.56,4.222967987330709,True,False,170,barrido q-log; q por deviance de bins,0
1.5,5.0,2000,7,clean,190,pdf,1.5376302951263205,5.210087316309659,True,False,179,CONVERGENCE: RELATIVE REDUCTION OF F <= FACTR*EPSMCH,0
1.5,5.0,2000,7,clean,190,qlog,1.56,4.062799069187317,True,False,179,barrido q-log; q por deviance de bins,0
1.5,5.0,2000,7,clean,200,pdf,1.5385772615524216,5.217905764483203,True,False,188,CONVERGENCE: RELATIVE REDUCTION OF F <= FACTR*EPSMCH,0
1.5,5.0,2000,7,clean,200,qlog,1.56,4.1405247999378325,True,False,188,barrido q-log; q por deviance de bins,0
1.5,5.0,2000,7,noisy,10,pdf,1.5146905751197082,4.984162498788287,True,False,10,CONVERGENCE: NORM OF PROJECTED GRADIENT <= PGTOL,0
1.5,5.0,2000,7,noisy,10,qlog,1.98,4.46818971344423,True,False,10,barrido q-log; q por deviance de bins,0
1.5,5.0,2000,7,noisy,20,pdf,1.5193889357929364,5.0059729498226995,True,False,20,CONVERGENCE: RELATIVE REDUCTION OF F <= FACTR*EPSMCH,0
1.5,5.0,2000,7,noisy,20,qlog,1.62,4.24809996139165,True,False,20,barrido q-log; q por deviance de bins,0
1.5,5.0,2000,7,noisy,30,pdf,1.5474371822577844,5.2903040532829975,True,False,30,CONVERGENCE: NORM OF PROJECTED GRADIENT <= PGTOL,0
1.5,5.0,2000,7,noisy,30,qlog,1.58,4.774803380578544,True,False,30,barrido q-log; q por deviance de bins,0
1.5,5.0,2000,7,noisy,40,pdf,1.537751426402992,5.176260484873101,True,False,40,CONVERGENCE: RELATIVE REDUCTION OF F <= FACTR*EPSMCH,0
1.5,5.0,2000,7,noisy,40,qlog,1.56,4.843366778344675,True,False,40,barrido q-log; q por deviance de bins,0
1.5,5.0,2000,7,noisy,50,pdf,1.5356190437322657,5.173026764430384,True,False,50,CONVERGENCE: NORM OF PROJECTED GRADIENT <= PGTOL,0
1.5,5.0,2000,7,noisy,50,qlog,1.54,4.577674698373193,True,False,50,barrido q-log; q por deviance de bins,0
1.5,5.0,2000,7,noisy,60,pdf,1.5414723316527703,5.226085765381021,True,False,59,CONVERGENCE: RELATIVE REDUCTION OF F <= FACTR*EPSMCH,0
1.5,5.0,2000,7,noisy,60,qlog,1.56,4.927524121611724,True,False,59,barrido q-log; q por deviance de bins,0
1.5,5.0,2000,7,noisy,70,pdf,1.5395751433508138,5.207005520480687,True,False,68,CONVERGENCE: RELATIVE REDUCTION OF F <= FACTR*EPSMCH,0
1.5,5.0,2000,7,noisy,70,qlog,1.56,4.74618918763372,True,False,68,barrido q-log; q por deviance de bins,0
1.5,5.0,2000,7,noisy,80,pdf,1.5375421992648861,5.181546269396147,True,False,78,CONVERGENCE: RELATIVE REDUCTION OF F <= FACTR*EPSMCH,0
1.5,5.0,2000,7,noisy,80,qlog,1.54,4.653870993848095,True,False,78,barrido q-log; q por deviance de bins,0
1.5,5.0,2000,7,noisy,90,pdf,1.539641047913006,5.204233483281365,True,False,87,CONVERGENCE: RELATIVE REDUCTION OF F <= FACTR*EPSMCH,0
1.5,5.0,2000,7,noisy,90,qlog,1.54,4.619981874995968,True,False,87,barrido q-log; q por deviance de bins,0
1.5,5.0,2000,7,noisy,100,pdf,1.5427358405379754,5.236144346295351,True,False,97,CONVERGENCE: RELATIVE REDUCTION OF F <= FACTR*EPSMCH,0
1.5,5.0,2000,7,noisy,100,qlog,1.56,4.520342768380752,True,False,97,barrido q-log; q por deviance de bins,0
1.5,5.0,2000,7,noisy,110,pdf,1.5420564358896476,5.224538702777527,True,False,105,CONVERGENCE: RELATIVE REDUCTION OF F <= FACTR*EPSMCH,0
1.5,5.0,2000,7,noisy,110,qlog,1.56,4.489891772947452,True,False,105,barrido q-log; q por deviance de bins,0
1.5,5.0,2000,7,noisy,120,pdf,1.538746647324487,5.195856304573669,True,False,115,CONVERGENCE: RELATIVE REDUCTION OF F <= FACTR*EPSMCH,0
1.5,5.0,2000,7,noisy,120,qlog,1.54,4.469810313531413,True,False,115,barrido q-log; q por deviance de bins,0
1.5,5.0,2000,7,noisy,130,pdf,1.538108801644516,5.194390475541119,True,False,124,CONVERGENCE: RELATIVE REDUCTION OF F <= FACTR*EPSMCH,0
1.5,5.0,2000,7,noisy,130,qlog,1.56,4.386023456130341,True,False,124,barrido q-log; q por deviance de bins,0
1.5,5.0,2000,7,noisy,140,pdf,1.5366906841126486,5.182429418373474,True,False,133,CONVERGENCE: RELATIVE REDUCTION OF F <= FACTR*EPSMCH,0
1.5,5.0,2000,7,noisy,140,qlog,1.56,4.432418351063542,True,False,133,barrido q-log; q por deviance de bins,0
1.5,5.0,2000,7,noisy,150,pdf,1.540336074537902,5.223091742476934,True,False,143,CONVERGENCE: NORM OF PROJECTED GRADIENT <= PGTOL,0
1.5,5.0,2000,7,noisy,150,qlog,1.56,4.404907310042403,True,False,143,barrido q-log; q por deviance de bins,0
1.5,5.0,2000,7,noisy,160,pdf,1.5382044778604596,5.19883106802116,True,False,152,CONVERGENCE: RELATIVE REDUCTION OF F <= FACTR*EPSMCH,0
1.5,5.0,2000,7,noisy,160,qlog,1.56,4.38109525908967,True,False,152,barrido q-log; q por deviance de bins,0
1.5,5.0,2000,7,noisy,170,pdf,1.5388406514254942,5.2017613873152895,True,False,160,CONVERGENCE: RELATIVE REDUCTION OF F <= FACTR*EPSMCH,0
1.5,5.0,2000,7,noisy,170,qlog,1.56,4.234921483675609,True,False,160,barrido q-log; q por deviance de bins,0
1.5,5.0,2000,7,noisy,180,pdf,1.5393064966614038,5.209546139773629,True,False,170,CONVERGENCE: RELATIVE REDUCTION OF F <= FACTR*EPSMCH,0
1.5,5.0,2000,7,noisy,180,qlog,1.56,4.114895483622006,True,False,170,barrido q-log; q por deviance de bins,0
1.5,5.0,2000,7,noisy,190,pdf,1.537646049457537,5.192516088834393,True,False,179,CONVERGENCE: RELATIVE REDUCTION OF F <= FACTR*EPSMCH,0
1.5,5.0,2000,7,noisy,190,qlog,1.56,4.065978868238393,True,False,179,barrido q-log; q por deviance de bins,0
1.5,5.0,2000,7,noisy,200,pdf,1.539401650886743,5.208229820925624,True,False,189,CONVERGENCE: RELATIVE REDUCTION OF F <= FACTR*EPSMCH,0
1.5,5.0,2000,7,noisy,200,qlog,1.56,4.124032828001436,True,False,189,barrido q-log; q por deviance de bins,0
1.5,5.0,2000,8,clean,10,pdf,1.4494179679152401,4.441274763998781,True,False,10,CONVERGENCE: NORM OF PROJECTED GRADIENT <= PGTOL,0
1.5,5.0,2000,8,clean,10,qlog,1.82,4.327188298062909,True,False,10,barrido q-log; q por deviance de bins,0
1.5,5.0,2000,8,clean,20,pdf,1.5044590759667553,4.826269341138615,True,False,20,CONVERGENCE: RELATIVE REDUCTION OF F <= FACTR*EPSMCH,0
1.5,5.0,2000,8,clean,20,qlog,1.56,4.150479919115455,True,False,20,barrido q-log; q por deviance de bins,0
1.5,5.0,2000,8,clean,30,pdf,1.4999244783213748,4.775282963237806,True,False,30,CONVERGENCE: RELATIVE REDUCTION OF F <= FACTR*EPSMCH,0
1.5,5.0,2000,8,clean,30,qlog,1.52,4.285655926831492,True,False,30,barrido q-log; q por deviance de bins,0
1.5,5.0,2000,8,clean,40,pdf,1.504380872596883,4.796047896889731,True,False,40,CONVERGENCE: RELATIVE REDUCTION OF F <= FACTR*EPSMCH,0
1.5,5.0,2000,8,clean,40,qlog,1.52,4.292422100494818,True,False,40,barrido q-log; q por deviance de bins,0
1.5,5.0,2000,8,clean,50,pdf,1.5092682065570322,4.865941711345475,True,False,50,CONVERGENCE: RELATIVE REDUCTION OF F <= FACTR*EPSMCH,0
1.5,5.0,2000,8,clean,50,qlog,1.52,4.386995214376706,True,False,50,barrido q-log; q por deviance de bins,0
1.5,5.0,2000,8,clean,60,pdf,1.4987643907444028,4.7703243795419175,True,False,60,CONVERGENCE: RELATIVE REDUCTION OF F <= FACTR*EPSMCH,0
1.5,5.0,2000,8,clean,60,qlog,1.5,4.25537907477527,True,False,60,barrido q-log; q por deviance de bins,0
1.5,5.0,2000,8,clean,70,pdf,1.503628874139539,4.812434679432411,True,False,69,CONVERGENCE: RELATIVE REDUCTION OF F <= FACTR*EPSMCH,0
1.5,5.0,2000,8,clean,70,qlog,1.5,4.247091983929124,True,False,69,barrido q-log; q por deviance de bins,0
1.5,5.0,2000,8,clean,80,pdf,1.5071713848395005,4.834302518677854,True,False,79,CONVERGENCE: RELATIVE REDUCTION OF F <= FACTR*EPSMCH,0
1.5,5.0,2000,8,clean,80,qlog,1.5,4.126771366978516,True,False,79,barrido q-log; q por deviance de bins,0
1.5,5.0,2000,8,clean,90,pdf,1.5035748307765622,4.807149927023474,True,False,88,CONVERGENCE: RELATIVE REDUCTION OF F <= FACTR*EPSMCH,0
1.5,5.0,2000,8,clean,90,qlog,1.5,4.125579791279103,True,False,88,barrido q-log; q por deviance de bins,0
1.5,5.0,2000,8,clean,100,pdf,1.5060517322271263,4.8235931000332295,True,False,99,CONVERGENCE: RELATIVE REDUCTION OF F <= FACTR*EPSMCH,0
1.5,5.0,2000,8,clean,100,qlog,1.5,4.140297607849511,True,False,99,barrido q-log; q por deviance de bins,0
1.5,5.0,2000,8,clean,110,pdf,1.5047301104128823,4.815150717134297,True,False,109,CONVERGENCE: RELATIVE REDUCTION OF F <= FACTR*EPSMCH,0
1.5,5.0,2000,8,clean,110,qlog,1.5,4.081917280745803,True,False,109,barrido q-log; q por deviance de bins,0
1.5,5.0,2000,8,clean,120,pdf,1.5024429678599245,4.798849536967681,True,False,118,CONVERGENCE: RELATIVE REDUCTION OF F <= FACTR*EPSMCH,0
1.5,5.0,2000,8,clean,120,qlog,1.5,3.958902860473876,True,False,118,barrido q-log; q por deviance de bins,0
1.5,5.0,2000,8,clean,130,pdf,1.5038862526513286,4.805960595965077,True,False,126,CONVERGENCE: RELATIVE REDUCTION OF F <= FACTR*EPSMCH,0
1.5,5.0,2000,8,clean,130,qlog,1.52,4.049928946194493,True,False,126,barrido q-log; q por deviance de bins,0
1.5,5.0,2000,8,clean,140,pdf,1.5035534469590766,4.812790355989409,True,False,138,CONVERGENCE: RELATIVE REDUCTION OF F <= FACTR*EPSMCH,0
1.5,5.0,2000,8,clean,140,qlog,1.5,3.981078024763234,True,False,138,barrido q-log; q por deviance de bins,0
1.5,5.0,2000,8,clean,150,pdf,1.5047692481410506,4.815699064982669,True,False,147,CONVERGENCE: RELATIVE REDUCTION OF F <= FACTR*EPSMCH,0
1.5,5.0,2000,8,clean,150,qlog,1.5,3.983435688633729,True,False,147,barrido q-log; q por deviance de bins,0
1.5,5.0,2000,8,clean,160,pdf,1.5053402443218389,4.822758085468681,True,False,157,CONVERGENCE: RELATIVE REDUCTION OF F <= FACTR*EPSMCH,0
1.5,5.0,2000,8,clean,160,qlog,1.5,3.8236422770655545,True,False,157,barrido q-log; q por deviance de bins,0
1.5,5.0,2000,8,clean,170,pdf,1.5070210872939311,4.8381088375786785,True,False,165,CONVERGENCE: RELATIVE REDUCTION OF F <= FACTR*EPSMCH,0
1.5,5.0,2000,8,clean,170,qlog,1.5,3.7370683845387935,True,False,165,barrido q-log; q por deviance de bins,0
1.5,5.0,2000,8,clean,180,pdf,1.5024396198691639,4.798885506557363,True,False,175,CONVERGENCE: RELATIVE REDUCTION OF F <= FACTR*EPSMCH,0
1.5,5.0,2000,8,clean,180,qlog,1.5,3.7121777139692864,True,False,175,barrido q-log; q por deviance de bins,0
1.5,5.0,2000,8,clean,190,pdf,1.5041920799864128,4.816194693197249,True,False,185,CONVERGENCE: RELATIVE REDUCTION OF F <= FACTR*EPSMCH,0
1.5,5.0,2000,8,clean,190,qlog,1.5,3.8265607948721416,True,False,185,barrido q-log; q por deviance de bins,0
1.5,5.0,2000,8,clean,200,pdf,1.5046248294413587,4.817850552944969,True,False,194,CONVERGENCE: RELATIVE REDUCTION OF F <= FACTR*EPSMCH,0
1.5,5.0,2000,8,clean,200,qlog,1.5,3.7116035957390703,True,False,194,barrido q-log; q por deviance de bins,0
1.5,5.0,2000,8,noisy,10,pdf,1.421591243440144,4.1635015471894015,True,False,10,CONVERGENCE: NORM OF PROJECTED GRADIENT <= PGTOL,0
1.5,5.0,2000,8,noisy,10,qlog,1.82,4.2256434565825645,True,False,10,barrido q-log; q por deviance de bins,0
1.5,5.0,2000,8,noisy,20,pdf,1.4909900690704778,4.627831462807466,True,False,20,CONVERGENCE: RELATIVE REDUCTION OF F <= FACTR*EPSMCH,0
1.5,5.0,2000,8,noisy,20,qlog,1.54,3.9111853177409497,True,False,20,barrido q-log; q por deviance de bins,0
1.5,5.0,2000,8,noisy,30,pdf,1.4899497321168087,4.620104419427524,True,False,30,CONVERGENCE: RELATIVE REDUCTION OF F <= FACTR*EPSMCH,0
1.5,5.0,2000,8,noisy,30,qlog,1.52,4.144340579585652,True,False,30,barrido q-log; q por deviance de bins,0
1.5,5.0,2000,8,noisy,40,pdf,1.4951037059006067,4.66626998448614,True,False,40,CONVERGENCE: RELATIVE REDUCTION OF F <= FACTR*EPSMCH,0
1.5,5.0,2000,8,noisy,40,qlog,1.52,4.261462020496367,True,False,40,barrido q-log; q por deviance de bins,0
1.5,5.0,2000,8,noisy,50,pdf,1.4931067461630128,4.646676179705341,True,False,50,CONVERGENCE: RELATIVE REDUCTION OF F <= FACTR*EPSMCH,0
1.5,5.0,2000,8,noisy,50,qlog,1.5,4.16532130597299,True,False,50,barrido q-log; q por deviance de bins,0
1.5,5.0,2000,8,noisy,60,pdf,1.4936960510644346,4.650744378172909,True,False,60,CONVERGENCE: RELATIVE REDUCTION OF F <= FACTR*EPSMCH,0
1.5,5.0,2000,8,noisy,60,qlog,1.5,4.1627538087889,True,False,60,barrido q-log; q por deviance de bins,0
1.5,5.0,2000,8,noisy,70,pdf,1.4950729072067916,4.664236467236377,True,False,69,CONVERGENCE: RELATIVE REDUCTION OF F <= FACTR*EPSMCH,0
1.5,5.0,2000,8,noisy,70,qlog,1.5,4.179717811529663,True,False,69,barrido q-log; q por deviance de bins,0
1.5,5.0,2000,8,noisy,80,pdf,1.4936106927902166,4.653232744788237,True,False,79,CONVERGENCE: RELATIVE REDUCTION OF F <= FACTR*EPSMCH,0
1.5,5.0,2000,8,noisy,80,qlog,1.5,4.051404389241553,True,False,79,barrido q-log; q por deviance de bins,0
1.5,5.0,2000,8,noisy,90,pdf,1.490078663591935,4.6319599141411025,True,False,88,CONVERGENCE: RELATIVE REDUCTION OF F <= FACTR*EPSMCH,0
1.5,5.0,2000,8,noisy,90,qlog,1.5,3.9431293831597407,True,False,88,barrido q-log; q por deviance de bins,0
1.5,5.0,2000,8,noisy,100,pdf,1.4926962247122,4.645339352037789,True,False,99,CONVERGENCE: RELATIVE REDUCTION OF F <= FACTR*EPSMCH,0
1.5,5.0,2000,8,noisy,100,qlog,1.5,4.056365797307764,True,False,99,barrido q-log; q por deviance de bins,0
1.5,5.0,2000,8,noisy,110,pdf,1.4928825783972197,4.646690725489033,True,False,109,CONVERGENCE: RELATIVE REDUCTION OF F <= FACTR*EPSMCH,0
1.5,5.0,2000,8,noisy,110,qlog,1.5,3.995779339222138,True,False,109,barrido q-log; q por deviance de bins,0
1.5,5.0,2000,8,noisy,120,pdf,1.4945468123713646,4.661949383642987,True,False,118,CONVERGENCE: RELATIVE REDUCTION OF F <= FACTR*EPSMCH,0
1.5,5.0,2000,8,noisy,120,qlog,1.5,4.00157738567997,True,False,118,barrido q-log; q por deviance de bins,0
1.5,5.0,2000,8,noisy,130,pdf,1.495268083818764,4.667340475433176,True,False,127,CONVERGENCE: RELATIVE REDUCTION OF F <= FACTR*EPSMCH,0
1.5,5.0,2000,8,noisy,130,qlog,1.5,3.8002994675072297,True,False,127,barrido q-log; q por deviance de bins,0
1.5,5.0,2000,8,noisy,140,pdf,1.4931348826602404,4.648813844602279,True,False,137,CONVERGENCE: RELATIVE REDUCTION OF F <= FACTR*EPSMCH,0
1.5,5.0,2000,8,noisy,140,qlog,1.48,3.6720804607801085,True,False,137,barrido q-log; q por deviance de bins,0
1.5,5.0,2000,8,noisy,150,pdf,1.4912930292196125,4.638460374731637,True,False,147,CONVERGENCE: RELATIVE REDUCTION OF F <= FACTR*EPSMCH,0
1.5,5.0,2000,8,noisy,150,qlog,1.48,3.768390473807941,True,False,147,barrido q-log; q por deviance de bins,0
1.5,5.0,2000,8,noisy,160,pdf,1.4917064866849765,4.641767506809501,True,False,156,CONVERGENCE: RELATIVE REDUCTION OF F <= FACTR*EPSMCH,0
1.5,5.0,2000,8,noisy,160,qlog,1.5,3.7833225033472693,True,False,156,barrido q-log; q por deviance de bins,0
1.5,5.0,2000,8,noisy,170,pdf,1.4930867405555552,4.657076073450692,True,False,165,CONVERGENCE: RELATIVE REDUCTION OF F <= FACTR*EPSMCH,0
1.5,5.0,2000,8,noisy,170,qlog,1.5,3.7183298681612187,True,False,165,barrido q-log; q por deviance de bins,0
1.5,5.0,2000,8,noisy,180,pdf,1.4906508875421272,4.635201565091824,True,False,175,CONVERGENCE: RELATIVE REDUCTION OF F <= FACTR*EPSMCH,0
1.5,5.0,2000,8,noisy,180,qlog,1.5,3.702749445677303,True,False,175,barrido q-log; q por deviance de bins,0
1.5,5.0,2000,8,noisy,190,pdf,1.4939466023587042,4.660746911324122,True,False,185,CONVERGENCE: RELATIVE REDUCTION OF F <= FACTR*EPSMCH,0
1.5,5.0,2000,8,noisy,190,qlog,1.5,3.7586433519879416,True,False,185,barrido q-log; q por deviance de bins,0
1.5,5.0,2000,8,noisy,200,pdf,1.4953904057034642,4.669201129111982,True,False,195,CONVERGENCE: RELATIVE REDUCTION OF F <= FACTR*EPSMCH,0
1.5,5.0,2000,8,noisy,200,qlog,1.5,3.663761841322833,True,False,195,barrido q-log; q por deviance de bins,0
1.5,5.0,2000,9,clean,10,pdf,1.5149530337376595,5.45888911047737,True,False,10,CONVERGENCE: RELATIVE REDUCTION OF F <= FACTR*EPSMCH,0
1.5,5.0,2000,9,clean,10,qlog,2.02,4.014355683610279,True,False,10,barrido q-log; q por deviance de bins,0
1.5,5.0,2000,9,clean,20,pdf,1.4997673439323809,5.372962529690174,True,False,20,CONVERGENCE: RELATIVE REDUCTION OF F <= FACTR*EPSMCH,0
1.5,5.0,2000,9,clean,20,qlog,1.6600000000000001,4.481300198681418,True,False,20,barrido q-log; q por deviance de bins,0
1.5,5.0,2000,9,clean,30,pdf,1.5617353539873857,6.04049169353766,True,False,30,CONVERGENCE: RELATIVE REDUCTION OF F <= FACTR*EPSMCH,0
1.5,5.0,2000,9,clean,30,qlog,1.6,5.176527401531332,True,False,30,barrido q-log; q por deviance de bins,0
1.5,5.0,2000,9,clean,40,pdf,1.5414524665004892,5.810298421457296,True,False,39,CONVERGENCE: RELATIVE REDUCTION OF F <= FACTR*EPSMCH,0
1.5,5.0,2000,9,clean,40,qlog,1.58,5.279093233868772,True,False,39,barrido q-log; q por deviance de bins,0
1.5,5.0,2000,9,clean,50,pdf,1.5412423588243565,5.799123619071961,True,False,49,CONVERGENCE: RELATIVE REDUCTION OF F <= FACTR*EPSMCH,0
1.5,5.0,2000,9,clean,50,qlog,1.56,5.140218161835793,True,False,49,barrido q-log; q por deviance de bins,0
1.5,5.0,2000,9,clean,60,pdf,1.551717854842968,5.913086952549669,True,False,58,CONVERGENCE: RELATIVE REDUCTION OF F <= FACTR*EPSMCH,0
1.5,5.0,2000,9,clean,60,qlog,1.56,5.138147058097047,True,False,58,barrido q-log; q por deviance de bins,0
1.5,5.0,2000,9,clean,70,pdf,1.5488045197568063,5.855940003285867,True,False,68,CONVERGENCE: RELATIVE REDUCTION OF F <= FACTR*EPSMCH,0
1.5,5.0,2000,9,clean,70,qlog,1.56,5.152482593866353,True,False,68,barrido q-log; q por deviance de bins,0
1.5,5.0,2000,9,clean,80,pdf,1.5456854115064491,5.834303977864653,True,False,77,CONVERGENCE: RELATIVE REDUCTION OF F <= FACTR*EPSMCH,0
1.5,5.0,2000,9,clean,80,qlog,1.56,5.1823729313293105,True,False,77,barrido q-log; q por deviance de bins,0
1.5,5.0,2000,9,clean,90,pdf,1.5548335890541318,5.9347952595237965,True,False,85,CONVERGENCE: RELATIVE REDUCTION OF F <= FACTR*EPSMCH,0
1.5,5.0,2000,9,clean,90,qlog,1.58,5.219917103654474,True,False,85,barrido q-log; q por deviance de bins,0
1.5,5.0,2000,9,clean,100,pdf,1.5476362108789605,5.8461439164943,True,False,95,CONVERGENCE: RELATIVE REDUCTION OF F <= FACTR*EPSMCH,0
1.5,5.0,2000,9,clean,100,qlog,1.56,5.011713363629611,True,False,95,barrido q-log; q por deviance de bins,0
1.5,5.0,2000,9,clean,110,pdf,1.5467276048232903,5.84181969868378,True,False,103,CONVERGENCE: RELATIVE REDUCTION OF F <= FACTR*EPSMCH,0
1.5,5.0,2000,9,clean,110,qlog,1.56,4.90965565395648,True,False,103,barrido q-log; q por deviance de bins,0
1.5,5.0,2000,9,clean,120,pdf,1.5493219252078385,5.8776908393751945,True,False,112,CONVERGENCE: RELATIVE REDUCTION OF F <= FACTR*EPSMCH,0
1.5,5.0,2000,9,clean,120,qlog,1.56,4.826109511976332,True,False,112,barrido q-log; q por deviance de bins,0
1.5,5.0,2000,9,clean,130,pdf,1.549174548131415,5.864557979214342,True,False,121,CONVERGENCE: RELATIVE REDUCTION OF F <= FACTR*EPSMCH,0
1.5,5.0,2000,9,clean,130,qlog,1.58,5.078885715829252,True,False,121,barrido q-log; q por deviance de bins,0
1.5,5.0,2000,9,clean,140,pdf,1.552677092395239,5.904542541703882,True,False,130,CONVERGENCE: RELATIVE REDUCTION OF F <= FACTR*EPSMCH,0
1.5,5.0,2000,9,clean,140,qlog,1.58,5.001823406960116,True,False,130,barrido q-log; q por deviance de bins,0
1.5,5.0,2000,9,clean,150,pdf,1.551494999579776,5.893943169173277,True,False,139,CONVERGENCE: RELATIVE REDUCTION OF F <= FACTR*EPSMCH,0
1.5,5.0,2000,9,clean,150,qlog,1.58,4.818815965525529,True,False,139,barrido q-log; q por deviance de bins,0
1.5,5.0,2000,9,clean,160,pdf,1.548256690282217,5.8589036052396954,True,False,148,CONVERGENCE: RELATIVE REDUCTION OF F <= FACTR*EPSMCH,0
1.5,5.0,2000,9,clean,160,qlog,1.58,4.753305658189964,True,False,148,barrido q-log; q por deviance de bins,0
1.5,5.0,2000,9,clean,170,pdf,1.551906005498711,5.895778042394226,True,False,157,CONVERGENCE: RELATIVE REDUCTION OF F <= FACTR*EPSMCH,0
1.5,5.0,2000,9,clean,170,qlog,1.58,4.771808355964295,True,False,157,barrido q-log; q por deviance de bins,0
1.5,5.0,2000,9,clean,180,pdf,1.5507389695102847,5.889651812866759,True,False,165,CONVERGENCE: RELATIVE REDUCTION OF F <= FACTR*EPSMCH,0
1.5,5.0,2000,9,clean,180,qlog,1.58,4.4750110397450396,True,False,165,barrido q-log; q por deviance de bins,0
1.5,5.0,2000,9,clean,190,pdf,1.5500094498671457,5.8816090510998995,True,False,173,CONVERGENCE: RELATIVE REDUCTION OF F <= FACTR*EPSMCH,0
1.5,5.0,2000,9,clean,190,qlog,1.58,4.674070660508339,True,False,173,barrido q-log; q por deviance de bins,0
1.5,5.0,2000,9,clean,200,pdf,1.5482179656734176,5.861789498916526,True,False,183,CONVERGENCE: RELATIVE REDUCTION OF F <= FACTR*EPSMCH,0
1.5,5.0,2000,9,clean,200,qlog,1.58,4.558738645811661,True,False,183,barrido q-log; q por deviance de bins,0
1.5,5.0,2000,9,noisy,10,pdf,1.5198142112964363,5.557103832593441,True,False,10,CONVERGENCE: NORM OF PROJECTED GRADIENT <= PGTOL,0
1.5,5.0,2000,9,noisy,10,qlog,2.02,4.083617529113456,True,False,10,barrido q-log; q por deviance de bins,0
1.5,5.0,2000,9,noisy,20,pdf,1.499969813305688,5.376515454772614,True,False,20,CONVERGENCE: NORM OF PROJECTED GRADIENT <= PGTOL,0
1.5,5.0,2000,9,noisy,20,qlog,1.6600000000000001,4.518818738134273,True,False,20,barrido q-log; q por deviance de bins,0
1.5,5.0,2000,9,noisy,30,pdf,1.559309164639601,5.974959820096418,True,False,30,CONVERGENCE: RELATIVE REDUCTION OF F <= FACTR*EPSMCH,0
1.5,5.0,2000,9,noisy,30,qlog,1.6,5.228474448081276,True,False,30,barrido q-log; q por deviance de bins,0
1.5,5.0,2000,9,noisy,40,pdf,1.545435970895838,5.8339716376210315,True,False,39,CONVERGENCE: RELATIVE REDUCTION OF F <= FACTR*EPSMCH,0
1.5,5.0,2000,9,noisy,40,qlog,1.58,5.288815709858699,True,False,39,barrido q-log; q por deviance de bins,0
1.5,5.0,2000,9,noisy,50,pdf,1.5415533999504074,5.774442826433263,True,False,49,CONVERGENCE: RELATIVE REDUCTION OF F <= FACTR*EPSMCH,0
1.5,5.0,2000,9,noisy,50,qlog,1.56,5.096472039606192,True,False,49,barrido q-log; q por deviance de bins,0
1.5,5.0,2000,9,noisy,60,pdf,1.5495236476802166,5.851730167985286,True,False,58,CONVERGENCE: RELATIVE REDUCTION OF F <= FACTR*EPSMCH,0
1.5,5.0,2000,9,noisy,60,qlog,1.56,5.272455172660211,True,False,58,barrido q-log; q por deviance de bins,0
1.5,5.0,2000,9,noisy,70,pdf,1.5510667996254175,5.8538621319598105,True,False,68,CONVERGENCE: RELATIVE REDUCTION OF F <= FACTR*EPSMCH,0
1.5,5.0,2000,9,noisy,70,qlog,1.56,5.227894401998899,True,False,68,barrido q-log; q por deviance de bins,0
1.5,5.0,2000,9,noisy,80,pdf,1.5451638992366676,5.803353112957965,True,False,77,CONVERGENCE: RELATIVE REDUCTION OF F <= FACTR*EPSMCH,0
1.5,5.0,2000,9,noisy,80,qlog,1.56,5.294838192971177,True,False,77,barrido q-log; q por deviance de bins,0
1.5,5.0,2000,9,noisy,90,pdf,1.552334197265798,5.861239738760541,True,False,86,CONVERGENCE: RELATIVE REDUCTION OF F <= FACTR*EPSMCH,0
1.5,5.0,2000,9,noisy,90,qlog,1.58,5.3333933950442685,True,False,86,barrido q-log; q por deviance de bins,0
1.5,5.0,2000,9,noisy,100,pdf,1.5504393862273134,5.861502039010467,True,False,95,CONVERGENCE: RELATIVE REDUCTION OF F <= FACTR*EPSMCH,0
1.5,5.0,2000,9,noisy,100,qlog,1.56,4.998600598190369,True,False,95,barrido q-log; q por deviance de bins,0
1.5,5.0,2000,9,noisy,110,pdf,1.548683037140097,5.842566550136737,True,False,103,CONVERGENCE: RELATIVE REDUCTION OF F <= FACTR*EPSMCH,0
1.5,5.0,2000,9,noisy,110,qlog,1.58,5.119490418184673,True,False,103,barrido q-log; q por deviance de bins,0
1.5,5.0,2000,9,noisy,120,pdf,1.5499349789382133,5.861558765062813,True,False,113,CONVERGENCE: RELATIVE REDUCTION OF F <= FACTR*EPSMCH,0
1.5,5.0,2000,9,noisy,120,qlog,1.56,4.944809604804389,True,False,113,barrido q-log; q por deviance de bins,0
1.5,5.0,2000,9,noisy,130,pdf,1.5463409356280533,5.806996290122235,True,False,121,CONVERGENCE: RELATIVE REDUCTION OF F <= FACTR*EPSMCH,0
1.5,5.0,2000,9,noisy,130,qlog,1.56,4.816808592915014,True,False,121,barrido q-log; q por deviance de bins,0
1.5,5.0,2000,9,noisy,140,pdf,1.55236221517611,5.872383187432546,True,False,131,CONVERGENCE: RELATIVE REDUCTION OF F <= FACTR*EPSMCH,0
1.5,5.0,2000,9,noisy,140,qlog,1.58,5.064041135086782,True,False,131,barrido q-log; q por deviance de bins,0
1.5,5.0,2000,9,noisy,150,pdf,1.5525390741868115,5.876714246423658,True,False,139,CONVERGENCE: RELATIVE REDUCTION OF F <= FACTR*EPSMCH,0
1.5,5.0,2000,9,noisy,150,qlog,1.58,4.719469898970933,True,False,139,barrido q-log; q por deviance de bins,0
1.5,5.0,2000,9,noisy,160,pdf,1.5500870914748273,5.852009912353124,True,False,149,CONVERGENCE: RELATIVE REDUCTION OF F <= FACTR*EPSMCH,0
1.5,5.0,2000,9,noisy,160,qlog,1.58,4.976020200170247,True,False,149,barrido q-log; q por deviance de bins,0
1.5,5.0,2000,9,noisy,170,pdf,1.5517495832396748,5.8673920929828185,True,False,157,CONVERGENCE: RELATIVE REDUCTION OF F <= FACTR*EPSMCH,0
1.5,5.0,2000,9,noisy,170,qlog,1.58,4.786458879361421,True,False,157,barrido q-log; q por deviance de bins,0
1.5,5.0,2000,9,noisy,180,pdf,1.5528230993418686,5.874853435365557,True,False,167,CONVERGENCE: RELATIVE REDUCTION OF F <= FACTR*EPSMCH,0
1.5,5.0,2000,9,noisy,180,qlog,1.58,4.695031204123166,True,False,167,barrido q-log; q por deviance de bins,0
1.5,5.0,2000,9,noisy,190,pdf,1.5504055671383283,5.857035183575465,True,False,174,CONVERGENCE: RELATIVE REDUCTION OF F <= FACTR*EPSMCH,0
1.5,5.0,2000,9,noisy,190,qlog,1.58,4.781612361724588,True,False,174,barrido q-log; q por deviance de bins,0
1.5,5.0,2000,9,noisy,200,pdf,1.5504391711922312,5.856017732640005,True,False,181,CONVERGENCE: RELATIVE REDUCTION OF F <= FACTR*EPSMCH,0
1.5,5.0,2000,9,noisy,200,qlog,1.58,4.5211034270219725,True,False,181,barrido q-log; q por deviance de bins,0
1.9,2.0,2000,0,clean,10,pdf,1.9317799870794041,2.305121196187607,True,False,10,CONVERGENCE: RELATIVE REDUCTION OF F <= FACTR*EPSMCH,0
1.9,2.0,2000,0,clean,10,qlog,2.54,0.0834463402558029,True,False,10,barrido q-log; q por deviance de bins,0
1.9,2.0,2000,0,clean,20,pdf,1.9187800035582487,2.163129815967968,True,False,19,CONVERGENCE: NORM OF PROJECTED GRADIENT <= PGTOL,0
1.9,2.0,2000,0,clean,20,qlog,2.24,0.9051069529710856,True,False,19,barrido q-log; q por deviance de bins,0
1.9,2.0,2000,0,clean,30,pdf,1.9167727823398741,2.1353008149844674,True,False,29,CONVERGENCE: RELATIVE REDUCTION OF F <= FACTR*EPSMCH,0
1.9,2.0,2000,0,clean,30,qlog,2.08,1.3214190828645564,True,False,29,barrido q-log; q por deviance de bins,0
1.9,2.0,2000,0,clean,40,pdf,1.9088415037534554,2.066523997502176,True,False,38,CONVERGENCE: RELATIVE REDUCTION OF F <= FACTR*EPSMCH,0
1.9,2.0,2000,0,clean,40,qlog,2.0,1.4482338345943246,True,False,38,barrido q-log; q por deviance de bins,0
1.9,2.0,2000,0,clean,50,pdf,1.9057537152554591,2.0585325151760476,True,False,48,CONVERGENCE: RELATIVE REDUCTION OF F <= FACTR*EPSMCH,0
1.9,2.0,2000,0,clean,50,qlog,1.98,1.624476730408935,True,False,48,barrido q-log; q por deviance de bins,0
1.9,2.0,2000,0,clean,60,pdf,1.9139280638963765,2.0978365772452467,True,False,57,CONVERGENCE: NORM OF PROJECTED GRADIENT <= PGTOL,0
1.9,2.0,2000,0,clean,60,qlog,1.96,1.6274705639277203,True,False,57,barrido q-log; q por deviance de bins,0
1.9,2.0,2000,0,clean,70,pdf,1.91190174997583,2.086723093793753,True,False,65,CONVERGENCE: RELATIVE REDUCTION OF F <= FACTR*EPSMCH,0
1.9,2.0,2000,0,clean,70,qlog,1.98,1.7109863175307665,True,False,65,barrido q-log; q por deviance de bins,0
1.9,2.0,2000,0,clean,80,pdf,1.9148315807231209,2.108015964379735,True,False,75,CONVERGENCE: NORM OF PROJECTED GRADIENT <= PGTOL,0
1.9,2.0,2000,0,clean,80,qlog,1.98,1.5234748666618527,True,False,75,barrido q-log; q por deviance de bins,0
1.9,2.0,2000,0,clean,90,pdf,1.9135964673739219,2.0967788733173185,True,False,83,CONVERGENCE: RELATIVE REDUCTION OF F <= FACTR*EPSMCH,0
1.9,2.0,2000,0,clean,90,qlog,1.98,1.6342633540801323,True,False,83,barrido q-log; q por deviance de bins,0
1.9,2.0,2000,0,clean,100,pdf,1.9107449490642396,2.0836534014535584,True,False,93,CONVERGENCE: RELATIVE REDUCTION OF F <= FACTR*EPSMCH,0
1.9,2.0,2000,0,clean,100,qlog,1.98,1.5492173404986274,True,False,93,barrido q-log; q por deviance de bins,0
1.9,2.0,2000,0,clean,110,pdf,1.9116719564343487,2.0846498631855814,True,False,100,CONVERGENCE: RELATIVE REDUCTION OF F <= FACTR*EPSMCH,0
1.9,2.0,2000,0,clean,110,qlog,2.0,1.5323491297337795,True,False,100,barrido q-log; q por deviance de bins,0
1.9,2.0,2000,0,clean,120,pdf,1.9106929938068296,2.080585620464907,True,False,107,CONVERGENCE: RELATIVE REDUCTION OF F <= FACTR*EPSMCH,0
1.9,2.0,2000,0,clean,120,qlog,2.0,1.4328093737415744,True,False,107,barrido q-log; q por deviance de bins,0
1.9,2.0,2000,0,clean,130,pdf,1.9131255760807184,2.0947288207195482,True,False,117,CONVERGENCE: RELATIVE REDUCTION OF F <= FACTR*EPSMCH,0
1.9,2.0,2000,0,clean,130,qlog,2.0,1.4141418483613035,True,False,117,barrido q-log; q por deviance de bins,0
1.9,2.0,2000,0,clean,140,pdf,1.9128276779529358,2.0932136643679766,True,False,125,CONVERGENCE: RELATIVE REDUCTION OF F <= FACTR*EPSMCH,0
1.9,2.0,2000,0,clean,140,qlog,2.0,1.4010739180089844,True,False,125,barrido q-log; q por deviance de bins,0
1.9,2.0,2000,0,clean,150,pdf,1.9133446670805372,2.0965802157246154,True,False,134,CONVERGENCE: RELATIVE REDUCTION OF F <= FACTR*EPSMCH,0
1.9,2.0,2000,0,clean,150,qlog,2.02,1.3546367847538707,True,False,134,barrido q-log; q por deviance de bins,0
1.9,2.0,2000,0,clean,160,pdf,1.9147136298748915,2.1098581829835705,True,False,143,CONVERGENCE: RELATIVE REDUCTION OF F <= FACTR*EPSMCH,0
1.9,2.0,2000,0,clean,160,qlog,2.02,1.1891124485428266,True,False,143,barrido q-log; q por deviance de bins,0
1.9,2.0,2000,0,clean,170,pdf,1.9147924049378455,2.1001524222541166,True,False,148,CONVERGENCE: RELATIVE REDUCTION OF F <= FACTR*EPSMCH,0
1.9,2.0,2000,0,clean,170,qlog,2.02,1.2531463241747587,True,False,148,barrido q-log; q por deviance de bins,0
1.9,2.0,2000,0,clean,180,pdf,1.9153416025807728,2.103085559587971,True,False,159,CONVERGENCE: RELATIVE REDUCTION OF F <= FACTR*EPSMCH,0
1.9,2.0,2000,0,clean,180,qlog,2.02,1.2119765087995142,True,False,159,barrido q-log; q por deviance de bins,0
1.9,2.0,2000,0,clean,190,pdf,1.9148730134847318,2.107013491069769,True,False,166,CONVERGENCE: RELATIVE REDUCTION OF F <= FACTR*EPSMCH,0
1.9,2.0,2000,0,clean,190,qlog,2.02,1.0617812629026888,True,False,166,barrido q-log; q por deviance de bins,0
1.9,2.0,2000,0,clean,200,pdf,1.9136209062181182,2.097832967617169,True,False,173,CONVERGENCE: RELATIVE REDUCTION OF F <= FACTR*EPSMCH,0
1.9,2.0,2000,0,clean,200,qlog,2.04,1.1656791249839022,True,False,173,barrido q-log; q por deviance de bins,0
1.9,2.0,2000,0,noisy,10,pdf,1.9286913081081491,2.263345695254612,True,False,10,CONVERGENCE: RELATIVE REDUCTION OF F <= FACTR*EPSMCH,0
1.9,2.0,2000,0,noisy,10,qlog,2.54,0.07948078233662287,True,False,10,barrido q-log; q por deviance de bins,0
1.9,2.0,2000,0,noisy,20,pdf,1.9175498215893334,2.1473264678691004,True,False,19,CONVERGENCE: RELATIVE REDUCTION OF F <= FACTR*EPSMCH,0
1.9,2.0,2000,0,noisy,20,qlog,2.24,0.9038726778683126,True,False,19,barrido q-log; q por deviance de bins,0
1.9,2.0,2000,0,noisy,30,pdf,1.9176315556823564,2.1460800656193126,True,False,29,CONVERGENCE: RELATIVE REDUCTION OF F <= FACTR*EPSMCH,0
1.9,2.0,2000,0,noisy,30,qlog,2.08,1.3379593246845825,True,False,29,barrido q-log; q por deviance de bins,0
1.9,2.0,2000,0,noisy,40,pdf,1.906982013679148,2.0446686287007796,True,False,38,CONVERGENCE: RELATIVE REDUCTION OF F <= FACTR*EPSMCH,0
1.9,2.0,2000,0,noisy,40,qlog,2.0,1.4789760739295117,True,False,38,barrido q-log; q por deviance de bins,0
1.9,2.0,2000,0,noisy,50,pdf,1.9059550024093825,2.0556222861959803,True,False,48,CONVERGENCE: RELATIVE REDUCTION OF F <= FACTR*EPSMCH,0
1.9,2.0,2000,0,noisy,50,qlog,1.98,1.6800030221889757,True,False,48,barrido q-log; q por deviance de bins,0
1.9,2.0,2000,0,noisy,60,pdf,1.913954343119329,2.1041412870848477,True,False,57,CONVERGENCE: NORM OF PROJECTED GRADIENT <= PGTOL,0
1.9,2.0,2000,0,noisy,60,qlog,1.96,1.6970187355322983,True,False,57,barrido q-log; q por deviance de bins,0
1.9,2.0,2000,0,noisy,70,pdf,1.9117360202672857,2.0836258615118504,True,False,65,CONVERGENCE: RELATIVE REDUCTION OF F <= FACTR*EPSMCH,0
1.9,2.0,2000,0,noisy,70,qlog,1.98,1.8036009554739176,True,False,65,barrido q-log; q por deviance de bins,0
1.9,2.0,2000,0,noisy,80,pdf,1.910832702147288,2.070866134117571,True,False,75,CONVERGENCE: RELATIVE REDUCTION OF F <= FACTR*EPSMCH,0
1.9,2.0,2000,0,noisy,80,qlog,1.98,1.68993237052039,True,False,75,barrido q-log; q por deviance de bins,0
1.9,2.0,2000,0,noisy,90,pdf,1.913627351753988,2.10030472623399,True,False,83,CONVERGENCE: RELATIVE REDUCTION OF F <= FACTR*EPSMCH,0
1.9,2.0,2000,0,noisy,90,qlog,1.98,1.6823245719594988,True,False,83,barrido q-log; q por deviance de bins,0
1.9,2.0,2000,0,noisy,100,pdf,1.9104593825617373,2.074228519229645,True,False,93,CONVERGENCE: RELATIVE REDUCTION OF F <= FACTR*EPSMCH,0
1.9,2.0,2000,0,noisy,100,qlog,1.98,1.5494648580505017,True,False,93,barrido q-log; q por deviance de bins,0
1.9,2.0,2000,0,noisy,110,pdf,1.912133910732416,2.0912478568803277,True,False,100,CONVERGENCE: RELATIVE REDUCTION OF F <= FACTR*EPSMCH,0
1.9,2.0,2000,0,noisy,110,qlog,2.0,1.651154862658438,True,False,100,barrido q-log; q por deviance de bins,0
1.9,2.0,2000,0,noisy,120,pdf,1.9101849804996422,2.078358922901774,True,False,109,CONVERGENCE: RELATIVE REDUCTION OF F <= FACTR*EPSMCH,0
1.9,2.0,2000,0,noisy,120,qlog,2.0,1.6420222994778648,True,False,109,barrido q-log; q por deviance de bins,0
1.9,2.0,2000,0,noisy,130,pdf,1.9128679721206225,2.0920636458800668,True,False,119,CONVERGENCE: RELATIVE REDUCTION OF F <= FACTR*EPSMCH,0
1.9,2.0,2000,0,noisy,130,qlog,2.0,1.5448266077534245,True,False,119,barrido q-log; q por deviance de bins,0
1.9,2.0,2000,0,noisy,140,pdf,1.912965237763726,2.092636561453399,True,False,127,CONVERGENCE: RELATIVE REDUCTION OF F <= FACTR*EPSMCH,0
1.9,2.0,2000,0,noisy,140,qlog,2.0,1.3494353559114471,True,False,127,barrido q-log; q por deviance de bins,0
1.9,2.0,2000,0,noisy,150,pdf,1.9118223446619753,2.083770316434664,True,False,137,CONVERGENCE: RELATIVE REDUCTION OF F <= FACTR*EPSMCH,0
1.9,2.0,2000,0,noisy,150,qlog,2.02,1.4297447267343815,True,False,137,barrido q-log; q por deviance de bins,0
1.9,2.0,2000,0,noisy,160,pdf,1.9123882934792282,2.0889244167496233,True,False,141,CONVERGENCE: RELATIVE REDUCTION OF F <= FACTR*EPSMCH,0
1.9,2.0,2000,0,noisy,160,qlog,2.02,1.278671326235544,True,False,141,barrido q-log; q por deviance de bins,0
1.9,2.0,2000,0,noisy,170,pdf,1.9168982691672067,2.118203744968084,True,False,148,CONVERGENCE: RELATIVE REDUCTION OF F <= FACTR*EPSMCH,0
1.9,2.0,2000,0,noisy,170,qlog,2.02,1.2962510531874525,True,False,148,barrido q-log; q por deviance de bins,0
1.9,2.0,2000,0,noisy,180,pdf,1.9153613462502725,2.1055542736100525,True,False,159,CONVERGENCE: RELATIVE REDUCTION OF F <= FACTR*EPSMCH,0
1.9,2.0,2000,0,noisy,180,qlog,2.02,1.369269338770533,True,False,159,barrido q-log; q por deviance de bins,0
1.9,2.0,2000,0,noisy,190,pdf,1.9141670847903813,2.0978066577292345,True,False,166,CONVERGENCE: RELATIVE REDUCTION OF F <= FACTR*EPSMCH,0
1.9,2.0,2000,0,noisy,190,qlog,2.04,1.3066397685041042,True,False,166,barrido q-log; q por deviance de bins,0
1.9,2.0,2000,0,noisy,200,pdf,1.9131771020753032,2.0907337962108006,True,False,171,CONVERGENCE: RELATIVE REDUCTION OF F <= FACTR*EPSMCH,0
1.9,2.0,2000,0,noisy,200,qlog,2.04,1.2756771020231819,True,False,171,barrido q-log; q por deviance de bins,0
1.9,2.0,2000,1,clean,10,pdf,1.891576798274628,1.7179658022405813,True,False,10,CONVERGENCE: RELATIVE REDUCTION OF F <= FACTR*EPSMCH,0
1.9,2.0,2000,1,clean,10,qlog,2.38,0.5353487705220563,True,False,10,barrido q-log; q por deviance de bins,0
1.9,2.0,2000,1,clean,20,pdf,1.8980004310712382,1.7942680710422387,True,False,20,CONVERGENCE: RELATIVE REDUCTION OF F <= FACTR*EPSMCH,0
1.9,2.0,2000,1,clean,20,qlog,2.06,1.17743617730698,True,False,20,barrido q-log; q por deviance de bins,0
1.9,2.0,2000,1,clean,30,pdf,1.901665492203454,1.8054391720398846,True,False,30,CONVERGENCE: RELATIVE REDUCTION OF F <= FACTR*EPSMCH,0
1.9,2.0,2000,1,clean,30,qlog,1.96,1.3386058403773544,True,False,30,barrido q-log; q por deviance de bins,0
1.9,2.0,2000,1,clean,40,pdf,1.885472670326817,1.7080294084612948,True,False,40,CONVERGENCE: NORM OF PROJECTED GRADIENT <= PGTOL,0
1.9,2.0,2000,1,clean,40,qlog,1.92,1.3927928201043152,True,False,40,barrido q-log; q por deviance de bins,0
1.9,2.0,2000,1,clean,50,pdf,1.893904630071483,1.7549818615690709,True,False,49,CONVERGENCE: RELATIVE REDUCTION OF F <= FACTR*EPSMCH,0
1.9,2.0,2000,1,clean,50,qlog,1.92,1.4986955241401934,True,False,49,barrido q-log; q por deviance de bins,0
1.9,2.0,2000,1,clean,60,pdf,1.8937768054118114,1.7658325433365438,True,False,59,CONVERGENCE: RELATIVE REDUCTION OF F <= FACTR*EPSMCH,0
1.9,2.0,2000,1,clean,60,qlog,1.9,1.3404678697615224,True,False,59,barrido q-log; q por deviance de bins,0
1.9,2.0,2000,1,clean,70,pdf,1.8924743331004514,1.7468852361438896,True,False,69,CONVERGENCE: RELATIVE REDUCTION OF F <= FACTR*EPSMCH,0
1.9,2.0,2000,1,clean,70,qlog,1.9,1.4084239945139585,True,False,69,barrido q-log; q por deviance de bins,0
1.9,2.0,2000,1,clean,80,pdf,1.8914326540498692,1.7413510101657266,True,False,79,CONVERGENCE: RELATIVE REDUCTION OF F <= FACTR*EPSMCH,0
1.9,2.0,2000,1,clean,80,qlog,1.9,1.3254867264964032,True,False,79,barrido q-log; q por deviance de bins,0
1.9,2.0,2000,1,clean,90,pdf,1.897978827355302,1.775959310070702,True,False,89,CONVERGENCE: RELATIVE REDUCTION OF F <= FACTR*EPSMCH,0
1.9,2.0,2000,1,clean,90,qlog,1.9,1.291020722924022,True,False,89,barrido q-log; q por deviance de bins,0
1.9,2.0,2000,1,clean,100,pdf,1.894878410803628,1.76143013917432,True,False,96,CONVERGENCE: RELATIVE REDUCTION OF F <= FACTR*EPSMCH,0
1.9,2.0,2000,1,clean,100,qlog,1.9,1.3301586420055063,True,False,96,barrido q-log; q por deviance de bins,0
1.9,2.0,2000,1,clean,110,pdf,1.8937939126666983,1.7587198963192499,True,False,107,CONVERGENCE: RELATIVE REDUCTION OF F <= FACTR*EPSMCH,0
1.9,2.0,2000,1,clean,110,qlog,1.9,1.3495958771055767,True,False,107,barrido q-log; q por deviance de bins,0
1.9,2.0,2000,1,clean,120,pdf,1.8958940669018907,1.7685344552059017,True,False,114,CONVERGENCE: RELATIVE REDUCTION OF F <= FACTR*EPSMCH,0
1.9,2.0,2000,1,clean,120,qlog,1.9,1.269966376111875,True,False,114,barrido q-log; q por deviance de bins,0
1.9,2.0,2000,1,clean,130,pdf,1.8952667750208814,1.764224214669095,True,False,127,CONVERGENCE: RELATIVE REDUCTION OF F <= FACTR*EPSMCH,0
1.9,2.0,2000,1,clean,130,qlog,1.9,1.2612454075933623,True,False,127,barrido q-log; q por deviance de bins,0
1.9,2.0,2000,1,clean,140,pdf,1.8961128224831219,1.768883647940106,True,False,135,CONVERGENCE: RELATIVE REDUCTION OF F <= FACTR*EPSMCH,0
1.9,2.0,2000,1,clean,140,qlog,1.9,1.2385314884598093,True,False,135,barrido q-log; q por deviance de bins,0
1.9,2.0,2000,1,clean,150,pdf,1.8965358265600283,1.773620744136312,True,False,144,CONVERGENCE: RELATIVE REDUCTION OF F <= FACTR*EPSMCH,0
1.9,2.0,2000,1,clean,150,qlog,1.9,1.1435121609774703,True,False,144,barrido q-log; q por deviance de bins,0
1.9,2.0,2000,1,clean,160,pdf,1.893094763326556,1.7555948357741342,True,False,150,CONVERGENCE: RELATIVE REDUCTION OF F <= FACTR*EPSMCH,0
1.9,2.0,2000,1,clean,160,qlog,1.9,1.1477798514925466,True,False,150,barrido q-log; q por deviance de bins,0
1.9,2.0,2000,1,clean,170,pdf,1.893149042375463,1.75461109936932,True,False,158,CONVERGENCE: RELATIVE REDUCTION OF F <= FACTR*EPSMCH,0
1.9,2.0,2000,1,clean,170,qlog,1.9,1.0411940728514109,True,False,158,barrido q-log; q por deviance de bins,0
1.9,2.0,2000,1,clean,180,pdf,1.8961976516413381,1.772370811644699,True,False,167,CONVERGENCE: RELATIVE REDUCTION OF F <= FACTR*EPSMCH,0
1.9,2.0,2000,1,clean,180,qlog,1.9,1.0250716555246466,True,False,167,barrido q-log; q por deviance de bins,0
1.9,2.0,2000,1,clean,190,pdf,1.8962352545293524,1.7678763224621654,True,False,179,CONVERGENCE: RELATIVE REDUCTION OF F <= FACTR*EPSMCH,0
1.9,2.0,2000,1,clean,190,qlog,1.9,1.0527235404320987,True,False,179,barrido q-log; q por deviance de bins,0
1.9,2.0,2000,1,clean,200,pdf,1.8955018881703063,1.7680549710171343,True,False,180,CONVERGENCE: RELATIVE REDUCTION OF F <= FACTR*EPSMCH,0
1.9,2.0,2000,1,clean,200,qlog,1.92,1.015040877626233,True,False,180,barrido q-log; q por deviance de bins,0
1.9,2.0,2000,1,noisy,10,pdf,1.8878009509769997,1.716258400377725,True,False,10,CONVERGENCE: RELATIVE REDUCTION OF F <= FACTR*EPSMCH,0
1.9,2.0,2000,1,noisy,10,qlog,2.38,0.5407636005686816,True,False,10,barrido q-log; q por deviance de bins,0
1.9,2.0,2000,1,noisy,20,pdf,1.8907495917284696,1.7504529058711567,True,False,20,CONVERGENCE: RELATIVE REDUCTION OF F <= FACTR*EPSMCH,0
1.9,2.0,2000,1,noisy,20,qlog,2.06,1.1950570350904486,True,False,20,barrido q-log; q por deviance de bins,0
1.9,2.0,2000,1,noisy,30,pdf,1.9005940224113878,1.796371823842641,True,False,30,CONVERGENCE: RELATIVE REDUCTION OF F <= FACTR*EPSMCH,0
1.9,2.0,2000,1,noisy,30,qlog,1.96,1.4083184286568278,True,False,30,barrido q-log; q por deviance de bins,0
1.9,2.0,2000,1,noisy,40,pdf,1.8848514028679215,1.704213563199242,True,False,40,CONVERGENCE: RELATIVE REDUCTION OF F <= FACTR*EPSMCH,0
1.9,2.0,2000,1,noisy,40,qlog,1.92,1.4323529621245459,True,False,40,barrido q-log; q por deviance de bins,0
1.9,2.0,2000,1,noisy,50,pdf,1.890029731952921,1.7314608781723742,True,False,49,CONVERGENCE: RELATIVE REDUCTION OF F <= FACTR*EPSMCH,0
1.9,2.0,2000,1,noisy,50,qlog,1.9,1.4436482916620024,True,False,49,barrido q-log; q por deviance de bins,0
1.9,2.0,2000,1,noisy,60,pdf,1.8946330564513345,1.7683136161991806,True,False,59,CONVERGENCE: RELATIVE REDUCTION OF F <= FACTR*EPSMCH,0
1.9,2.0,2000,1,noisy,60,qlog,1.9,1.4236249773817975,True,False,59,barrido q-log; q por deviance de bins,0
1.9,2.0,2000,1,noisy,70,pdf,1.8916081824022681,1.7436521696869867,True,False,69,CONVERGENCE: RELATIVE REDUCTION OF F <= FACTR*EPSMCH,0
1.9,2.0,2000,1,noisy,70,qlog,1.9,1.4286587690041936,True,False,69,barrido q-log; q por deviance de bins,0
1.9,2.0,2000,1,noisy,80,pdf,1.8896622151040703,1.724235291790555,True,False,79,CONVERGENCE: RELATIVE REDUCTION OF F <= FACTR*EPSMCH,0
1.9,2.0,2000,1,noisy,80,qlog,1.9,1.4477803566211813,True,False,79,barrido q-log; q por deviance de bins,0
1.9,2.0,2000,1,noisy,90,pdf,1.8967389493525684,1.766831848897561,True,False,89,CONVERGENCE: RELATIVE REDUCTION OF F <= FACTR*EPSMCH,0
1.9,2.0,2000,1,noisy,90,qlog,1.9,1.4150138384209638,True,False,89,barrido q-log; q por deviance de bins,0
1.9,2.0,2000,1,noisy,100,pdf,1.891839770063775,1.7384358614173125,True,False,96,CONVERGENCE: RELATIVE REDUCTION OF F <= FACTR*EPSMCH,0
1.9,2.0,2000,1,noisy,100,qlog,1.9,1.4238771827535623,True,False,96,barrido q-log; q por deviance de bins,0
1.9,2.0,2000,1,noisy,110,pdf,1.8941588909744056,1.757932655081483,True,False,107,CONVERGENCE: RELATIVE REDUCTION OF F <= FACTR*EPSMCH,0
1.9,2.0,2000,1,noisy,110,qlog,1.9,1.3686888707613416,True,False,107,barrido q-log; q por deviance de bins,0
1.9,2.0,2000,1,noisy,120,pdf,1.8952315542356009,1.7587527434752908,True,False,116,CONVERGENCE: RELATIVE REDUCTION OF F <= FACTR*EPSMCH,0
1.9,2.0,2000,1,noisy,120,qlog,1.9,1.2858916787202526,True,False,116,barrido q-log; q por deviance de bins,0
1.9,2.0,2000,1,noisy,130,pdf,1.8954123353660701,1.7595022863174026,True,False,126,CONVERGENCE: RELATIVE REDUCTION OF F <= FACTR*EPSMCH,0
1.9,2.0,2000,1,noisy,130,qlog,1.9,1.2618243537551284,True,False,126,barrido q-log; q por deviance de bins,0
1.9,2.0,2000,1,noisy,140,pdf,1.8947343733668396,1.7593027810724013,True,False,136,CONVERGENCE: RELATIVE REDUCTION OF F <= FACTR*EPSMCH,0
1.9,2.0,2000,1,noisy,140,qlog,1.9,1.2930477123058088,True,False,136,barrido q-log; q por deviance de bins,0
1.9,2.0,2000,1,noisy,150,pdf,1.8934199405178127,1.749116184591705,True,False,144,CONVERGENCE: RELATIVE REDUCTION OF F <= FACTR*EPSMCH,0
1.9,2.0,2000,1,noisy,150,qlog,1.9,1.2403908519745879,True,False,144,barrido q-log; q por deviance de bins,0
1.9,2.0,2000,1,noisy,160,pdf,1.8910798392107866,1.7366326293308827,True,False,153,CONVERGENCE: RELATIVE REDUCTION OF F <= FACTR*EPSMCH,0
1.9,2.0,2000,1,noisy,160,qlog,1.9,1.2438136200453132,True,False,153,barrido q-log; q por deviance de bins,0
1.9,2.0,2000,1,noisy,170,pdf,1.8937232848026606,1.752828046192549,True,False,158,CONVERGENCE: RELATIVE REDUCTION OF F <= FACTR*EPSMCH,0
1.9,2.0,2000,1,noisy,170,qlog,1.92,1.2091749871025017,True,False,158,barrido q-log; q por deviance de bins,0
1.9,2.0,2000,1,noisy,180,pdf,1.8952571705543197,1.7606209693417187,True,False,171,CONVERGENCE: RELATIVE REDUCTION OF F <= FACTR*EPSMCH,0
1.9,2.0,2000,1,noisy,180,qlog,1.92,1.1375717440798456,True,False,171,barrido q-log; q por deviance de bins,0
1.9,2.0,2000,1,noisy,190,pdf,1.8951831130121015,1.7561343416215627,True,False,181,CONVERGENCE: RELATIVE REDUCTION OF F <= FACTR*EPSMCH,0
1.9,2.0,2000,1,noisy,190,qlog,1.9,1.166008038951173,True,False,181,barrido q-log; q por deviance de bins,0
1.9,2.0,2000,1,noisy,200,pdf,1.8949985210958247,1.7560855278258056,True,False,186,CONVERGENCE: RELATIVE REDUCTION OF F <= FACTR*EPSMCH,0
1.9,2.0,2000,1,noisy,200,qlog,1.92,1.1056426329642508,True,False,186,barrido q-log; q por deviance de bins,0
1.9,2.0,2000,2,clean,10,pdf,1.9061535284081124,1.8998648824585576,True,False,10,CONVERGENCE: NORM OF PROJECTED GRADIENT <= PGTOL,0
1.9,2.0,2000,2,clean,10,qlog,2.46,0.26235124187952696,True,False,10,barrido q-log; q por deviance de bins,0
1.9,2.0,2000,2,clean,20,pdf,1.9074395822176866,1.8737147394235945,True,False,20,CONVERGENCE: RELATIVE REDUCTION OF F <= FACTR*EPSMCH,0
1.9,2.0,2000,2,clean,20,qlog,2.14,1.0566427064582706,True,False,20,barrido q-log; q por deviance de bins,0
1.9,2.0,2000,2,clean,30,pdf,1.911802143164006,1.932645148365885,True,False,30,CONVERGENCE: RELATIVE REDUCTION OF F <= FACTR*EPSMCH,0
1.9,2.0,2000,2,clean,30,qlog,2.0,1.3109402390526437,True,False,30,barrido q-log; q por deviance de bins,0
1.9,2.0,2000,2,clean,40,pdf,1.9141326584909182,1.8986854931044812,True,False,40,CONVERGENCE: RELATIVE REDUCTION OF F <= FACTR*EPSMCH,0
1.9,2.0,2000,2,clean,40,qlog,1.98,1.4380848913361381,True,False,40,barrido q-log; q por deviance de bins,0
1.9,2.0,2000,2,clean,50,pdf,1.9109474656778536,1.896246917739281,True,False,50,CONVERGENCE: NORM OF PROJECTED GRADIENT <= PGTOL,0
1.9,2.0,2000,2,clean,50,qlog,1.94,1.45274065905168,True,False,50,barrido q-log; q por deviance de bins,0
1.9,2.0,2000,2,clean,60,pdf,1.909105286871875,1.8982265778334877,True,False,60,CONVERGENCE: RELATIVE REDUCTION OF F <= FACTR*EPSMCH,0
1.9,2.0,2000,2,clean,60,qlog,1.94,1.4594312331257053,True,False,60,barrido q-log; q por deviance de bins,0
1.9,2.0,2000,2,clean,70,pdf,1.9137641667666847,1.9191267529422082,True,False,69,CONVERGENCE: RELATIVE REDUCTION OF F <= FACTR*EPSMCH,0
1.9,2.0,2000,2,clean,70,qlog,1.94,1.4567071215107408,True,False,69,barrido q-log; q por deviance de bins,0
1.9,2.0,2000,2,clean,80,pdf,1.9130395218486542,1.9074170645041923,True,False,79,CONVERGENCE: RELATIVE REDUCTION OF F <= FACTR*EPSMCH,0
1.9,2.0,2000,2,clean,80,qlog,1.94,1.4255047336516877,True,False,79,barrido q-log; q por deviance de bins,0
1.9,2.0,2000,2,clean,90,pdf,1.913157282758299,1.9067239982929864,True,False,89,CONVERGENCE: RELATIVE REDUCTION OF F <= FACTR*EPSMCH,0
1.9,2.0,2000,2,clean,90,qlog,1.94,1.3998024141642076,True,False,89,barrido q-log; q por deviance de bins,0
1.9,2.0,2000,2,clean,100,pdf,1.912033592259487,1.90126231430379,True,False,99,CONVERGENCE: RELATIVE REDUCTION OF F <= FACTR*EPSMCH,0
1.9,2.0,2000,2,clean,100,qlog,1.94,1.3731920054062543,True,False,99,barrido q-log; q por deviance de bins,0
1.9,2.0,2000,2,clean,110,pdf,1.9118454018892477,1.9033018264031891,True,False,106,CONVERGENCE: RELATIVE REDUCTION OF F <= FACTR*EPSMCH,0
1.9,2.0,2000,2,clean,110,qlog,1.94,1.2587852664769004,True,False,106,barrido q-log; q por deviance de bins,0
1.9,2.0,2000,2,clean,120,pdf,1.9126494536453424,1.9090102763864638,True,False,116,CONVERGENCE: RELATIVE REDUCTION OF F <= FACTR*EPSMCH,0
1.9,2.0,2000,2,clean,120,qlog,1.94,1.1762960615966327,True,False,116,barrido q-log; q por deviance de bins,0
1.9,2.0,2000,2,clean,130,pdf,1.910941547168423,1.8976475729417812,True,False,126,CONVERGENCE: RELATIVE REDUCTION OF F <= FACTR*EPSMCH,0
1.9,2.0,2000,2,clean,130,qlog,1.96,1.2779790275586498,True,False,126,barrido q-log; q por deviance de bins,0
1.9,2.0,2000,2,clean,140,pdf,1.91237501031959,1.9056539973263416,True,False,132,CONVERGENCE: RELATIVE REDUCTION OF F <= FACTR*EPSMCH,0
1.9,2.0,2000,2,clean,140,qlog,1.96,1.1947308357009438,True,False,132,barrido q-log; q por deviance de bins,0
1.9,2.0,2000,2,clean,150,pdf,1.9150583564278594,1.921070186537493,True,False,141,CONVERGENCE: RELATIVE REDUCTION OF F <= FACTR*EPSMCH,0
1.9,2.0,2000,2,clean,150,qlog,1.96,1.225360947659657,True,False,141,barrido q-log; q por deviance de bins,0
1.9,2.0,2000,2,clean,160,pdf,1.9117027314795751,1.8997868310935229,True,False,150,CONVERGENCE: RELATIVE REDUCTION OF F <= FACTR*EPSMCH,0
1.9,2.0,2000,2,clean,160,qlog,1.96,1.1396257537237688,True,False,150,barrido q-log; q por deviance de bins,0
1.9,2.0,2000,2,clean,170,pdf,1.9129272564808208,1.9095474037153075,True,False,159,CONVERGENCE: RELATIVE REDUCTION OF F <= FACTR*EPSMCH,0
1.9,2.0,2000,2,clean,170,qlog,1.96,1.1105167437205419,True,False,159,barrido q-log; q por deviance de bins,0
1.9,2.0,2000,2,clean,180,pdf,1.9144235183536826,1.9191543400040854,True,False,167,CONVERGENCE: RELATIVE REDUCTION OF F <= FACTR*EPSMCH,0
1.9,2.0,2000,2,clean,180,qlog,1.98,1.0997196818193096,True,False,167,barrido q-log; q por deviance de bins,0
1.9,2.0,2000,2,clean,190,pdf,1.9121391079805916,1.9034422039674725,True,False,174,CONVERGENCE: RELATIVE REDUCTION OF F <= FACTR*EPSMCH,0
1.9,2.0,2000,2,clean,190,qlog,1.98,1.0025762908022806,True,False,174,barrido q-log; q por deviance de bins,0
1.9,2.0,2000,2,clean,200,pdf,1.9129378544216094,1.9075884585287965,True,False,181,CONVERGENCE: RELATIVE REDUCTION OF F <= FACTR*EPSMCH,0
1.9,2.0,2000,2,clean,200,qlog,1.98,0.9981328275416976,True,False,181,barrido q-log; q por deviance de bins,0
1.9,2.0,2000,2,noisy,10,pdf,1.906812640756108,1.9229748476891666,True,False,10,CONVERGENCE: RELATIVE REDUCTION OF F <= FACTR*EPSMCH,0
1.9,2.0,2000,2,noisy,10,qlog,2.46,0.26544650670623104,True,False,10,barrido q-log; q por deviance de bins,0
1.9,2.0,2000,2,noisy,20,pdf,1.9028222398218952,1.833597722295385,True,False,20,CONVERGENCE: RELATIVE REDUCTION OF F <= FACTR*EPSMCH,0
1.9,2.0,2000,2,noisy,20,qlog,2.14,1.0520653122763741,True,False,20,barrido q-log; q por deviance de bins,0
1.9,2.0,2000,2,noisy,30,pdf,1.9063723508082364,1.8785317685690548,True,False,30,CONVERGENCE: RELATIVE REDUCTION OF F <= FACTR*EPSMCH,0
1.9,2.0,2000,2,noisy,30,qlog,2.0,1.2878344928131404,True,False,30,barrido q-log; q por deviance de bins,0
1.9,2.0,2000,2,noisy,40,pdf,1.9103205758935158,1.8663217644467192,True,False,40,CONVERGENCE: RELATIVE REDUCTION OF F <= FACTR*EPSMCH,0
1.9,2.0,2000,2,noisy,40,qlog,1.98,1.4498198591319218,True,False,40,barrido q-log; q por deviance de bins,0
1.9,2.0,2000,2,noisy,50,pdf,1.9090450343938188,1.8798147103938123,True,False,49,CONVERGENCE: RELATIVE REDUCTION OF F <= FACTR*EPSMCH,0
1.9,2.0,2000,2,noisy,50,qlog,1.94,1.4676835889945203,True,False,49,barrido q-log; q por deviance de bins,0
1.9,2.0,2000,2,noisy,60,pdf,1.9073257081620283,1.8684593627634989,True,False,60,CONVERGENCE: RELATIVE REDUCTION OF F <= FACTR*EPSMCH,0
1.9,2.0,2000,2,noisy,60,qlog,1.94,1.4621370255680601,True,False,60,barrido q-log; q por deviance de bins,0
1.9,2.0,2000,2,noisy,70,pdf,1.9113355575199833,1.9026934629030112,True,False,70,CONVERGENCE: RELATIVE REDUCTION OF F <= FACTR*EPSMCH,0
1.9,2.0,2000,2,noisy,70,qlog,1.94,1.5745205816959047,True,False,70,barrido q-log; q por deviance de bins,0
1.9,2.0,2000,2,noisy,80,pdf,1.9103164166491444,1.8753470796013603,True,False,78,CONVERGENCE: RELATIVE REDUCTION OF F <= FACTR*EPSMCH,0
1.9,2.0,2000,2,noisy,80,qlog,1.94,1.4743023590722646,True,False,78,barrido q-log; q por deviance de bins,0
1.9,2.0,2000,2,noisy,90,pdf,1.9128270876329485,1.9081227018384377,True,False,88,CONVERGENCE: RELATIVE REDUCTION OF F <= FACTR*EPSMCH,0
1.9,2.0,2000,2,noisy,90,qlog,1.94,1.4919761263202354,True,False,88,barrido q-log; q por deviance de bins,0
1.9,2.0,2000,2,noisy,100,pdf,1.9088008664057208,1.8769202396057139,True,False,97,CONVERGENCE: RELATIVE REDUCTION OF F <= FACTR*EPSMCH,0
1.9,2.0,2000,2,noisy,100,qlog,1.94,1.4195696504025483,True,False,97,barrido q-log; q por deviance de bins,0
1.9,2.0,2000,2,noisy,110,pdf,1.910956545991,1.8934005263298945,True,False,106,CONVERGENCE: RELATIVE REDUCTION OF F <= FACTR*EPSMCH,0
1.9,2.0,2000,2,noisy,110,qlog,1.96,1.4077499407717564,True,False,106,barrido q-log; q por deviance de bins,0
1.9,2.0,2000,2,noisy,120,pdf,1.9110608741904627,1.8889886115706278,True,False,115,CONVERGENCE: RELATIVE REDUCTION OF F <= FACTR*EPSMCH,0
1.9,2.0,2000,2,noisy,120,qlog,1.96,1.357717163879029,True,False,115,barrido q-log; q por deviance de bins,0
1.9,2.0,2000,2,noisy,130,pdf,1.9084030117889388,1.874797727764731,True,False,125,CONVERGENCE: RELATIVE REDUCTION OF F <= FACTR*EPSMCH,0
1.9,2.0,2000,2,noisy,130,qlog,1.96,1.431892891994509,True,False,125,barrido q-log; q por deviance de bins,0
1.9,2.0,2000,2,noisy,140,pdf,1.910835026380547,1.8902193462437518,True,False,132,CONVERGENCE: RELATIVE REDUCTION OF F <= FACTR*EPSMCH,0
1.9,2.0,2000,2,noisy,140,qlog,1.96,1.3123597946072654,True,False,132,barrido q-log; q por deviance de bins,0
1.9,2.0,2000,2,noisy,150,pdf,1.91223528416181,1.8991029368438321,True,False,139,CONVERGENCE: RELATIVE REDUCTION OF F <= FACTR*EPSMCH,0
1.9,2.0,2000,2,noisy,150,qlog,1.96,1.2420891134200858,True,False,139,barrido q-log; q por deviance de bins,0
1.9,2.0,2000,2,noisy,160,pdf,1.9095716356920887,1.878933299815311,True,False,148,CONVERGENCE: RELATIVE REDUCTION OF F <= FACTR*EPSMCH,0
1.9,2.0,2000,2,noisy,160,qlog,1.98,1.2859707231613897,True,False,148,barrido q-log; q por deviance de bins,0
1.9,2.0,2000,2,noisy,170,pdf,1.9109087548604256,1.8901906481655435,True,False,160,CONVERGENCE: RELATIVE REDUCTION OF F <= FACTR*EPSMCH,0
1.9,2.0,2000,2,noisy,170,qlog,1.96,1.2407389918314111,True,False,160,barrido q-log; q por deviance de bins,0
1.9,2.0,2000,2,noisy,180,pdf,1.9116881212529475,1.8913286719509017,True,False,167,CONVERGENCE: RELATIVE REDUCTION OF F <= FACTR*EPSMCH,0
1.9,2.0,2000,2,noisy,180,qlog,1.98,1.175657238406503,True,False,167,barrido q-log; q por deviance de bins,0
1.9,2.0,2000,2,noisy,190,pdf,1.9103371781525535,1.8874634888051849,True,False,174,CONVERGENCE: RELATIVE REDUCTION OF F <= FACTR*EPSMCH,0
1.9,2.0,2000,2,noisy,190,qlog,1.98,1.1126494946431742,True,False,174,barrido q-log; q por deviance de bins,0
1.9,2.0,2000,2,noisy,200,pdf,1.9103840153852287,1.88586342072931,True,False,183,CONVERGENCE: RELATIVE REDUCTION OF F <= FACTR*EPSMCH,0
1.9,2.0,2000,2,noisy,200,qlog,1.98,1.0928034210626658,True,False,183,barrido q-log; q por deviance de bins,0
1.9,2.0,2000,3,clean,10,pdf,1.8913017523739994,1.7528511295182492,True,False,10,CONVERGENCE: RELATIVE REDUCTION OF F <= FACTR*EPSMCH,0
1.9,2.0,2000,3,clean,10,qlog,2.3,0.8745881599023764,True,False,10,barrido q-log; q por deviance de bins,0
1.9,2.0,2000,3,clean,20,pdf,1.9008992930406965,1.8344111291139746,True,False,20,CONVERGENCE: RELATIVE REDUCTION OF F <= FACTR*EPSMCH,0
1.9,2.0,2000,3,clean,20,qlog,2.0,1.2983813812862097,True,False,20,barrido q-log; q por deviance de bins,0
1.9,2.0,2000,3,clean,30,pdf,1.9011283127881053,1.8342853187527375,True,False,30,CONVERGENCE: RELATIVE REDUCTION OF F <= FACTR*EPSMCH,0
1.9,2.0,2000,3,clean,30,qlog,1.94,1.42666642413965,True,False,30,barrido q-log; q por deviance de bins,0
1.9,2.0,2000,3,clean,40,pdf,1.8979494282488047,1.8131518102823359,True,False,40,CONVERGENCE: NORM OF PROJECTED GRADIENT <= PGTOL,0
1.9,2.0,2000,3,clean,40,qlog,1.92,1.4715139353782234,True,False,40,barrido q-log; q por deviance de bins,0
1.9,2.0,2000,3,clean,50,pdf,1.8940785931457764,1.785841900144722,True,False,50,CONVERGENCE: RELATIVE REDUCTION OF F <= FACTR*EPSMCH,0
1.9,2.0,2000,3,clean,50,qlog,1.9,1.450590503517333,True,False,50,barrido q-log; q por deviance de bins,0
1.9,2.0,2000,3,clean,60,pdf,1.9008203431608943,1.828311405794508,True,False,60,CONVERGENCE: RELATIVE REDUCTION OF F <= FACTR*EPSMCH,0
1.9,2.0,2000,3,clean,60,qlog,1.9,1.3637685765025342,True,False,60,barrido q-log; q por deviance de bins,0
1.9,2.0,2000,3,clean,70,pdf,1.8997934226743711,1.8337200894640955,True,False,70,CONVERGENCE: RELATIVE REDUCTION OF F <= FACTR*EPSMCH,0
1.9,2.0,2000,3,clean,70,qlog,1.9,1.3772794617637267,True,False,70,barrido q-log; q por deviance de bins,0
1.9,2.0,2000,3,clean,80,pdf,1.8971091303834577,1.8096879815743738,True,False,80,CONVERGENCE: RELATIVE REDUCTION OF F <= FACTR*EPSMCH,0
1.9,2.0,2000,3,clean,80,qlog,1.9,1.397428597903805,True,False,80,barrido q-log; q por deviance de bins,0
1.9,2.0,2000,3,clean,90,pdf,1.8979194832677098,1.8225458097633687,True,False,90,CONVERGENCE: RELATIVE REDUCTION OF F <= FACTR*EPSMCH,0
1.9,2.0,2000,3,clean,90,qlog,1.9,1.2628407670224095,True,False,90,barrido q-log; q por deviance de bins,0
1.9,2.0,2000,3,clean,100,pdf,1.8969900692555115,1.8078479481944731,True,False,99,CONVERGENCE: RELATIVE REDUCTION OF F <= FACTR*EPSMCH,0
1.9,2.0,2000,3,clean,100,qlog,1.9,1.3606049985074098,True,False,99,barrido q-log; q por deviance de bins,0
1.9,2.0,2000,3,clean,110,pdf,1.8991756899775136,1.8232028909253881,True,False,108,CONVERGENCE: RELATIVE REDUCTION OF F <= FACTR*EPSMCH,0
1.9,2.0,2000,3,clean,110,qlog,1.88,1.1797554246367978,True,False,108,barrido q-log; q por deviance de bins,0
1.9,2.0,2000,3,clean,120,pdf,1.8986197405140328,1.8176523131064983,True,False,118,CONVERGENCE: RELATIVE REDUCTION OF F <= FACTR*EPSMCH,0
1.9,2.0,2000,3,clean,120,qlog,1.9,1.1916566467036172,True,False,118,barrido q-log; q por deviance de bins,0
1.9,2.0,2000,3,clean,130,pdf,1.8963897553893108,1.8026896133629897,True,False,128,CONVERGENCE: RELATIVE REDUCTION OF F <= FACTR*EPSMCH,0
1.9,2.0,2000,3,clean,130,qlog,1.88,1.141708212426557,True,False,128,barrido q-log; q por deviance de bins,0
1.9,2.0,2000,3,clean,140,pdf,1.8973208816429972,1.8142699848682247,True,False,136,CONVERGENCE: RELATIVE REDUCTION OF F <= FACTR*EPSMCH,0
1.9,2.0,2000,3,clean,140,qlog,1.88,1.1211175708269892,True,False,136,barrido q-log; q por deviance de bins,0
1.9,2.0,2000,3,clean,150,pdf,1.8966583140919506,1.808035385033155,True,False,146,CONVERGENCE: RELATIVE REDUCTION OF F <= FACTR*EPSMCH,0
1.9,2.0,2000,3,clean,150,qlog,1.88,1.1133051088899675,True,False,146,barrido q-log; q por deviance de bins,0
1.9,2.0,2000,3,clean,160,pdf,1.8979053573534077,1.8159780013063394,True,False,153,CONVERGENCE: RELATIVE REDUCTION OF F <= FACTR*EPSMCH,0
1.9,2.0,2000,3,clean,160,qlog,1.88,1.0033854701661988,True,False,153,barrido q-log; q por deviance de bins,0
1.9,2.0,2000,3,clean,170,pdf,1.8973450636576266,1.8117114696108272,True,False,163,CONVERGENCE: RELATIVE REDUCTION OF F <= FACTR*EPSMCH,0
1.9,2.0,2000,3,clean,170,qlog,1.88,0.9890994456269513,True,False,163,barrido q-log; q por deviance de bins,0
1.9,2.0,2000,3,clean,180,pdf,1.8967867234116986,1.8096949874396422,True,False,170,CONVERGENCE: RELATIVE REDUCTION OF F <= FACTR*EPSMCH,0
1.9,2.0,2000,3,clean,180,qlog,1.88,0.9651381855199616,True,False,170,barrido q-log; q por deviance de bins,0
1.9,2.0,2000,3,clean,190,pdf,1.8955096169336587,1.8008183649236824,True,False,176,CONVERGENCE: RELATIVE REDUCTION OF F <= FACTR*EPSMCH,0
1.9,2.0,2000,3,clean,190,qlog,1.88,0.9424324260876437,True,False,176,barrido q-log; q por deviance de bins,0
1.9,2.0,2000,3,clean,200,pdf,1.8958607957698206,1.8026426444279358,True,False,191,CONVERGENCE: RELATIVE REDUCTION OF F <= FACTR*EPSMCH,0
1.9,2.0,2000,3,clean,200,qlog,1.88,1.0026796797133424,True,False,191,barrido q-log; q por deviance de bins,0
1.9,2.0,2000,3,noisy,10,pdf,1.8883562123964603,1.711399838354543,True,False,10,CONVERGENCE: RELATIVE REDUCTION OF F <= FACTR*EPSMCH,0
1.9,2.0,2000,3,noisy,10,qlog,2.3,0.8663539016213689,True,False,10,barrido q-log; q por deviance de bins,0
1.9,2.0,2000,3,noisy,20,pdf,1.8939865639111706,1.7650399819912181,True,False,20,CONVERGENCE: RELATIVE REDUCTION OF F <= FACTR*EPSMCH,0
1.9,2.0,2000,3,noisy,20,qlog,2.0,1.2481791687090866,True,False,20,barrido q-log; q por deviance de bins,0
1.9,2.0,2000,3,noisy,30,pdf,1.901269037759313,1.8227787528948283,True,False,30,CONVERGENCE: NORM OF PROJECTED GRADIENT <= PGTOL,0
1.9,2.0,2000,3,noisy,30,qlog,1.92,1.3256834125866173,True,False,30,barrido q-log; q por deviance de bins,0
1.9,2.0,2000,3,noisy,40,pdf,1.8941932554008747,1.7678149072276594,True,False,40,CONVERGENCE: RELATIVE REDUCTION OF F <= FACTR*EPSMCH,0
1.9,2.0,2000,3,noisy,40,qlog,1.9,1.3340122290737602,True,False,40,barrido q-log; q por deviance de bins,0
1.9,2.0,2000,3,noisy,50,pdf,1.894317873789186,1.7755919248198855,True,False,50,CONVERGENCE: RELATIVE REDUCTION OF F <= FACTR*EPSMCH,0
1.9,2.0,2000,3,noisy,50,qlog,1.9,1.3999401795333903,True,False,50,barrido q-log; q por deviance de bins,0
1.9,2.0,2000,3,noisy,60,pdf,1.8990324681640984,1.8074192083647205,True,False,60,CONVERGENCE: RELATIVE REDUCTION OF F <= FACTR*EPSMCH,0
1.9,2.0,2000,3,noisy,60,qlog,1.9,1.4055656150375768,True,False,60,barrido q-log; q por deviance de bins,0
1.9,2.0,2000,3,noisy,70,pdf,1.8965445787416626,1.799440521068027,True,False,70,CONVERGENCE: RELATIVE REDUCTION OF F <= FACTR*EPSMCH,0
1.9,2.0,2000,3,noisy,70,qlog,1.9,1.3695768377284712,True,False,70,barrido q-log; q por deviance de bins,0
1.9,2.0,2000,3,noisy,80,pdf,1.896408357257261,1.793441795045873,True,False,80,CONVERGENCE: RELATIVE REDUCTION OF F <= FACTR*EPSMCH,0
1.9,2.0,2000,3,noisy,80,qlog,1.9,1.32252597291751,True,False,80,barrido q-log; q por deviance de bins,0
1.9,2.0,2000,3,noisy,90,pdf,1.8956452168027058,1.7938579806613153,True,False,90,CONVERGENCE: RELATIVE REDUCTION OF F <= FACTR*EPSMCH,0
1.9,2.0,2000,3,noisy,90,qlog,1.9,1.3072578216950868,True,False,90,barrido q-log; q por deviance de bins,0
1.9,2.0,2000,3,noisy,100,pdf,1.8953570166953513,1.786294862859575,True,False,98,CONVERGENCE: RELATIVE REDUCTION OF F <= FACTR*EPSMCH,0
1.9,2.0,2000,3,noisy,100,qlog,1.88,1.1981020621778844,True,False,98,barrido q-log; q por deviance de bins,0
1.9,2.0,2000,3,noisy,110,pdf,1.8955475388960157,1.7875481124703079,True,False,107,CONVERGENCE: RELATIVE REDUCTION OF F <= FACTR*EPSMCH,0
1.9,2.0,2000,3,noisy,110,qlog,1.88,1.1507755538776114,True,False,107,barrido q-log; q por deviance de bins,0
1.9,2.0,2000,3,noisy,120,pdf,1.8969844291820863,1.7989391423118302,True,False,118,CONVERGENCE: RELATIVE REDUCTION OF F <= FACTR*EPSMCH,0
1.9,2.0,2000,3,noisy,120,qlog,1.9,1.216108233955704,True,False,118,barrido q-log; q por deviance de bins,0
1.9,2.0,2000,3,noisy,130,pdf,1.8956357733125768,1.7914661274106527,True,False,127,CONVERGENCE: RELATIVE REDUCTION OF F <= FACTR*EPSMCH,0
1.9,2.0,2000,3,noisy,130,qlog,1.88,1.1349315850945487,True,False,127,barrido q-log; q por deviance de bins,0
1.9,2.0,2000,3,noisy,140,pdf,1.8944699775279965,1.784613377043089,True,False,136,CONVERGENCE: RELATIVE REDUCTION OF F <= FACTR*EPSMCH,0
1.9,2.0,2000,3,noisy,140,qlog,1.88,1.0814677095251393,True,False,136,barrido q-log; q por deviance de bins,0
1.9,2.0,2000,3,noisy,150,pdf,1.896498057490026,1.7953956070174697,True,False,146,CONVERGENCE: RELATIVE REDUCTION OF F <= FACTR*EPSMCH,0
1.9,2.0,2000,3,noisy,150,qlog,1.88,1.0484026585727457,True,False,146,barrido q-log; q por deviance de bins,0
1.9,2.0,2000,3,noisy,160,pdf,1.896342899202329,1.7955981380129828,True,False,152,CONVERGENCE: RELATIVE REDUCTION OF F <= FACTR*EPSMCH,0
1.9,2.0,2000,3,noisy,160,qlog,1.88,0.9583015561982039,True,False,152,barrido q-log; q por deviance de bins,0
1.9,2.0,2000,3,noisy,170,pdf,1.8961306771125217,1.7964068758975922,True,False,164,CONVERGENCE: RELATIVE REDUCTION OF F <= FACTR*EPSMCH,0
1.9,2.0,2000,3,noisy,170,qlog,1.88,1.0507274250075453,True,False,164,barrido q-log; q por deviance de bins,0
1.9,2.0,2000,3,noisy,180,pdf,1.895151565535191,1.7906216008637146,True,False,170,CONVERGENCE: RELATIVE REDUCTION OF F <= FACTR*EPSMCH,0
1.9,2.0,2000,3,noisy,180,qlog,1.88,0.9400128547548334,True,False,170,barrido q-log; q por deviance de bins,0
1.9,2.0,2000,3,noisy,190,pdf,1.8945857903996166,1.7852599370320517,True,False,181,CONVERGENCE: RELATIVE REDUCTION OF F <= FACTR*EPSMCH,0
1.9,2.0,2000,3,noisy,190,qlog,1.88,0.9407585764344873,True,False,181,barrido q-log; q por deviance de bins,0
1.9,2.0,2000,3,noisy,200,pdf,1.8950997714261588,1.7881826555595832,True,False,190,CONVERGENCE: RELATIVE REDUCTION OF F <= FACTR*EPSMCH,0
1.9,2.0,2000,3,noisy,200,qlog,1.88,0.9855045603529275,True,False,190,barrido q-log; q por deviance de bins,0
1.9,2.0,2000,4,clean,10,pdf,1.8872841359336638,1.8817626980238245,True,False,10,CONVERGENCE: NORM OF PROJECTED GRADIENT <= PGTOL,0
1.9,2.0,2000,4,clean,10,qlog,2.42,0.28973089523397716,True,False,10,barrido q-log; q por deviance de bins,0
1.9,2.0,2000,4,clean,20,pdf,1.8923736938402562,1.9233645300030606,True,False,20,CONVERGENCE: RELATIVE REDUCTION OF F <= FACTR*EPSMCH,0
1.9,2.0,2000,4,clean,20,qlog,2.1,1.0808971514027566,True,False,20,barrido q-log; q por deviance de bins,0
1.9,2.0,2000,4,clean,30,pdf,1.9116678799411455,2.063112725851299,True,False,30,CONVERGENCE: NORM OF PROJECTED GRADIENT <= PGTOL,0
1.9,2.0,2000,4,clean,30,qlog,1.98,1.3968538550221632,True,False,30,barrido q-log; q por deviance de bins,0
1.9,2.0,2000,4,clean,40,pdf,1.906730485088867,2.0401899479501755,True,False,40,CONVERGENCE: RELATIVE REDUCTION OF F <= FACTR*EPSMCH,0
1.9,2.0,2000,4,clean,40,qlog,1.94,1.4733712422161103,True,False,40,barrido q-log; q por deviance de bins,0
1.9,2.0,2000,4,clean,50,pdf,1.9182457259274064,2.1035015239127652,True,False,49,CONVERGENCE: RELATIVE REDUCTION OF F <= FACTR*EPSMCH,0
1.9,2.0,2000,4,clean,50,qlog,1.96,1.654318920063239,True,False,49,barrido q-log; q por deviance de bins,0
1.9,2.0,2000,4,clean,60,pdf,1.9201599794355726,2.11991927830329,True,False,59,CONVERGENCE: RELATIVE REDUCTION OF F <= FACTR*EPSMCH,0
1.9,2.0,2000,4,clean,60,qlog,1.96,1.575133949791646,True,False,59,barrido q-log; q por deviance de bins,0
1.9,2.0,2000,4,clean,70,pdf,1.9144074693868929,2.0695730734505777,True,False,68,CONVERGENCE: RELATIVE REDUCTION OF F <= FACTR*EPSMCH,0
1.9,2.0,2000,4,clean,70,qlog,1.96,1.4954903202533403,True,False,68,barrido q-log; q por deviance de bins,0
1.9,2.0,2000,4,clean,80,pdf,1.914729339833805,2.0807857506450502,True,False,78,CONVERGENCE: RELATIVE REDUCTION OF F <= FACTR*EPSMCH,0
1.9,2.0,2000,4,clean,80,qlog,1.96,1.4293263001173044,True,False,78,barrido q-log; q por deviance de bins,0
1.9,2.0,2000,4,clean,90,pdf,1.9163056800795881,2.087092710222749,True,False,87,CONVERGENCE: RELATIVE REDUCTION OF F <= FACTR*EPSMCH,0
1.9,2.0,2000,4,clean,90,qlog,1.98,1.539733043263649,True,False,87,barrido q-log; q por deviance de bins,0
1.9,2.0,2000,4,clean,100,pdf,1.9201757997513564,2.117162462308079,True,False,96,CONVERGENCE: RELATIVE REDUCTION OF F <= FACTR*EPSMCH,0
1.9,2.0,2000,4,clean,100,qlog,1.98,1.3726211321723816,True,False,96,barrido q-log; q por deviance de bins,0
1.9,2.0,2000,4,clean,110,pdf,1.9144187305565468,2.0756197709683466,True,False,105,CONVERGENCE: RELATIVE REDUCTION OF F <= FACTR*EPSMCH,0
1.9,2.0,2000,4,clean,110,qlog,2.0,1.4386916614349654,True,False,105,barrido q-log; q por deviance de bins,0
1.9,2.0,2000,4,clean,120,pdf,1.921002852129094,2.123045534099726,True,False,114,CONVERGENCE: RELATIVE REDUCTION OF F <= FACTR*EPSMCH,0
1.9,2.0,2000,4,clean,120,qlog,2.0,1.3224645308405287,True,False,114,barrido q-log; q por deviance de bins,0
1.9,2.0,2000,4,clean,130,pdf,1.9196497207823866,2.1103401463021907,True,False,122,CONVERGENCE: RELATIVE REDUCTION OF F <= FACTR*EPSMCH,0
1.9,2.0,2000,4,clean,130,qlog,2.0,1.2778738094217963,True,False,122,barrido q-log; q por deviance de bins,0
1.9,2.0,2000,4,clean,140,pdf,1.91378662368727,2.0685289921292354,True,False,129,CONVERGENCE: RELATIVE REDUCTION OF F <= FACTR*EPSMCH,0
1.9,2.0,2000,4,clean,140,qlog,2.0,1.066319393070657,True,False,129,barrido q-log; q por deviance de bins,0
1.9,2.0,2000,4,clean,150,pdf,1.9200016178929233,2.115073358901618,True,False,138,CONVERGENCE: RELATIVE REDUCTION OF F <= FACTR*EPSMCH,0
1.9,2.0,2000,4,clean,150,qlog,2.02,1.1687173434889426,True,False,138,barrido q-log; q por deviance de bins,0
1.9,2.0,2000,4,clean,160,pdf,1.9169328533474272,2.0900005824479453,True,False,146,CONVERGENCE: RELATIVE REDUCTION OF F <= FACTR*EPSMCH,0
1.9,2.0,2000,4,clean,160,qlog,2.02,1.0906389124158007,True,False,146,barrido q-log; q por deviance de bins,0
1.9,2.0,2000,4,clean,170,pdf,1.9175646024837052,2.1032869747219323,True,False,157,CONVERGENCE: RELATIVE REDUCTION OF F <= FACTR*EPSMCH,0
1.9,2.0,2000,4,clean,170,qlog,1.98,1.199130477736822,True,False,157,barrido q-log; q por deviance de bins,0
1.9,2.0,2000,4,clean,180,pdf,1.9175532808461102,2.095945160669809,True,False,162,CONVERGENCE: RELATIVE REDUCTION OF F <= FACTR*EPSMCH,0
1.9,2.0,2000,4,clean,180,qlog,1.98,1.0924940439975244,True,False,162,barrido q-log; q por deviance de bins,0
1.9,2.0,2000,4,clean,190,pdf,1.9188730329662982,2.102829201503126,True,False,172,CONVERGENCE: RELATIVE REDUCTION OF F <= FACTR*EPSMCH,0
1.9,2.0,2000,4,clean,190,qlog,1.98,1.0157502800304792,True,False,172,barrido q-log; q por deviance de bins,0
1.9,2.0,2000,4,clean,200,pdf,1.9178298689586795,2.102057871300125,True,False,182,CONVERGENCE: RELATIVE REDUCTION OF F <= FACTR*EPSMCH,0
1.9,2.0,2000,4,clean,200,qlog,2.0,1.0943811684004265,True,False,182,barrido q-log; q por deviance de bins,0
1.9,2.0,2000,4,noisy,10,pdf,1.888731937405332,1.898796832898024,True,False,10,CONVERGENCE: RELATIVE REDUCTION OF F <= FACTR*EPSMCH,0
1.9,2.0,2000,4,noisy,10,qlog,2.42,0.293053777838969,True,False,10,barrido q-log; q por deviance de bins,0
1.9,2.0,2000,4,noisy,20,pdf,1.8919144348784274,1.921146342624082,True,False,20,CONVERGENCE: RELATIVE REDUCTION OF F <= FACTR*EPSMCH,0
1.9,2.0,2000,4,noisy,20,qlog,2.12,1.1727671060513791,True,False,20,barrido q-log; q por deviance de bins,0
1.9,2.0,2000,4,noisy,30,pdf,1.9106451914990714,2.070057655518874,True,False,30,CONVERGENCE: RELATIVE REDUCTION OF F <= FACTR*EPSMCH,0
1.9,2.0,2000,4,noisy,30,qlog,1.98,1.4090442959553133,True,False,30,barrido q-log; q por deviance de bins,0
1.9,2.0,2000,4,noisy,40,pdf,1.904042083765647,2.013528474935528,True,False,40,CONVERGENCE: RELATIVE REDUCTION OF F <= FACTR*EPSMCH,0
1.9,2.0,2000,4,noisy,40,qlog,1.94,1.4837514328516328,True,False,40,barrido q-log; q por deviance de bins,0
1.9,2.0,2000,4,noisy,50,pdf,1.9169617212949757,2.0960629113630374,True,False,49,CONVERGENCE: RELATIVE REDUCTION OF F <= FACTR*EPSMCH,0
1.9,2.0,2000,4,noisy,50,qlog,1.96,1.7227438848875063,True,False,49,barrido q-log; q por deviance de bins,0
1.9,2.0,2000,4,noisy,60,pdf,1.9179125745569405,2.0987324542897903,True,False,59,CONVERGENCE: RELATIVE REDUCTION OF F <= FACTR*EPSMCH,0
1.9,2.0,2000,4,noisy,60,qlog,1.96,1.679795846495918,True,False,59,barrido q-log; q por deviance de bins,0
1.9,2.0,2000,4,noisy,70,pdf,1.9148775808843648,2.0806562871977925,True,False,68,CONVERGENCE: RELATIVE REDUCTION OF F <= FACTR*EPSMCH,0
1.9,2.0,2000,4,noisy,70,qlog,1.96,1.6008739570014618,True,False,68,barrido q-log; q por deviance de bins,0
1.9,2.0,2000,4,noisy,80,pdf,1.9122316435017597,2.0618689276813167,True,False,78,CONVERGENCE: RELATIVE REDUCTION OF F <= FACTR*EPSMCH,0
1.9,2.0,2000,4,noisy,80,qlog,1.96,1.5029909700119362,True,False,78,barrido q-log; q por deviance de bins,0
1.9,2.0,2000,4,noisy,90,pdf,1.912605654549869,2.0642252890290984,True,False,87,CONVERGENCE: RELATIVE REDUCTION OF F <= FACTR*EPSMCH,0
1.9,2.0,2000,4,noisy,90,qlog,1.98,1.5787330529703805,True,False,87,barrido q-log; q por deviance de bins,0
1.9,2.0,2000,4,noisy,100,pdf,1.9189562218170075,2.109346762028088,True,False,96,CONVERGENCE: RELATIVE REDUCTION OF F <= FACTR*EPSMCH,0
1.9,2.0,2000,4,noisy,100,qlog,1.98,1.525292042560629,True,False,96,barrido q-log; q por deviance de bins,0
1.9,2.0,2000,4,noisy,110,pdf,1.9154495962748799,2.08976026923189,True,False,104,CONVERGENCE: RELATIVE REDUCTION OF F <= FACTR*EPSMCH,0
1.9,2.0,2000,4,noisy,110,qlog,2.0,1.603087365659227,True,False,104,barrido q-log; q por deviance de bins,0
1.9,2.0,2000,4,noisy,120,pdf,1.9191759601115095,2.1075118401585478,True,False,115,CONVERGENCE: RELATIVE REDUCTION OF F <= FACTR*EPSMCH,0
1.9,2.0,2000,4,noisy,120,qlog,2.0,1.4464319514778445,True,False,115,barrido q-log; q por deviance de bins,0
1.9,2.0,2000,4,noisy,130,pdf,1.9181274371769992,2.09981065529619,True,False,121,CONVERGENCE: RELATIVE REDUCTION OF F <= FACTR*EPSMCH,0
1.9,2.0,2000,4,noisy,130,qlog,2.0,1.3049729807917407,True,False,121,barrido q-log; q por deviance de bins,0
1.9,2.0,2000,4,noisy,140,pdf,1.9143317148529395,2.0756115967612283,True,False,132,CONVERGENCE: RELATIVE REDUCTION OF F <= FACTR*EPSMCH,0
1.9,2.0,2000,4,noisy,140,qlog,2.02,1.3565912494407952,True,False,132,barrido q-log; q por deviance de bins,0
1.9,2.0,2000,4,noisy,150,pdf,1.9181488135781042,2.096593214213673,True,False,141,CONVERGENCE: RELATIVE REDUCTION OF F <= FACTR*EPSMCH,0
1.9,2.0,2000,4,noisy,150,qlog,2.02,1.3314386301048724,True,False,141,barrido q-log; q por deviance de bins,0
1.9,2.0,2000,4,noisy,160,pdf,1.9161002973862051,2.089651239647497,True,False,145,CONVERGENCE: RELATIVE REDUCTION OF F <= FACTR*EPSMCH,0
1.9,2.0,2000,4,noisy,160,qlog,2.04,1.3136113849587914,True,False,145,barrido q-log; q por deviance de bins,0
1.9,2.0,2000,4,noisy,170,pdf,1.916393888600786,2.093055335231707,True,False,157,CONVERGENCE: RELATIVE REDUCTION OF F <= FACTR*EPSMCH,0
1.9,2.0,2000,4,noisy,170,qlog,1.98,1.3673067247516846,True,False,157,barrido q-log; q por deviance de bins,0
1.9,2.0,2000,4,noisy,180,pdf,1.9154866449324064,2.080542823199697,True,False,162,CONVERGENCE: RELATIVE REDUCTION OF F <= FACTR*EPSMCH,0
1.9,2.0,2000,4,noisy,180,qlog,2.0,1.2736563280179876,True,False,162,barrido q-log; q por deviance de bins,0
1.9,2.0,2000,4,noisy,190,pdf,1.9175697936216705,2.093749135066322,True,False,172,CONVERGENCE: RELATIVE REDUCTION OF F <= FACTR*EPSMCH,0
1.9,2.0,2000,4,noisy,190,qlog,2.0,1.2831040148104884,True,False,172,barrido q-log; q por deviance de bins,0
1.9,2.0,2000,4,noisy,200,pdf,1.9170423509883945,2.098030955332802,True,False,179,CONVERGENCE: RELATIVE REDUCTION OF F <= FACTR*EPSMCH,0
1.9,2.0,2000,4,noisy,200,qlog,2.0,1.2549533266708754,True,False,179,barrido q-log; q por deviance de bins,0
1.9,2.0,2000,5,clean,10,pdf,1.8871906945427,1.8430797675444102,True,False,10,CONVERGENCE: RELATIVE REDUCTION OF F <= FACTR*EPSMCH,0
1.9,2.0,2000,5,clean,10,qlog,2.3600000000000003,0.4645067504792817,True,False,10,barrido q-log; q por deviance de bins,0
1.9,2.0,2000,5,clean,20,pdf,1.9130011497323778,2.0543370789694375,True,False,20,CONVERGENCE: NORM OF PROJECTED GRADIENT <= PGTOL,0
1.9,2.0,2000,5,clean,20,qlog,2.06,1.2594303478285207,True,False,20,barrido q-log; q por deviance de bins,0
1.9,2.0,2000,5,clean,30,pdf,1.9183208879497788,2.0790680750021187,True,False,30,CONVERGENCE: RELATIVE REDUCTION OF F <= FACTR*EPSMCH,0
1.9,2.0,2000,5,clean,30,qlog,1.98,1.5749274119340602,True,False,30,barrido q-log; q por deviance de bins,0
1.9,2.0,2000,5,clean,40,pdf,1.9182113908420764,2.068259636090597,True,False,40,CONVERGENCE: RELATIVE REDUCTION OF F <= FACTR*EPSMCH,0
1.9,2.0,2000,5,clean,40,qlog,1.94,1.6120108892398994,True,False,40,barrido q-log; q por deviance de bins,0
1.9,2.0,2000,5,clean,50,pdf,1.9188333823923511,2.0809465222939307,True,False,50,CONVERGENCE: RELATIVE REDUCTION OF F <= FACTR*EPSMCH,0
1.9,2.0,2000,5,clean,50,qlog,1.94,1.643994856685864,True,False,50,barrido q-log; q por deviance de bins,0
1.9,2.0,2000,5,clean,60,pdf,1.9187428823990613,2.07403254380972,True,False,60,CONVERGENCE: RELATIVE REDUCTION OF F <= FACTR*EPSMCH,0
1.9,2.0,2000,5,clean,60,qlog,1.92,1.587824826737832,True,False,60,barrido q-log; q por deviance de bins,0
1.9,2.0,2000,5,clean,70,pdf,1.9110737809064235,2.025505088993199,True,False,70,CONVERGENCE: NORM OF PROJECTED GRADIENT <= PGTOL,0
1.9,2.0,2000,5,clean,70,qlog,1.92,1.5377085469468776,True,False,70,barrido q-log; q por deviance de bins,0
1.9,2.0,2000,5,clean,80,pdf,1.9112111885208565,2.016419233769975,True,False,79,CONVERGENCE: RELATIVE REDUCTION OF F <= FACTR*EPSMCH,0
1.9,2.0,2000,5,clean,80,qlog,1.92,1.3882611317620235,True,False,79,barrido q-log; q por deviance de bins,0
1.9,2.0,2000,5,clean,90,pdf,1.9137118054751572,2.0492278230191157,True,False,88,CONVERGENCE: RELATIVE REDUCTION OF F <= FACTR*EPSMCH,0
1.9,2.0,2000,5,clean,90,qlog,1.92,1.4936228882019205,True,False,88,barrido q-log; q por deviance de bins,0
1.9,2.0,2000,5,clean,100,pdf,1.9181794591198302,2.0767790140584528,True,False,98,CONVERGENCE: RELATIVE REDUCTION OF F <= FACTR*EPSMCH,0
1.9,2.0,2000,5,clean,100,qlog,1.92,1.419383021253802,True,False,98,barrido q-log; q por deviance de bins,0
1.9,2.0,2000,5,clean,110,pdf,1.9162573775677232,2.056369209191714,True,False,108,CONVERGENCE: RELATIVE REDUCTION OF F <= FACTR*EPSMCH,0
1.9,2.0,2000,5,clean,110,qlog,1.92,1.3617117105112861,True,False,108,barrido q-log; q por deviance de bins,0
1.9,2.0,2000,5,clean,120,pdf,1.914432398768502,2.038958923053213,True,False,115,CONVERGENCE: RELATIVE REDUCTION OF F <= FACTR*EPSMCH,0
1.9,2.0,2000,5,clean,120,qlog,1.92,1.3355433761627968,True,False,115,barrido q-log; q por deviance de bins,0
1.9,2.0,2000,5,clean,130,pdf,1.9162249502031494,2.0536481521693224,True,False,126,CONVERGENCE: RELATIVE REDUCTION OF F <= FACTR*EPSMCH,0
1.9,2.0,2000,5,clean,130,qlog,1.9,1.1954574504048774,True,False,126,barrido q-log; q por deviance de bins,0
1.9,2.0,2000,5,clean,140,pdf,1.916405926682773,2.058444907821675,True,False,134,CONVERGENCE: RELATIVE REDUCTION OF F <= FACTR*EPSMCH,0
1.9,2.0,2000,5,clean,140,qlog,1.92,1.2438249482801258,True,False,134,barrido q-log; q por deviance de bins,0
1.9,2.0,2000,5,clean,150,pdf,1.9169440421021409,2.062689923056126,True,False,143,CONVERGENCE: RELATIVE REDUCTION OF F <= FACTR*EPSMCH,0
1.9,2.0,2000,5,clean,150,qlog,1.92,1.2544691924620908,True,False,143,barrido q-log; q por deviance de bins,0
1.9,2.0,2000,5,clean,160,pdf,1.9151844915306346,2.0458234231991783,True,False,151,CONVERGENCE: RELATIVE REDUCTION OF F <= FACTR*EPSMCH,0
1.9,2.0,2000,5,clean,160,qlog,1.92,1.079713940807888,True,False,151,barrido q-log; q por deviance de bins,0
1.9,2.0,2000,5,clean,170,pdf,1.915674307509297,2.0486101622272668,True,False,159,CONVERGENCE: RELATIVE REDUCTION OF F <= FACTR*EPSMCH,0
1.9,2.0,2000,5,clean,170,qlog,1.94,1.2390401393704942,True,False,159,barrido q-log; q por deviance de bins,0
1.9,2.0,2000,5,clean,180,pdf,1.9172030600605663,2.0628130251710015,True,False,167,CONVERGENCE: RELATIVE REDUCTION OF F <= FACTR*EPSMCH,0
1.9,2.0,2000,5,clean,180,qlog,1.92,1.045753257427612,True,False,167,barrido q-log; q por deviance de bins,0
1.9,2.0,2000,5,clean,190,pdf,1.9175616143357803,2.0601712793746647,True,False,176,CONVERGENCE: RELATIVE REDUCTION OF F <= FACTR*EPSMCH,0
1.9,2.0,2000,5,clean,190,qlog,1.92,1.1497956374209612,True,False,176,barrido q-log; q por deviance de bins,0
1.9,2.0,2000,5,clean,200,pdf,1.917732626204667,2.0637733573163493,True,False,182,CONVERGENCE: RELATIVE REDUCTION OF F <= FACTR*EPSMCH,0
1.9,2.0,2000,5,clean,200,qlog,1.92,1.045385900299562,True,False,182,barrido q-log; q por deviance de bins,0
1.9,2.0,2000,5,noisy,10,pdf,1.8803654759327426,1.7744709139945476,True,False,10,CONVERGENCE: RELATIVE REDUCTION OF F <= FACTR*EPSMCH,0
1.9,2.0,2000,5,noisy,10,qlog,2.3600000000000003,0.4585636062667019,True,False,10,barrido q-log; q por deviance de bins,0
1.9,2.0,2000,5,noisy,20,pdf,1.9085281036048192,1.9968032491358034,True,False,20,CONVERGENCE: NORM OF PROJECTED GRADIENT <= PGTOL,0
1.9,2.0,2000,5,noisy,20,qlog,2.06,1.2423573258201535,True,False,20,barrido q-log; q por deviance de bins,0
1.9,2.0,2000,5,noisy,30,pdf,1.9129388069772408,2.0020990409470416,True,False,30,CONVERGENCE: RELATIVE REDUCTION OF F <= FACTR*EPSMCH,0
1.9,2.0,2000,5,noisy,30,qlog,1.96,1.4283206732503086,True,False,30,barrido q-log; q por deviance de bins,0
1.9,2.0,2000,5,noisy,40,pdf,1.9122395388993931,2.0005464199600027,True,False,40,CONVERGENCE: RELATIVE REDUCTION OF F <= FACTR*EPSMCH,0
1.9,2.0,2000,5,noisy,40,qlog,1.94,1.575702541532487,True,False,40,barrido q-log; q por deviance de bins,0
1.9,2.0,2000,5,noisy,50,pdf,1.9137286643995033,2.015402058797643,True,False,50,CONVERGENCE: RELATIVE REDUCTION OF F <= FACTR*EPSMCH,0
1.9,2.0,2000,5,noisy,50,qlog,1.92,1.6030609343617952,True,False,50,barrido q-log; q por deviance de bins,0
1.9,2.0,2000,5,noisy,60,pdf,1.9156860032017264,2.0260707543150205,True,False,60,CONVERGENCE: RELATIVE REDUCTION OF F <= FACTR*EPSMCH,0
1.9,2.0,2000,5,noisy,60,qlog,1.92,1.5859082961706878,True,False,60,barrido q-log; q por deviance de bins,0
1.9,2.0,2000,5,noisy,70,pdf,1.9077716684958035,1.9766965798830176,True,False,70,CONVERGENCE: RELATIVE REDUCTION OF F <= FACTR*EPSMCH,0
1.9,2.0,2000,5,noisy,70,qlog,1.92,1.5613649502619222,True,False,70,barrido q-log; q por deviance de bins,0
1.9,2.0,2000,5,noisy,80,pdf,1.90977955660606,1.9924359335935218,True,False,79,CONVERGENCE: RELATIVE REDUCTION OF F <= FACTR*EPSMCH,0
1.9,2.0,2000,5,noisy,80,qlog,1.92,1.4857670020528344,True,False,79,barrido q-log; q por deviance de bins,0
1.9,2.0,2000,5,noisy,90,pdf,1.9098798816537454,1.990681815819673,True,False,87,CONVERGENCE: RELATIVE REDUCTION OF F <= FACTR*EPSMCH,0
1.9,2.0,2000,5,noisy,90,qlog,1.92,1.4829575256013083,True,False,87,barrido q-log; q por deviance de bins,0
1.9,2.0,2000,5,noisy,100,pdf,1.9115650910298556,2.0028474054627434,True,False,98,CONVERGENCE: RELATIVE REDUCTION OF F <= FACTR*EPSMCH,0
1.9,2.0,2000,5,noisy,100,qlog,1.92,1.4411964805015596,True,False,98,barrido q-log; q por deviance de bins,0
1.9,2.0,2000,5,noisy,110,pdf,1.914200482173039,2.02124129955119,True,False,108,CONVERGENCE: RELATIVE REDUCTION OF F <= FACTR*EPSMCH,0
1.9,2.0,2000,5,noisy,110,qlog,1.92,1.3660469378135711,True,False,108,barrido q-log; q por deviance de bins,0
1.9,2.0,2000,5,noisy,120,pdf,1.9121904795576548,2.004122979392698,True,False,114,CONVERGENCE: RELATIVE REDUCTION OF F <= FACTR*EPSMCH,0
1.9,2.0,2000,5,noisy,120,qlog,1.92,1.3398183517121593,True,False,114,barrido q-log; q por deviance de bins,0
1.9,2.0,2000,5,noisy,130,pdf,1.913841603519791,2.0187436062494224,True,False,124,CONVERGENCE: RELATIVE REDUCTION OF F <= FACTR*EPSMCH,0
1.9,2.0,2000,5,noisy,130,qlog,1.92,1.4199817821326808,True,False,124,barrido q-log; q por deviance de bins,0
1.9,2.0,2000,5,noisy,140,pdf,1.91220689072871,2.002799498295765,True,False,131,CONVERGENCE: RELATIVE REDUCTION OF F <= FACTR*EPSMCH,0
1.9,2.0,2000,5,noisy,140,qlog,1.92,1.2149062935839732,True,False,131,barrido q-log; q por deviance de bins,0
1.9,2.0,2000,5,noisy,150,pdf,1.9123650846328737,2.0010532988978698,True,False,143,CONVERGENCE: RELATIVE REDUCTION OF F <= FACTR*EPSMCH,0
1.9,2.0,2000,5,noisy,150,qlog,1.92,1.3455424717108173,True,False,143,barrido q-log; q por deviance de bins,0
1.9,2.0,2000,5,noisy,160,pdf,1.9129773659740517,2.009483928255158,True,False,146,CONVERGENCE: RELATIVE REDUCTION OF F <= FACTR*EPSMCH,0
1.9,2.0,2000,5,noisy,160,qlog,1.92,1.2035685893488037,True,False,146,barrido q-log; q por deviance de bins,0
1.9,2.0,2000,5,noisy,170,pdf,1.9132624326906749,2.012458706044002,True,False,155,CONVERGENCE: RELATIVE REDUCTION OF F <= FACTR*EPSMCH,0
1.9,2.0,2000,5,noisy,170,qlog,1.92,1.1407774268108435,True,False,155,barrido q-log; q por deviance de bins,0
1.9,2.0,2000,5,noisy,180,pdf,1.9144080235618166,2.016227288975445,True,False,164,CONVERGENCE: RELATIVE REDUCTION OF F <= FACTR*EPSMCH,0
1.9,2.0,2000,5,noisy,180,qlog,1.94,1.168812078349303,True,False,164,barrido q-log; q por deviance de bins,0
1.9,2.0,2000,5,noisy,190,pdf,1.9148308421644658,2.018606828409746,True,False,175,CONVERGENCE: RELATIVE REDUCTION OF F <= FACTR*EPSMCH,0
1.9,2.0,2000,5,noisy,190,qlog,1.92,1.1189198828022595,True,False,175,barrido q-log; q por deviance de bins,0
1.9,2.0,2000,5,noisy,200,pdf,1.9131981682319883,2.011003884884475,True,False,180,CONVERGENCE: RELATIVE REDUCTION OF F <= FACTR*EPSMCH,0
1.9,2.0,2000,5,noisy,200,qlog,1.94,1.117744294035751,True,False,180,barrido q-log; q por deviance de bins,0
1.9,2.0,2000,6,clean,10,pdf,1.894773478074481,2.10273017781561,True,False,10,CONVERGENCE: RELATIVE REDUCTION OF F <= FACTR*EPSMCH,0
1.9,2.0,2000,6,clean,10,qlog,2.3,0.8675065566309416,True,False,10,barrido q-log; q por deviance de bins,0
1.9,2.0,2000,6,clean,20,pdf,1.8869890716359756,1.9974586697899133,True,False,20,CONVERGENCE: RELATIVE REDUCTION OF F <= FACTR*EPSMCH,0
1.9,2.0,2000,6,clean,20,qlog,2.0,1.3949612853063431,True,False,20,barrido q-log; q por deviance de bins,0
1.9,2.0,2000,6,clean,30,pdf,1.8891046525201636,2.0106700127924455,True,False,30,CONVERGENCE: RELATIVE REDUCTION OF F <= FACTR*EPSMCH,0
1.9,2.0,2000,6,clean,30,qlog,1.92,1.5322900425450465,True,False,30,barrido q-log; q por deviance de bins,0
1.9,2.0,2000,6,clean,40,pdf,1.8958185844961983,2.04653560906463,True,False,40,CONVERGENCE: RELATIVE REDUCTION OF F <= FACTR*EPSMCH,0
1.9,2.0,2000,6,clean,40,qlog,1.92,1.6338146416691866,True,False,40,barrido q-log; q por deviance de bins,0
1.9,2.0,2000,6,clean,50,pdf,1.900211293194183,2.086188029613136,True,False,50,CONVERGENCE: RELATIVE REDUCTION OF F <= FACTR*EPSMCH,0
1.9,2.0,2000,6,clean,50,qlog,1.92,1.6660913263745698,True,False,50,barrido q-log; q por deviance de bins,0
1.9,2.0,2000,6,clean,60,pdf,1.8947655336592482,2.0402549777242815,True,False,60,CONVERGENCE: RELATIVE REDUCTION OF F <= FACTR*EPSMCH,0
1.9,2.0,2000,6,clean,60,qlog,1.92,1.6219470500338413,True,False,60,barrido q-log; q por deviance de bins,0
1.9,2.0,2000,6,clean,70,pdf,1.8930016292251468,2.0284717403070562,True,False,70,CONVERGENCE: RELATIVE REDUCTION OF F <= FACTR*EPSMCH,0
1.9,2.0,2000,6,clean,70,qlog,1.9,1.5792363849184061,True,False,70,barrido q-log; q por deviance de bins,0
1.9,2.0,2000,6,clean,80,pdf,1.893256281472871,2.025985399111151,True,False,79,CONVERGENCE: RELATIVE REDUCTION OF F <= FACTR*EPSMCH,0
1.9,2.0,2000,6,clean,80,qlog,1.9,1.5028692794300855,True,False,79,barrido q-log; q por deviance de bins,0
1.9,2.0,2000,6,clean,90,pdf,1.892000340281546,2.0198600292316633,True,False,90,CONVERGENCE: RELATIVE REDUCTION OF F <= FACTR*EPSMCH,0
1.9,2.0,2000,6,clean,90,qlog,1.9,1.5898997542130309,True,False,90,barrido q-log; q por deviance de bins,0
1.9,2.0,2000,6,clean,100,pdf,1.896604313620003,2.0522323158614824,True,False,99,CONVERGENCE: RELATIVE REDUCTION OF F <= FACTR*EPSMCH,0
1.9,2.0,2000,6,clean,100,qlog,1.9,1.3848667291357086,True,False,99,barrido q-log; q por deviance de bins,0
1.9,2.0,2000,6,clean,110,pdf,1.8957834856715607,2.044826587434802,True,False,109,CONVERGENCE: RELATIVE REDUCTION OF F <= FACTR*EPSMCH,0
1.9,2.0,2000,6,clean,110,qlog,1.92,1.558142388867217,True,False,109,barrido q-log; q por deviance de bins,0
1.9,2.0,2000,6,clean,120,pdf,1.8932535031934288,2.030258571002634,True,False,118,CONVERGENCE: RELATIVE REDUCTION OF F <= FACTR*EPSMCH,0
1.9,2.0,2000,6,clean,120,qlog,1.9,1.2919011943918477,True,False,118,barrido q-log; q por deviance de bins,0
1.9,2.0,2000,6,clean,130,pdf,1.8943929374269814,2.031758247087425,True,False,127,CONVERGENCE: RELATIVE REDUCTION OF F <= FACTR*EPSMCH,0
1.9,2.0,2000,6,clean,130,qlog,1.92,1.5136496213423605,True,False,127,barrido q-log; q por deviance de bins,0
1.9,2.0,2000,6,clean,140,pdf,1.8931701757745194,2.029691896077104,True,False,136,CONVERGENCE: RELATIVE REDUCTION OF F <= FACTR*EPSMCH,0
1.9,2.0,2000,6,clean,140,qlog,1.9,1.2819433299068597,True,False,136,barrido q-log; q por deviance de bins,0
1.9,2.0,2000,6,clean,150,pdf,1.895591088685119,2.0436261454271936,True,False,146,CONVERGENCE: RELATIVE REDUCTION OF F <= FACTR*EPSMCH,0
1.9,2.0,2000,6,clean,150,qlog,1.92,1.3378776350860617,True,False,146,barrido q-log; q por deviance de bins,0
1.9,2.0,2000,6,clean,160,pdf,1.8932550579497807,2.026239166995247,True,False,153,CONVERGENCE: RELATIVE REDUCTION OF F <= FACTR*EPSMCH,0
1.9,2.0,2000,6,clean,160,qlog,1.9,1.194655022516804,True,False,153,barrido q-log; q por deviance de bins,0
1.9,2.0,2000,6,clean,170,pdf,1.8931389583160276,2.02470250981436,True,False,163,CONVERGENCE: RELATIVE REDUCTION OF F <= FACTR*EPSMCH,0
1.9,2.0,2000,6,clean,170,qlog,1.9,1.05329326484962,True,False,163,barrido q-log; q por deviance de bins,0
1.9,2.0,2000,6,clean,180,pdf,1.8934356335355078,2.027118706717685,True,False,172,CONVERGENCE: RELATIVE REDUCTION OF F <= FACTR*EPSMCH,0
1.9,2.0,2000,6,clean,180,qlog,1.92,1.1264359312365604,True,False,172,barrido q-log; q por deviance de bins,0
1.9,2.0,2000,6,clean,190,pdf,1.8939117894756197,2.0328334633027696,True,False,178,CONVERGENCE: RELATIVE REDUCTION OF F <= FACTR*EPSMCH,0
1.9,2.0,2000,6,clean,190,qlog,1.9,1.0419226444885679,True,False,178,barrido q-log; q por deviance de bins,0
1.9,2.0,2000,6,clean,200,pdf,1.8947216772335904,2.038890620721379,True,False,189,CONVERGENCE: RELATIVE REDUCTION OF F <= FACTR*EPSMCH,0
1.9,2.0,2000,6,clean,200,qlog,1.92,1.110347359326341,True,False,189,barrido q-log; q por deviance de bins,0
1.9,2.0,2000,6,noisy,10,pdf,1.8832109227024318,1.9676353523971297,True,False,10,CONVERGENCE: RELATIVE REDUCTION OF F <= FACTR*EPSMCH,0
1.9,2.0,2000,6,noisy,10,qlog,2.3,0.8084182176991701,True,False,10,barrido q-log; q por deviance de bins,0
1.9,2.0,2000,6,noisy,20,pdf,1.8764180891746367,1.878905489705563,True,False,20,CONVERGENCE: RELATIVE REDUCTION OF F <= FACTR*EPSMCH,0
1.9,2.0,2000,6,noisy,20,qlog,2.0,1.3548502156361943,True,False,20,barrido q-log; q por deviance de bins,0
1.9,2.0,2000,6,noisy,30,pdf,1.8852937352359622,1.946644455572739,True,False,30,CONVERGENCE: RELATIVE REDUCTION OF F <= FACTR*EPSMCH,0
1.9,2.0,2000,6,noisy,30,qlog,1.92,1.520599592798066,True,False,30,barrido q-log; q por deviance de bins,0
1.9,2.0,2000,6,noisy,40,pdf,1.8886629026714332,1.9558254177131122,True,False,40,CONVERGENCE: RELATIVE REDUCTION OF F <= FACTR*EPSMCH,0
1.9,2.0,2000,6,noisy,40,qlog,1.92,1.6191268061825244,True,False,40,barrido q-log; q por deviance de bins,0
1.9,2.0,2000,6,noisy,50,pdf,1.8956454890863208,2.019372205913257,True,False,50,CONVERGENCE: RELATIVE REDUCTION OF F <= FACTR*EPSMCH,0
1.9,2.0,2000,6,noisy,50,qlog,1.92,1.6668700504024203,True,False,50,barrido q-log; q por deviance de bins,0
1.9,2.0,2000,6,noisy,60,pdf,1.8908782333082572,1.9826186101380068,True,False,60,CONVERGENCE: RELATIVE REDUCTION OF F <= FACTR*EPSMCH,0
1.9,2.0,2000,6,noisy,60,qlog,1.92,1.6360187007126354,True,False,60,barrido q-log; q por deviance de bins,0
1.9,2.0,2000,6,noisy,70,pdf,1.8896848949905771,1.9743599368155509,True,False,70,CONVERGENCE: RELATIVE REDUCTION OF F <= FACTR*EPSMCH,0
1.9,2.0,2000,6,noisy,70,qlog,1.9,1.5902866221021283,True,False,70,barrido q-log; q por deviance de bins,0
1.9,2.0,2000,6,noisy,80,pdf,1.8871222339718243,1.962170650836793,True,False,79,CONVERGENCE: RELATIVE REDUCTION OF F <= FACTR*EPSMCH,0
1.9,2.0,2000,6,noisy,80,qlog,1.9,1.5476553994656908,True,False,79,barrido q-log; q por deviance de bins,0
1.9,2.0,2000,6,noisy,90,pdf,1.885561106241142,1.9577909490150054,True,False,90,CONVERGENCE: RELATIVE REDUCTION OF F <= FACTR*EPSMCH,0
1.9,2.0,2000,6,noisy,90,qlog,1.9,1.5513762087945704,True,False,90,barrido q-log; q por deviance de bins,0
1.9,2.0,2000,6,noisy,100,pdf,1.8918652617746143,1.989494465861713,True,False,98,CONVERGENCE: RELATIVE REDUCTION OF F <= FACTR*EPSMCH,0
1.9,2.0,2000,6,noisy,100,qlog,1.9,1.5015803196590172,True,False,98,barrido q-log; q por deviance de bins,0
1.9,2.0,2000,6,noisy,110,pdf,1.8921041896957251,1.9932822223966256,True,False,109,CONVERGENCE: RELATIVE REDUCTION OF F <= FACTR*EPSMCH,0
1.9,2.0,2000,6,noisy,110,qlog,1.9,1.4503759162505638,True,False,109,barrido q-log; q por deviance de bins,0
1.9,2.0,2000,6,noisy,120,pdf,1.8886600127447308,1.9682306693377118,True,False,118,CONVERGENCE: RELATIVE REDUCTION OF F <= FACTR*EPSMCH,0
1.9,2.0,2000,6,noisy,120,qlog,1.92,1.478526572487888,True,False,118,barrido q-log; q por deviance de bins,0
1.9,2.0,2000,6,noisy,130,pdf,1.8891208252166145,1.975178458550105,True,False,125,CONVERGENCE: RELATIVE REDUCTION OF F <= FACTR*EPSMCH,0
1.9,2.0,2000,6,noisy,130,qlog,1.9,1.4009692021160354,True,False,125,barrido q-log; q por deviance de bins,0
1.9,2.0,2000,6,noisy,140,pdf,1.8881015633822826,1.966006377710561,True,False,137,CONVERGENCE: RELATIVE REDUCTION OF F <= FACTR*EPSMCH,0
1.9,2.0,2000,6,noisy,140,qlog,1.9,1.3333408332931163,True,False,137,barrido q-log; q por deviance de bins,0
1.9,2.0,2000,6,noisy,150,pdf,1.8920833550206078,1.9957110501400557,True,False,146,CONVERGENCE: RELATIVE REDUCTION OF F <= FACTR*EPSMCH,0
1.9,2.0,2000,6,noisy,150,qlog,1.92,1.3688842323731518,True,False,146,barrido q-log; q por deviance de bins,0
1.9,2.0,2000,6,noisy,160,pdf,1.888609641915183,1.9747942040073063,True,False,154,CONVERGENCE: RELATIVE REDUCTION OF F <= FACTR*EPSMCH,0
1.9,2.0,2000,6,noisy,160,qlog,1.9,1.3318758563857744,True,False,154,barrido q-log; q por deviance de bins,0
1.9,2.0,2000,6,noisy,170,pdf,1.8901955490110065,1.9855351809583368,True,False,163,CONVERGENCE: RELATIVE REDUCTION OF F <= FACTR*EPSMCH,0
1.9,2.0,2000,6,noisy,170,qlog,1.92,1.2911530752968685,True,False,163,barrido q-log; q por deviance de bins,0
1.9,2.0,2000,6,noisy,180,pdf,1.8891520833685258,1.9804580782685668,True,False,171,CONVERGENCE: RELATIVE REDUCTION OF F <= FACTR*EPSMCH,0
1.9,2.0,2000,6,noisy,180,qlog,1.92,1.2471465580704875,True,False,171,barrido q-log; q por deviance de bins,0
1.9,2.0,2000,6,noisy,190,pdf,1.8888350853766516,1.9770861516970233,True,False,180,CONVERGENCE: RELATIVE REDUCTION OF F <= FACTR*EPSMCH,0
1.9,2.0,2000,6,noisy,190,qlog,1.92,1.2425110986698633,True,False,180,barrido q-log; q por deviance de bins,0
1.9,2.0,2000,6,noisy,200,pdf,1.8902809760859096,1.9822876365567474,True,False,189,CONVERGENCE: RELATIVE REDUCTION OF F <= FACTR*EPSMCH,0
1.9,2.0,2000,6,noisy,200,qlog,1.92,1.1883972829505483,True,False,189,barrido q-log; q por deviance de bins,0
1.9,2.0,2000,7,clean,10,pdf,1.8847730029270962,1.9036006587398184,True,False,10,CONVERGENCE: RELATIVE REDUCTION OF F <= FACTR*EPSMCH,0
1.9,2.0,2000,7,clean,10,qlog,2.4000000000000004,0.3462429418059404,True,False,10,barrido q-log; q por deviance de bins,0
1.9,2.0,2000,7,clean,20,pdf,1.9049167125479805,2.0357179448986082,True,False,20,CONVERGENCE: RELATIVE REDUCTION OF F <= FACTR*EPSMCH,0
1.9,2.0,2000,7,clean,20,qlog,2.1,1.2742165879289606,True,False,20,barrido q-log; q por deviance de bins,0
1.9,2.0,2000,7,clean,30,pdf,1.905996002744759,2.004322891792892,True,False,30,CONVERGENCE: RELATIVE REDUCTION OF F <= FACTR*EPSMCH,0
1.9,2.0,2000,7,clean,30,qlog,1.98,1.4741825694098443,True,False,30,barrido q-log; q por deviance de bins,0
1.9,2.0,2000,7,clean,40,pdf,1.9144045114908088,2.0749080415469687,True,False,40,CONVERGENCE: RELATIVE REDUCTION OF F <= FACTR*EPSMCH,0
1.9,2.0,2000,7,clean,40,qlog,1.96,1.6128873338155512,True,False,40,barrido q-log; q por deviance de bins,0
1.9,2.0,2000,7,clean,50,pdf,1.9132414425465651,2.0694899813929584,True,False,50,CONVERGENCE: RELATIVE REDUCTION OF F <= FACTR*EPSMCH,0
1.9,2.0,2000,7,clean,50,qlog,1.94,1.5910047751195557,True,False,50,barrido q-log; q por deviance de bins,0
1.9,2.0,2000,7,clean,60,pdf,1.9168640585726797,2.0922984637312387,True,False,59,CONVERGENCE: RELATIVE REDUCTION OF F <= FACTR*EPSMCH,0
1.9,2.0,2000,7,clean,60,qlog,1.96,1.6913042849737192,True,False,59,barrido q-log; q por deviance de bins,0
1.9,2.0,2000,7,clean,70,pdf,1.9149658315993712,2.0858163402797563,True,False,68,CONVERGENCE: RELATIVE REDUCTION OF F <= FACTR*EPSMCH,0
1.9,2.0,2000,7,clean,70,qlog,1.96,1.511971315922509,True,False,68,barrido q-log; q por deviance de bins,0
1.9,2.0,2000,7,clean,80,pdf,1.9162434231177996,2.089461434526814,True,False,78,CONVERGENCE: RELATIVE REDUCTION OF F <= FACTR*EPSMCH,0
1.9,2.0,2000,7,clean,80,qlog,1.94,1.5316625044465215,True,False,78,barrido q-log; q por deviance de bins,0
1.9,2.0,2000,7,clean,90,pdf,1.9121718315027463,2.0531236987898254,True,False,87,CONVERGENCE: RELATIVE REDUCTION OF F <= FACTR*EPSMCH,0
1.9,2.0,2000,7,clean,90,qlog,1.94,1.5113961315429174,True,False,87,barrido q-log; q por deviance de bins,0
1.9,2.0,2000,7,clean,100,pdf,1.9135489168885402,2.077540754140243,True,False,97,CONVERGENCE: RELATIVE REDUCTION OF F <= FACTR*EPSMCH,0
1.9,2.0,2000,7,clean,100,qlog,1.94,1.417313809193456,True,False,97,barrido q-log; q por deviance de bins,0
1.9,2.0,2000,7,clean,110,pdf,1.912884794035274,2.0632697888735225,True,False,106,CONVERGENCE: RELATIVE REDUCTION OF F <= FACTR*EPSMCH,0
1.9,2.0,2000,7,clean,110,qlog,1.96,1.4307259122825098,True,False,106,barrido q-log; q por deviance de bins,0
1.9,2.0,2000,7,clean,120,pdf,1.9139027585239405,2.0709739449976494,True,False,114,CONVERGENCE: RELATIVE REDUCTION OF F <= FACTR*EPSMCH,0
1.9,2.0,2000,7,clean,120,qlog,1.96,1.4093164256733997,True,False,114,barrido q-log; q por deviance de bins,0
1.9,2.0,2000,7,clean,130,pdf,1.916530171864129,2.0912376011890954,True,False,122,CONVERGENCE: RELATIVE REDUCTION OF F <= FACTR*EPSMCH,0
1.9,2.0,2000,7,clean,130,qlog,1.96,1.2846350904250659,True,False,122,barrido q-log; q por deviance de bins,0
1.9,2.0,2000,7,clean,140,pdf,1.9151863351462683,2.087317320341858,True,False,131,CONVERGENCE: RELATIVE REDUCTION OF F <= FACTR*EPSMCH,0
1.9,2.0,2000,7,clean,140,qlog,1.94,1.2522159643161268,True,False,131,barrido q-log; q por deviance de bins,0
1.9,2.0,2000,7,clean,150,pdf,1.9135902561711198,2.0688376400011674,True,False,142,CONVERGENCE: RELATIVE REDUCTION OF F <= FACTR*EPSMCH,0
1.9,2.0,2000,7,clean,150,qlog,1.96,1.2694728725734519,True,False,142,barrido q-log; q por deviance de bins,0
1.9,2.0,2000,7,clean,160,pdf,1.9145928220218682,2.079122404580856,True,False,148,CONVERGENCE: RELATIVE REDUCTION OF F <= FACTR*EPSMCH,0
1.9,2.0,2000,7,clean,160,qlog,1.94,1.2675115842564777,True,False,148,barrido q-log; q por deviance de bins,0
1.9,2.0,2000,7,clean,170,pdf,1.91417788490385,2.071828883478458,True,False,157,CONVERGENCE: RELATIVE REDUCTION OF F <= FACTR*EPSMCH,0
1.9,2.0,2000,7,clean,170,qlog,1.94,1.3489017612446648,True,False,157,barrido q-log; q por deviance de bins,0
1.9,2.0,2000,7,clean,180,pdf,1.9140655323362699,2.0744601539912737,True,False,163,CONVERGENCE: RELATIVE REDUCTION OF F <= FACTR*EPSMCH,0
1.9,2.0,2000,7,clean,180,qlog,1.94,1.0926589653286958,True,False,163,barrido q-log; q por deviance de bins,0
1.9,2.0,2000,7,clean,190,pdf,1.9156262684222471,2.081525848063262,True,False,173,CONVERGENCE: RELATIVE REDUCTION OF F <= FACTR*EPSMCH,0
1.9,2.0,2000,7,clean,190,qlog,1.96,1.2568217923697034,True,False,173,barrido q-log; q por deviance de bins,0
1.9,2.0,2000,7,clean,200,pdf,1.9134445237663407,2.070733773830697,True,False,182,CONVERGENCE: RELATIVE REDUCTION OF F <= FACTR*EPSMCH,0
1.9,2.0,2000,7,clean,200,qlog,1.94,1.1359849500266013,True,False,182,barrido q-log; q por deviance de bins,0
1.9,2.0,2000,7,noisy,10,pdf,1.88290578573342,1.8715129274369606,True,False,10,CONVERGENCE: RELATIVE REDUCTION OF F <= FACTR*EPSMCH,0
1.9,2.0,2000,7,noisy,10,qlog,2.42,0.3706379759174851,True,False,10,barrido q-log; q por deviance de bins,0
1.9,2.0,2000,7,noisy,20,pdf,1.8996709563581946,1.9703176731294267,True,False,20,CONVERGENCE: RELATIVE REDUCTION OF F <= FACTR*EPSMCH,0
1.9,2.0,2000,7,noisy,20,qlog,2.1,1.251812296659816,True,False,20,barrido q-log; q por deviance de bins,0
1.9,2.0,2000,7,noisy,30,pdf,1.9043781876105341,1.979836009384811,True,False,30,CONVERGENCE: RELATIVE REDUCTION OF F <= FACTR*EPSMCH,0
1.9,2.0,2000,7,noisy,30,qlog,1.98,1.5115190411377095,True,False,30,barrido q-log; q por deviance de bins,0
1.9,2.0,2000,7,noisy,40,pdf,1.910579327355032,2.0275678829631953,True,False,40,CONVERGENCE: RELATIVE REDUCTION OF F <= FACTR*EPSMCH,0
1.9,2.0,2000,7,noisy,40,qlog,1.96,1.654319079843675,True,False,40,barrido q-log; q por deviance de bins,0
1.9,2.0,2000,7,noisy,50,pdf,1.907398872985647,1.998503710185362,True,False,50,CONVERGENCE: RELATIVE REDUCTION OF F <= FACTR*EPSMCH,0
1.9,2.0,2000,7,noisy,50,qlog,1.94,1.5869945256814826,True,False,50,barrido q-log; q por deviance de bins,0
1.9,2.0,2000,7,noisy,60,pdf,1.9095587623375914,2.019850844029675,True,False,59,CONVERGENCE: RELATIVE REDUCTION OF F <= FACTR*EPSMCH,0
1.9,2.0,2000,7,noisy,60,qlog,1.96,1.6769134554223961,True,False,59,barrido q-log; q por deviance de bins,0
1.9,2.0,2000,7,noisy,70,pdf,1.9108497668555293,2.040044752039679,True,False,68,CONVERGENCE: RELATIVE REDUCTION OF F <= FACTR*EPSMCH,0
1.9,2.0,2000,7,noisy,70,qlog,1.96,1.5813970603957586,True,False,68,barrido q-log; q por deviance de bins,0
1.9,2.0,2000,7,noisy,80,pdf,1.9119927734055133,2.0387082207331764,True,False,79,CONVERGENCE: RELATIVE REDUCTION OF F <= FACTR*EPSMCH,0
1.9,2.0,2000,7,noisy,80,qlog,1.94,1.580495564084193,True,False,79,barrido q-log; q por deviance de bins,0
1.9,2.0,2000,7,noisy,90,pdf,1.9106957147278776,2.0301406022141797,True,False,88,CONVERGENCE: RELATIVE REDUCTION OF F <= FACTR*EPSMCH,0
1.9,2.0,2000,7,noisy,90,qlog,1.94,1.5835223261129736,True,False,88,barrido q-log; q por deviance de bins,0
1.9,2.0,2000,7,noisy,100,pdf,1.9093538223037463,2.016932068146085,True,False,97,CONVERGENCE: RELATIVE REDUCTION OF F <= FACTR*EPSMCH,0
1.9,2.0,2000,7,noisy,100,qlog,1.94,1.4613093999315432,True,False,97,barrido q-log; q por deviance de bins,0
1.9,2.0,2000,7,noisy,110,pdf,1.908717417118493,2.0108124139122188,True,False,106,CONVERGENCE: RELATIVE REDUCTION OF F <= FACTR*EPSMCH,0
1.9,2.0,2000,7,noisy,110,qlog,1.96,1.539872054541755,True,False,106,barrido q-log; q por deviance de bins,0
1.9,2.0,2000,7,noisy,120,pdf,1.9091525878856077,2.024078627291309,True,False,113,CONVERGENCE: RELATIVE REDUCTION OF F <= FACTR*EPSMCH,0
1.9,2.0,2000,7,noisy,120,qlog,1.96,1.3360463461722376,True,False,113,barrido q-log; q por deviance de bins,0
1.9,2.0,2000,7,noisy,130,pdf,1.9109229825211078,2.024675021890415,True,False,123,CONVERGENCE: RELATIVE REDUCTION OF F <= FACTR*EPSMCH,0
1.9,2.0,2000,7,noisy,130,qlog,1.96,1.3311227622804764,True,False,123,barrido q-log; q por deviance de bins,0
1.9,2.0,2000,7,noisy,140,pdf,1.9092526929759508,2.0200826040997124,True,False,129,CONVERGENCE: RELATIVE REDUCTION OF F <= FACTR*EPSMCH,0
1.9,2.0,2000,7,noisy,140,qlog,1.94,1.2869420279783315,True,False,129,barrido q-log; q por deviance de bins,0
1.9,2.0,2000,7,noisy,150,pdf,1.9094102798141381,2.01860969203379,True,False,141,CONVERGENCE: RELATIVE REDUCTION OF F <= FACTR*EPSMCH,0
1.9,2.0,2000,7,noisy,150,qlog,1.96,1.3720040322676206,True,False,141,barrido q-log; q por deviance de bins,0
1.9,2.0,2000,7,noisy,160,pdf,1.9101582259511856,2.031822107575062,True,False,150,CONVERGENCE: RELATIVE REDUCTION OF F <= FACTR*EPSMCH,0
1.9,2.0,2000,7,noisy,160,qlog,1.94,1.3819338722072938,True,False,150,barrido q-log; q por deviance de bins,0
1.9,2.0,2000,7,noisy,170,pdf,1.9104909352754436,2.025891005840093,True,False,160,CONVERGENCE: RELATIVE REDUCTION OF F <= FACTR*EPSMCH,0
1.9,2.0,2000,7,noisy,170,qlog,1.92,1.1786066185607658,True,False,160,barrido q-log; q por deviance de bins,0
1.9,2.0,2000,7,noisy,180,pdf,1.9096046269599645,2.021886603571571,True,False,165,CONVERGENCE: RELATIVE REDUCTION OF F <= FACTR*EPSMCH,0
1.9,2.0,2000,7,noisy,180,qlog,1.94,1.160957198676549,True,False,165,barrido q-log; q por deviance de bins,0
1.9,2.0,2000,7,noisy,190,pdf,1.9115766760558952,2.0268630461775965,True,False,171,CONVERGENCE: RELATIVE REDUCTION OF F <= FACTR*EPSMCH,0
1.9,2.0,2000,7,noisy,190,qlog,1.94,1.1957320580884558,True,False,171,barrido q-log; q por deviance de bins,0
1.9,2.0,2000,7,noisy,200,pdf,1.9105240703581345,2.0275470010267855,True,False,182,CONVERGENCE: RELATIVE REDUCTION OF F <= FACTR*EPSMCH,0
1.9,2.0,2000,7,noisy,200,qlog,1.94,1.2207498319200634,True,False,182,barrido q-log; q por deviance de bins,0
1.9,2.0,2000,8,clean,10,pdf,1.9371810698120417,2.32644222174528,True,False,10,CONVERGENCE: RELATIVE REDUCTION OF F <= FACTR*EPSMCH,0
1.9,2.0,2000,8,clean,10,qlog,2.4000000000000004,0.7415777873539866,True,False,10,barrido q-log; q por deviance de bins,0
1.9,2.0,2000,8,clean,20,pdf,1.9235313462098316,2.231577482449092,True,False,20,CONVERGENCE: RELATIVE REDUCTION OF F <= FACTR*EPSMCH,0
1.9,2.0,2000,8,clean,20,qlog,2.08,1.428058786876531,True,False,20,barrido q-log; q por deviance de bins,0
1.9,2.0,2000,8,clean,30,pdf,1.93443829804741,2.3057474678998746,True,False,30,CONVERGENCE: NORM OF PROJECTED GRADIENT <= PGTOL,0
1.9,2.0,2000,8,clean,30,qlog,1.98,1.6844074415804602,True,False,30,barrido q-log; q por deviance de bins,0
1.9,2.0,2000,8,clean,40,pdf,1.9304066443225316,2.252088291370691,True,False,40,CONVERGENCE: RELATIVE REDUCTION OF F <= FACTR*EPSMCH,0
1.9,2.0,2000,8,clean,40,qlog,1.96,1.6920777720097928,True,False,40,barrido q-log; q por deviance de bins,0
1.9,2.0,2000,8,clean,50,pdf,1.9298467667377708,2.2407059059384498,True,False,49,CONVERGENCE: RELATIVE REDUCTION OF F <= FACTR*EPSMCH,0
1.9,2.0,2000,8,clean,50,qlog,1.94,1.6259027291742678,True,False,49,barrido q-log; q por deviance de bins,0
1.9,2.0,2000,8,clean,60,pdf,1.92660162085367,2.245607777181223,True,False,59,CONVERGENCE: RELATIVE REDUCTION OF F <= FACTR*EPSMCH,0
1.9,2.0,2000,8,clean,60,qlog,1.94,1.6906816268113143,True,False,59,barrido q-log; q por deviance de bins,0
1.9,2.0,2000,8,clean,70,pdf,1.9259869830814864,2.2450453062594176,True,False,69,CONVERGENCE: RELATIVE REDUCTION OF F <= FACTR*EPSMCH,0
1.9,2.0,2000,8,clean,70,qlog,1.94,1.631987459641906,True,False,69,barrido q-log; q por deviance de bins,0
1.9,2.0,2000,8,clean,80,pdf,1.9250855794541533,2.232620019488888,True,False,78,CONVERGENCE: RELATIVE REDUCTION OF F <= FACTR*EPSMCH,0
1.9,2.0,2000,8,clean,80,qlog,1.94,1.519692588609293,True,False,78,barrido q-log; q por deviance de bins,0
1.9,2.0,2000,8,clean,90,pdf,1.927913274207762,2.254197777810707,True,False,87,CONVERGENCE: RELATIVE REDUCTION OF F <= FACTR*EPSMCH,0
1.9,2.0,2000,8,clean,90,qlog,1.94,1.6087144554624817,True,False,87,barrido q-log; q por deviance de bins,0
1.9,2.0,2000,8,clean,100,pdf,1.9260381865880236,2.2402598579379487,True,False,95,CONVERGENCE: RELATIVE REDUCTION OF F <= FACTR*EPSMCH,0
1.9,2.0,2000,8,clean,100,qlog,1.94,1.4541660342628915,True,False,95,barrido q-log; q por deviance de bins,0
1.9,2.0,2000,8,clean,110,pdf,1.926646297654119,2.2445354174310195,True,False,106,CONVERGENCE: RELATIVE REDUCTION OF F <= FACTR*EPSMCH,0
1.9,2.0,2000,8,clean,110,qlog,1.94,1.4711453030019424,True,False,106,barrido q-log; q por deviance de bins,0
1.9,2.0,2000,8,clean,120,pdf,1.9249033411572631,2.230993357795019,True,False,115,CONVERGENCE: RELATIVE REDUCTION OF F <= FACTR*EPSMCH,0
1.9,2.0,2000,8,clean,120,qlog,1.92,1.4134326886594368,True,False,115,barrido q-log; q por deviance de bins,0
1.9,2.0,2000,8,clean,130,pdf,1.925743917899106,2.2419493712128267,True,False,124,CONVERGENCE: RELATIVE REDUCTION OF F <= FACTR*EPSMCH,0
1.9,2.0,2000,8,clean,130,qlog,1.92,1.3767449059743762,True,False,124,barrido q-log; q por deviance de bins,0
1.9,2.0,2000,8,clean,140,pdf,1.9240167903809022,2.232323306698814,True,False,133,CONVERGENCE: RELATIVE REDUCTION OF F <= FACTR*EPSMCH,0
1.9,2.0,2000,8,clean,140,qlog,1.92,1.3223360629732916,True,False,133,barrido q-log; q por deviance de bins,0
1.9,2.0,2000,8,clean,150,pdf,1.9261205078592551,2.236440009126726,True,False,141,CONVERGENCE: RELATIVE REDUCTION OF F <= FACTR*EPSMCH,0
1.9,2.0,2000,8,clean,150,qlog,1.92,1.2253458128212091,True,False,141,barrido q-log; q por deviance de bins,0
1.9,2.0,2000,8,clean,160,pdf,1.9268341281210868,2.2479319358173284,True,False,151,CONVERGENCE: RELATIVE REDUCTION OF F <= FACTR*EPSMCH,0
1.9,2.0,2000,8,clean,160,qlog,1.92,1.1251058675237662,True,False,151,barrido q-log; q por deviance de bins,0
1.9,2.0,2000,8,clean,170,pdf,1.9237421732312139,2.2192946937875946,True,False,159,CONVERGENCE: RELATIVE REDUCTION OF F <= FACTR*EPSMCH,0
1.9,2.0,2000,8,clean,170,qlog,1.92,1.2116165291468963,True,False,159,barrido q-log; q por deviance de bins,0
1.9,2.0,2000,8,clean,180,pdf,1.9262547618407115,2.240565398297304,True,False,167,CONVERGENCE: RELATIVE REDUCTION OF F <= FACTR*EPSMCH,0
1.9,2.0,2000,8,clean,180,qlog,1.92,1.207858744511964,True,False,167,barrido q-log; q por deviance de bins,0
1.9,2.0,2000,8,clean,190,pdf,1.9244081871369272,2.227999509588725,True,False,175,CONVERGENCE: RELATIVE REDUCTION OF F <= FACTR*EPSMCH,0
1.9,2.0,2000,8,clean,190,qlog,1.92,1.1145521029900218,True,False,175,barrido q-log; q por deviance de bins,0
1.9,2.0,2000,8,clean,200,pdf,1.9254157413767032,2.2367225068349827,True,False,183,CONVERGENCE: RELATIVE REDUCTION OF F <= FACTR*EPSMCH,0
1.9,2.0,2000,8,clean,200,qlog,1.92,1.0599925157747907,True,False,183,barrido q-log; q por deviance de bins,0
1.9,2.0,2000,8,noisy,10,pdf,1.9276384508604973,2.229516418321229,True,False,10,CONVERGENCE: RELATIVE REDUCTION OF F <= FACTR*EPSMCH,0
1.9,2.0,2000,8,noisy,10,qlog,2.4000000000000004,0.7022350206847052,True,False,10,barrido q-log; q por deviance de bins,0
1.9,2.0,2000,8,noisy,20,pdf,1.9142110080133274,2.1199068834485155,True,False,20,CONVERGENCE: RELATIVE REDUCTION OF F <= FACTR*EPSMCH,0
1.9,2.0,2000,8,noisy,20,qlog,2.08,1.3939047412044048,True,False,20,barrido q-log; q por deviance de bins,0
1.9,2.0,2000,8,noisy,30,pdf,1.9236639065801109,2.1652524103381263,True,False,30,CONVERGENCE: RELATIVE REDUCTION OF F <= FACTR*EPSMCH,0
1.9,2.0,2000,8,noisy,30,qlog,1.98,1.6360813542565802,True,False,30,barrido q-log; q por deviance de bins,0
1.9,2.0,2000,8,noisy,40,pdf,1.9271710390253682,2.198897344813038,True,False,40,CONVERGENCE: RELATIVE REDUCTION OF F <= FACTR*EPSMCH,0
1.9,2.0,2000,8,noisy,40,qlog,1.94,1.6141877410256606,True,False,40,barrido q-log; q por deviance de bins,0
1.9,2.0,2000,8,noisy,50,pdf,1.9269246377002056,2.2046641529662536,True,False,49,CONVERGENCE: RELATIVE REDUCTION OF F <= FACTR*EPSMCH,0
1.9,2.0,2000,8,noisy,50,qlog,1.94,1.672410977829938,True,False,49,barrido q-log; q por deviance de bins,0
1.9,2.0,2000,8,noisy,60,pdf,1.9194286738072235,2.1478961484601378,True,False,59,CONVERGENCE: RELATIVE REDUCTION OF F <= FACTR*EPSMCH,0
1.9,2.0,2000,8,noisy,60,qlog,1.94,1.7035510976050414,True,False,59,barrido q-log; q por deviance de bins,0
1.9,2.0,2000,8,noisy,70,pdf,1.9213830769315674,2.182345182330122,True,False,69,CONVERGENCE: RELATIVE REDUCTION OF F <= FACTR*EPSMCH,0
1.9,2.0,2000,8,noisy,70,qlog,1.92,1.5641172261120093,True,False,69,barrido q-log; q por deviance de bins,0
1.9,2.0,2000,8,noisy,80,pdf,1.9210658929227986,2.1737135033184027,True,False,78,CONVERGENCE: RELATIVE REDUCTION OF F <= FACTR*EPSMCH,0
1.9,2.0,2000,8,noisy,80,qlog,1.94,1.5431068172272024,True,False,78,barrido q-log; q por deviance de bins,0
1.9,2.0,2000,8,noisy,90,pdf,1.92457808328,2.2016431453143985,True,False,87,CONVERGENCE: RELATIVE REDUCTION OF F <= FACTR*EPSMCH,0
1.9,2.0,2000,8,noisy,90,qlog,1.94,1.6014481303443195,True,False,87,barrido q-log; q por deviance de bins,0
1.9,2.0,2000,8,noisy,100,pdf,1.9226318541343075,2.1861865445519664,True,False,95,CONVERGENCE: RELATIVE REDUCTION OF F <= FACTR*EPSMCH,0
1.9,2.0,2000,8,noisy,100,qlog,1.94,1.51444760487962,True,False,95,barrido q-log; q por deviance de bins,0
1.9,2.0,2000,8,noisy,110,pdf,1.924001018840889,2.192853151853826,True,False,106,CONVERGENCE: RELATIVE REDUCTION OF F <= FACTR*EPSMCH,0
1.9,2.0,2000,8,noisy,110,qlog,1.94,1.5544969688627785,True,False,106,barrido q-log; q por deviance de bins,0
1.9,2.0,2000,8,noisy,120,pdf,1.9214807817716528,2.17589532758265,True,False,116,CONVERGENCE: RELATIVE REDUCTION OF F <= FACTR*EPSMCH,0
1.9,2.0,2000,8,noisy,120,qlog,1.92,1.5073067177519546,True,False,116,barrido q-log; q por deviance de bins,0
1.9,2.0,2000,8,noisy,130,pdf,1.9208167827276499,2.1720544240884094,True,False,124,CONVERGENCE: RELATIVE REDUCTION OF F <= FACTR*EPSMCH,0
1.9,2.0,2000,8,noisy,130,qlog,1.92,1.4052414290980135,True,False,124,barrido q-log; q por deviance de bins,0
1.9,2.0,2000,8,noisy,140,pdf,1.9192761263347693,2.160237743072262,True,False,135,CONVERGENCE: RELATIVE REDUCTION OF F <= FACTR*EPSMCH,0
1.9,2.0,2000,8,noisy,140,qlog,1.92,1.3732921744569129,True,False,135,barrido q-log; q por deviance de bins,0
1.9,2.0,2000,8,noisy,150,pdf,1.9225738905972294,2.1852288432118114,True,False,142,CONVERGENCE: RELATIVE REDUCTION OF F <= FACTR*EPSMCH,0
1.9,2.0,2000,8,noisy,150,qlog,1.92,1.312448124145448,True,False,142,barrido q-log; q por deviance de bins,0
1.9,2.0,2000,8,noisy,160,pdf,1.9230980599679934,2.190186241980266,True,False,150,CONVERGENCE: RELATIVE REDUCTION OF F <= FACTR*EPSMCH,0
1.9,2.0,2000,8,noisy,160,qlog,1.92,1.2850994941368397,True,False,150,barrido q-log; q por deviance de bins,0
1.9,2.0,2000,8,noisy,170,pdf,1.920194682340665,2.174120170867873,True,False,158,CONVERGENCE: RELATIVE REDUCTION OF F <= FACTR*EPSMCH,0
1.9,2.0,2000,8,noisy,170,qlog,1.92,1.2026525791848806,True,False,158,barrido q-log; q por deviance de bins,0
1.9,2.0,2000,8,noisy,180,pdf,1.9225193334833988,2.1827081161882917,True,False,167,CONVERGENCE: RELATIVE REDUCTION OF F <= FACTR*EPSMCH,0
1.9,2.0,2000,8,noisy,180,qlog,1.92,1.1896989864019833,True,False,167,barrido q-log; q por deviance de bins,0
1.9,2.0,2000,8,noisy,190,pdf,1.9229854395279613,2.184335794030935,True,False,179,CONVERGENCE: RELATIVE REDUCTION OF F <= FACTR*EPSMCH,0
1.9,2.0,2000,8,noisy,190,qlog,1.92,1.181363051406149,True,False,179,barrido q-log; q por deviance de bins,0
1.9,2.0,2000,8,noisy,200,pdf,1.9231444875612955,2.1898849518533874,True,False,183,CONVERGENCE: RELATIVE REDUCTION OF F <= FACTR*EPSMCH,0
1.9,2.0,2000,8,noisy,200,qlog,1.94,1.314681652652619,True,False,183,barrido q-log; q por deviance de bins,0
1.9,2.0,2000,9,clean,10,pdf,1.8887004928927498,1.9234876541946968,True,False,10,CONVERGENCE: RELATIVE REDUCTION OF F <= FACTR*EPSMCH,0
1.9,2.0,2000,9,clean,10,qlog,2.38,0.5906006728492289,True,False,10,barrido q-log; q por deviance de bins,0
1.9,2.0,2000,9,clean,20,pdf,1.884072188985153,1.8862885176256214,True,False,20,CONVERGENCE: RELATIVE REDUCTION OF F <= FACTR*EPSMCH,0
1.9,2.0,2000,9,clean,20,qlog,2.06,1.2475251688709172,True,False,20,barrido q-log; q por deviance de bins,0
1.9,2.0,2000,9,clean,30,pdf,1.8872613644532075,1.9082185800912954,True,False,30,CONVERGENCE: RELATIVE REDUCTION OF F <= FACTR*EPSMCH,0
1.9,2.0,2000,9,clean,30,qlog,1.94,1.4023252331599503,True,False,30,barrido q-log; q por deviance de bins,0
1.9,2.0,2000,9,clean,40,pdf,1.8858783652353324,1.895781597280686,True,False,40,CONVERGENCE: RELATIVE REDUCTION OF F <= FACTR*EPSMCH,0
1.9,2.0,2000,9,clean,40,qlog,1.9,1.454271552059472,True,False,40,barrido q-log; q por deviance de bins,0
1.9,2.0,2000,9,clean,50,pdf,1.8936443240831946,1.9453680384670675,True,False,50,CONVERGENCE: RELATIVE REDUCTION OF F <= FACTR*EPSMCH,0
1.9,2.0,2000,9,clean,50,qlog,1.92,1.581441127282564,True,False,50,barrido q-log; q por deviance de bins,0
1.9,2.0,2000,9,clean,60,pdf,1.8928907758749598,1.9397446466849644,True,False,58,CONVERGENCE: NORM OF PROJECTED GRADIENT <= PGTOL,0
1.9,2.0,2000,9,clean,60,qlog,1.9,1.5596159423583587,True,False,58,barrido q-log; q por deviance de bins,0
1.9,2.0,2000,9,clean,70,pdf,1.885271467425213,1.8951727781720524,True,False,67,CONVERGENCE: RELATIVE REDUCTION OF F <= FACTR*EPSMCH,0
1.9,2.0,2000,9,clean,70,qlog,1.9,1.5221853565358603,True,False,67,barrido q-log; q por deviance de bins,0
1.9,2.0,2000,9,clean,80,pdf,1.8861311356453185,1.8992256353464434,True,False,76,CONVERGENCE: RELATIVE REDUCTION OF F <= FACTR*EPSMCH,0
1.9,2.0,2000,9,clean,80,qlog,1.9,1.4753704424912282,True,False,76,barrido q-log; q por deviance de bins,0
1.9,2.0,2000,9,clean,90,pdf,1.887941871932826,1.914591066661476,True,False,86,CONVERGENCE: RELATIVE REDUCTION OF F <= FACTR*EPSMCH,0
1.9,2.0,2000,9,clean,90,qlog,1.9,1.4112759556942331,True,False,86,barrido q-log; q por deviance de bins,0
1.9,2.0,2000,9,clean,100,pdf,1.8890717978751619,1.9253274953892172,True,False,96,CONVERGENCE: RELATIVE REDUCTION OF F <= FACTR*EPSMCH,0
1.9,2.0,2000,9,clean,100,qlog,1.9,1.3518573913787255,True,False,96,barrido q-log; q por deviance de bins,0
1.9,2.0,2000,9,clean,110,pdf,1.8867899716814138,1.9040853647309581,True,False,103,CONVERGENCE: RELATIVE REDUCTION OF F <= FACTR*EPSMCH,0
1.9,2.0,2000,9,clean,110,qlog,1.9,1.2345925547717063,True,False,103,barrido q-log; q por deviance de bins,0
1.9,2.0,2000,9,clean,120,pdf,1.8898890930354066,1.9198702037967676,True,False,113,CONVERGENCE: RELATIVE REDUCTION OF F <= FACTR*EPSMCH,0
1.9,2.0,2000,9,clean,120,qlog,1.92,1.3516157807249465,True,False,113,barrido q-log; q por deviance de bins,0
1.9,2.0,2000,9,clean,130,pdf,1.8921756316720848,1.9362744659368252,True,False,123,CONVERGENCE: RELATIVE REDUCTION OF F <= FACTR*EPSMCH,0
1.9,2.0,2000,9,clean,130,qlog,1.92,1.3368003141114257,True,False,123,barrido q-log; q por deviance de bins,0
1.9,2.0,2000,9,clean,140,pdf,1.8902862425266787,1.91943723875533,True,False,131,CONVERGENCE: RELATIVE REDUCTION OF F <= FACTR*EPSMCH,0
1.9,2.0,2000,9,clean,140,qlog,1.9,1.3066871989474014,True,False,131,barrido q-log; q por deviance de bins,0
1.9,2.0,2000,9,clean,150,pdf,1.8926323892277441,1.9374319282348207,True,False,140,CONVERGENCE: RELATIVE REDUCTION OF F <= FACTR*EPSMCH,0
1.9,2.0,2000,9,clean,150,qlog,1.9,1.2407088616153499,True,False,140,barrido q-log; q por deviance de bins,0
1.9,2.0,2000,9,clean,160,pdf,1.8906594601068023,1.9232704041331814,True,False,149,CONVERGENCE: RELATIVE REDUCTION OF F <= FACTR*EPSMCH,0
1.9,2.0,2000,9,clean,160,qlog,1.9,1.2566169100124973,True,False,149,barrido q-log; q por deviance de bins,0
1.9,2.0,2000,9,clean,170,pdf,1.8906061536509438,1.9256189923240692,True,False,155,CONVERGENCE: RELATIVE REDUCTION OF F <= FACTR*EPSMCH,0
1.9,2.0,2000,9,clean,170,qlog,1.9,1.1730172038573001,True,False,155,barrido q-log; q por deviance de bins,0
1.9,2.0,2000,9,clean,180,pdf,1.8907848944436931,1.9301310278970951,True,False,165,CONVERGENCE: RELATIVE REDUCTION OF F <= FACTR*EPSMCH,0
1.9,2.0,2000,9,clean,180,qlog,1.9,1.1927178934555507,True,False,165,barrido q-log; q por deviance de bins,0
1.9,2.0,2000,9,clean,190,pdf,1.8877285720578398,1.9114973294975612,True,False,174,CONVERGENCE: RELATIVE REDUCTION OF F <= FACTR*EPSMCH,0
1.9,2.0,2000,9,clean,190,qlog,1.9,1.153695446454473,True,False,174,barrido q-log; q por deviance de bins,0
1.9,2.0,2000,9,clean,200,pdf,1.8890009297849966,1.9214233324074634,True,False,180,CONVERGENCE: RELATIVE REDUCTION OF F <= FACTR*EPSMCH,0
1.9,2.0,2000,9,clean,200,qlog,1.9,1.0116300092901331,True,False,180,barrido q-log; q por deviance de bins,0
1.9,2.0,2000,9,noisy,10,pdf,1.8947067533417312,1.9755222004034445,True,False,10,CONVERGENCE: RELATIVE REDUCTION OF F <= FACTR*EPSMCH,0
1.9,2.0,2000,9,noisy,10,qlog,2.38,0.5776784132227946,True,False,10,barrido q-log; q por deviance de bins,0
1.9,2.0,2000,9,noisy,20,pdf,1.8844591482666198,1.868993776385124,True,False,20,CONVERGENCE: NORM OF PROJECTED GRADIENT <= PGTOL,0
1.9,2.0,2000,9,noisy,20,qlog,2.06,1.1897531439538303,True,False,20,barrido q-log; q por deviance de bins,0
1.9,2.0,2000,9,noisy,30,pdf,1.886706785874819,1.8920727593104099,True,False,30,CONVERGENCE: RELATIVE REDUCTION OF F <= FACTR*EPSMCH,0
1.9,2.0,2000,9,noisy,30,qlog,1.94,1.3369034393333927,True,False,30,barrido q-log; q por deviance de bins,0
1.9,2.0,2000,9,noisy,40,pdf,1.8849988392976242,1.8676786002991972,True,False,40,CONVERGENCE: RELATIVE REDUCTION OF F <= FACTR*EPSMCH,0
1.9,2.0,2000,9,noisy,40,qlog,1.9,1.3869632783409154,True,False,40,barrido q-log; q por deviance de bins,0
1.9,2.0,2000,9,noisy,50,pdf,1.8879277385672744,1.877570396821453,True,False,50,CONVERGENCE: RELATIVE REDUCTION OF F <= FACTR*EPSMCH,0
1.9,2.0,2000,9,noisy,50,qlog,1.9,1.4021195692196176,True,False,50,barrido q-log; q por deviance de bins,0
1.9,2.0,2000,9,noisy,60,pdf,1.8884300539289391,1.8833247641042616,True,False,58,CONVERGENCE: RELATIVE REDUCTION OF F <= FACTR*EPSMCH,0
1.9,2.0,2000,9,noisy,60,qlog,1.9,1.4097089482620904,True,False,58,barrido q-log; q por deviance de bins,0
1.9,2.0,2000,9,noisy,70,pdf,1.8863523663708563,1.8870758528730662,True,False,67,CONVERGENCE: RELATIVE REDUCTION OF F <= FACTR*EPSMCH,0
1.9,2.0,2000,9,noisy,70,qlog,1.9,1.3816472518574514,True,False,67,barrido q-log; q por deviance de bins,0
1.9,2.0,2000,9,noisy,80,pdf,1.8838672903868898,1.8606768168565115,True,False,76,CONVERGENCE: RELATIVE REDUCTION OF F <= FACTR*EPSMCH,0
1.9,2.0,2000,9,noisy,80,qlog,1.9,1.4127752173915402,True,False,76,barrido q-log; q por deviance de bins,0
1.9,2.0,2000,9,noisy,90,pdf,1.8823301829941548,1.8579864571425881,True,False,86,CONVERGENCE: RELATIVE REDUCTION OF F <= FACTR*EPSMCH,0
1.9,2.0,2000,9,noisy,90,qlog,1.9,1.309888367572609,True,False,86,barrido q-log; q por deviance de bins,0
1.9,2.0,2000,9,noisy,100,pdf,1.88424795586986,1.8727762287049632,True,False,96,CONVERGENCE: RELATIVE REDUCTION OF F <= FACTR*EPSMCH,0
1.9,2.0,2000,9,noisy,100,qlog,1.9,1.293027736283413,True,False,96,barrido q-log; q por deviance de bins,0
1.9,2.0,2000,9,noisy,110,pdf,1.8846340145958351,1.8719642123755342,True,False,104,CONVERGENCE: RELATIVE REDUCTION OF F <= FACTR*EPSMCH,0
1.9,2.0,2000,9,noisy,110,qlog,1.92,1.3498162836179868,True,False,104,barrido q-log; q por deviance de bins,0
1.9,2.0,2000,9,noisy,120,pdf,1.8851532110381848,1.8702230260766837,True,False,111,CONVERGENCE: RELATIVE REDUCTION OF F <= FACTR*EPSMCH,0
1.9,2.0,2000,9,noisy,120,qlog,1.92,1.2251072712245394,True,False,111,barrido q-log; q por deviance de bins,0
1.9,2.0,2000,9,noisy,130,pdf,1.886972672188229,1.8799084754696296,True,False,123,CONVERGENCE: RELATIVE REDUCTION OF F <= FACTR*EPSMCH,0
1.9,2.0,2000,9,noisy,130,qlog,1.92,1.292748559073939,True,False,123,barrido q-log; q por deviance de bins,0
1.9,2.0,2000,9,noisy,140,pdf,1.8870676600365015,1.8836626785863602,True,False,130,CONVERGENCE: RELATIVE REDUCTION OF F <= FACTR*EPSMCH,0
1.9,2.0,2000,9,noisy,140,qlog,1.88,1.1638018136849617,True,False,130,barrido q-log; q por deviance de bins,0
1.9,2.0,2000,9,noisy,150,pdf,1.8888344148421574,1.8914124923769242,True,False,140,CONVERGENCE: RELATIVE REDUCTION OF F <= FACTR*EPSMCH,0
1.9,2.0,2000,9,noisy,150,qlog,1.9,1.1858362693914484,True,False,140,barrido q-log; q por deviance de bins,0
1.9,2.0,2000,9,noisy,160,pdf,1.8879788298969271,1.8831924878062658,True,False,148,CONVERGENCE: RELATIVE REDUCTION OF F <= FACTR*EPSMCH,0
1.9,2.0,2000,9,noisy,160,qlog,1.9,1.246783399274647,True,False,148,barrido q-log; q por deviance de bins,0
1.9,2.0,2000,9,noisy,170,pdf,1.8871501700929407,1.884311863259468,True,False,157,CONVERGENCE: RELATIVE REDUCTION OF F <= FACTR*EPSMCH,0
1.9,2.0,2000,9,noisy,170,qlog,1.9,1.143448097155916,True,False,157,barrido q-log; q por deviance de bins,0
1.9,2.0,2000,9,noisy,180,pdf,1.8854113192091726,1.873930400229157,True,False,164,CONVERGENCE: RELATIVE REDUCTION OF F <= FACTR*EPSMCH,0
1.9,2.0,2000,9,noisy,180,qlog,1.9,1.1011660939992276,True,False,164,barrido q-log; q por deviance de bins,0
1.9,2.0,2000,9,noisy,190,pdf,1.8833649359467348,1.8654679758143404,True,False,172,CONVERGENCE: RELATIVE REDUCTION OF F <= FACTR*EPSMCH,0
1.9,2.0,2000,9,noisy,190,qlog,1.9,1.0613492256088188,True,False,172,barrido q-log; q por deviance de bins,0
1.9,2.0,2000,9,noisy,200,pdf,1.8844849982108056,1.8704262459175591,True,False,181,CONVERGENCE: RELATIVE REDUCTION OF F <= FACTR*EPSMCH,0
1.9,2.0,2000,9,noisy,200,qlog,1.9,1.0763453101031044,True,False,181,barrido q-log; q por deviance de bins,0
1.9,5.0,2000,0,clean,10,pdf,1.89447643217236,5.266678869298331,True,False,10,CONVERGENCE: RELATIVE REDUCTION OF F <= FACTR*EPSMCH,0
1.9,5.0,2000,0,clean,10,qlog,2.4000000000000004,1.034432506786804,True,False,10,barrido q-log; q por deviance de bins,0
1.9,5.0,2000,0,clean,20,pdf,1.8913845940299692,5.138336321079938,True,False,20,CONVERGENCE: RELATIVE REDUCTION OF F <= FACTR*EPSMCH,0
1.9,5.0,2000,0,clean,20,qlog,2.1,3.139013920174683,True,False,20,barrido q-log; q por deviance de bins,0
1.9,5.0,2000,0,clean,30,pdf,1.8962171989590604,5.193567276629973,True,False,30,CONVERGENCE: RELATIVE REDUCTION OF F <= FACTR*EPSMCH,0
1.9,5.0,2000,0,clean,30,qlog,1.96,3.576608321844204,True,False,30,barrido q-log; q por deviance de bins,0
1.9,5.0,2000,0,clean,40,pdf,1.8934786770127958,5.136448485109765,True,False,40,CONVERGENCE: RELATIVE REDUCTION OF F <= FACTR*EPSMCH,0
1.9,5.0,2000,0,clean,40,qlog,1.94,3.9043541713227023,True,False,40,barrido q-log; q por deviance de bins,0
1.9,5.0,2000,0,clean,50,pdf,1.8975288072499645,5.24352299103072,True,False,49,CONVERGENCE: RELATIVE REDUCTION OF F <= FACTR*EPSMCH,0
1.9,5.0,2000,0,clean,50,qlog,1.92,4.02000251471149,True,False,49,barrido q-log; q por deviance de bins,0
1.9,5.0,2000,0,clean,60,pdf,1.8928032907355012,5.13924224674376,True,False,59,CONVERGENCE: RELATIVE REDUCTION OF F <= FACTR*EPSMCH,0
1.9,5.0,2000,0,clean,60,qlog,1.9,3.9270240657144444,True,False,59,barrido q-log; q por deviance de bins,0
1.9,5.0,2000,0,clean,70,pdf,1.8887238352832494,5.109312789855351,True,False,69,CONVERGENCE: RELATIVE REDUCTION OF F <= FACTR*EPSMCH,0
1.9,5.0,2000,0,clean,70,qlog,1.9,3.973879884716508,True,False,69,barrido q-log; q por deviance de bins,0
1.9,5.0,2000,0,clean,80,pdf,1.8967297477805882,5.207571395544201,True,False,78,CONVERGENCE: RELATIVE REDUCTION OF F <= FACTR*EPSMCH,0
1.9,5.0,2000,0,clean,80,qlog,1.92,3.973384143849403,True,False,78,barrido q-log; q por deviance de bins,0
1.9,5.0,2000,0,clean,90,pdf,1.8927167390660846,5.118611748675582,True,False,88,CONVERGENCE: RELATIVE REDUCTION OF F <= FACTR*EPSMCH,0
1.9,5.0,2000,0,clean,90,qlog,1.9,3.742510425671229,True,False,88,barrido q-log; q por deviance de bins,0
1.9,5.0,2000,0,clean,100,pdf,1.8940547863901562,5.167723136957039,True,False,96,CONVERGENCE: RELATIVE REDUCTION OF F <= FACTR*EPSMCH,0
1.9,5.0,2000,0,clean,100,qlog,1.9,3.6207515001186863,True,False,96,barrido q-log; q por deviance de bins,0
1.9,5.0,2000,0,clean,110,pdf,1.8930202474419928,5.139944312577867,True,False,105,CONVERGENCE: RELATIVE REDUCTION OF F <= FACTR*EPSMCH,0
1.9,5.0,2000,0,clean,110,qlog,1.9,3.556202132238589,True,False,105,barrido q-log; q por deviance de bins,0
1.9,5.0,2000,0,clean,120,pdf,1.8938208426822574,5.158473868851409,True,False,112,CONVERGENCE: RELATIVE REDUCTION OF F <= FACTR*EPSMCH,0
1.9,5.0,2000,0,clean,120,qlog,1.92,3.6568381786264523,True,False,112,barrido q-log; q por deviance de bins,0
1.9,5.0,2000,0,clean,130,pdf,1.8924356953057693,5.14105350389377,True,False,121,CONVERGENCE: RELATIVE REDUCTION OF F <= FACTR*EPSMCH,0
1.9,5.0,2000,0,clean,130,qlog,1.92,3.4521402157391434,True,False,121,barrido q-log; q por deviance de bins,0
1.9,5.0,2000,0,clean,140,pdf,1.8937681226917562,5.1588822985178595,True,False,130,CONVERGENCE: RELATIVE REDUCTION OF F <= FACTR*EPSMCH,0
1.9,5.0,2000,0,clean,140,qlog,1.92,3.4348987003648976,True,False,130,barrido q-log; q por deviance de bins,0
1.9,5.0,2000,0,clean,150,pdf,1.89522110635136,5.1853151879278165,True,False,136,CONVERGENCE: RELATIVE REDUCTION OF F <= FACTR*EPSMCH,0
1.9,5.0,2000,0,clean,150,qlog,1.92,3.148875169259304,True,False,136,barrido q-log; q por deviance de bins,0
1.9,5.0,2000,0,clean,160,pdf,1.8935721970280497,5.136475540307261,True,False,146,CONVERGENCE: RELATIVE REDUCTION OF F <= FACTR*EPSMCH,0
1.9,5.0,2000,0,clean,160,qlog,1.92,3.1730243970888927,True,False,146,barrido q-log; q por deviance de bins,0
1.9,5.0,2000,0,clean,170,pdf,1.893099643175632,5.1418284389015385,True,False,154,CONVERGENCE: RELATIVE REDUCTION OF F <= FACTR*EPSMCH,0
1.9,5.0,2000,0,clean,170,qlog,1.92,2.9927954465422544,True,False,154,barrido q-log; q por deviance de bins,0
1.9,5.0,2000,0,clean,180,pdf,1.8947447205718564,5.157955144967475,True,False,163,CONVERGENCE: RELATIVE REDUCTION OF F <= FACTR*EPSMCH,0
1.9,5.0,2000,0,clean,180,qlog,1.92,2.91388724039904,True,False,163,barrido q-log; q por deviance de bins,0
1.9,5.0,2000,0,clean,190,pdf,1.8938455697810066,5.159458095490242,True,False,169,CONVERGENCE: RELATIVE REDUCTION OF F <= FACTR*EPSMCH,0
1.9,5.0,2000,0,clean,190,qlog,1.94,2.9656705815345297,True,False,169,barrido q-log; q por deviance de bins,0
1.9,5.0,2000,0,clean,200,pdf,1.8938308392572292,5.152341798943293,True,False,176,CONVERGENCE: RELATIVE REDUCTION OF F <= FACTR*EPSMCH,0
1.9,5.0,2000,0,clean,200,qlog,1.94,2.758143809588706,True,False,176,barrido q-log; q por deviance de bins,0
1.9,5.0,2000,0,noisy,10,pdf,1.872483618834432,4.777796651733801,True,False,10,CONVERGENCE: NORM OF PROJECTED GRADIENT <= PGTOL,0
1.9,5.0,2000,0,noisy,10,qlog,2.4000000000000004,0.9459855244852602,True,False,10,barrido q-log; q por deviance de bins,0
1.9,5.0,2000,0,noisy,20,pdf,1.8836958901558536,4.997084143035108,True,False,20,CONVERGENCE: NORM OF PROJECTED GRADIENT <= PGTOL,0
1.9,5.0,2000,0,noisy,20,qlog,2.08,2.885606649093654,True,False,20,barrido q-log; q por deviance de bins,0
1.9,5.0,2000,0,noisy,30,pdf,1.8892343414272224,5.031280241233785,True,False,30,CONVERGENCE: RELATIVE REDUCTION OF F <= FACTR*EPSMCH,0
1.9,5.0,2000,0,noisy,30,qlog,1.96,3.5882758877697025,True,False,30,barrido q-log; q por deviance de bins,0
1.9,5.0,2000,0,noisy,40,pdf,1.8879931573642414,5.02698991587794,True,False,40,CONVERGENCE: RELATIVE REDUCTION OF F <= FACTR*EPSMCH,0
1.9,5.0,2000,0,noisy,40,qlog,1.94,3.906020945056374,True,False,40,barrido q-log; q por deviance de bins,0
1.9,5.0,2000,0,noisy,50,pdf,1.8920394624614705,5.078236097650334,True,False,49,CONVERGENCE: RELATIVE REDUCTION OF F <= FACTR*EPSMCH,0
1.9,5.0,2000,0,noisy,50,qlog,1.92,4.123217012870064,True,False,49,barrido q-log; q por deviance de bins,0
1.9,5.0,2000,0,noisy,60,pdf,1.887896616291706,5.0356872761377565,True,False,59,CONVERGENCE: RELATIVE REDUCTION OF F <= FACTR*EPSMCH,0
1.9,5.0,2000,0,noisy,60,qlog,1.9,3.8788881307073835,True,False,59,barrido q-log; q por deviance de bins,0
1.9,5.0,2000,0,noisy,70,pdf,1.8820132778362753,4.9280911696455725,True,False,69,CONVERGENCE: RELATIVE REDUCTION OF F <= FACTR*EPSMCH,0
1.9,5.0,2000,0,noisy,70,qlog,1.9,3.844652230948885,True,False,69,barrido q-log; q por deviance de bins,0
1.9,5.0,2000,0,noisy,80,pdf,1.8915741586892183,5.07490793307362,True,False,78,CONVERGENCE: NORM OF PROJECTED GRADIENT <= PGTOL,0
1.9,5.0,2000,0,noisy,80,qlog,1.92,3.8989168407658643,True,False,78,barrido q-log; q por deviance de bins,0
1.9,5.0,2000,0,noisy,90,pdf,1.890474306952862,5.046231022015183,True,False,88,CONVERGENCE: RELATIVE REDUCTION OF F <= FACTR*EPSMCH,0
1.9,5.0,2000,0,noisy,90,qlog,1.9,3.676864135669427,True,False,88,barrido q-log; q por deviance de bins,0
1.9,5.0,2000,0,noisy,100,pdf,1.8910607529789951,5.078699705264932,True,False,97,CONVERGENCE: RELATIVE REDUCTION OF F <= FACTR*EPSMCH,0
1.9,5.0,2000,0,noisy,100,qlog,1.9,3.7242523698952015,True,False,97,barrido q-log; q por deviance de bins,0
1.9,5.0,2000,0,noisy,110,pdf,1.8887003234582844,5.011542458999858,True,False,106,CONVERGENCE: RELATIVE REDUCTION OF F <= FACTR*EPSMCH,0
1.9,5.0,2000,0,noisy,110,qlog,1.9,3.4738764041331183,True,False,106,barrido q-log; q por deviance de bins,0
1.9,5.0,2000,0,noisy,120,pdf,1.8892878444524295,5.034101397859778,True,False,115,CONVERGENCE: RELATIVE REDUCTION OF F <= FACTR*EPSMCH,0
1.9,5.0,2000,0,noisy,120,qlog,1.9,3.2849484859942493,True,False,115,barrido q-log; q por deviance de bins,0
1.9,5.0,2000,0,noisy,130,pdf,1.8911389716469913,5.062213111142633,True,False,124,CONVERGENCE: RELATIVE REDUCTION OF F <= FACTR*EPSMCH,0
1.9,5.0,2000,0,noisy,130,qlog,1.92,3.2066408864027376,True,False,124,barrido q-log; q por deviance de bins,0
1.9,5.0,2000,0,noisy,140,pdf,1.8900917918806612,5.046108144177991,True,False,132,CONVERGENCE: RELATIVE REDUCTION OF F <= FACTR*EPSMCH,0
1.9,5.0,2000,0,noisy,140,qlog,1.92,3.1219979975484153,True,False,132,barrido q-log; q por deviance de bins,0
1.9,5.0,2000,0,noisy,150,pdf,1.891219000798365,5.061605394152894,True,False,140,CONVERGENCE: RELATIVE REDUCTION OF F <= FACTR*EPSMCH,0
1.9,5.0,2000,0,noisy,150,qlog,1.92,3.199910656910749,True,False,140,barrido q-log; q por deviance de bins,0
1.9,5.0,2000,0,noisy,160,pdf,1.8894338254214131,5.034111894400683,True,False,150,CONVERGENCE: RELATIVE REDUCTION OF F <= FACTR*EPSMCH,0
1.9,5.0,2000,0,noisy,160,qlog,1.92,3.068412898346294,True,False,150,barrido q-log; q por deviance de bins,0
1.9,5.0,2000,0,noisy,170,pdf,1.8898322792889668,5.040085073264723,True,False,158,CONVERGENCE: RELATIVE REDUCTION OF F <= FACTR*EPSMCH,0
1.9,5.0,2000,0,noisy,170,qlog,1.92,2.8789845274118404,True,False,158,barrido q-log; q por deviance de bins,0
1.9,5.0,2000,0,noisy,180,pdf,1.8917972787087136,5.072831365057985,True,False,167,CONVERGENCE: RELATIVE REDUCTION OF F <= FACTR*EPSMCH,0
1.9,5.0,2000,0,noisy,180,qlog,1.92,2.7097172513299808,True,False,167,barrido q-log; q por deviance de bins,0
1.9,5.0,2000,0,noisy,190,pdf,1.8891792171216197,5.028081925962256,True,False,174,CONVERGENCE: RELATIVE REDUCTION OF F <= FACTR*EPSMCH,0
1.9,5.0,2000,0,noisy,190,qlog,1.94,2.7770136164508386,True,False,174,barrido q-log; q por deviance de bins,0
1.9,5.0,2000,0,noisy,200,pdf,1.8905669452738716,5.055996498850439,True,False,182,CONVERGENCE: RELATIVE REDUCTION OF F <= FACTR*EPSMCH,0
1.9,5.0,2000,0,noisy,200,qlog,1.94,2.9477021340706693,True,False,182,barrido q-log; q por deviance de bins,0
1.9,5.0,2000,1,clean,10,pdf,1.884336086304288,4.5357688232156725,True,False,10,CONVERGENCE: RELATIVE REDUCTION OF F <= FACTR*EPSMCH,0
1.9,5.0,2000,1,clean,10,qlog,2.34,1.448233286565593,True,False,10,barrido q-log; q por deviance de bins,0
1.9,5.0,2000,1,clean,20,pdf,1.8853683376122312,4.640445598335024,True,False,20,CONVERGENCE: RELATIVE REDUCTION OF F <= FACTR*EPSMCH,0
1.9,5.0,2000,1,clean,20,qlog,2.04,3.1191748899374514,True,False,20,barrido q-log; q por deviance de bins,0
1.9,5.0,2000,1,clean,30,pdf,1.8876941350184797,4.727171397430684,True,False,30,CONVERGENCE: RELATIVE REDUCTION OF F <= FACTR*EPSMCH,0
1.9,5.0,2000,1,clean,30,qlog,1.94,3.309208707207747,True,False,30,barrido q-log; q por deviance de bins,0
1.9,5.0,2000,1,clean,40,pdf,1.8895061464178862,4.759181725909822,True,False,40,CONVERGENCE: RELATIVE REDUCTION OF F <= FACTR*EPSMCH,0
1.9,5.0,2000,1,clean,40,qlog,1.9,3.5788351984790956,True,False,40,barrido q-log; q por deviance de bins,0
1.9,5.0,2000,1,clean,50,pdf,1.8940329707071764,4.886901397666136,True,False,50,CONVERGENCE: RELATIVE REDUCTION OF F <= FACTR*EPSMCH,0
1.9,5.0,2000,1,clean,50,qlog,1.9,3.690832250649914,True,False,50,barrido q-log; q por deviance de bins,0
1.9,5.0,2000,1,clean,60,pdf,1.8880437774567573,4.760620978913326,True,False,59,CONVERGENCE: RELATIVE REDUCTION OF F <= FACTR*EPSMCH,0
1.9,5.0,2000,1,clean,60,qlog,1.9,3.623735561249654,True,False,59,barrido q-log; q por deviance de bins,0
1.9,5.0,2000,1,clean,70,pdf,1.8878805907654124,4.786623125891257,True,False,69,CONVERGENCE: RELATIVE REDUCTION OF F <= FACTR*EPSMCH,0
1.9,5.0,2000,1,clean,70,qlog,1.88,3.544412274078444,True,False,69,barrido q-log; q por deviance de bins,0
1.9,5.0,2000,1,clean,80,pdf,1.8875945165304375,4.754958633252436,True,False,76,CONVERGENCE: RELATIVE REDUCTION OF F <= FACTR*EPSMCH,0
1.9,5.0,2000,1,clean,80,qlog,1.88,3.579133101265262,True,False,76,barrido q-log; q por deviance de bins,0
1.9,5.0,2000,1,clean,90,pdf,1.8902060226083284,4.780397122816289,True,False,87,CONVERGENCE: RELATIVE REDUCTION OF F <= FACTR*EPSMCH,0
1.9,5.0,2000,1,clean,90,qlog,1.88,3.3867082877200976,True,False,87,barrido q-log; q por deviance de bins,0
1.9,5.0,2000,1,clean,100,pdf,1.8938260978615369,4.867114090253295,True,False,96,CONVERGENCE: RELATIVE REDUCTION OF F <= FACTR*EPSMCH,0
1.9,5.0,2000,1,clean,100,qlog,1.88,3.4842387292936388,True,False,96,barrido q-log; q por deviance de bins,0
1.9,5.0,2000,1,clean,110,pdf,1.8900221887167805,4.783613019383377,True,False,102,CONVERGENCE: RELATIVE REDUCTION OF F <= FACTR*EPSMCH,0
1.9,5.0,2000,1,clean,110,qlog,1.9,3.6026545442443827,True,False,102,barrido q-log; q por deviance de bins,0
1.9,5.0,2000,1,clean,120,pdf,1.889829132062259,4.790944546518865,True,False,113,CONVERGENCE: RELATIVE REDUCTION OF F <= FACTR*EPSMCH,0
1.9,5.0,2000,1,clean,120,qlog,1.9,3.381074508482115,True,False,113,barrido q-log; q por deviance de bins,0
1.9,5.0,2000,1,clean,130,pdf,1.8898840849608738,4.784564391275302,True,False,123,CONVERGENCE: RELATIVE REDUCTION OF F <= FACTR*EPSMCH,0
1.9,5.0,2000,1,clean,130,qlog,1.88,3.2217748373683164,True,False,123,barrido q-log; q por deviance de bins,0
1.9,5.0,2000,1,clean,140,pdf,1.8894812068045042,4.78552129276258,True,False,128,CONVERGENCE: RELATIVE REDUCTION OF F <= FACTR*EPSMCH,0
1.9,5.0,2000,1,clean,140,qlog,1.9,3.413824825194062,True,False,128,barrido q-log; q por deviance de bins,0
1.9,5.0,2000,1,clean,150,pdf,1.8919118212496862,4.822124854938015,True,False,137,CONVERGENCE: RELATIVE REDUCTION OF F <= FACTR*EPSMCH,0
1.9,5.0,2000,1,clean,150,qlog,1.9,3.2127164505660306,True,False,137,barrido q-log; q por deviance de bins,0
1.9,5.0,2000,1,clean,160,pdf,1.889341238070704,4.779914648748579,True,False,143,CONVERGENCE: RELATIVE REDUCTION OF F <= FACTR*EPSMCH,0
1.9,5.0,2000,1,clean,160,qlog,1.9,3.1064780704616575,True,False,143,barrido q-log; q por deviance de bins,0
1.9,5.0,2000,1,clean,170,pdf,1.8894000359315797,4.786827402508349,True,False,153,CONVERGENCE: RELATIVE REDUCTION OF F <= FACTR*EPSMCH,0
1.9,5.0,2000,1,clean,170,qlog,1.9,2.8152536197633844,True,False,153,barrido q-log; q por deviance de bins,0
1.9,5.0,2000,1,clean,180,pdf,1.8911420288169112,4.800829976812655,True,False,162,CONVERGENCE: RELATIVE REDUCTION OF F <= FACTR*EPSMCH,0
1.9,5.0,2000,1,clean,180,qlog,1.9,2.9241068400798453,True,False,162,barrido q-log; q por deviance de bins,0
1.9,5.0,2000,1,clean,190,pdf,1.890456831644619,4.805327498400085,True,False,169,CONVERGENCE: RELATIVE REDUCTION OF F <= FACTR*EPSMCH,0
1.9,5.0,2000,1,clean,190,qlog,1.9,2.98291978382536,True,False,169,barrido q-log; q por deviance de bins,0
1.9,5.0,2000,1,clean,200,pdf,1.8919300815420603,4.830756487526193,True,False,178,CONVERGENCE: RELATIVE REDUCTION OF F <= FACTR*EPSMCH,0
1.9,5.0,2000,1,clean,200,qlog,1.9,2.93479530045215,True,False,178,barrido q-log; q por deviance de bins,0
1.9,5.0,2000,1,noisy,10,pdf,1.8808934082691167,4.521089967183408,True,False,10,CONVERGENCE: NORM OF PROJECTED GRADIENT <= PGTOL,0
1.9,5.0,2000,1,noisy,10,qlog,2.34,1.4889769587375712,True,False,10,barrido q-log; q por deviance de bins,0
1.9,5.0,2000,1,noisy,20,pdf,1.880578725997427,4.56652391598727,True,False,20,CONVERGENCE: RELATIVE REDUCTION OF F <= FACTR*EPSMCH,0
1.9,5.0,2000,1,noisy,20,qlog,2.04,3.1312080250541685,True,False,20,barrido q-log; q por deviance de bins,0
1.9,5.0,2000,1,noisy,30,pdf,1.8834542146625086,4.66801855551367,True,False,30,CONVERGENCE: RELATIVE REDUCTION OF F <= FACTR*EPSMCH,0
1.9,5.0,2000,1,noisy,30,qlog,1.94,3.39503200802021,True,False,30,barrido q-log; q por deviance de bins,0
1.9,5.0,2000,1,noisy,40,pdf,1.8860248554005963,4.696995114394415,True,False,40,CONVERGENCE: NORM OF PROJECTED GRADIENT <= PGTOL,0
1.9,5.0,2000,1,noisy,40,qlog,1.9,3.5223803629866532,True,False,40,barrido q-log; q por deviance de bins,0
1.9,5.0,2000,1,noisy,50,pdf,1.8875076009920158,4.723205765981772,True,False,50,CONVERGENCE: RELATIVE REDUCTION OF F <= FACTR*EPSMCH,0
1.9,5.0,2000,1,noisy,50,qlog,1.9,3.6772455103403314,True,False,50,barrido q-log; q por deviance de bins,0
1.9,5.0,2000,1,noisy,60,pdf,1.8838353779823505,4.699634304174278,True,False,59,CONVERGENCE: RELATIVE REDUCTION OF F <= FACTR*EPSMCH,0
1.9,5.0,2000,1,noisy,60,qlog,1.9,3.6451017683377978,True,False,59,barrido q-log; q por deviance de bins,0
1.9,5.0,2000,1,noisy,70,pdf,1.882041315142253,4.6451942451700265,True,False,68,CONVERGENCE: RELATIVE REDUCTION OF F <= FACTR*EPSMCH,0
1.9,5.0,2000,1,noisy,70,qlog,1.88,3.4568624046083527,True,False,68,barrido q-log; q por deviance de bins,0
1.9,5.0,2000,1,noisy,80,pdf,1.8829278058811831,4.659468313860852,True,False,77,CONVERGENCE: RELATIVE REDUCTION OF F <= FACTR*EPSMCH,0
1.9,5.0,2000,1,noisy,80,qlog,1.88,3.4870599663669344,True,False,77,barrido q-log; q por deviance de bins,0
1.9,5.0,2000,1,noisy,90,pdf,1.8881192435989171,4.726367823561714,True,False,87,CONVERGENCE: RELATIVE REDUCTION OF F <= FACTR*EPSMCH,0
1.9,5.0,2000,1,noisy,90,qlog,1.88,3.290154535117892,True,False,87,barrido q-log; q por deviance de bins,0
1.9,5.0,2000,1,noisy,100,pdf,1.8886955676184292,4.74922599619896,True,False,97,CONVERGENCE: RELATIVE REDUCTION OF F <= FACTR*EPSMCH,0
1.9,5.0,2000,1,noisy,100,qlog,1.88,3.3627644520342654,True,False,97,barrido q-log; q por deviance de bins,0
1.9,5.0,2000,1,noisy,110,pdf,1.8860506276738764,4.725561974283013,True,False,104,CONVERGENCE: RELATIVE REDUCTION OF F <= FACTR*EPSMCH,0
1.9,5.0,2000,1,noisy,110,qlog,1.88,3.175790155767187,True,False,104,barrido q-log; q por deviance de bins,0
1.9,5.0,2000,1,noisy,120,pdf,1.8845386043343533,4.681293174615194,True,False,113,CONVERGENCE: RELATIVE REDUCTION OF F <= FACTR*EPSMCH,0
1.9,5.0,2000,1,noisy,120,qlog,1.88,3.0767185961446972,True,False,113,barrido q-log; q por deviance de bins,0
1.9,5.0,2000,1,noisy,130,pdf,1.8889478348855284,4.752985120047869,True,False,123,CONVERGENCE: RELATIVE REDUCTION OF F <= FACTR*EPSMCH,0
1.9,5.0,2000,1,noisy,130,qlog,1.88,3.195873373820284,True,False,123,barrido q-log; q por deviance de bins,0
1.9,5.0,2000,1,noisy,140,pdf,1.8868787178864943,4.711548163134598,True,False,128,CONVERGENCE: RELATIVE REDUCTION OF F <= FACTR*EPSMCH,0
1.9,5.0,2000,1,noisy,140,qlog,1.88,3.0491315768748555,True,False,128,barrido q-log; q por deviance de bins,0
1.9,5.0,2000,1,noisy,150,pdf,1.8870529628240038,4.711082767573651,True,False,138,CONVERGENCE: RELATIVE REDUCTION OF F <= FACTR*EPSMCH,0
1.9,5.0,2000,1,noisy,150,qlog,1.9,2.989287165608112,True,False,138,barrido q-log; q por deviance de bins,0
1.9,5.0,2000,1,noisy,160,pdf,1.8869233400228114,4.7255131986978,True,False,145,CONVERGENCE: RELATIVE REDUCTION OF F <= FACTR*EPSMCH,0
1.9,5.0,2000,1,noisy,160,qlog,1.9,2.8831006739001483,True,False,145,barrido q-log; q por deviance de bins,0
1.9,5.0,2000,1,noisy,170,pdf,1.8880609797153454,4.7443817293853225,True,False,153,CONVERGENCE: RELATIVE REDUCTION OF F <= FACTR*EPSMCH,0
1.9,5.0,2000,1,noisy,170,qlog,1.9,2.7363451016273177,True,False,153,barrido q-log; q por deviance de bins,0
1.9,5.0,2000,1,noisy,180,pdf,1.8881820430156646,4.7365358740880845,True,False,162,CONVERGENCE: RELATIVE REDUCTION OF F <= FACTR*EPSMCH,0
1.9,5.0,2000,1,noisy,180,qlog,1.88,2.4700580291291327,True,False,162,barrido q-log; q por deviance de bins,0
1.9,5.0,2000,1,noisy,190,pdf,1.8866141007188724,4.722407950297985,True,False,169,CONVERGENCE: RELATIVE REDUCTION OF F <= FACTR*EPSMCH,0
1.9,5.0,2000,1,noisy,190,qlog,1.88,2.580487283420502,True,False,169,barrido q-log; q por deviance de bins,0
1.9,5.0,2000,1,noisy,200,pdf,1.8879420572963839,4.739326910571461,True,False,181,CONVERGENCE: RELATIVE REDUCTION OF F <= FACTR*EPSMCH,0
1.9,5.0,2000,1,noisy,200,qlog,1.88,2.5708969086457567,True,False,181,barrido q-log; q por deviance de bins,0
1.9,5.0,2000,2,clean,10,pdf,1.853734058769197,4.3375584435775085,True,False,10,CONVERGENCE: RELATIVE REDUCTION OF F <= FACTR*EPSMCH,0
1.9,5.0,2000,2,clean,10,qlog,2.3600000000000003,0.8853389137050194,True,False,10,barrido q-log; q por deviance de bins,0
1.9,5.0,2000,2,clean,20,pdf,1.854852844999788,4.32776071834472,True,False,20,CONVERGENCE: RELATIVE REDUCTION OF F <= FACTR*EPSMCH,0
1.9,5.0,2000,2,clean,20,qlog,2.06,2.704652663392031,True,False,20,barrido q-log; q por deviance de bins,0
1.9,5.0,2000,2,clean,30,pdf,1.8545154727123785,4.316017730763569,True,False,30,CONVERGENCE: RELATIVE REDUCTION OF F <= FACTR*EPSMCH,0
1.9,5.0,2000,2,clean,30,qlog,1.92,2.936136986269407,True,False,30,barrido q-log; q por deviance de bins,0
1.9,5.0,2000,2,clean,40,pdf,1.8635921068803643,4.4361417907491045,True,False,40,CONVERGENCE: RELATIVE REDUCTION OF F <= FACTR*EPSMCH,0
1.9,5.0,2000,2,clean,40,qlog,1.9,3.357417741206994,True,False,40,barrido q-log; q por deviance de bins,0
1.9,5.0,2000,2,clean,50,pdf,1.8623652520109117,4.4243661697039025,True,False,50,CONVERGENCE: RELATIVE REDUCTION OF F <= FACTR*EPSMCH,0
1.9,5.0,2000,2,clean,50,qlog,1.88,3.3780698706022867,True,False,50,barrido q-log; q por deviance de bins,0
1.9,5.0,2000,2,clean,60,pdf,1.8630531650571296,4.438435306004163,True,False,60,CONVERGENCE: RELATIVE REDUCTION OF F <= FACTR*EPSMCH,0
1.9,5.0,2000,2,clean,60,qlog,1.88,3.4208486710294355,True,False,60,barrido q-log; q por deviance de bins,0
1.9,5.0,2000,2,clean,70,pdf,1.8636613068293881,4.456239057051156,True,False,68,CONVERGENCE: RELATIVE REDUCTION OF F <= FACTR*EPSMCH,0
1.9,5.0,2000,2,clean,70,qlog,1.88,3.5643861199578954,True,False,68,barrido q-log; q por deviance de bins,0
1.9,5.0,2000,2,clean,80,pdf,1.858524648225809,4.380972530241503,True,False,78,CONVERGENCE: RELATIVE REDUCTION OF F <= FACTR*EPSMCH,0
1.9,5.0,2000,2,clean,80,qlog,1.8599999999999999,3.1110932988653337,True,False,78,barrido q-log; q por deviance de bins,0
1.9,5.0,2000,2,clean,90,pdf,1.8637316539771758,4.429865570269776,True,False,88,CONVERGENCE: RELATIVE REDUCTION OF F <= FACTR*EPSMCH,0
1.9,5.0,2000,2,clean,90,qlog,1.88,3.3609921405644116,True,False,88,barrido q-log; q por deviance de bins,0
1.9,5.0,2000,2,clean,100,pdf,1.8616271474995516,4.427477780290473,True,False,97,CONVERGENCE: RELATIVE REDUCTION OF F <= FACTR*EPSMCH,0
1.9,5.0,2000,2,clean,100,qlog,1.8599999999999999,3.2178852677304346,True,False,97,barrido q-log; q por deviance de bins,0
1.9,5.0,2000,2,clean,110,pdf,1.8616682801126794,4.4124540622250885,True,False,105,CONVERGENCE: RELATIVE REDUCTION OF F <= FACTR*EPSMCH,0
1.9,5.0,2000,2,clean,110,qlog,1.88,3.237501092204031,True,False,105,barrido q-log; q por deviance de bins,0
1.9,5.0,2000,2,clean,120,pdf,1.8637577144484512,4.444560841721981,True,False,114,CONVERGENCE: NORM OF PROJECTED GRADIENT <= PGTOL,0
1.9,5.0,2000,2,clean,120,qlog,1.88,3.1375782314673577,True,False,114,barrido q-log; q por deviance de bins,0
1.9,5.0,2000,2,clean,130,pdf,1.8625196767877348,4.4236367650189194,True,False,124,CONVERGENCE: RELATIVE REDUCTION OF F <= FACTR*EPSMCH,0
1.9,5.0,2000,2,clean,130,qlog,1.88,3.027930197698821,True,False,124,barrido q-log; q por deviance de bins,0
1.9,5.0,2000,2,clean,140,pdf,1.861113224367464,4.411024150997843,True,False,133,CONVERGENCE: RELATIVE REDUCTION OF F <= FACTR*EPSMCH,0
1.9,5.0,2000,2,clean,140,qlog,1.88,3.0712132557845804,True,False,133,barrido q-log; q por deviance de bins,0
1.9,5.0,2000,2,clean,150,pdf,1.8632075545751317,4.435806042275702,True,False,140,CONVERGENCE: RELATIVE REDUCTION OF F <= FACTR*EPSMCH,0
1.9,5.0,2000,2,clean,150,qlog,1.88,2.7623409252453954,True,False,140,barrido q-log; q por deviance de bins,0
1.9,5.0,2000,2,clean,160,pdf,1.8601113840233536,4.40155834390035,True,False,147,CONVERGENCE: RELATIVE REDUCTION OF F <= FACTR*EPSMCH,0
1.9,5.0,2000,2,clean,160,qlog,1.88,2.7035784002268746,True,False,147,barrido q-log; q por deviance de bins,0
1.9,5.0,2000,2,clean,170,pdf,1.8613466927971098,4.4122590334129335,True,False,155,CONVERGENCE: RELATIVE REDUCTION OF F <= FACTR*EPSMCH,0
1.9,5.0,2000,2,clean,170,qlog,1.88,2.75962827214852,True,False,155,barrido q-log; q por deviance de bins,0
1.9,5.0,2000,2,clean,180,pdf,1.8646276363352405,4.454122406026469,True,False,166,CONVERGENCE: RELATIVE REDUCTION OF F <= FACTR*EPSMCH,0
1.9,5.0,2000,2,clean,180,qlog,1.9,2.792884666693268,True,False,166,barrido q-log; q por deviance de bins,0
1.9,5.0,2000,2,clean,190,pdf,1.8642851322507163,4.4497929267895655,True,False,174,CONVERGENCE: RELATIVE REDUCTION OF F <= FACTR*EPSMCH,0
1.9,5.0,2000,2,clean,190,qlog,1.9,2.7012609165431782,True,False,174,barrido q-log; q por deviance de bins,0
1.9,5.0,2000,2,clean,200,pdf,1.8641232676644743,4.446298152699047,True,False,181,CONVERGENCE: RELATIVE REDUCTION OF F <= FACTR*EPSMCH,0
1.9,5.0,2000,2,clean,200,qlog,1.9,2.6493087367210464,True,False,181,barrido q-log; q por deviance de bins,0
1.9,5.0,2000,2,noisy,10,pdf,1.8520130134143058,4.342124959469081,True,False,10,CONVERGENCE: NORM OF PROJECTED GRADIENT <= PGTOL,0
1.9,5.0,2000,2,noisy,10,qlog,2.3600000000000003,0.9146030068129312,True,False,10,barrido q-log; q por deviance de bins,0
1.9,5.0,2000,2,noisy,20,pdf,1.8472093759890935,4.200067638238791,True,False,20,CONVERGENCE: RELATIVE REDUCTION OF F <= FACTR*EPSMCH,0
1.9,5.0,2000,2,noisy,20,qlog,2.06,2.727947490733245,True,False,20,barrido q-log; q por deviance de bins,0
1.9,5.0,2000,2,noisy,30,pdf,1.8497795109211936,4.193910752536802,True,False,30,CONVERGENCE: RELATIVE REDUCTION OF F <= FACTR*EPSMCH,0
1.9,5.0,2000,2,noisy,30,qlog,1.92,2.852252628250799,True,False,30,barrido q-log; q por deviance de bins,0
1.9,5.0,2000,2,noisy,40,pdf,1.8581618402543614,4.323687278490311,True,False,40,CONVERGENCE: RELATIVE REDUCTION OF F <= FACTR*EPSMCH,0
1.9,5.0,2000,2,noisy,40,qlog,1.9,3.3739599696257803,True,False,40,barrido q-log; q por deviance de bins,0
1.9,5.0,2000,2,noisy,50,pdf,1.857870661638002,4.3009733881045475,True,False,50,CONVERGENCE: RELATIVE REDUCTION OF F <= FACTR*EPSMCH,0
1.9,5.0,2000,2,noisy,50,qlog,1.88,3.399949950641516,True,False,50,barrido q-log; q por deviance de bins,0
1.9,5.0,2000,2,noisy,60,pdf,1.8567754719155414,4.293712242994325,True,False,60,CONVERGENCE: RELATIVE REDUCTION OF F <= FACTR*EPSMCH,0
1.9,5.0,2000,2,noisy,60,qlog,1.88,3.307980110078722,True,False,60,barrido q-log; q por deviance de bins,0
1.9,5.0,2000,2,noisy,70,pdf,1.8565313580322458,4.284859219507535,True,False,68,CONVERGENCE: RELATIVE REDUCTION OF F <= FACTR*EPSMCH,0
1.9,5.0,2000,2,noisy,70,qlog,1.8599999999999999,3.3028744702757598,True,False,68,barrido q-log; q por deviance de bins,0
1.9,5.0,2000,2,noisy,80,pdf,1.8508228107327696,4.205551482745726,True,False,78,CONVERGENCE: RELATIVE REDUCTION OF F <= FACTR*EPSMCH,0
1.9,5.0,2000,2,noisy,80,qlog,1.8599999999999999,3.1504514404507726,True,False,78,barrido q-log; q por deviance de bins,0
1.9,5.0,2000,2,noisy,90,pdf,1.8578600607700841,4.290677912760045,True,False,88,CONVERGENCE: RELATIVE REDUCTION OF F <= FACTR*EPSMCH,0
1.9,5.0,2000,2,noisy,90,qlog,1.8599999999999999,3.131882988280683,True,False,88,barrido q-log; q por deviance de bins,0
1.9,5.0,2000,2,noisy,100,pdf,1.8553732858741248,4.267503240549694,True,False,97,CONVERGENCE: RELATIVE REDUCTION OF F <= FACTR*EPSMCH,0
1.9,5.0,2000,2,noisy,100,qlog,1.8599999999999999,3.120948018823253,True,False,97,barrido q-log; q por deviance de bins,0
1.9,5.0,2000,2,noisy,110,pdf,1.857587105567817,4.295603835264707,True,False,106,CONVERGENCE: RELATIVE REDUCTION OF F <= FACTR*EPSMCH,0
1.9,5.0,2000,2,noisy,110,qlog,1.8599999999999999,2.914406079038244,True,False,106,barrido q-log; q por deviance de bins,0
1.9,5.0,2000,2,noisy,120,pdf,1.8571001905418416,4.28748705156551,True,False,115,CONVERGENCE: RELATIVE REDUCTION OF F <= FACTR*EPSMCH,0
1.9,5.0,2000,2,noisy,120,qlog,1.8599999999999999,2.7581642749795243,True,False,115,barrido q-log; q por deviance de bins,0
1.9,5.0,2000,2,noisy,130,pdf,1.8577882844725475,4.294246043076929,True,False,123,CONVERGENCE: RELATIVE REDUCTION OF F <= FACTR*EPSMCH,0
1.9,5.0,2000,2,noisy,130,qlog,1.88,2.934993450961862,True,False,123,barrido q-log; q por deviance de bins,0
1.9,5.0,2000,2,noisy,140,pdf,1.8560116871814307,4.268612138132969,True,False,131,CONVERGENCE: RELATIVE REDUCTION OF F <= FACTR*EPSMCH,0
1.9,5.0,2000,2,noisy,140,qlog,1.8599999999999999,2.5422175181054927,True,False,131,barrido q-log; q por deviance de bins,0
1.9,5.0,2000,2,noisy,150,pdf,1.8577719286011867,4.2860319451685545,True,False,140,CONVERGENCE: RELATIVE REDUCTION OF F <= FACTR*EPSMCH,0
1.9,5.0,2000,2,noisy,150,qlog,1.88,2.602294633735602,True,False,140,barrido q-log; q por deviance de bins,0
1.9,5.0,2000,2,noisy,160,pdf,1.8549667195101898,4.263228060114018,True,False,148,CONVERGENCE: RELATIVE REDUCTION OF F <= FACTR*EPSMCH,0
1.9,5.0,2000,2,noisy,160,qlog,1.88,2.538590595560114,True,False,148,barrido q-log; q por deviance de bins,0
1.9,5.0,2000,2,noisy,170,pdf,1.8572047372270934,4.284541501480335,True,False,157,CONVERGENCE: RELATIVE REDUCTION OF F <= FACTR*EPSMCH,0
1.9,5.0,2000,2,noisy,170,qlog,1.88,2.547418306919917,True,False,157,barrido q-log; q por deviance de bins,0
1.9,5.0,2000,2,noisy,180,pdf,1.8580695309366102,4.292707749000694,True,False,165,CONVERGENCE: RELATIVE REDUCTION OF F <= FACTR*EPSMCH,0
1.9,5.0,2000,2,noisy,180,qlog,1.88,2.4823103116454197,True,False,165,barrido q-log; q por deviance de bins,0
1.9,5.0,2000,2,noisy,190,pdf,1.8592486438423386,4.302822136075889,True,False,175,CONVERGENCE: RELATIVE REDUCTION OF F <= FACTR*EPSMCH,0
1.9,5.0,2000,2,noisy,190,qlog,1.88,2.334951277215308,True,False,175,barrido q-log; q por deviance de bins,0
1.9,5.0,2000,2,noisy,200,pdf,1.85949809947241,4.3154923382482435,True,False,181,CONVERGENCE: RELATIVE REDUCTION OF F <= FACTR*EPSMCH,0
1.9,5.0,2000,2,noisy,200,qlog,1.9,2.606171123634229,True,False,181,barrido q-log; q por deviance de bins,0
1.9,5.0,2000,3,clean,10,pdf,1.8947080780522836,4.5703384819640975,True,False,10,CONVERGENCE: RELATIVE REDUCTION OF F <= FACTR*EPSMCH,0
1.9,5.0,2000,3,clean,10,qlog,2.6,0.012916490064473967,True,False,10,barrido q-log; q por deviance de bins,0
1.9,5.0,2000,3,clean,20,pdf,1.9066484246396986,4.824759662492886,True,False,19,CONVERGENCE: RELATIVE REDUCTION OF F <= FACTR*EPSMCH,0
1.9,5.0,2000,3,clean,20,qlog,2.34,1.1080843603976198,True,False,19,barrido q-log; q por deviance de bins,0
1.9,5.0,2000,3,clean,30,pdf,1.9096306292596266,4.9116946737956315,True,False,29,CONVERGENCE: RELATIVE REDUCTION OF F <= FACTR*EPSMCH,0
1.9,5.0,2000,3,clean,30,qlog,2.1799999999999997,2.4920365140378014,True,False,29,barrido q-log; q por deviance de bins,0
1.9,5.0,2000,3,clean,40,pdf,1.9149623628015926,4.980554215990569,True,False,38,CONVERGENCE: RELATIVE REDUCTION OF F <= FACTR*EPSMCH,0
1.9,5.0,2000,3,clean,40,qlog,2.08,3.1467864422394163,True,False,38,barrido q-log; q por deviance de bins,0
1.9,5.0,2000,3,clean,50,pdf,1.920740627885692,5.059188102958302,True,False,48,CONVERGENCE: RELATIVE REDUCTION OF F <= FACTR*EPSMCH,0
1.9,5.0,2000,3,clean,50,qlog,2.06,3.5077638075320454,True,False,48,barrido q-log; q por deviance de bins,0
1.9,5.0,2000,3,clean,60,pdf,1.9165063547779841,5.011359727403961,True,False,56,CONVERGENCE: RELATIVE REDUCTION OF F <= FACTR*EPSMCH,0
1.9,5.0,2000,3,clean,60,qlog,2.06,3.6253988677353033,True,False,56,barrido q-log; q por deviance de bins,0
1.9,5.0,2000,3,clean,70,pdf,1.9128620997367054,4.963010533448355,True,False,64,CONVERGENCE: RELATIVE REDUCTION OF F <= FACTR*EPSMCH,0
1.9,5.0,2000,3,clean,70,qlog,2.08,3.8157513297506367,True,False,64,barrido q-log; q por deviance de bins,0
1.9,5.0,2000,3,clean,80,pdf,1.9133518847400393,4.960615474654117,True,False,74,CONVERGENCE: RELATIVE REDUCTION OF F <= FACTR*EPSMCH,0
1.9,5.0,2000,3,clean,80,qlog,2.08,3.6060239652134376,True,False,74,barrido q-log; q por deviance de bins,0
1.9,5.0,2000,3,clean,90,pdf,1.9142889217577173,4.9796821148024115,True,False,82,CONVERGENCE: RELATIVE REDUCTION OF F <= FACTR*EPSMCH,0
1.9,5.0,2000,3,clean,90,qlog,2.08,3.4890309096436294,True,False,82,barrido q-log; q por deviance de bins,0
1.9,5.0,2000,3,clean,100,pdf,1.9164590523162621,4.9855630374910485,True,False,92,CONVERGENCE: RELATIVE REDUCTION OF F <= FACTR*EPSMCH,0
1.9,5.0,2000,3,clean,100,qlog,2.1,3.4527063322811262,True,False,92,barrido q-log; q por deviance de bins,0
1.9,5.0,2000,3,clean,110,pdf,1.9169495780574124,5.013590920304727,True,False,100,CONVERGENCE: RELATIVE REDUCTION OF F <= FACTR*EPSMCH,0
1.9,5.0,2000,3,clean,110,qlog,2.1,3.3095690721897553,True,False,100,barrido q-log; q por deviance de bins,0
1.9,5.0,2000,3,clean,120,pdf,1.9200312978516703,5.066561877751708,True,False,109,CONVERGENCE: RELATIVE REDUCTION OF F <= FACTR*EPSMCH,0
1.9,5.0,2000,3,clean,120,qlog,2.1,2.794440897230676,True,False,109,barrido q-log; q por deviance de bins,0
1.9,5.0,2000,3,clean,130,pdf,1.9235401851790626,5.094099563554141,True,False,118,CONVERGENCE: RELATIVE REDUCTION OF F <= FACTR*EPSMCH,0
1.9,5.0,2000,3,clean,130,qlog,2.12,2.7692016412686074,True,False,118,barrido q-log; q por deviance de bins,0
1.9,5.0,2000,3,clean,140,pdf,1.921275497093504,5.065129697765169,True,False,125,CONVERGENCE: RELATIVE REDUCTION OF F <= FACTR*EPSMCH,0
1.9,5.0,2000,3,clean,140,qlog,2.12,2.9605965340842864,True,False,125,barrido q-log; q por deviance de bins,0
1.9,5.0,2000,3,clean,150,pdf,1.9187360463358476,5.043113563056036,True,False,135,CONVERGENCE: RELATIVE REDUCTION OF F <= FACTR*EPSMCH,0
1.9,5.0,2000,3,clean,150,qlog,2.12,2.53330576881099,True,False,135,barrido q-log; q por deviance de bins,0
1.9,5.0,2000,3,clean,160,pdf,1.9155722270462503,4.98422392016333,True,False,142,CONVERGENCE: RELATIVE REDUCTION OF F <= FACTR*EPSMCH,0
1.9,5.0,2000,3,clean,160,qlog,2.12,2.5147039977643018,True,False,142,barrido q-log; q por deviance de bins,0
1.9,5.0,2000,3,clean,170,pdf,1.916158155945584,4.984307269504716,True,False,153,CONVERGENCE: RELATIVE REDUCTION OF F <= FACTR*EPSMCH,0
1.9,5.0,2000,3,clean,170,qlog,2.14,2.36519884322504,True,False,153,barrido q-log; q por deviance de bins,0
1.9,5.0,2000,3,clean,180,pdf,1.918117669924429,5.030889639962917,True,False,157,CONVERGENCE: RELATIVE REDUCTION OF F <= FACTR*EPSMCH,0
1.9,5.0,2000,3,clean,180,qlog,2.14,2.1967741886174776,True,False,157,barrido q-log; q por deviance de bins,0
1.9,5.0,2000,3,clean,190,pdf,1.917667977053912,5.025979913433257,True,False,166,CONVERGENCE: RELATIVE REDUCTION OF F <= FACTR*EPSMCH,0
1.9,5.0,2000,3,clean,190,qlog,2.14,2.1761154014131057,True,False,166,barrido q-log; q por deviance de bins,0
1.9,5.0,2000,3,clean,200,pdf,1.9159152911945747,4.98259594549413,True,False,175,CONVERGENCE: RELATIVE REDUCTION OF F <= FACTR*EPSMCH,0
1.9,5.0,2000,3,clean,200,qlog,2.14,2.2739465306394533,True,False,175,barrido q-log; q por deviance de bins,0
1.9,5.0,2000,3,noisy,10,pdf,1.8985264020649517,4.627667253147923,True,False,10,CONVERGENCE: RELATIVE REDUCTION OF F <= FACTR*EPSMCH,0
1.9,5.0,2000,3,noisy,10,qlog,2.6,0.012785463956278113,True,False,10,barrido q-log; q por deviance de bins,0
1.9,5.0,2000,3,noisy,20,pdf,1.9091694082460455,4.836521583981726,True,False,19,CONVERGENCE: RELATIVE REDUCTION OF F <= FACTR*EPSMCH,0
1.9,5.0,2000,3,noisy,20,qlog,2.34,1.109196646314289,True,False,19,barrido q-log; q por deviance de bins,0
1.9,5.0,2000,3,noisy,30,pdf,1.913749581056567,4.980067098236675,True,False,29,CONVERGENCE: RELATIVE REDUCTION OF F <= FACTR*EPSMCH,0
1.9,5.0,2000,3,noisy,30,qlog,2.1799999999999997,2.5193444144104795,True,False,29,barrido q-log; q por deviance de bins,0
1.9,5.0,2000,3,noisy,40,pdf,1.9178831684674829,5.020946828933876,True,False,38,CONVERGENCE: RELATIVE REDUCTION OF F <= FACTR*EPSMCH,0
1.9,5.0,2000,3,noisy,40,qlog,2.08,3.1910577208706736,True,False,38,barrido q-log; q por deviance de bins,0
1.9,5.0,2000,3,noisy,50,pdf,1.9191435060721012,5.0104093002872965,True,False,47,CONVERGENCE: RELATIVE REDUCTION OF F <= FACTR*EPSMCH,0
1.9,5.0,2000,3,noisy,50,qlog,2.06,3.4813507051928587,True,False,47,barrido q-log; q por deviance de bins,0
1.9,5.0,2000,3,noisy,60,pdf,1.917736866230172,5.003889069281651,True,False,56,CONVERGENCE: NORM OF PROJECTED GRADIENT <= PGTOL,0
1.9,5.0,2000,3,noisy,60,qlog,2.06,3.7391430662076375,True,False,56,barrido q-log; q por deviance de bins,0
1.9,5.0,2000,3,noisy,70,pdf,1.9121245912330553,4.924688940257669,True,False,64,CONVERGENCE: RELATIVE REDUCTION OF F <= FACTR*EPSMCH,0
1.9,5.0,2000,3,noisy,70,qlog,2.08,3.6006325835297512,True,False,64,barrido q-log; q por deviance de bins,0
1.9,5.0,2000,3,noisy,80,pdf,1.915571795590531,4.983500269039888,True,False,74,CONVERGENCE: RELATIVE REDUCTION OF F <= FACTR*EPSMCH,0
1.9,5.0,2000,3,noisy,80,qlog,2.08,3.641121203888788,True,False,74,barrido q-log; q por deviance de bins,0
1.9,5.0,2000,3,noisy,90,pdf,1.91521978221352,4.968438227338248,True,False,82,CONVERGENCE: RELATIVE REDUCTION OF F <= FACTR*EPSMCH,0
1.9,5.0,2000,3,noisy,90,qlog,2.08,3.2025342215060038,True,False,82,barrido q-log; q por deviance de bins,0
1.9,5.0,2000,3,noisy,100,pdf,1.9184472508522046,5.018972369544638,True,False,91,CONVERGENCE: RELATIVE REDUCTION OF F <= FACTR*EPSMCH,0
1.9,5.0,2000,3,noisy,100,qlog,2.1,3.390024195178519,True,False,91,barrido q-log; q por deviance de bins,0
1.9,5.0,2000,3,noisy,110,pdf,1.9154695037397156,4.972096425512531,True,False,99,CONVERGENCE: RELATIVE REDUCTION OF F <= FACTR*EPSMCH,0
1.9,5.0,2000,3,noisy,110,qlog,2.1,3.205416872381473,True,False,99,barrido q-log; q por deviance de bins,0
1.9,5.0,2000,3,noisy,120,pdf,1.9205892766177606,5.0472273829304495,True,False,109,CONVERGENCE: RELATIVE REDUCTION OF F <= FACTR*EPSMCH,0
1.9,5.0,2000,3,noisy,120,qlog,2.1,3.073639489820744,True,False,109,barrido q-log; q por deviance de bins,0
1.9,5.0,2000,3,noisy,130,pdf,1.9240886625540963,5.094902629505541,True,False,116,CONVERGENCE: RELATIVE REDUCTION OF F <= FACTR*EPSMCH,0
1.9,5.0,2000,3,noisy,130,qlog,2.12,2.830458130855076,True,False,116,barrido q-log; q por deviance de bins,0
1.9,5.0,2000,3,noisy,140,pdf,1.921472214877863,5.054136454636252,True,False,124,CONVERGENCE: RELATIVE REDUCTION OF F <= FACTR*EPSMCH,0
1.9,5.0,2000,3,noisy,140,qlog,2.12,2.6473891317783957,True,False,124,barrido q-log; q por deviance de bins,0
1.9,5.0,2000,3,noisy,150,pdf,1.9186265487445238,5.013542383671136,True,False,132,CONVERGENCE: RELATIVE REDUCTION OF F <= FACTR*EPSMCH,0
1.9,5.0,2000,3,noisy,150,qlog,2.12,2.7243198297411344,True,False,132,barrido q-log; q por deviance de bins,0
1.9,5.0,2000,3,noisy,160,pdf,1.9170915354019316,4.998119247579813,True,False,141,CONVERGENCE: RELATIVE REDUCTION OF F <= FACTR*EPSMCH,0
1.9,5.0,2000,3,noisy,160,qlog,2.12,2.37150589673308,True,False,141,barrido q-log; q por deviance de bins,0
1.9,5.0,2000,3,noisy,170,pdf,1.9179703319297807,4.9975304298898635,True,False,149,CONVERGENCE: RELATIVE REDUCTION OF F <= FACTR*EPSMCH,0
1.9,5.0,2000,3,noisy,170,qlog,2.14,2.375091319904752,True,False,149,barrido q-log; q por deviance de bins,0
1.9,5.0,2000,3,noisy,180,pdf,1.9181364245458468,5.011982109265068,True,False,158,CONVERGENCE: RELATIVE REDUCTION OF F <= FACTR*EPSMCH,0
1.9,5.0,2000,3,noisy,180,qlog,2.14,2.202378677345758,True,False,158,barrido q-log; q por deviance de bins,0
1.9,5.0,2000,3,noisy,190,pdf,1.91732212092758,4.997188830381059,True,False,161,CONVERGENCE: RELATIVE REDUCTION OF F <= FACTR*EPSMCH,0
1.9,5.0,2000,3,noisy,190,qlog,2.14,2.076428590368855,True,False,161,barrido q-log; q por deviance de bins,0
1.9,5.0,2000,3,noisy,200,pdf,1.9176303410576854,5.014384040372172,True,False,170,CONVERGENCE: RELATIVE REDUCTION OF F <= FACTR*EPSMCH,0
1.9,5.0,2000,3,noisy,200,qlog,2.14,1.9899394286821752,True,False,170,barrido q-log; q por deviance de bins,0
1.9,5.0,2000,4,clean,10,pdf,1.8355480826651362,4.06148296658214,True,False,10,CONVERGENCE: NORM OF PROJECTED GRADIENT <= PGTOL,0
1.9,5.0,2000,4,clean,10,qlog,2.38,0.850759719877396,True,False,10,barrido q-log; q por deviance de bins,0
1.9,5.0,2000,4,clean,20,pdf,1.8487549679678907,4.27765147434444,True,False,20,CONVERGENCE: RELATIVE REDUCTION OF F <= FACTR*EPSMCH,0
1.9,5.0,2000,4,clean,20,qlog,2.06,2.7336836318125286,True,False,20,barrido q-log; q por deviance de bins,0
1.9,5.0,2000,4,clean,30,pdf,1.8426519997348703,4.1982902387179575,True,False,30,CONVERGENCE: RELATIVE REDUCTION OF F <= FACTR*EPSMCH,0
1.9,5.0,2000,4,clean,30,qlog,1.92,2.968831890837007,True,False,30,barrido q-log; q por deviance de bins,0
1.9,5.0,2000,4,clean,40,pdf,1.8476658969412953,4.268302864631017,True,False,39,CONVERGENCE: RELATIVE REDUCTION OF F <= FACTR*EPSMCH,0
1.9,5.0,2000,4,clean,40,qlog,1.9,3.396198021772247,True,False,39,barrido q-log; q por deviance de bins,0
1.9,5.0,2000,4,clean,50,pdf,1.842081507672736,4.192086516202268,True,False,49,CONVERGENCE: RELATIVE REDUCTION OF F <= FACTR*EPSMCH,0
1.9,5.0,2000,4,clean,50,qlog,1.9,3.4856275789072035,True,False,49,barrido q-log; q por deviance de bins,0
1.9,5.0,2000,4,clean,60,pdf,1.8427760173945327,4.2265940799149755,True,False,58,CONVERGENCE: RELATIVE REDUCTION OF F <= FACTR*EPSMCH,0
1.9,5.0,2000,4,clean,60,qlog,1.9,3.4016037915503845,True,False,58,barrido q-log; q por deviance de bins,0
1.9,5.0,2000,4,clean,70,pdf,1.8418496470251409,4.202397590431012,True,False,68,CONVERGENCE: RELATIVE REDUCTION OF F <= FACTR*EPSMCH,0
1.9,5.0,2000,4,clean,70,qlog,1.92,3.454427893869095,True,False,68,barrido q-log; q por deviance de bins,0
1.9,5.0,2000,4,clean,80,pdf,1.8401953714968344,4.198419326981859,True,False,77,CONVERGENCE: RELATIVE REDUCTION OF F <= FACTR*EPSMCH,0
1.9,5.0,2000,4,clean,80,qlog,1.88,3.288691204565688,True,False,77,barrido q-log; q por deviance de bins,0
1.9,5.0,2000,4,clean,90,pdf,1.8381942887146803,4.16250239716053,True,False,87,CONVERGENCE: RELATIVE REDUCTION OF F <= FACTR*EPSMCH,0
1.9,5.0,2000,4,clean,90,qlog,1.9,3.2132980673748333,True,False,87,barrido q-log; q por deviance de bins,0
1.9,5.0,2000,4,clean,100,pdf,1.8417689466007638,4.201061329483746,True,False,96,CONVERGENCE: RELATIVE REDUCTION OF F <= FACTR*EPSMCH,0
1.9,5.0,2000,4,clean,100,qlog,1.9,3.2382286120788266,True,False,96,barrido q-log; q por deviance de bins,0
1.9,5.0,2000,4,clean,110,pdf,1.8435596900268754,4.227396204061965,True,False,105,CONVERGENCE: RELATIVE REDUCTION OF F <= FACTR*EPSMCH,0
1.9,5.0,2000,4,clean,110,qlog,1.9,3.0713020150760078,True,False,105,barrido q-log; q por deviance de bins,0
1.9,5.0,2000,4,clean,120,pdf,1.841626038712794,4.210231667223295,True,False,115,CONVERGENCE: RELATIVE REDUCTION OF F <= FACTR*EPSMCH,0
1.9,5.0,2000,4,clean,120,qlog,1.88,3.0149459860156558,True,False,115,barrido q-log; q por deviance de bins,0
1.9,5.0,2000,4,clean,130,pdf,1.840776445089275,4.19380807813513,True,False,122,CONVERGENCE: RELATIVE REDUCTION OF F <= FACTR*EPSMCH,0
1.9,5.0,2000,4,clean,130,qlog,1.9,2.9448408563758717,True,False,122,barrido q-log; q por deviance de bins,0
1.9,5.0,2000,4,clean,140,pdf,1.8433578732509681,4.211198638708547,True,False,131,CONVERGENCE: RELATIVE REDUCTION OF F <= FACTR*EPSMCH,0
1.9,5.0,2000,4,clean,140,qlog,1.9,2.9552541814012336,True,False,131,barrido q-log; q por deviance de bins,0
1.9,5.0,2000,4,clean,150,pdf,1.8407091860065679,4.178667402876591,True,False,140,CONVERGENCE: RELATIVE REDUCTION OF F <= FACTR*EPSMCH,0
1.9,5.0,2000,4,clean,150,qlog,1.88,2.7960440887475815,True,False,140,barrido q-log; q por deviance de bins,0
1.9,5.0,2000,4,clean,160,pdf,1.8416570500207876,4.1956438612781985,True,False,147,CONVERGENCE: RELATIVE REDUCTION OF F <= FACTR*EPSMCH,0
1.9,5.0,2000,4,clean,160,qlog,1.88,2.7782698312016114,True,False,147,barrido q-log; q por deviance de bins,0
1.9,5.0,2000,4,clean,170,pdf,1.841489260593761,4.197830254520964,True,False,158,CONVERGENCE: RELATIVE REDUCTION OF F <= FACTR*EPSMCH,0
1.9,5.0,2000,4,clean,170,qlog,1.88,2.76854862646851,True,False,158,barrido q-log; q por deviance de bins,0
1.9,5.0,2000,4,clean,180,pdf,1.8412694290644784,4.196652178577008,True,False,165,CONVERGENCE: RELATIVE REDUCTION OF F <= FACTR*EPSMCH,0
1.9,5.0,2000,4,clean,180,qlog,1.88,2.5606500516187656,True,False,165,barrido q-log; q por deviance de bins,0
1.9,5.0,2000,4,clean,190,pdf,1.8409790418954273,4.186680820495597,True,False,173,CONVERGENCE: RELATIVE REDUCTION OF F <= FACTR*EPSMCH,0
1.9,5.0,2000,4,clean,190,qlog,1.9,2.6192270201184336,True,False,173,barrido q-log; q por deviance de bins,0
1.9,5.0,2000,4,clean,200,pdf,1.843029665714803,4.215027083485296,True,False,178,CONVERGENCE: RELATIVE REDUCTION OF F <= FACTR*EPSMCH,0
1.9,5.0,2000,4,clean,200,qlog,1.9,2.478240589798194,True,False,178,barrido q-log; q por deviance de bins,0
1.9,5.0,2000,4,noisy,10,pdf,1.8360995353071166,4.003630782208348,True,False,10,CONVERGENCE: RELATIVE REDUCTION OF F <= FACTR*EPSMCH,0
1.9,5.0,2000,4,noisy,10,qlog,2.38,0.8253957865538691,True,False,10,barrido q-log; q por deviance de bins,0
1.9,5.0,2000,4,noisy,20,pdf,1.8423908939293023,4.102794827695373,True,False,20,CONVERGENCE: NORM OF PROJECTED GRADIENT <= PGTOL,0
1.9,5.0,2000,4,noisy,20,qlog,2.06,2.5956851218835233,True,False,20,barrido q-log; q por deviance de bins,0
1.9,5.0,2000,4,noisy,30,pdf,1.839868299134882,4.093033852444991,True,False,30,CONVERGENCE: RELATIVE REDUCTION OF F <= FACTR*EPSMCH,0
1.9,5.0,2000,4,noisy,30,qlog,1.92,2.8997058898105608,True,False,30,barrido q-log; q por deviance de bins,0
1.9,5.0,2000,4,noisy,40,pdf,1.840722392238196,4.084309908383265,True,False,39,CONVERGENCE: RELATIVE REDUCTION OF F <= FACTR*EPSMCH,0
1.9,5.0,2000,4,noisy,40,qlog,1.9,3.32697928594742,True,False,39,barrido q-log; q por deviance de bins,0
1.9,5.0,2000,4,noisy,50,pdf,1.8382504878849715,4.063489063279481,True,False,48,CONVERGENCE: RELATIVE REDUCTION OF F <= FACTR*EPSMCH,0
1.9,5.0,2000,4,noisy,50,qlog,1.9,3.3849460269596996,True,False,48,barrido q-log; q por deviance de bins,0
1.9,5.0,2000,4,noisy,60,pdf,1.8386336287929377,4.087312653024696,True,False,58,CONVERGENCE: RELATIVE REDUCTION OF F <= FACTR*EPSMCH,0
1.9,5.0,2000,4,noisy,60,qlog,1.9,3.3272289521425726,True,False,58,barrido q-log; q por deviance de bins,0
1.9,5.0,2000,4,noisy,70,pdf,1.8379388717149572,4.087605092476567,True,False,68,CONVERGENCE: RELATIVE REDUCTION OF F <= FACTR*EPSMCH,0
1.9,5.0,2000,4,noisy,70,qlog,1.92,3.2598076473360074,True,False,68,barrido q-log; q por deviance de bins,0
1.9,5.0,2000,4,noisy,80,pdf,1.8346126532046982,4.050164146907301,True,False,77,CONVERGENCE: RELATIVE REDUCTION OF F <= FACTR*EPSMCH,0
1.9,5.0,2000,4,noisy,80,qlog,1.88,3.067989933419201,True,False,77,barrido q-log; q por deviance de bins,0
1.9,5.0,2000,4,noisy,90,pdf,1.8332198117369438,4.032735535198656,True,False,87,CONVERGENCE: RELATIVE REDUCTION OF F <= FACTR*EPSMCH,0
1.9,5.0,2000,4,noisy,90,qlog,1.9,3.2514235827924387,True,False,87,barrido q-log; q por deviance de bins,0
1.9,5.0,2000,4,noisy,100,pdf,1.8364703545885968,4.063601343786986,True,False,95,CONVERGENCE: RELATIVE REDUCTION OF F <= FACTR*EPSMCH,0
1.9,5.0,2000,4,noisy,100,qlog,1.9,2.9652335553763876,True,False,95,barrido q-log; q por deviance de bins,0
1.9,5.0,2000,4,noisy,110,pdf,1.8417876710918335,4.141984171334314,True,False,106,CONVERGENCE: RELATIVE REDUCTION OF F <= FACTR*EPSMCH,0
1.9,5.0,2000,4,noisy,110,qlog,1.9,3.032449565705886,True,False,106,barrido q-log; q por deviance de bins,0
1.9,5.0,2000,4,noisy,120,pdf,1.8378047824171562,4.090982481949812,True,False,115,CONVERGENCE: RELATIVE REDUCTION OF F <= FACTR*EPSMCH,0
1.9,5.0,2000,4,noisy,120,qlog,1.88,3.033720286753982,True,False,115,barrido q-log; q por deviance de bins,0
1.9,5.0,2000,4,noisy,130,pdf,1.8357527859828267,4.06645103321146,True,False,123,CONVERGENCE: RELATIVE REDUCTION OF F <= FACTR*EPSMCH,0
1.9,5.0,2000,4,noisy,130,qlog,1.9,2.937351045724164,True,False,123,barrido q-log; q por deviance de bins,0
1.9,5.0,2000,4,noisy,140,pdf,1.838018655323366,4.087992125622131,True,False,131,CONVERGENCE: RELATIVE REDUCTION OF F <= FACTR*EPSMCH,0
1.9,5.0,2000,4,noisy,140,qlog,1.9,2.772499599081397,True,False,131,barrido q-log; q por deviance de bins,0
1.9,5.0,2000,4,noisy,150,pdf,1.8372670458946183,4.074711053157972,True,False,142,CONVERGENCE: RELATIVE REDUCTION OF F <= FACTR*EPSMCH,0
1.9,5.0,2000,4,noisy,150,qlog,1.88,2.79218939793396,True,False,142,barrido q-log; q por deviance de bins,0
1.9,5.0,2000,4,noisy,160,pdf,1.8359728852757904,4.062462709934563,True,False,150,CONVERGENCE: RELATIVE REDUCTION OF F <= FACTR*EPSMCH,0
1.9,5.0,2000,4,noisy,160,qlog,1.88,2.7906811042294475,True,False,150,barrido q-log; q por deviance de bins,0
1.9,5.0,2000,4,noisy,170,pdf,1.8353435733274581,4.056931346937037,True,False,159,CONVERGENCE: RELATIVE REDUCTION OF F <= FACTR*EPSMCH,0
1.9,5.0,2000,4,noisy,170,qlog,1.88,2.631420616197398,True,False,159,barrido q-log; q por deviance de bins,0
1.9,5.0,2000,4,noisy,180,pdf,1.836224396805968,4.07465884332074,True,False,168,CONVERGENCE: RELATIVE REDUCTION OF F <= FACTR*EPSMCH,0
1.9,5.0,2000,4,noisy,180,qlog,1.88,2.625430940337759,True,False,168,barrido q-log; q por deviance de bins,0
1.9,5.0,2000,4,noisy,190,pdf,1.835588412032857,4.058848454069465,True,False,176,CONVERGENCE: RELATIVE REDUCTION OF F <= FACTR*EPSMCH,0
1.9,5.0,2000,4,noisy,190,qlog,1.9,2.489658825568558,True,False,176,barrido q-log; q por deviance de bins,0
1.9,5.0,2000,4,noisy,200,pdf,1.8374012253440377,4.080271217761461,True,False,181,CONVERGENCE: RELATIVE REDUCTION OF F <= FACTR*EPSMCH,0
1.9,5.0,2000,4,noisy,200,qlog,1.9,2.489636924323594,True,False,181,barrido q-log; q por deviance de bins,0
1.9,5.0,2000,5,clean,10,pdf,1.9056967583426536,5.70889504633367,True,False,10,CONVERGENCE: RELATIVE REDUCTION OF F <= FACTR*EPSMCH,0
1.9,5.0,2000,5,clean,10,qlog,2.44,1.0024817085681605,True,False,10,barrido q-log; q por deviance de bins,0
1.9,5.0,2000,5,clean,20,pdf,1.9175483277202605,6.030112749348935,True,False,20,CONVERGENCE: RELATIVE REDUCTION OF F <= FACTR*EPSMCH,0
1.9,5.0,2000,5,clean,20,qlog,2.12,3.530730593045713,True,False,20,barrido q-log; q por deviance de bins,0
1.9,5.0,2000,5,clean,30,pdf,1.9099329581432605,5.891973093358463,True,False,30,CONVERGENCE: RELATIVE REDUCTION OF F <= FACTR*EPSMCH,0
1.9,5.0,2000,5,clean,30,qlog,1.98,3.954522898442363,True,False,30,barrido q-log; q por deviance de bins,0
1.9,5.0,2000,5,clean,40,pdf,1.9217270754176003,6.141788414402867,True,False,40,CONVERGENCE: NORM OF PROJECTED GRADIENT <= PGTOL,0
1.9,5.0,2000,5,clean,40,qlog,1.96,4.585064134711918,True,False,40,barrido q-log; q por deviance de bins,0
1.9,5.0,2000,5,clean,50,pdf,1.916505420349993,5.996707423886566,True,False,49,CONVERGENCE: RELATIVE REDUCTION OF F <= FACTR*EPSMCH,0
1.9,5.0,2000,5,clean,50,qlog,1.96,4.85515890926593,True,False,49,barrido q-log; q por deviance de bins,0
1.9,5.0,2000,5,clean,60,pdf,1.91202615571991,5.943301508410715,True,False,59,CONVERGENCE: RELATIVE REDUCTION OF F <= FACTR*EPSMCH,0
1.9,5.0,2000,5,clean,60,qlog,1.92,4.433299817275588,True,False,59,barrido q-log; q por deviance de bins,0
1.9,5.0,2000,5,clean,70,pdf,1.914318992742915,5.936716693723326,True,False,69,CONVERGENCE: RELATIVE REDUCTION OF F <= FACTR*EPSMCH,0
1.9,5.0,2000,5,clean,70,qlog,1.94,4.355111235556149,True,False,69,barrido q-log; q por deviance de bins,0
1.9,5.0,2000,5,clean,80,pdf,1.9172673944241498,6.028753068794042,True,False,79,CONVERGENCE: RELATIVE REDUCTION OF F <= FACTR*EPSMCH,0
1.9,5.0,2000,5,clean,80,qlog,1.92,4.362274035108031,True,False,79,barrido q-log; q por deviance de bins,0
1.9,5.0,2000,5,clean,90,pdf,1.9163307601910844,5.993362801490619,True,False,88,CONVERGENCE: RELATIVE REDUCTION OF F <= FACTR*EPSMCH,0
1.9,5.0,2000,5,clean,90,qlog,1.94,4.426487785481998,True,False,88,barrido q-log; q por deviance de bins,0
1.9,5.0,2000,5,clean,100,pdf,1.9138762122425201,5.949623938746101,True,False,98,CONVERGENCE: RELATIVE REDUCTION OF F <= FACTR*EPSMCH,0
1.9,5.0,2000,5,clean,100,qlog,1.94,4.357632124948001,True,False,98,barrido q-log; q por deviance de bins,0
1.9,5.0,2000,5,clean,110,pdf,1.913755471872842,5.928567039825356,True,False,107,CONVERGENCE: RELATIVE REDUCTION OF F <= FACTR*EPSMCH,0
1.9,5.0,2000,5,clean,110,qlog,1.92,4.035387035730614,True,False,107,barrido q-log; q por deviance de bins,0
1.9,5.0,2000,5,clean,120,pdf,1.9142318921723132,5.9870202164408,True,False,115,CONVERGENCE: RELATIVE REDUCTION OF F <= FACTR*EPSMCH,0
1.9,5.0,2000,5,clean,120,qlog,1.94,3.976045194604898,True,False,115,barrido q-log; q por deviance de bins,0
1.9,5.0,2000,5,clean,130,pdf,1.9180496343293458,6.022545447253511,True,False,126,CONVERGENCE: RELATIVE REDUCTION OF F <= FACTR*EPSMCH,0
1.9,5.0,2000,5,clean,130,qlog,1.92,3.94183110408051,True,False,126,barrido q-log; q por deviance de bins,0
1.9,5.0,2000,5,clean,140,pdf,1.9156571892838843,5.9714017367956975,True,False,133,CONVERGENCE: RELATIVE REDUCTION OF F <= FACTR*EPSMCH,0
1.9,5.0,2000,5,clean,140,qlog,1.94,3.7162690137729717,True,False,133,barrido q-log; q por deviance de bins,0
1.9,5.0,2000,5,clean,150,pdf,1.9160956050101703,5.995424112152134,True,False,139,CONVERGENCE: RELATIVE REDUCTION OF F <= FACTR*EPSMCH,0
1.9,5.0,2000,5,clean,150,qlog,1.94,3.469208149821551,True,False,139,barrido q-log; q por deviance de bins,0
1.9,5.0,2000,5,clean,160,pdf,1.9169467378110023,6.002832653405677,True,False,151,CONVERGENCE: RELATIVE REDUCTION OF F <= FACTR*EPSMCH,0
1.9,5.0,2000,5,clean,160,qlog,1.94,3.6280501973743706,True,False,151,barrido q-log; q por deviance de bins,0
1.9,5.0,2000,5,clean,170,pdf,1.9170556017918752,6.014017727946307,True,False,158,CONVERGENCE: RELATIVE REDUCTION OF F <= FACTR*EPSMCH,0
1.9,5.0,2000,5,clean,170,qlog,1.94,3.4430397465026634,True,False,158,barrido q-log; q por deviance de bins,0
1.9,5.0,2000,5,clean,180,pdf,1.9167963354456454,6.011475350580152,True,False,165,CONVERGENCE: RELATIVE REDUCTION OF F <= FACTR*EPSMCH,0
1.9,5.0,2000,5,clean,180,qlog,1.94,3.356769314512051,True,False,165,barrido q-log; q por deviance de bins,0
1.9,5.0,2000,5,clean,190,pdf,1.9146240163605226,5.964152741167099,True,False,176,CONVERGENCE: RELATIVE REDUCTION OF F <= FACTR*EPSMCH,0
1.9,5.0,2000,5,clean,190,qlog,1.94,3.408391270022452,True,False,176,barrido q-log; q por deviance de bins,0
1.9,5.0,2000,5,clean,200,pdf,1.916205372623155,6.003913926407046,True,False,184,CONVERGENCE: RELATIVE REDUCTION OF F <= FACTR*EPSMCH,0
1.9,5.0,2000,5,clean,200,qlog,1.96,3.469162902007902,True,False,184,barrido q-log; q por deviance de bins,0
1.9,5.0,2000,5,noisy,10,pdf,1.9180480096481105,6.018648251327839,True,False,10,CONVERGENCE: RELATIVE REDUCTION OF F <= FACTR*EPSMCH,0
1.9,5.0,2000,5,noisy,10,qlog,2.44,1.025517098683226,True,False,10,barrido q-log; q por deviance de bins,0
1.9,5.0,2000,5,noisy,20,pdf,1.9257574641792201,6.256008501013377,True,False,20,CONVERGENCE: RELATIVE REDUCTION OF F <= FACTR*EPSMCH,0
1.9,5.0,2000,5,noisy,20,qlog,2.12,3.541065189435708,True,False,20,barrido q-log; q por deviance de bins,0
1.9,5.0,2000,5,noisy,30,pdf,1.9113773492863564,5.863861059869695,True,False,30,CONVERGENCE: NORM OF PROJECTED GRADIENT <= PGTOL,0
1.9,5.0,2000,5,noisy,30,qlog,2.0,4.19303873305792,True,False,30,barrido q-log; q por deviance de bins,0
1.9,5.0,2000,5,noisy,40,pdf,1.921413978358296,6.126765138269313,True,False,40,CONVERGENCE: RELATIVE REDUCTION OF F <= FACTR*EPSMCH,0
1.9,5.0,2000,5,noisy,40,qlog,1.96,4.383591769948306,True,False,40,barrido q-log; q por deviance de bins,0
1.9,5.0,2000,5,noisy,50,pdf,1.9199226392307072,6.071603748837107,True,False,49,CONVERGENCE: RELATIVE REDUCTION OF F <= FACTR*EPSMCH,0
1.9,5.0,2000,5,noisy,50,qlog,1.96,4.718910923637672,True,False,49,barrido q-log; q por deviance de bins,0
1.9,5.0,2000,5,noisy,60,pdf,1.9128274020995168,5.922709139730526,True,False,59,CONVERGENCE: RELATIVE REDUCTION OF F <= FACTR*EPSMCH,0
1.9,5.0,2000,5,noisy,60,qlog,1.92,4.383417684633496,True,False,59,barrido q-log; q por deviance de bins,0
1.9,5.0,2000,5,noisy,70,pdf,1.918336571421503,6.042240396012202,True,False,69,CONVERGENCE: RELATIVE REDUCTION OF F <= FACTR*EPSMCH,0
1.9,5.0,2000,5,noisy,70,qlog,1.94,4.479228268413215,True,False,69,barrido q-log; q por deviance de bins,0
1.9,5.0,2000,5,noisy,80,pdf,1.9160291731572705,5.984500209287902,True,False,79,CONVERGENCE: RELATIVE REDUCTION OF F <= FACTR*EPSMCH,0
1.9,5.0,2000,5,noisy,80,qlog,1.92,4.091798697668115,True,False,79,barrido q-log; q por deviance de bins,0
1.9,5.0,2000,5,noisy,90,pdf,1.9174636729695098,6.005365517172962,True,False,88,CONVERGENCE: RELATIVE REDUCTION OF F <= FACTR*EPSMCH,0
1.9,5.0,2000,5,noisy,90,qlog,1.94,4.5520719582226254,True,False,88,barrido q-log; q por deviance de bins,0
1.9,5.0,2000,5,noisy,100,pdf,1.9168283353890552,6.002048403675666,True,False,98,CONVERGENCE: RELATIVE REDUCTION OF F <= FACTR*EPSMCH,0
1.9,5.0,2000,5,noisy,100,qlog,1.94,4.248771389997081,True,False,98,barrido q-log; q por deviance de bins,0
1.9,5.0,2000,5,noisy,110,pdf,1.9141468587014636,5.947860662592943,True,False,107,CONVERGENCE: RELATIVE REDUCTION OF F <= FACTR*EPSMCH,0
1.9,5.0,2000,5,noisy,110,qlog,1.94,4.3794733385751625,True,False,107,barrido q-log; q por deviance de bins,0
1.9,5.0,2000,5,noisy,120,pdf,1.9138697151638357,5.95148879165973,True,False,115,CONVERGENCE: RELATIVE REDUCTION OF F <= FACTR*EPSMCH,0
1.9,5.0,2000,5,noisy,120,qlog,1.94,4.093935969563443,True,False,115,barrido q-log; q por deviance de bins,0
1.9,5.0,2000,5,noisy,130,pdf,1.9171918206966152,6.011497892596005,True,False,125,CONVERGENCE: RELATIVE REDUCTION OF F <= FACTR*EPSMCH,0
1.9,5.0,2000,5,noisy,130,qlog,1.92,3.7868199421764497,True,False,125,barrido q-log; q por deviance de bins,0
1.9,5.0,2000,5,noisy,140,pdf,1.9172045023177562,5.991018567283604,True,False,134,CONVERGENCE: RELATIVE REDUCTION OF F <= FACTR*EPSMCH,0
1.9,5.0,2000,5,noisy,140,qlog,1.94,3.89267643378852,True,False,134,barrido q-log; q por deviance de bins,0
1.9,5.0,2000,5,noisy,150,pdf,1.9179392435519722,6.00595017220982,True,False,141,CONVERGENCE: RELATIVE REDUCTION OF F <= FACTR*EPSMCH,0
1.9,5.0,2000,5,noisy,150,qlog,1.94,3.3182085393671996,True,False,141,barrido q-log; q por deviance de bins,0
1.9,5.0,2000,5,noisy,160,pdf,1.9192712681432043,6.045253343883267,True,False,150,CONVERGENCE: RELATIVE REDUCTION OF F <= FACTR*EPSMCH,0
1.9,5.0,2000,5,noisy,160,qlog,1.94,3.3768499057687356,True,False,150,barrido q-log; q por deviance de bins,0
1.9,5.0,2000,5,noisy,170,pdf,1.9171559894691923,5.992320440531528,True,False,159,CONVERGENCE: RELATIVE REDUCTION OF F <= FACTR*EPSMCH,0
1.9,5.0,2000,5,noisy,170,qlog,1.94,3.426461653436072,True,False,159,barrido q-log; q por deviance de bins,0
1.9,5.0,2000,5,noisy,180,pdf,1.9175045343965136,6.012172844776632,True,False,168,CONVERGENCE: RELATIVE REDUCTION OF F <= FACTR*EPSMCH,0
1.9,5.0,2000,5,noisy,180,qlog,1.94,3.4456345421938916,True,False,168,barrido q-log; q por deviance de bins,0
1.9,5.0,2000,5,noisy,190,pdf,1.9156239178687122,5.96816621284504,True,False,176,CONVERGENCE: RELATIVE REDUCTION OF F <= FACTR*EPSMCH,0
1.9,5.0,2000,5,noisy,190,qlog,1.94,3.2557700903295537,True,False,176,barrido q-log; q por deviance de bins,0
1.9,5.0,2000,5,noisy,200,pdf,1.9179331044005008,6.018010317777276,True,False,182,CONVERGENCE: RELATIVE REDUCTION OF F <= FACTR*EPSMCH,0
1.9,5.0,2000,5,noisy,200,qlog,1.94,2.974152787615089,True,False,182,barrido q-log; q por deviance de bins,0
1.9,5.0,2000,6,clean,10,pdf,1.9159666091469114,5.144913126068693,True,False,10,CONVERGENCE: NORM OF PROJECTED GRADIENT <= PGTOL,0
1.9,5.0,2000,6,clean,10,qlog,2.34,1.9817300002396576,True,False,10,barrido q-log; q por deviance de bins,0
1.9,5.0,2000,6,clean,20,pdf,1.9136239640256285,5.103510282109966,True,False,20,CONVERGENCE: RELATIVE REDUCTION OF F <= FACTR*EPSMCH,0
1.9,5.0,2000,6,clean,20,qlog,2.04,3.520026333607938,True,False,20,barrido q-log; q por deviance de bins,0
1.9,5.0,2000,6,clean,30,pdf,1.8928390189275288,4.743750264474995,True,False,30,CONVERGENCE: RELATIVE REDUCTION OF F <= FACTR*EPSMCH,0
1.9,5.0,2000,6,clean,30,qlog,1.94,3.66032658149014,True,False,30,barrido q-log; q por deviance de bins,0
1.9,5.0,2000,6,clean,40,pdf,1.9053623704312614,4.900377852593224,True,False,40,CONVERGENCE: NORM OF PROJECTED GRADIENT <= PGTOL,0
1.9,5.0,2000,6,clean,40,qlog,1.92,3.8922062305535707,True,False,40,barrido q-log; q por deviance de bins,0
1.9,5.0,2000,6,clean,50,pdf,1.9020144715108838,4.874072645331013,True,False,49,CONVERGENCE: NORM OF PROJECTED GRADIENT <= PGTOL,0
1.9,5.0,2000,6,clean,50,qlog,1.92,4.058906571954805,True,False,49,barrido q-log; q por deviance de bins,0
1.9,5.0,2000,6,clean,60,pdf,1.9038785539730685,4.917276271362688,True,False,59,CONVERGENCE: RELATIVE REDUCTION OF F <= FACTR*EPSMCH,0
1.9,5.0,2000,6,clean,60,qlog,1.92,4.07886392470573,True,False,59,barrido q-log; q por deviance de bins,0
1.9,5.0,2000,6,clean,70,pdf,1.9037236327837657,4.878549413966813,True,False,69,CONVERGENCE: RELATIVE REDUCTION OF F <= FACTR*EPSMCH,0
1.9,5.0,2000,6,clean,70,qlog,1.9,3.853767452989259,True,False,69,barrido q-log; q por deviance de bins,0
1.9,5.0,2000,6,clean,80,pdf,1.9040774044846698,4.894583009508944,True,False,78,CONVERGENCE: RELATIVE REDUCTION OF F <= FACTR*EPSMCH,0
1.9,5.0,2000,6,clean,80,qlog,1.9,3.7515847462430636,True,False,78,barrido q-log; q por deviance de bins,0
1.9,5.0,2000,6,clean,90,pdf,1.901295680666679,4.865207254846098,True,False,87,CONVERGENCE: RELATIVE REDUCTION OF F <= FACTR*EPSMCH,0
1.9,5.0,2000,6,clean,90,qlog,1.9,3.8511462194272994,True,False,87,barrido q-log; q por deviance de bins,0
1.9,5.0,2000,6,clean,100,pdf,1.903642489743857,4.906725398360102,True,False,97,CONVERGENCE: RELATIVE REDUCTION OF F <= FACTR*EPSMCH,0
1.9,5.0,2000,6,clean,100,qlog,1.9,3.6992336545503415,True,False,97,barrido q-log; q por deviance de bins,0
1.9,5.0,2000,6,clean,110,pdf,1.9014001979989141,4.863290850659503,True,False,106,CONVERGENCE: RELATIVE REDUCTION OF F <= FACTR*EPSMCH,0
1.9,5.0,2000,6,clean,110,qlog,1.9,3.5099803158771223,True,False,106,barrido q-log; q por deviance de bins,0
1.9,5.0,2000,6,clean,120,pdf,1.905232840491246,4.9116224046688775,True,False,116,CONVERGENCE: RELATIVE REDUCTION OF F <= FACTR*EPSMCH,0
1.9,5.0,2000,6,clean,120,qlog,1.9,3.3956603963153373,True,False,116,barrido q-log; q por deviance de bins,0
1.9,5.0,2000,6,clean,130,pdf,1.9013740464860764,4.8454071229945574,True,False,126,CONVERGENCE: RELATIVE REDUCTION OF F <= FACTR*EPSMCH,0
1.9,5.0,2000,6,clean,130,qlog,1.9,3.298130484578434,True,False,126,barrido q-log; q por deviance de bins,0
1.9,5.0,2000,6,clean,140,pdf,1.9034464942743357,4.874860782881416,True,False,132,CONVERGENCE: RELATIVE REDUCTION OF F <= FACTR*EPSMCH,0
1.9,5.0,2000,6,clean,140,qlog,1.9,3.2010986359141382,True,False,132,barrido q-log; q por deviance de bins,0
1.9,5.0,2000,6,clean,150,pdf,1.903154779325509,4.880586887333548,True,False,141,CONVERGENCE: RELATIVE REDUCTION OF F <= FACTR*EPSMCH,0
1.9,5.0,2000,6,clean,150,qlog,1.9,3.1365066006153373,True,False,141,barrido q-log; q por deviance de bins,0
1.9,5.0,2000,6,clean,160,pdf,1.903207303596435,4.88885418499575,True,False,150,CONVERGENCE: RELATIVE REDUCTION OF F <= FACTR*EPSMCH,0
1.9,5.0,2000,6,clean,160,qlog,1.9,3.083500813693409,True,False,150,barrido q-log; q por deviance de bins,0
1.9,5.0,2000,6,clean,170,pdf,1.902739161754181,4.870843025926858,True,False,159,CONVERGENCE: RELATIVE REDUCTION OF F <= FACTR*EPSMCH,0
1.9,5.0,2000,6,clean,170,qlog,1.9,3.01766046655494,True,False,159,barrido q-log; q por deviance de bins,0
1.9,5.0,2000,6,clean,180,pdf,1.9024235696047243,4.880405558943725,True,False,170,CONVERGENCE: RELATIVE REDUCTION OF F <= FACTR*EPSMCH,0
1.9,5.0,2000,6,clean,180,qlog,1.9,3.037827568387277,True,False,170,barrido q-log; q por deviance de bins,0
1.9,5.0,2000,6,clean,190,pdf,1.9014053431405453,4.8628501368912245,True,False,176,CONVERGENCE: RELATIVE REDUCTION OF F <= FACTR*EPSMCH,0
1.9,5.0,2000,6,clean,190,qlog,1.9,2.9152640453380116,True,False,176,barrido q-log; q por deviance de bins,0
1.9,5.0,2000,6,clean,200,pdf,1.9031404835248635,4.889961854331205,True,False,186,CONVERGENCE: RELATIVE REDUCTION OF F <= FACTR*EPSMCH,0
1.9,5.0,2000,6,clean,200,qlog,1.9,2.915346461275271,True,False,186,barrido q-log; q por deviance de bins,0
1.9,5.0,2000,6,noisy,10,pdf,1.893058068524752,4.553446402552089,True,False,10,CONVERGENCE: RELATIVE REDUCTION OF F <= FACTR*EPSMCH,0
1.9,5.0,2000,6,noisy,10,qlog,2.3200000000000003,1.705143973361924,True,False,10,barrido q-log; q por deviance de bins,0
1.9,5.0,2000,6,noisy,20,pdf,1.903119862477502,4.807326329297292,True,False,20,CONVERGENCE: RELATIVE REDUCTION OF F <= FACTR*EPSMCH,0
1.9,5.0,2000,6,noisy,20,qlog,2.02,3.0864905500064075,True,False,20,barrido q-log; q por deviance de bins,0
1.9,5.0,2000,6,noisy,30,pdf,1.8930682688712999,4.752006863111774,True,False,30,CONVERGENCE: RELATIVE REDUCTION OF F <= FACTR*EPSMCH,0
1.9,5.0,2000,6,noisy,30,qlog,1.94,3.5448812638173117,True,False,30,barrido q-log; q por deviance de bins,0
1.9,5.0,2000,6,noisy,40,pdf,1.9032968424489063,4.8272788059752205,True,False,40,CONVERGENCE: RELATIVE REDUCTION OF F <= FACTR*EPSMCH,0
1.9,5.0,2000,6,noisy,40,qlog,1.92,3.720816856467648,True,False,40,barrido q-log; q por deviance de bins,0
1.9,5.0,2000,6,noisy,50,pdf,1.8970113495562513,4.748051284219182,True,False,49,CONVERGENCE: RELATIVE REDUCTION OF F <= FACTR*EPSMCH,0
1.9,5.0,2000,6,noisy,50,qlog,1.9,3.6025204919682468,True,False,49,barrido q-log; q por deviance de bins,0
1.9,5.0,2000,6,noisy,60,pdf,1.898386091054688,4.775118406338471,True,False,59,CONVERGENCE: RELATIVE REDUCTION OF F <= FACTR*EPSMCH,0
1.9,5.0,2000,6,noisy,60,qlog,1.9,3.6119912736398105,True,False,59,barrido q-log; q por deviance de bins,0
1.9,5.0,2000,6,noisy,70,pdf,1.900862014365544,4.790365963207039,True,False,69,CONVERGENCE: RELATIVE REDUCTION OF F <= FACTR*EPSMCH,0
1.9,5.0,2000,6,noisy,70,qlog,1.9,3.6001009207172565,True,False,69,barrido q-log; q por deviance de bins,0
1.9,5.0,2000,6,noisy,80,pdf,1.9029470306696747,4.843010553727158,True,False,78,CONVERGENCE: RELATIVE REDUCTION OF F <= FACTR*EPSMCH,0
1.9,5.0,2000,6,noisy,80,qlog,1.9,3.484373966909106,True,False,78,barrido q-log; q por deviance de bins,0
1.9,5.0,2000,6,noisy,90,pdf,1.8999096938880868,4.825615515512465,True,False,88,CONVERGENCE: RELATIVE REDUCTION OF F <= FACTR*EPSMCH,0
1.9,5.0,2000,6,noisy,90,qlog,1.9,3.4788357455254255,True,False,88,barrido q-log; q por deviance de bins,0
1.9,5.0,2000,6,noisy,100,pdf,1.9008331057660546,4.822492290423347,True,False,97,CONVERGENCE: RELATIVE REDUCTION OF F <= FACTR*EPSMCH,0
1.9,5.0,2000,6,noisy,100,qlog,1.9,3.5129361414472924,True,False,97,barrido q-log; q por deviance de bins,0
1.9,5.0,2000,6,noisy,110,pdf,1.8977426087398266,4.771290615407081,True,False,106,CONVERGENCE: RELATIVE REDUCTION OF F <= FACTR*EPSMCH,0
1.9,5.0,2000,6,noisy,110,qlog,1.9,3.3684522017007463,True,False,106,barrido q-log; q por deviance de bins,0
1.9,5.0,2000,6,noisy,120,pdf,1.9022029104049414,4.837453312500346,True,False,116,CONVERGENCE: RELATIVE REDUCTION OF F <= FACTR*EPSMCH,0
1.9,5.0,2000,6,noisy,120,qlog,1.9,3.2666819356195185,True,False,116,barrido q-log; q por deviance de bins,0
1.9,5.0,2000,6,noisy,130,pdf,1.8984816261411177,4.76979441505104,True,False,126,CONVERGENCE: RELATIVE REDUCTION OF F <= FACTR*EPSMCH,0
1.9,5.0,2000,6,noisy,130,qlog,1.9,3.1974865655398736,True,False,126,barrido q-log; q por deviance de bins,0
1.9,5.0,2000,6,noisy,140,pdf,1.9003240782435944,4.798566794354407,True,False,134,CONVERGENCE: RELATIVE REDUCTION OF F <= FACTR*EPSMCH,0
1.9,5.0,2000,6,noisy,140,qlog,1.9,3.118726417480772,True,False,134,barrido q-log; q por deviance de bins,0
1.9,5.0,2000,6,noisy,150,pdf,1.9004410215518808,4.8099970725778265,True,False,144,CONVERGENCE: RELATIVE REDUCTION OF F <= FACTR*EPSMCH,0
1.9,5.0,2000,6,noisy,150,qlog,1.9,3.089775523686926,True,False,144,barrido q-log; q por deviance de bins,0
1.9,5.0,2000,6,noisy,160,pdf,1.9007941892922828,4.819202552056502,True,False,152,CONVERGENCE: RELATIVE REDUCTION OF F <= FACTR*EPSMCH,0
1.9,5.0,2000,6,noisy,160,qlog,1.9,3.039851337032447,True,False,152,barrido q-log; q por deviance de bins,0
1.9,5.0,2000,6,noisy,170,pdf,1.901380504361551,4.829378470924081,True,False,160,CONVERGENCE: RELATIVE REDUCTION OF F <= FACTR*EPSMCH,0
1.9,5.0,2000,6,noisy,170,qlog,1.9,3.0873450815525385,True,False,160,barrido q-log; q por deviance de bins,0
1.9,5.0,2000,6,noisy,180,pdf,1.8993336120862072,4.7968867603174985,True,False,170,CONVERGENCE: RELATIVE REDUCTION OF F <= FACTR*EPSMCH,0
1.9,5.0,2000,6,noisy,180,qlog,1.88,2.7541869523299334,True,False,170,barrido q-log; q por deviance de bins,0
1.9,5.0,2000,6,noisy,190,pdf,1.8978518918366725,4.772053724444898,True,False,178,CONVERGENCE: RELATIVE REDUCTION OF F <= FACTR*EPSMCH,0
1.9,5.0,2000,6,noisy,190,qlog,1.9,2.8030950495847677,True,False,178,barrido q-log; q por deviance de bins,0
1.9,5.0,2000,6,noisy,200,pdf,1.8997958053446657,4.800192473159088,True,False,187,CONVERGENCE: RELATIVE REDUCTION OF F <= FACTR*EPSMCH,0
1.9,5.0,2000,6,noisy,200,qlog,1.9,2.798290641342679,True,False,187,barrido q-log; q por deviance de bins,0
1.9,5.0,2000,7,clean,10,pdf,1.890531986864606,4.861768004755114,True,False,10,CONVERGENCE: RELATIVE REDUCTION OF F <= FACTR*EPSMCH,0
1.9,5.0,2000,7,clean,10,qlog,2.4000000000000004,1.0706574994794764,True,False,10,barrido q-log; q por deviance de bins,0
1.9,5.0,2000,7,clean,20,pdf,1.9093635959028048,5.239650460885951,True,False,20,CONVERGENCE: RELATIVE REDUCTION OF F <= FACTR*EPSMCH,0
1.9,5.0,2000,7,clean,20,qlog,2.1,3.3941258163445385,True,False,20,barrido q-log; q por deviance de bins,0
1.9,5.0,2000,7,clean,30,pdf,1.904985432480449,5.128274580188838,True,False,30,CONVERGENCE: RELATIVE REDUCTION OF F <= FACTR*EPSMCH,0
1.9,5.0,2000,7,clean,30,qlog,1.98,3.7846011143548575,True,False,30,barrido q-log; q por deviance de bins,0
1.9,5.0,2000,7,clean,40,pdf,1.9126730563867989,5.246668730399332,True,False,40,CONVERGENCE: RELATIVE REDUCTION OF F <= FACTR*EPSMCH,0
1.9,5.0,2000,7,clean,40,qlog,1.96,4.029223903574266,True,False,40,barrido q-log; q por deviance de bins,0
1.9,5.0,2000,7,clean,50,pdf,1.9113605307577313,5.251556480502584,True,False,48,CONVERGENCE: RELATIVE REDUCTION OF F <= FACTR*EPSMCH,0
1.9,5.0,2000,7,clean,50,qlog,1.98,4.321812670343243,True,False,48,barrido q-log; q por deviance de bins,0
1.9,5.0,2000,7,clean,60,pdf,1.913112517605492,5.262937739815914,True,False,59,CONVERGENCE: RELATIVE REDUCTION OF F <= FACTR*EPSMCH,0
1.9,5.0,2000,7,clean,60,qlog,1.94,4.0050443310526935,True,False,59,barrido q-log; q por deviance de bins,0
1.9,5.0,2000,7,clean,70,pdf,1.9087859881306568,5.19364576154106,True,False,68,CONVERGENCE: RELATIVE REDUCTION OF F <= FACTR*EPSMCH,0
1.9,5.0,2000,7,clean,70,qlog,1.94,4.133265487832797,True,False,68,barrido q-log; q por deviance de bins,0
1.9,5.0,2000,7,clean,80,pdf,1.9100305999114868,5.2305968293547,True,False,77,CONVERGENCE: RELATIVE REDUCTION OF F <= FACTR*EPSMCH,0
1.9,5.0,2000,7,clean,80,qlog,1.96,4.128444636035227,True,False,77,barrido q-log; q por deviance de bins,0
1.9,5.0,2000,7,clean,90,pdf,1.9114329261128808,5.202649257997405,True,False,86,CONVERGENCE: RELATIVE REDUCTION OF F <= FACTR*EPSMCH,0
1.9,5.0,2000,7,clean,90,qlog,1.96,3.8780199961686597,True,False,86,barrido q-log; q por deviance de bins,0
1.9,5.0,2000,7,clean,100,pdf,1.9129131899777505,5.288242402828489,True,False,95,CONVERGENCE: RELATIVE REDUCTION OF F <= FACTR*EPSMCH,0
1.9,5.0,2000,7,clean,100,qlog,1.98,3.8190551937045196,True,False,95,barrido q-log; q por deviance de bins,0
1.9,5.0,2000,7,clean,110,pdf,1.9093213426499196,5.209529042841095,True,False,104,CONVERGENCE: RELATIVE REDUCTION OF F <= FACTR*EPSMCH,0
1.9,5.0,2000,7,clean,110,qlog,1.96,3.845767251143091,True,False,104,barrido q-log; q por deviance de bins,0
1.9,5.0,2000,7,clean,120,pdf,1.9091902196241457,5.201935588254743,True,False,114,CONVERGENCE: RELATIVE REDUCTION OF F <= FACTR*EPSMCH,0
1.9,5.0,2000,7,clean,120,qlog,1.94,3.504598107609917,True,False,114,barrido q-log; q por deviance de bins,0
1.9,5.0,2000,7,clean,130,pdf,1.910860721409398,5.233789602997236,True,False,120,CONVERGENCE: RELATIVE REDUCTION OF F <= FACTR*EPSMCH,0
1.9,5.0,2000,7,clean,130,qlog,1.96,3.6585767728585545,True,False,120,barrido q-log; q por deviance de bins,0
1.9,5.0,2000,7,clean,140,pdf,1.9120363063268428,5.257082039576347,True,False,130,CONVERGENCE: RELATIVE REDUCTION OF F <= FACTR*EPSMCH,0
1.9,5.0,2000,7,clean,140,qlog,1.96,3.615002342100556,True,False,130,barrido q-log; q por deviance de bins,0
1.9,5.0,2000,7,clean,150,pdf,1.9108337427640598,5.239701587883452,True,False,139,CONVERGENCE: RELATIVE REDUCTION OF F <= FACTR*EPSMCH,0
1.9,5.0,2000,7,clean,150,qlog,1.96,3.394802021277378,True,False,139,barrido q-log; q por deviance de bins,0
1.9,5.0,2000,7,clean,160,pdf,1.9112401361643923,5.2324055410944235,True,False,148,CONVERGENCE: RELATIVE REDUCTION OF F <= FACTR*EPSMCH,0
1.9,5.0,2000,7,clean,160,qlog,1.96,3.177446342173015,True,False,148,barrido q-log; q por deviance de bins,0
1.9,5.0,2000,7,clean,170,pdf,1.912329868175341,5.262191297894985,True,False,160,CONVERGENCE: RELATIVE REDUCTION OF F <= FACTR*EPSMCH,0
1.9,5.0,2000,7,clean,170,qlog,1.96,3.5665672010612592,True,False,160,barrido q-log; q por deviance de bins,0
1.9,5.0,2000,7,clean,180,pdf,1.9111828814768523,5.238546412301504,True,False,161,CONVERGENCE: RELATIVE REDUCTION OF F <= FACTR*EPSMCH,0
1.9,5.0,2000,7,clean,180,qlog,1.96,3.000799816707555,True,False,161,barrido q-log; q por deviance de bins,0
1.9,5.0,2000,7,clean,190,pdf,1.908865895307096,5.209499198972332,True,False,171,CONVERGENCE: RELATIVE REDUCTION OF F <= FACTR*EPSMCH,0
1.9,5.0,2000,7,clean,190,qlog,1.96,2.8907230802894155,True,False,171,barrido q-log; q por deviance de bins,0
1.9,5.0,2000,7,clean,200,pdf,1.9108400373344332,5.241958829180736,True,False,178,CONVERGENCE: RELATIVE REDUCTION OF F <= FACTR*EPSMCH,0
1.9,5.0,2000,7,clean,200,qlog,1.98,2.844926723780804,True,False,178,barrido q-log; q por deviance de bins,0
1.9,5.0,2000,7,noisy,10,pdf,1.889239454957835,4.816537778806231,True,False,10,CONVERGENCE: RELATIVE REDUCTION OF F <= FACTR*EPSMCH,0
1.9,5.0,2000,7,noisy,10,qlog,2.4000000000000004,1.0798258961030818,True,False,10,barrido q-log; q por deviance de bins,0
1.9,5.0,2000,7,noisy,20,pdf,1.9036406623977487,5.064803460701108,True,False,20,CONVERGENCE: RELATIVE REDUCTION OF F <= FACTR*EPSMCH,0
1.9,5.0,2000,7,noisy,20,qlog,2.1,3.3973235491437865,True,False,20,barrido q-log; q por deviance de bins,0
1.9,5.0,2000,7,noisy,30,pdf,1.90155142397012,5.033346174625819,True,False,30,CONVERGENCE: RELATIVE REDUCTION OF F <= FACTR*EPSMCH,0
1.9,5.0,2000,7,noisy,30,qlog,1.98,3.7991594071811288,True,False,30,barrido q-log; q por deviance de bins,0
1.9,5.0,2000,7,noisy,40,pdf,1.9098292758200175,5.163463481345295,True,False,40,CONVERGENCE: RELATIVE REDUCTION OF F <= FACTR*EPSMCH,0
1.9,5.0,2000,7,noisy,40,qlog,1.96,4.011219226922636,True,False,40,barrido q-log; q por deviance de bins,0
1.9,5.0,2000,7,noisy,50,pdf,1.9067964048850192,5.106620125811163,True,False,48,CONVERGENCE: RELATIVE REDUCTION OF F <= FACTR*EPSMCH,0
1.9,5.0,2000,7,noisy,50,qlog,1.98,4.022209303294692,True,False,48,barrido q-log; q por deviance de bins,0
1.9,5.0,2000,7,noisy,60,pdf,1.909094015682043,5.151851782632042,True,False,59,CONVERGENCE: RELATIVE REDUCTION OF F <= FACTR*EPSMCH,0
1.9,5.0,2000,7,noisy,60,qlog,1.94,4.236919902094829,True,False,59,barrido q-log; q por deviance de bins,0
1.9,5.0,2000,7,noisy,70,pdf,1.905257685290448,5.085597469888631,True,False,68,CONVERGENCE: RELATIVE REDUCTION OF F <= FACTR*EPSMCH,0
1.9,5.0,2000,7,noisy,70,qlog,1.94,3.902618805460845,True,False,68,barrido q-log; q por deviance de bins,0
1.9,5.0,2000,7,noisy,80,pdf,1.9058852805416109,5.109268996580155,True,False,76,CONVERGENCE: RELATIVE REDUCTION OF F <= FACTR*EPSMCH,0
1.9,5.0,2000,7,noisy,80,qlog,1.96,3.9121425171501283,True,False,76,barrido q-log; q por deviance de bins,0
1.9,5.0,2000,7,noisy,90,pdf,1.9081350837639344,5.122372605413152,True,False,86,CONVERGENCE: NORM OF PROJECTED GRADIENT <= PGTOL,0
1.9,5.0,2000,7,noisy,90,qlog,1.96,3.5294300141437724,True,False,86,barrido q-log; q por deviance de bins,0
1.9,5.0,2000,7,noisy,100,pdf,1.9069423612018952,5.124583584023903,True,False,95,CONVERGENCE: RELATIVE REDUCTION OF F <= FACTR*EPSMCH,0
1.9,5.0,2000,7,noisy,100,qlog,1.98,3.766534190081952,True,False,95,barrido q-log; q por deviance de bins,0
1.9,5.0,2000,7,noisy,110,pdf,1.9082365070602059,5.15555399818299,True,False,102,CONVERGENCE: RELATIVE REDUCTION OF F <= FACTR*EPSMCH,0
1.9,5.0,2000,7,noisy,110,qlog,1.96,3.6928378674819395,True,False,102,barrido q-log; q por deviance de bins,0
1.9,5.0,2000,7,noisy,120,pdf,1.905759723845126,5.096585178318325,True,False,113,CONVERGENCE: RELATIVE REDUCTION OF F <= FACTR*EPSMCH,0
1.9,5.0,2000,7,noisy,120,qlog,1.94,3.6149125856358064,True,False,113,barrido q-log; q por deviance de bins,0
1.9,5.0,2000,7,noisy,130,pdf,1.9081056841474833,5.1486256186187855,True,False,120,CONVERGENCE: RELATIVE REDUCTION OF F <= FACTR*EPSMCH,0
1.9,5.0,2000,7,noisy,130,qlog,1.96,3.350981230493816,True,False,120,barrido q-log; q por deviance de bins,0
1.9,5.0,2000,7,noisy,140,pdf,1.9073917465479153,5.129322920520865,True,False,130,CONVERGENCE: RELATIVE REDUCTION OF F <= FACTR*EPSMCH,0
1.9,5.0,2000,7,noisy,140,qlog,1.96,3.332833824055686,True,False,130,barrido q-log; q por deviance de bins,0
1.9,5.0,2000,7,noisy,150,pdf,1.9068021915293802,5.123368055880983,True,False,138,CONVERGENCE: RELATIVE REDUCTION OF F <= FACTR*EPSMCH,0
1.9,5.0,2000,7,noisy,150,qlog,1.96,3.0423838176189832,True,False,138,barrido q-log; q por deviance de bins,0
1.9,5.0,2000,7,noisy,160,pdf,1.9074051581153117,5.119548936431525,True,False,147,CONVERGENCE: RELATIVE REDUCTION OF F <= FACTR*EPSMCH,0
1.9,5.0,2000,7,noisy,160,qlog,1.96,2.9652590140836206,True,False,147,barrido q-log; q por deviance de bins,0
1.9,5.0,2000,7,noisy,170,pdf,1.9086974186472712,5.157044655163917,True,False,155,CONVERGENCE: RELATIVE REDUCTION OF F <= FACTR*EPSMCH,0
1.9,5.0,2000,7,noisy,170,qlog,1.94,2.990780436609591,True,False,155,barrido q-log; q por deviance de bins,0
1.9,5.0,2000,7,noisy,180,pdf,1.907089068345826,5.124053450784316,True,False,163,CONVERGENCE: RELATIVE REDUCTION OF F <= FACTR*EPSMCH,0
1.9,5.0,2000,7,noisy,180,qlog,1.96,2.7002411972992317,True,False,163,barrido q-log; q por deviance de bins,0
1.9,5.0,2000,7,noisy,190,pdf,1.9048809190720593,5.093844566736844,True,False,170,CONVERGENCE: RELATIVE REDUCTION OF F <= FACTR*EPSMCH,0
1.9,5.0,2000,7,noisy,190,qlog,1.96,2.8931344940122075,True,False,170,barrido q-log; q por deviance de bins,0
1.9,5.0,2000,7,noisy,200,pdf,1.9065335827957974,5.118742607386462,True,False,179,CONVERGENCE: RELATIVE REDUCTION OF F <= FACTR*EPSMCH,0
1.9,5.0,2000,7,noisy,200,qlog,1.96,2.6369761135852006,True,False,179,barrido q-log; q por deviance de bins,0
1.9,5.0,2000,8,clean,10,pdf,1.8687212830647484,4.5552732907929405,True,False,10,CONVERGENCE: RELATIVE REDUCTION OF F <= FACTR*EPSMCH,0
1.9,5.0,2000,8,clean,10,qlog,2.3200000000000003,1.4903815170088437,True,False,10,barrido q-log; q por deviance de bins,0
1.9,5.0,2000,8,clean,20,pdf,1.8695131994107448,4.595340166256839,True,False,20,CONVERGENCE: RELATIVE REDUCTION OF F <= FACTR*EPSMCH,0
1.9,5.0,2000,8,clean,20,qlog,2.02,3.1767923670944818,True,False,20,barrido q-log; q por deviance de bins,0
1.9,5.0,2000,8,clean,30,pdf,1.8758476383780924,4.663632370053417,True,False,30,CONVERGENCE: RELATIVE REDUCTION OF F <= FACTR*EPSMCH,0
1.9,5.0,2000,8,clean,30,qlog,1.92,3.5406344863499024,True,False,30,barrido q-log; q por deviance de bins,0
1.9,5.0,2000,8,clean,40,pdf,1.884690112964164,4.781298846661976,True,False,40,CONVERGENCE: RELATIVE REDUCTION OF F <= FACTR*EPSMCH,0
1.9,5.0,2000,8,clean,40,qlog,1.92,4.020947680798981,True,False,40,barrido q-log; q por deviance de bins,0
1.9,5.0,2000,8,clean,50,pdf,1.8891197718788715,4.812463940393855,True,False,50,CONVERGENCE: NORM OF PROJECTED GRADIENT <= PGTOL,0
1.9,5.0,2000,8,clean,50,qlog,1.9,3.6707794313710624,True,False,50,barrido q-log; q por deviance de bins,0
1.9,5.0,2000,8,clean,60,pdf,1.885124279523193,4.781371378978873,True,False,59,CONVERGENCE: RELATIVE REDUCTION OF F <= FACTR*EPSMCH,0
1.9,5.0,2000,8,clean,60,qlog,1.9,3.761446428908366,True,False,59,barrido q-log; q por deviance de bins,0
1.9,5.0,2000,8,clean,70,pdf,1.8877869491866046,4.813189299466789,True,False,69,CONVERGENCE: RELATIVE REDUCTION OF F <= FACTR*EPSMCH,0
1.9,5.0,2000,8,clean,70,qlog,1.9,3.8433139199130255,True,False,69,barrido q-log; q por deviance de bins,0
1.9,5.0,2000,8,clean,80,pdf,1.890307722180162,4.850626375486604,True,False,78,CONVERGENCE: RELATIVE REDUCTION OF F <= FACTR*EPSMCH,0
1.9,5.0,2000,8,clean,80,qlog,1.92,3.8863789867263763,True,False,78,barrido q-log; q por deviance de bins,0
1.9,5.0,2000,8,clean,90,pdf,1.8896228154802361,4.8317228735741775,True,False,89,CONVERGENCE: RELATIVE REDUCTION OF F <= FACTR*EPSMCH,0
1.9,5.0,2000,8,clean,90,qlog,1.9,3.6466737611246556,True,False,89,barrido q-log; q por deviance de bins,0
1.9,5.0,2000,8,clean,100,pdf,1.8883159663063653,4.799714034324989,True,False,99,CONVERGENCE: RELATIVE REDUCTION OF F <= FACTR*EPSMCH,0
1.9,5.0,2000,8,clean,100,qlog,1.9,3.360610985457703,True,False,99,barrido q-log; q por deviance de bins,0
1.9,5.0,2000,8,clean,110,pdf,1.884824655353222,4.7610305812938245,True,False,106,CONVERGENCE: RELATIVE REDUCTION OF F <= FACTR*EPSMCH,0
1.9,5.0,2000,8,clean,110,qlog,1.9,3.4293870777415707,True,False,106,barrido q-log; q por deviance de bins,0
1.9,5.0,2000,8,clean,120,pdf,1.887536618180341,4.795045027420539,True,False,115,CONVERGENCE: RELATIVE REDUCTION OF F <= FACTR*EPSMCH,0
1.9,5.0,2000,8,clean,120,qlog,1.9,3.39992715162658,True,False,115,barrido q-log; q por deviance de bins,0
1.9,5.0,2000,8,clean,130,pdf,1.8878165075384445,4.8128793333095485,True,False,124,CONVERGENCE: RELATIVE REDUCTION OF F <= FACTR*EPSMCH,0
1.9,5.0,2000,8,clean,130,qlog,1.9,3.346968490025436,True,False,124,barrido q-log; q por deviance de bins,0
1.9,5.0,2000,8,clean,140,pdf,1.885954592490632,4.777481367126894,True,False,132,CONVERGENCE: RELATIVE REDUCTION OF F <= FACTR*EPSMCH,0
1.9,5.0,2000,8,clean,140,qlog,1.9,3.115128504276118,True,False,132,barrido q-log; q por deviance de bins,0
1.9,5.0,2000,8,clean,150,pdf,1.8881138011140435,4.812530982508393,True,False,142,CONVERGENCE: RELATIVE REDUCTION OF F <= FACTR*EPSMCH,0
1.9,5.0,2000,8,clean,150,qlog,1.9,2.9122135000990195,True,False,142,barrido q-log; q por deviance de bins,0
1.9,5.0,2000,8,clean,160,pdf,1.890399056974917,4.839673646478718,True,False,151,CONVERGENCE: RELATIVE REDUCTION OF F <= FACTR*EPSMCH,0
1.9,5.0,2000,8,clean,160,qlog,1.92,3.1767194975498563,True,False,151,barrido q-log; q por deviance de bins,0
1.9,5.0,2000,8,clean,170,pdf,1.8905578197736526,4.846740737186572,True,False,159,CONVERGENCE: RELATIVE REDUCTION OF F <= FACTR*EPSMCH,0
1.9,5.0,2000,8,clean,170,qlog,1.9,3.195533177871098,True,False,159,barrido q-log; q por deviance de bins,0
1.9,5.0,2000,8,clean,180,pdf,1.8895078673150174,4.835643295682304,True,False,168,CONVERGENCE: RELATIVE REDUCTION OF F <= FACTR*EPSMCH,0
1.9,5.0,2000,8,clean,180,qlog,1.9,3.0045043138817418,True,False,168,barrido q-log; q por deviance de bins,0
1.9,5.0,2000,8,clean,190,pdf,1.8902119250259393,4.837739529412722,True,False,178,CONVERGENCE: RELATIVE REDUCTION OF F <= FACTR*EPSMCH,0
1.9,5.0,2000,8,clean,190,qlog,1.9,2.675404337768324,True,False,178,barrido q-log; q por deviance de bins,0
1.9,5.0,2000,8,clean,200,pdf,1.889436138780504,4.820408457358638,True,False,188,CONVERGENCE: RELATIVE REDUCTION OF F <= FACTR*EPSMCH,0
1.9,5.0,2000,8,clean,200,qlog,1.88,2.654505495264574,True,False,188,barrido q-log; q por deviance de bins,0
1.9,5.0,2000,8,noisy,10,pdf,1.865402511941072,4.5053891507443025,True,False,10,CONVERGENCE: RELATIVE REDUCTION OF F <= FACTR*EPSMCH,0
1.9,5.0,2000,8,noisy,10,qlog,2.3200000000000003,1.5153953722882525,True,False,10,barrido q-log; q por deviance de bins,0
1.9,5.0,2000,8,noisy,20,pdf,1.8636554096970115,4.46439352738042,True,False,20,CONVERGENCE: RELATIVE REDUCTION OF F <= FACTR*EPSMCH,0
1.9,5.0,2000,8,noisy,20,qlog,2.02,3.14902397725145,True,False,20,barrido q-log; q por deviance de bins,0
1.9,5.0,2000,8,noisy,30,pdf,1.8746487187381362,4.656587860842227,True,False,30,CONVERGENCE: RELATIVE REDUCTION OF F <= FACTR*EPSMCH,0
1.9,5.0,2000,8,noisy,30,qlog,1.92,3.5437344817230074,True,False,30,barrido q-log; q por deviance de bins,0
1.9,5.0,2000,8,noisy,40,pdf,1.8817044215512861,4.6995293603190555,True,False,40,CONVERGENCE: RELATIVE REDUCTION OF F <= FACTR*EPSMCH,0
1.9,5.0,2000,8,noisy,40,qlog,1.92,3.9243448386514816,True,False,40,barrido q-log; q por deviance de bins,0
1.9,5.0,2000,8,noisy,50,pdf,1.8888783056914105,4.809505577324558,True,False,50,CONVERGENCE: RELATIVE REDUCTION OF F <= FACTR*EPSMCH,0
1.9,5.0,2000,8,noisy,50,qlog,1.9,3.875372775795755,True,False,50,barrido q-log; q por deviance de bins,0
1.9,5.0,2000,8,noisy,60,pdf,1.8836323538217716,4.7611052298120775,True,False,59,CONVERGENCE: RELATIVE REDUCTION OF F <= FACTR*EPSMCH,0
1.9,5.0,2000,8,noisy,60,qlog,1.9,3.8315435414534265,True,False,59,barrido q-log; q por deviance de bins,0
1.9,5.0,2000,8,noisy,70,pdf,1.8847161819752158,4.7429189916011625,True,False,69,CONVERGENCE: RELATIVE REDUCTION OF F <= FACTR*EPSMCH,0
1.9,5.0,2000,8,noisy,70,qlog,1.9,3.7860678351463286,True,False,69,barrido q-log; q por deviance de bins,0
1.9,5.0,2000,8,noisy,80,pdf,1.8867955345081455,4.770849839202976,True,False,79,CONVERGENCE: RELATIVE REDUCTION OF F <= FACTR*EPSMCH,0
1.9,5.0,2000,8,noisy,80,qlog,1.92,3.9852853133698156,True,False,79,barrido q-log; q por deviance de bins,0
1.9,5.0,2000,8,noisy,90,pdf,1.8889623863818257,4.792551194798396,True,False,89,CONVERGENCE: RELATIVE REDUCTION OF F <= FACTR*EPSMCH,0
1.9,5.0,2000,8,noisy,90,qlog,1.9,3.6166071016964594,True,False,89,barrido q-log; q por deviance de bins,0
1.9,5.0,2000,8,noisy,100,pdf,1.8876769331587506,4.772192007939071,True,False,98,CONVERGENCE: RELATIVE REDUCTION OF F <= FACTR*EPSMCH,0
1.9,5.0,2000,8,noisy,100,qlog,1.9,3.772292182895779,True,False,98,barrido q-log; q por deviance de bins,0
1.9,5.0,2000,8,noisy,110,pdf,1.884454229824796,4.743396669563995,True,False,107,CONVERGENCE: RELATIVE REDUCTION OF F <= FACTR*EPSMCH,0
1.9,5.0,2000,8,noisy,110,qlog,1.9,3.4158952368886966,True,False,107,barrido q-log; q por deviance de bins,0
1.9,5.0,2000,8,noisy,120,pdf,1.8859054342054133,4.773487493089207,True,False,116,CONVERGENCE: RELATIVE REDUCTION OF F <= FACTR*EPSMCH,0
1.9,5.0,2000,8,noisy,120,qlog,1.9,3.53203088416747,True,False,116,barrido q-log; q por deviance de bins,0
1.9,5.0,2000,8,noisy,130,pdf,1.8868039452097864,4.779092734835315,True,False,126,CONVERGENCE: RELATIVE REDUCTION OF F <= FACTR*EPSMCH,0
1.9,5.0,2000,8,noisy,130,qlog,1.92,3.575723981973926,True,False,126,barrido q-log; q por deviance de bins,0
1.9,5.0,2000,8,noisy,140,pdf,1.8848326917320706,4.745379675637242,True,False,133,CONVERGENCE: RELATIVE REDUCTION OF F <= FACTR*EPSMCH,0
1.9,5.0,2000,8,noisy,140,qlog,1.9,3.2314848704696595,True,False,133,barrido q-log; q por deviance de bins,0
1.9,5.0,2000,8,noisy,150,pdf,1.888539818035346,4.8057379932582895,True,False,143,CONVERGENCE: RELATIVE REDUCTION OF F <= FACTR*EPSMCH,0
1.9,5.0,2000,8,noisy,150,qlog,1.9,3.224321787121045,True,False,143,barrido q-log; q por deviance de bins,0
1.9,5.0,2000,8,noisy,160,pdf,1.8885006939373683,4.783873878277063,True,False,153,CONVERGENCE: RELATIVE REDUCTION OF F <= FACTR*EPSMCH,0
1.9,5.0,2000,8,noisy,160,qlog,1.92,3.2335232686276907,True,False,153,barrido q-log; q por deviance de bins,0
1.9,5.0,2000,8,noisy,170,pdf,1.8876621858180427,4.77242550189035,True,False,158,CONVERGENCE: RELATIVE REDUCTION OF F <= FACTR*EPSMCH,0
1.9,5.0,2000,8,noisy,170,qlog,1.88,2.7720301551119833,True,False,158,barrido q-log; q por deviance de bins,0
1.9,5.0,2000,8,noisy,180,pdf,1.8877879618662505,4.7792328707702065,True,False,169,CONVERGENCE: RELATIVE REDUCTION OF F <= FACTR*EPSMCH,0
1.9,5.0,2000,8,noisy,180,qlog,1.9,2.821156557928508,True,False,169,barrido q-log; q por deviance de bins,0
1.9,5.0,2000,8,noisy,190,pdf,1.8884598740419756,4.782592643504018,True,False,179,CONVERGENCE: RELATIVE REDUCTION OF F <= FACTR*EPSMCH,0
1.9,5.0,2000,8,noisy,190,qlog,1.9,2.957217209012092,True,False,179,barrido q-log; q por deviance de bins,0
1.9,5.0,2000,8,noisy,200,pdf,1.8886704963332137,4.781315279712487,True,False,187,CONVERGENCE: RELATIVE REDUCTION OF F <= FACTR*EPSMCH,0
1.9,5.0,2000,8,noisy,200,qlog,1.9,2.939974221887669,True,False,187,barrido q-log; q por deviance de bins,0
1.9,5.0,2000,9,clean,10,pdf,1.9134935982488044,5.406913457081077,True,False,10,CONVERGENCE: RELATIVE REDUCTION OF F <= FACTR*EPSMCH,0
1.9,5.0,2000,9,clean,10,qlog,2.48,0.4108690985336601,True,False,10,barrido q-log; q por deviance de bins,0
1.9,5.0,2000,9,clean,20,pdf,1.911269397722869,5.492498857684469,True,False,20,CONVERGENCE: RELATIVE REDUCTION OF F <= FACTR*EPSMCH,0
1.9,5.0,2000,9,clean,20,qlog,2.2,2.971620547474591,True,False,20,barrido q-log; q por deviance de bins,0
1.9,5.0,2000,9,clean,30,pdf,1.919153149211565,5.5166385298646485,True,False,30,CONVERGENCE: RELATIVE REDUCTION OF F <= FACTR*EPSMCH,0
1.9,5.0,2000,9,clean,30,qlog,2.04,3.72473410445805,True,False,30,barrido q-log; q por deviance de bins,0
1.9,5.0,2000,9,clean,40,pdf,1.9157384789813714,5.5207390778026095,True,False,39,CONVERGENCE: RELATIVE REDUCTION OF F <= FACTR*EPSMCH,0
1.9,5.0,2000,9,clean,40,qlog,1.98,3.8468602782732786,True,False,39,barrido q-log; q por deviance de bins,0
1.9,5.0,2000,9,clean,50,pdf,1.907550485599317,5.336247426343699,True,False,48,CONVERGENCE: RELATIVE REDUCTION OF F <= FACTR*EPSMCH,0
1.9,5.0,2000,9,clean,50,qlog,1.96,3.997991918483621,True,False,48,barrido q-log; q por deviance de bins,0
1.9,5.0,2000,9,clean,60,pdf,1.9186071281432888,5.558765039995529,True,False,58,CONVERGENCE: RELATIVE REDUCTION OF F <= FACTR*EPSMCH,0
1.9,5.0,2000,9,clean,60,qlog,1.94,4.021306900824434,True,False,58,barrido q-log; q por deviance de bins,0
1.9,5.0,2000,9,clean,70,pdf,1.9158828389732863,5.474351983102655,True,False,68,CONVERGENCE: RELATIVE REDUCTION OF F <= FACTR*EPSMCH,0
1.9,5.0,2000,9,clean,70,qlog,1.94,3.9996309878434144,True,False,68,barrido q-log; q por deviance de bins,0
1.9,5.0,2000,9,clean,80,pdf,1.905980236501327,5.354317876290214,True,False,76,CONVERGENCE: RELATIVE REDUCTION OF F <= FACTR*EPSMCH,0
1.9,5.0,2000,9,clean,80,qlog,1.94,3.6731884426787804,True,False,76,barrido q-log; q por deviance de bins,0
1.9,5.0,2000,9,clean,90,pdf,1.9135564464705874,5.47113232553367,True,False,85,CONVERGENCE: RELATIVE REDUCTION OF F <= FACTR*EPSMCH,0
1.9,5.0,2000,9,clean,90,qlog,1.94,3.8827218874002125,True,False,85,barrido q-log; q por deviance de bins,0
1.9,5.0,2000,9,clean,100,pdf,1.915421314324216,5.490088819947361,True,False,93,CONVERGENCE: RELATIVE REDUCTION OF F <= FACTR*EPSMCH,0
1.9,5.0,2000,9,clean,100,qlog,1.96,3.9589392346113423,True,False,93,barrido q-log; q por deviance de bins,0
1.9,5.0,2000,9,clean,110,pdf,1.9173858944893065,5.50496674678136,True,False,100,CONVERGENCE: RELATIVE REDUCTION OF F <= FACTR*EPSMCH,0
1.9,5.0,2000,9,clean,110,qlog,1.96,3.787467378246095,True,False,100,barrido q-log; q por deviance de bins,0
1.9,5.0,2000,9,clean,120,pdf,1.9183830277751914,5.526260634394922,True,False,108,CONVERGENCE: NORM OF PROJECTED GRADIENT <= PGTOL,0
1.9,5.0,2000,9,clean,120,qlog,1.96,3.5963281567760794,True,False,108,barrido q-log; q por deviance de bins,0
1.9,5.0,2000,9,clean,130,pdf,1.9190835444469743,5.538554357017021,True,False,116,CONVERGENCE: RELATIVE REDUCTION OF F <= FACTR*EPSMCH,0
1.9,5.0,2000,9,clean,130,qlog,1.96,3.371486642165544,True,False,116,barrido q-log; q por deviance de bins,0
1.9,5.0,2000,9,clean,140,pdf,1.9179678452312545,5.5149581975514925,True,False,126,CONVERGENCE: RELATIVE REDUCTION OF F <= FACTR*EPSMCH,0
1.9,5.0,2000,9,clean,140,qlog,1.96,3.294073129064259,True,False,126,barrido q-log; q por deviance de bins,0
1.9,5.0,2000,9,clean,150,pdf,1.9154162693807284,5.486370910181333,True,False,131,CONVERGENCE: RELATIVE REDUCTION OF F <= FACTR*EPSMCH,0
1.9,5.0,2000,9,clean,150,qlog,1.96,3.305350018003579,True,False,131,barrido q-log; q por deviance de bins,0
1.9,5.0,2000,9,clean,160,pdf,1.9147337400754951,5.477355951826161,True,False,141,CONVERGENCE: RELATIVE REDUCTION OF F <= FACTR*EPSMCH,0
1.9,5.0,2000,9,clean,160,qlog,1.96,2.7983046737965966,True,False,141,barrido q-log; q por deviance de bins,0
1.9,5.0,2000,9,clean,170,pdf,1.9125234603258052,5.442931591912109,True,False,149,CONVERGENCE: RELATIVE REDUCTION OF F <= FACTR*EPSMCH,0
1.9,5.0,2000,9,clean,170,qlog,1.98,3.0354534737013315,True,False,149,barrido q-log; q por deviance de bins,0
1.9,5.0,2000,9,clean,180,pdf,1.9162555851427452,5.502193907439919,True,False,157,CONVERGENCE: RELATIVE REDUCTION OF F <= FACTR*EPSMCH,0
1.9,5.0,2000,9,clean,180,qlog,1.98,2.9854073733029862,True,False,157,barrido q-log; q por deviance de bins,0
1.9,5.0,2000,9,clean,190,pdf,1.9177930799437557,5.521772021094385,True,False,165,CONVERGENCE: RELATIVE REDUCTION OF F <= FACTR*EPSMCH,0
1.9,5.0,2000,9,clean,190,qlog,1.98,2.970658362269205,True,False,165,barrido q-log; q por deviance de bins,0
1.9,5.0,2000,9,clean,200,pdf,1.9150646215638532,5.484069434941269,True,False,171,CONVERGENCE: RELATIVE REDUCTION OF F <= FACTR*EPSMCH,0
1.9,5.0,2000,9,clean,200,qlog,1.98,2.913940493665245,True,False,171,barrido q-log; q por deviance de bins,0
1.9,5.0,2000,9,noisy,10,pdf,1.9229302743949737,5.61457776012993,True,False,10,CONVERGENCE: RELATIVE REDUCTION OF F <= FACTR*EPSMCH,0
1.9,5.0,2000,9,noisy,10,qlog,2.48,0.4525548591867398,True,False,10,barrido q-log; q por deviance de bins,0
1.9,5.0,2000,9,noisy,20,pdf,1.9076321745114568,5.3415402578378375,True,False,20,CONVERGENCE: NORM OF PROJECTED GRADIENT <= PGTOL,0
1.9,5.0,2000,9,noisy,20,qlog,2.1799999999999997,2.6813527472670637,True,False,20,barrido q-log; q por deviance de bins,0
1.9,5.0,2000,9,noisy,30,pdf,1.9196159485081012,5.530904244127779,True,False,30,CONVERGENCE: NORM OF PROJECTED GRADIENT <= PGTOL,0
1.9,5.0,2000,9,noisy,30,qlog,2.04,3.776680114178276,True,False,30,barrido q-log; q por deviance de bins,0
1.9,5.0,2000,9,noisy,40,pdf,1.912886322686801,5.411975778328912,True,False,39,CONVERGENCE: RELATIVE REDUCTION OF F <= FACTR*EPSMCH,0
1.9,5.0,2000,9,noisy,40,qlog,1.98,3.914611257587442,True,False,39,barrido q-log; q por deviance de bins,0
1.9,5.0,2000,9,noisy,50,pdf,1.9040402542860528,5.229516276592447,True,False,48,CONVERGENCE: RELATIVE REDUCTION OF F <= FACTR*EPSMCH,0
1.9,5.0,2000,9,noisy,50,qlog,1.96,4.035917176438508,True,False,48,barrido q-log; q por deviance de bins,0
1.9,5.0,2000,9,noisy,60,pdf,1.913062524981471,5.426862359338898,True,False,58,CONVERGENCE: RELATIVE REDUCTION OF F <= FACTR*EPSMCH,0
1.9,5.0,2000,9,noisy,60,qlog,1.94,4.256663579639394,True,False,58,barrido q-log; q por deviance de bins,0
1.9,5.0,2000,9,noisy,70,pdf,1.9122963474669923,5.365488073875581,True,False,68,CONVERGENCE: RELATIVE REDUCTION OF F <= FACTR*EPSMCH,0
1.9,5.0,2000,9,noisy,70,qlog,1.94,4.147501571518821,True,False,68,barrido q-log; q por deviance de bins,0
1.9,5.0,2000,9,noisy,80,pdf,1.9009857837206148,5.213008982539185,True,False,76,CONVERGENCE: RELATIVE REDUCTION OF F <= FACTR*EPSMCH,0
1.9,5.0,2000,9,noisy,80,qlog,1.94,3.998889782748848,True,False,76,barrido q-log; q por deviance de bins,0
1.9,5.0,2000,9,noisy,90,pdf,1.9104487693921894,5.352912811474562,True,False,86,CONVERGENCE: RELATIVE REDUCTION OF F <= FACTR*EPSMCH,0
1.9,5.0,2000,9,noisy,90,qlog,1.94,3.929682488010814,True,False,86,barrido q-log; q por deviance de bins,0
1.9,5.0,2000,9,noisy,100,pdf,1.9106806069949853,5.32552573743042,True,False,93,CONVERGENCE: RELATIVE REDUCTION OF F <= FACTR*EPSMCH,0
1.9,5.0,2000,9,noisy,100,qlog,1.96,4.043342692672882,True,False,93,barrido q-log; q por deviance de bins,0
1.9,5.0,2000,9,noisy,110,pdf,1.9151688735515324,5.418392054508308,True,False,101,CONVERGENCE: RELATIVE REDUCTION OF F <= FACTR*EPSMCH,0
1.9,5.0,2000,9,noisy,110,qlog,1.96,4.031762391461474,True,False,101,barrido q-log; q por deviance de bins,0
1.9,5.0,2000,9,noisy,120,pdf,1.914688776919695,5.416858047405107,True,False,111,CONVERGENCE: RELATIVE REDUCTION OF F <= FACTR*EPSMCH,0
1.9,5.0,2000,9,noisy,120,qlog,1.96,3.961148680406565,True,False,111,barrido q-log; q por deviance de bins,0
1.9,5.0,2000,9,noisy,130,pdf,1.9163683517941614,5.434137891278825,True,False,120,CONVERGENCE: RELATIVE REDUCTION OF F <= FACTR*EPSMCH,0
1.9,5.0,2000,9,noisy,130,qlog,1.96,3.3524357224526473,True,False,120,barrido q-log; q por deviance de bins,0
1.9,5.0,2000,9,noisy,140,pdf,1.9131517120657429,5.369202364673092,True,False,128,CONVERGENCE: RELATIVE REDUCTION OF F <= FACTR*EPSMCH,0
1.9,5.0,2000,9,noisy,140,qlog,1.96,3.4383675573290753,True,False,128,barrido q-log; q por deviance de bins,0
1.9,5.0,2000,9,noisy,150,pdf,1.9127041896471422,5.391551814693792,True,False,137,CONVERGENCE: RELATIVE REDUCTION OF F <= FACTR*EPSMCH,0
1.9,5.0,2000,9,noisy,150,qlog,1.98,3.6613157719148535,True,False,137,barrido q-log; q por deviance de bins,0
1.9,5.0,2000,9,noisy,160,pdf,1.9104340849980124,5.349328809094444,True,False,145,CONVERGENCE: RELATIVE REDUCTION OF F <= FACTR*EPSMCH,0
1.9,5.0,2000,9,noisy,160,qlog,1.98,3.133986793337139,True,False,145,barrido q-log; q por deviance de bins,0
1.9,5.0,2000,9,noisy,170,pdf,1.9084869214090927,5.302004370846252,True,False,154,CONVERGENCE: RELATIVE REDUCTION OF F <= FACTR*EPSMCH,0
1.9,5.0,2000,9,noisy,170,qlog,1.98,3.379900329482733,True,False,154,barrido q-log; q por deviance de bins,0
1.9,5.0,2000,9,noisy,180,pdf,1.9110750025800103,5.355740175145188,True,False,159,CONVERGENCE: RELATIVE REDUCTION OF F <= FACTR*EPSMCH,0
1.9,5.0,2000,9,noisy,180,qlog,1.98,3.108950550825342,True,False,159,barrido q-log; q por deviance de bins,0
1.9,5.0,2000,9,noisy,190,pdf,1.9129991791041672,5.3883836880390374,True,False,171,CONVERGENCE: RELATIVE REDUCTION OF F <= FACTR*EPSMCH,0
1.9,5.0,2000,9,noisy,190,qlog,1.98,3.0944590335777407,True,False,171,barrido q-log; q por deviance de bins,0
1.9,5.0,2000,9,noisy,200,pdf,1.9115055153505478,5.358631208443051,True,False,177,CONVERGENCE: RELATIVE REDUCTION OF F <= FACTR*EPSMCH,0
1.9,5.0,2000,9,noisy,200,qlog,1.98,3.1058190531241348,True,False,177,barrido q-log; q por deviance de bins,0
