q_true,b_true,mu_true,n,rep,method,q_hat,b_hat,success,at_bound,occupied_bins,max_abs_x,objective,nfev,seconds,message
1.4,2.0,0.0,100,0,pdf,1.1660659434847944,1.325022227060514,True,False,42,2.7642911542605826,61.2597725196645,81,0.015373339000007036,CONVERGENCE: NORM OF PROJECTED GRADIENT <= PGTOL
1.4,2.0,0.0,100,0,mle,1.1755183905068707,1.348322173587219,True,False,42,2.7642911542605826,106.72190429228255,84,0.0027312980000147036,CONVERGENCE: NORM OF PROJECTED GRADIENT <= PGTOL
1.4,2.0,0.0,100,0,qlog,1.18,1.0654579786718275,True,False,42,2.7642911542605826,63.23953949303409,0,0.012246661999995467,barrido q-log; q por deviance de bins
1.4,2.0,0.0,100,0,cdf,1.01,1.038935321782115,True,True,42,2.7642911542605826,0.0009978819886124154,117,0.013066842000000634,CONVERGENCE: NORM OF PROJECTED GRADIENT <= PGTOL
1.4,2.0,0.0,100,1,pdf,1.7857446566998394,3.1839359423796934,True,False,38,2.9755337788596115,52.76029841984487,87,0.017862060000027213,CONVERGENCE: RELATIVE REDUCTION OF F <= FACTR*EPSMCH
1.4,2.0,0.0,100,1,mle,1.4838175293325864,2.0188569069776263,True,False,38,2.9755337788596115,119.83528570311142,93,0.0038029390000247076,CONVERGENCE: NORM OF PROJECTED GRADIENT <= PGTOL
1.4,2.0,0.0,100,1,qlog,1.32,0.8207365503890722,True,False,38,2.9755337788596115,63.395169586350065,0,0.014671328000019912,barrido q-log; q por deviance de bins
1.4,2.0,0.0,100,1,cdf,1.69408938321557,3.156260954360372,True,False,38,2.9755337788596115,0.00025670660455583594,93,0.010885925000025054,CONVERGENCE: NORM OF PROJECTED GRADIENT <= PGTOL
1.4,2.0,0.0,100,2,pdf,1.1908916105672878,1.2087352950438206,True,False,42,2.369041103719463,45.150416871439305,90,0.01683578900002658,CONVERGENCE: NORM OF PROJECTED GRADIENT <= PGTOL
1.4,2.0,0.0,100,2,mle,1.1217712207944783,1.121686984911695,True,False,42,2.369041103719463,111.21935902273509,84,0.00350640999999996,CONVERGENCE: RELATIVE REDUCTION OF F <= FACTR*EPSMCH
1.4,2.0,0.0,100,2,qlog,1.1400000000000001,0.8929093198556636,True,False,42,2.369041103719463,47.02394093341284,0,0.014730726999971466,barrido q-log; q por deviance de bins
1.4,2.0,0.0,100,2,cdf,1.01,0.975965422512199,True,True,42,2.369041103719463,0.000425906986520054,129,0.02233075400005191,CONVERGENCE: NORM OF PROJECTED GRADIENT <= PGTOL
1.4,2.0,0.0,100,3,pdf,1.551486021082774,2.5701768610940268,True,False,41,3.1414305709446353,52.873888368088785,108,0.023673325000004297,CONVERGENCE: RELATIVE REDUCTION OF F <= FACTR*EPSMCH
1.4,2.0,0.0,100,3,mle,1.4490859258559905,2.2714828075784927,True,False,41,3.1414305709446353,109.54839863752892,81,0.011379391999980726,CONVERGENCE: NORM OF PROJECTED GRADIENT <= PGTOL
1.4,2.0,0.0,100,3,qlog,1.46,1.253370856623637,True,False,41,3.1414305709446353,60.23324454557778,0,0.014904199000000062,barrido q-log; q por deviance de bins
1.4,2.0,0.0,100,3,cdf,1.4232815623408703,2.007106481193961,True,False,41,3.1414305709446353,0.0032788876838812657,51,0.006675841000003402,CONVERGENCE: NORM OF PROJECTED GRADIENT <= PGTOL
1.4,2.0,0.0,100,4,pdf,1.588009315288253,4.185966164703084,True,False,35,2.372566180215545,62.41197481754475,102,0.018574607000005017,CONVERGENCE: RELATIVE REDUCTION OF F <= FACTR*EPSMCH
1.4,2.0,0.0,100,4,mle,1.4535643239841969,3.522555914793433,True,False,35,2.372566180215545,88.16637574012992,81,0.018785607000040727,CONVERGENCE: NORM OF PROJECTED GRADIENT <= PGTOL
1.4,2.0,0.0,100,4,qlog,1.46,1.4168528220292802,True,False,35,2.372566180215545,78.90646602088474,0,0.015269510999985414,barrido q-log; q por deviance de bins
1.4,2.0,0.0,100,4,cdf,1.1921833645393163,2.403932483074806,True,False,35,2.372566180215545,0.0008100714930146925,60,0.007411293999950885,CONVERGENCE: NORM OF PROJECTED GRADIENT <= PGTOL
1.4,2.0,0.0,100,5,pdf,1.8558369403219102,5.321670194424707,True,False,41,2.321716246236668,37.13163592654867,135,0.023349344999985533,CONVERGENCE: NORM OF PROJECTED GRADIENT <= PGTOL
1.4,2.0,0.0,100,5,mle,1.5560566438413135,3.5542667326274326,True,False,41,2.321716246236668,101.33316501544928,81,0.0046552069999847845,CONVERGENCE: RELATIVE REDUCTION OF F <= FACTR*EPSMCH
1.4,2.0,0.0,100,5,qlog,1.56,1.4541540577859864,True,False,41,2.321716246236668,49.66593051838426,0,0.01528166999997893,barrido q-log; q por deviance de bins
1.4,2.0,0.0,100,5,cdf,1.6473611071064325,4.324754155051075,True,False,41,2.321716246236668,0.00014931688191478808,93,0.0115561980000507,CONVERGENCE: NORM OF PROJECTED GRADIENT <= PGTOL
1.4,2.0,0.0,100,6,pdf,1.6120299302263903,2.1497332475024447,True,False,42,3.1633360047169727,41.00964415808509,99,0.03279171799999858,CONVERGENCE: NORM OF PROJECTED GRADIENT <= PGTOL
1.4,2.0,0.0,100,6,mle,1.4093185278445184,1.6326812800213595,True,False,42,3.1633360047169727,121.25663095214951,93,0.003766062000011061,CONVERGENCE: NORM OF PROJECTED GRADIENT <= PGTOL
1.4,2.0,0.0,100,6,qlog,1.38,0.9251278517765112,True,False,42,3.1633360047169727,46.634487342526796,0,0.014622712999994292,barrido q-log; q por deviance de bins
1.4,2.0,0.0,100,6,cdf,1.7023543268993977,2.8496833649856668,True,False,42,3.1633360047169727,0.0014221336791890348,87,0.01697003199996061,CONVERGENCE: NORM OF PROJECTED GRADIENT <= PGTOL
1.4,2.0,0.0,100,7,pdf,1.505569604202552,3.268896834124201,True,False,40,3.5231728734534102,38.29307439516527,90,0.0646396090000394,CONVERGENCE: RELATIVE REDUCTION OF F <= FACTR*EPSMCH
1.4,2.0,0.0,100,7,mle,1.4466841021851413,2.9529023253813707,True,False,40,3.5231728734534102,96.13387487219576,108,0.004345789000012701,CONVERGENCE: NORM OF PROJECTED GRADIENT <= PGTOL
1.4,2.0,0.0,100,7,qlog,1.42,1.4828586503044434,True,False,40,3.5231728734534102,48.09607190773571,0,0.014853372999994008,barrido q-log; q por deviance de bins
1.4,2.0,0.0,100,7,cdf,1.7653910818761507,5.811020089945245,True,False,40,3.5231728734534102,0.0005981686668742989,120,0.014021003999971526,CONVERGENCE: NORM OF PROJECTED GRADIENT <= PGTOL
1.4,2.0,0.0,100,8,pdf,1.3831025773515,1.5993230129645792,True,False,35,3.5494957664637017,60.12284048265802,93,0.018058246999999028,CONVERGENCE: NORM OF PROJECTED GRADIENT <= PGTOL
1.4,2.0,0.0,100,8,mle,1.3415319545888806,1.495098113066048,True,False,35,3.5494957664637017,117.98618564076926,93,0.0037077439999961825,CONVERGENCE: NORM OF PROJECTED GRADIENT <= PGTOL
1.4,2.0,0.0,100,8,qlog,1.28,0.7231232052435361,True,False,35,3.5494957664637017,71.19004139508702,0,0.03362514799999872,barrido q-log; q por deviance de bins
1.4,2.0,0.0,100,8,cdf,1.4575078561676913,1.7992525142374676,True,False,35,3.5494957664637017,0.0007105065192881747,87,0.011061121000011553,CONVERGENCE: NORM OF PROJECTED GRADIENT <= PGTOL
1.4,2.0,0.0,100,9,pdf,1.01,1.0290700343101897,True,True,39,1.7088566575450024,72.47498478047049,138,0.025382698000044,CONVERGENCE: NORM OF PROJECTED GRADIENT <= PGTOL
1.4,2.0,0.0,100,9,mle,1.01,1.1485018014225674,True,True,39,1.7088566575450024,100.99203618024231,111,0.0043026339999983065,CONVERGENCE: RELATIVE REDUCTION OF F <= FACTR*EPSMCH
1.4,2.0,0.0,100,9,qlog,1.02,0.9288593578258345,True,False,39,1.7088566575450024,72.88553624655172,0,0.014073192000012114,barrido q-log; q por deviance de bins
1.4,2.0,0.0,100,9,cdf,1.3719308694967476,1.584811446541522,True,False,39,1.7088566575450024,0.002249363713272434,84,0.010503567999990082,CONVERGENCE: NORM OF PROJECTED GRADIENT <= PGTOL
1.4,2.0,0.0,100,10,pdf,1.6685781857017503,2.6604757668819574,True,False,37,2.71495290076542,54.585979766499364,90,0.012780067999983658,CONVERGENCE: RELATIVE REDUCTION OF F <= FACTR*EPSMCH
1.4,2.0,0.0,100,10,mle,1.4435312991422358,2.0002573194293136,True,False,37,2.71495290076542,115.22130137252992,90,0.0028469330000007176,CONVERGENCE: NORM OF PROJECTED GRADIENT <= PGTOL
1.4,2.0,0.0,100,10,qlog,1.34,0.8614314234432406,True,False,37,2.71495290076542,64.73596613449202,0,0.02731365699997923,barrido q-log; q por deviance de bins
1.4,2.0,0.0,100,10,cdf,1.5195813098506112,2.3240187149418685,True,False,37,2.71495290076542,0.00028632304197702136,72,0.00815125200000466,CONVERGENCE: NORM OF PROJECTED GRADIENT <= PGTOL
1.4,2.0,0.0,100,11,pdf,1.0665574097293702,0.7184685411748607,True,False,40,2.4264061324164867,55.05782744170045,111,0.017406201000028432,CONVERGENCE: NORM OF PROJECTED GRADIENT <= PGTOL
1.4,2.0,0.0,100,11,mle,1.01,0.6933595340405297,True,True,40,2.4264061324164867,126.28841757956863,135,0.004039745999989464,CONVERGENCE: RELATIVE REDUCTION OF F <= FACTR*EPSMCH
1.4,2.0,0.0,100,11,qlog,1.02,0.5408981856731292,True,False,40,2.4264061324164867,56.88180117126805,0,0.01084893000000875,barrido q-log; q por deviance de bins
1.4,2.0,0.0,100,11,cdf,1.01,0.6336767731054425,True,True,40,2.4264061324164867,0.0024731070355149824,126,0.012199850999991213,CONVERGENCE: NORM OF PROJECTED GRADIENT <= PGTOL
1.4,2.0,0.0,100,12,pdf,1.8335415441966945,2.782840223085476,True,False,41,3.4075115502098385,50.67983953554281,81,0.011574065999980121,CONVERGENCE: NORM OF PROJECTED GRADIENT <= PGTOL
1.4,2.0,0.0,100,12,mle,1.5454316911354096,1.8007261371976808,True,False,41,3.4075115502098385,133.83502094169884,75,0.0035094450000201505,CONVERGENCE: NORM OF PROJECTED GRADIENT <= PGTOL
1.4,2.0,0.0,100,12,qlog,1.3,0.5252275108029416,True,False,41,3.4075115502098385,67.89818176045065,0,0.03241755200002672,barrido q-log; q por deviance de bins
1.4,2.0,0.0,100,12,cdf,1.6798758660056134,2.392027847332301,True,False,41,3.4075115502098385,0.00039818056567176327,78,0.010073887999965336,CONVERGENCE: NORM OF PROJECTED GRADIENT <= PGTOL
1.4,2.0,0.0,100,13,pdf,1.1202152155839318,1.2343240408890064,True,False,41,2.4514836970066654,58.93490675233355,93,0.017252798999948027,CONVERGENCE: RELATIVE REDUCTION OF F <= FACTR*EPSMCH
1.4,2.0,0.0,100,13,mle,1.122370875073646,1.2462357222550053,True,False,41,2.4514836970066654,106.00566671420268,90,0.004034969000031197,CONVERGENCE: RELATIVE REDUCTION OF F <= FACTR*EPSMCH
1.4,2.0,0.0,100,13,qlog,1.04,0.8368076053842065,True,False,41,2.4514836970066654,62.11820891088477,0,0.013478934999966441,barrido q-log; q por deviance de bins
1.4,2.0,0.0,100,13,cdf,1.01,1.03285830147218,True,True,41,2.4514836970066654,0.0011043904832345626,123,0.016953968000052555,CONVERGENCE: NORM OF PROJECTED GRADIENT <= PGTOL
1.4,2.0,0.0,100,14,pdf,1.4801221263294027,2.012313543270447,True,False,39,3.1305823342399286,45.73454175605294,90,0.03708729099997754,CONVERGENCE: RELATIVE REDUCTION OF F <= FACTR*EPSMCH
1.4,2.0,0.0,100,14,mle,1.3879232235671224,1.8130572356391714,True,False,39,3.1305823342399286,113.52804012095515,93,0.004016230999980053,CONVERGENCE: NORM OF PROJECTED GRADIENT <= PGTOL
1.4,2.0,0.0,100,14,qlog,1.32,0.8167209955564838,True,False,39,3.1305823342399286,57.24384264330859,0,0.013796324999987064,barrido q-log; q por deviance de bins
1.4,2.0,0.0,100,14,cdf,1.1993056263371051,1.3459137565645414,True,False,39,3.1305823342399286,0.001515493651598909,93,0.011419411000019863,CONVERGENCE: NORM OF PROJECTED GRADIENT <= PGTOL
1.4,2.0,0.0,100,15,pdf,1.1076274871627476,0.9833097545935297,True,False,41,1.9784926949964734,56.08156821317782,105,0.02193824199997607,CONVERGENCE: NORM OF PROJECTED GRADIENT <= PGTOL
1.4,2.0,0.0,100,15,mle,1.01,0.9423535247768269,True,True,41,1.9784926949964734,110.93694485167691,111,0.005204938000019865,CONVERGENCE: RELATIVE REDUCTION OF F <= FACTR*EPSMCH
1.4,2.0,0.0,100,15,qlog,1.02,0.6393593371175179,True,False,41,1.9784926949964734,59.41217131169589,0,0.012731814999995095,barrido q-log; q por deviance de bins
1.4,2.0,0.0,100,15,cdf,1.01,0.8385447954670231,True,True,41,1.9784926949964734,0.002596622254125817,123,0.03297508500003232,CONVERGENCE: NORM OF PROJECTED GRADIENT <= PGTOL
1.4,2.0,0.0,100,16,pdf,1.4211938363242238,1.353979531801458,True,False,39,1.9878388159300269,52.744622316209174,144,0.027180224999995062,CONVERGENCE: NORM OF PROJECTED GRADIENT <= PGTOL
1.4,2.0,0.0,100,16,mle,1.0400221974263035,0.936165699382751,True,False,39,1.9878388159300269,113.59759023737173,111,0.005041300000016236,CONVERGENCE: RELATIVE REDUCTION OF F <= FACTR*EPSMCH
1.4,2.0,0.0,100,16,qlog,1.02,0.5485447046793495,True,False,39,1.9878388159300269,58.8124430914513,0,0.014331884999990052,barrido q-log; q por deviance de bins
1.4,2.0,0.0,100,16,cdf,1.0258375607669528,0.9384572000170525,True,False,39,1.9878388159300269,0.0012628138048643564,111,0.013619226999992406,CONVERGENCE: NORM OF PROJECTED GRADIENT <= PGTOL
1.4,2.0,0.0,100,17,pdf,1.7051699297453424,4.151897283841439,True,False,35,2.357265267724337,65.58931147218101,108,0.04046665999999277,CONVERGENCE: RELATIVE REDUCTION OF F <= FACTR*EPSMCH
1.4,2.0,0.0,100,17,mle,1.4489524194340022,2.928028763973093,True,False,35,2.357265267724337,96.83705194648658,81,0.0034520579999934853,CONVERGENCE: NORM OF PROJECTED GRADIENT <= PGTOL
1.4,2.0,0.0,100,17,qlog,1.3,1.0817596020157585,True,False,35,2.357265267724337,79.04770899125495,0,0.014778158000012809,barrido q-log; q por deviance de bins
1.4,2.0,0.0,100,17,cdf,1.7268919862299779,5.147979742422626,True,False,35,2.357265267724337,0.0008149542945857078,117,0.013799298999970233,CONVERGENCE: NORM OF PROJECTED GRADIENT <= PGTOL
1.4,2.0,0.0,100,18,pdf,1.591194490055084,2.416360968413244,True,False,39,3.1865003412606168,62.62494217048218,90,0.016635615999973652,CONVERGENCE: RELATIVE REDUCTION OF F <= FACTR*EPSMCH
1.4,2.0,0.0,100,18,mle,1.4327874630453241,1.9630456631224056,True,False,39,3.1865003412606168,114.84864803552753,87,0.0037195620000147755,CONVERGENCE: NORM OF PROJECTED GRADIENT <= PGTOL
1.4,2.0,0.0,100,18,qlog,1.28,0.6603630561846106,True,False,39,3.1865003412606168,80.80048665473235,0,0.012638034000019616,barrido q-log; q por deviance de bins
1.4,2.0,0.0,100,18,cdf,1.3148872050342466,1.5172983135544722,True,False,39,3.1865003412606168,0.0030125144674041354,81,0.022066354999992654,CONVERGENCE: NORM OF PROJECTED GRADIENT <= PGTOL
1.4,2.0,0.0,100,19,pdf,1.3890558240126565,2.2695564763638223,True,False,38,4.003989029773692,53.84592433372876,84,0.04329051799999206,CONVERGENCE: RELATIVE REDUCTION OF F <= FACTR*EPSMCH
1.4,2.0,0.0,100,19,mle,1.4080242481911296,2.3410511833100385,True,False,38,4.003989029773692,103.08540493333098,75,0.0066692310000462385,CONVERGENCE: NORM OF PROJECTED GRADIENT <= PGTOL
1.4,2.0,0.0,100,19,qlog,1.38,1.0096489890232618,True,False,38,4.003989029773692,70.2303280083218,0,0.0138293450000333,barrido q-log; q por deviance de bins
1.4,2.0,0.0,100,19,cdf,1.2689118431290682,1.8090626956512736,True,False,38,4.003989029773692,0.0012930128254099596,87,0.011828089000005093,CONVERGENCE: NORM OF PROJECTED GRADIENT <= PGTOL
1.4,2.0,0.0,100,20,pdf,1.627322051353715,2.8764922437604388,True,False,42,3.6130444102463737,29.962525929348736,96,0.03197931899995865,CONVERGENCE: NORM OF PROJECTED GRADIENT <= PGTOL
1.4,2.0,0.0,100,20,mle,1.5021237465837103,2.365847851489822,True,False,42,3.6130444102463737,114.29816939205044,90,0.003839475000006587,CONVERGENCE: NORM OF PROJECTED GRADIENT <= PGTOL
1.4,2.0,0.0,100,20,qlog,1.46,1.2098966217701774,True,False,42,3.6130444102463737,37.65953343561777,0,0.01497152100000676,barrido q-log; q por deviance de bins
1.4,2.0,0.0,100,20,cdf,1.6027813985986137,2.8790694038117834,True,False,42,3.6130444102463737,0.0003311717412619061,84,0.01050859499997614,CONVERGENCE: NORM OF PROJECTED GRADIENT <= PGTOL
1.4,2.0,0.0,100,21,pdf,1.69765327582136,3.0609664008524793,True,False,38,2.951302152639791,63.20502936337305,87,0.016361402000029557,CONVERGENCE: NORM OF PROJECTED GRADIENT <= PGTOL
1.4,2.0,0.0,100,21,mle,1.5065580155115832,2.38371171595507,True,False,38,2.951302152639791,114.51014755244466,87,0.0037723419999906582,CONVERGENCE: NORM OF PROJECTED GRADIENT <= PGTOL
1.4,2.0,0.0,100,21,qlog,1.22,0.6155676529633638,True,False,38,2.951302152639791,85.1282847344402,0,0.013585026000043854,barrido q-log; q por deviance de bins
1.4,2.0,0.0,100,21,cdf,1.341297681876631,1.6205584639044246,True,False,38,2.951302152639791,0.005073342233063697,81,0.02753374899998562,CONVERGENCE: NORM OF PROJECTED GRADIENT <= PGTOL
1.4,2.0,0.0,100,22,pdf,2.0094990968316173,7.823714713188561,True,False,38,2.2930236732184346,49.065914755833894,90,0.016086024999992787,CONVERGENCE: NORM OF PROJECTED GRADIENT <= PGTOL
1.4,2.0,0.0,100,22,mle,1.6126108570627342,4.035981795387211,True,False,38,2.2930236732184346,103.30455627848247,81,0.0034037049999824376,CONVERGENCE: NORM OF PROJECTED GRADIENT <= PGTOL
1.4,2.0,0.0,100,22,qlog,1.56,1.2932990605541175,True,False,38,2.2930236732184346,65.78859201125772,0,0.015600420999987819,barrido q-log; q por deviance de bins
1.4,2.0,0.0,100,22,cdf,1.8599561723322142,7.441155106579649,True,False,38,2.2930236732184346,0.0005983787300215591,123,0.0149170689999778,CONVERGENCE: NORM OF PROJECTED GRADIENT <= PGTOL
1.4,2.0,0.0,100,23,pdf,1.5483449915345404,1.8811948857126803,True,False,42,3.9782576051837295,56.25152168350992,87,0.016412048999995932,CONVERGENCE: RELATIVE REDUCTION OF F <= FACTR*EPSMCH
1.4,2.0,0.0,100,23,mle,1.4584279621567446,1.6912912128621511,True,False,42,3.9782576051837295,125.45809229772509,84,0.003496794999989561,CONVERGENCE: NORM OF PROJECTED GRADIENT <= PGTOL
1.4,2.0,0.0,100,23,qlog,1.38,0.7613078897413714,True,False,42,3.9782576051837295,66.93851836809303,0,0.013102375000016764,barrido q-log; q por deviance de bins
1.4,2.0,0.0,100,23,cdf,1.3304555408943255,1.3684074842296448,True,False,42,3.9782576051837295,0.0005173034002814348,93,0.022068106999995507,CONVERGENCE: NORM OF PROJECTED GRADIENT <= PGTOL
1.4,2.0,0.0,100,24,pdf,1.3776516152345804,2.324389967449332,True,False,40,4.7457734652528725,51.780354032541105,75,0.013761971999997513,CONVERGENCE: RELATIVE REDUCTION OF F <= FACTR*EPSMCH
1.4,2.0,0.0,100,24,mle,1.383090232793306,2.3496141909169204,True,False,40,4.7457734652528725,100.01278222940411,78,0.0032241039999689747,CONVERGENCE: NORM OF PROJECTED GRADIENT <= PGTOL
1.4,2.0,0.0,100,24,qlog,1.5,1.4462954712341558,True,False,40,4.7457734652528725,63.617844879879335,0,0.014342089000024316,barrido q-log; q por deviance de bins
1.4,2.0,0.0,100,24,cdf,1.01,1.3487796190480539,True,True,40,4.7457734652528725,0.0013457275818111653,63,0.007800070000030246,CONVERGENCE: NORM OF PROJECTED GRADIENT <= PGTOL
1.4,2.0,0.0,100,25,pdf,1.4721938467230966,2.041021572334647,True,False,38,2.449270664228381,54.60546647668395,87,0.014589863999958652,CONVERGENCE: NORM OF PROJECTED GRADIENT <= PGTOL
1.4,2.0,0.0,100,25,mle,1.2960275883165093,1.6478605994483164,True,False,38,2.449270664228381,108.30527635861799,90,0.003188399999999092,CONVERGENCE: NORM OF PROJECTED GRADIENT <= PGTOL
1.4,2.0,0.0,100,25,qlog,1.24,0.9820958382663918,True,False,38,2.449270664228381,59.62275994289303,0,0.012071896999998444,barrido q-log; q por deviance de bins
1.4,2.0,0.0,100,25,cdf,1.3426096311204532,1.729121897463132,True,False,38,2.449270664228381,0.0017972472504898243,81,0.02787584700001844,CONVERGENCE: NORM OF PROJECTED GRADIENT <= PGTOL
1.4,2.0,0.0,100,26,pdf,1.522820625955499,1.9057252096905135,True,False,41,1.5515680851015081,51.17968222655732,99,0.016247279000026538,CONVERGENCE: RELATIVE REDUCTION OF F <= FACTR*EPSMCH
1.4,2.0,0.0,100,26,mle,1.01,1.222293370817501,True,True,41,1.5515680851015081,97.93304419520351,150,0.005262656000013521,CONVERGENCE: RELATIVE REDUCTION OF F <= FACTR*EPSMCH
1.4,2.0,0.0,100,26,qlog,1.06,0.8494185072519816,True,False,41,1.5515680851015081,54.0565105614782,0,0.012914320999982465,barrido q-log; q por deviance de bins
1.4,2.0,0.0,100,26,cdf,1.3830966133019003,2.077853097031707,True,False,41,1.5515680851015081,0.0003326231909952503,72,0.008902305999981763,CONVERGENCE: NORM OF PROJECTED GRADIENT <= PGTOL
1.4,2.0,0.0,100,27,pdf,1.5792731536946696,3.825797385650666,True,False,43,2.6429163450029804,42.76261682998142,102,0.018702601000029517,CONVERGENCE: RELATIVE REDUCTION OF F <= FACTR*EPSMCH
1.4,2.0,0.0,100,27,mle,1.438679052227367,3.084559961945488,True,False,43,2.6429163450029804,92.97014285747765,81,0.003397184999982983,CONVERGENCE: NORM OF PROJECTED GRADIENT <= PGTOL
1.4,2.0,0.0,100,27,qlog,1.5,2.4664673207962746,True,False,43,2.6429163450029804,44.88864044684885,0,0.026030858000012813,barrido q-log; q por deviance de bins
1.4,2.0,0.0,100,27,cdf,1.6298689271730091,4.437044491768319,True,False,43,2.6429163450029804,0.0003422804780216826,114,0.015326056999981574,CONVERGENCE: NORM OF PROJECTED GRADIENT <= PGTOL
1.4,2.0,0.0,100,28,pdf,1.3487737607740626,1.678259943014959,True,False,43,3.4729630181814253,60.43671535585557,93,0.017113768999990953,CONVERGENCE: RELATIVE REDUCTION OF F <= FACTR*EPSMCH
1.4,2.0,0.0,100,28,mle,1.3410293058494775,1.707973853549425,True,False,43,3.4729630181814253,111.27577320890987,81,0.003858541999989029,CONVERGENCE: NORM OF PROJECTED GRADIENT <= PGTOL
1.4,2.0,0.0,100,28,qlog,1.34,0.8435098282636047,True,False,43,3.4729630181814253,72.7212743822102,0,0.014089288000036504,barrido q-log; q por deviance de bins
1.4,2.0,0.0,100,28,cdf,1.01,1.018798295521587,True,True,43,3.4729630181814253,0.0018663656247657704,138,0.016132796000022154,CONVERGENCE: NORM OF PROJECTED GRADIENT <= PGTOL
1.4,2.0,0.0,100,29,pdf,1.2214939734346804,1.3350063691682612,True,False,41,3.302831623434499,41.26591890652834,96,0.017865765999999894,CONVERGENCE: NORM OF PROJECTED GRADIENT <= PGTOL
1.4,2.0,0.0,100,29,mle,1.2650187449973642,1.4030540166221444,True,False,41,3.302831623434499,113.20616957584282,90,0.017987460999961513,CONVERGENCE: NORM OF PROJECTED GRADIENT <= PGTOL
1.4,2.0,0.0,100,29,qlog,1.22,0.8284398759352598,True,False,41,3.302831623434499,48.48642962278578,0,0.011056432999964727,barrido q-log; q por deviance de bins
1.4,2.0,0.0,100,29,cdf,1.2977321077965753,1.4516570808591802,True,False,41,3.302831623434499,0.00012899836375219098,96,0.010033577000001515,CONVERGENCE: NORM OF PROJECTED GRADIENT <= PGTOL
1.4,2.0,0.0,100,30,pdf,1.7261885141470463,3.3224718882779762,True,False,38,1.8125143842009699,65.93258360349239,102,0.0160839419999661,CONVERGENCE: RELATIVE REDUCTION OF F <= FACTR*EPSMCH
1.4,2.0,0.0,100,30,mle,1.2790885423466032,1.91939003445907,True,False,38,1.8125143842009699,98.94951445941325,90,0.003342151999959242,CONVERGENCE: NORM OF PROJECTED GRADIENT <= PGTOL
1.4,2.0,0.0,100,30,qlog,1.1600000000000001,0.8707483249947492,True,False,38,1.8125143842009699,75.67597597093123,0,0.011615098000049784,barrido q-log; q por deviance de bins
1.4,2.0,0.0,100,30,cdf,1.570207732601179,3.269970718436963,True,False,38,1.8125143842009699,0.00018426444641133814,93,0.010701385999993818,CONVERGENCE: NORM OF PROJECTED GRADIENT <= PGTOL
1.4,2.0,0.0,100,31,pdf,1.4439905401725095,2.1129055927395943,True,False,40,4.195121035308994,48.7200711775608,99,0.03502070700000104,CONVERGENCE: NORM OF PROJECTED GRADIENT <= PGTOL
1.4,2.0,0.0,100,31,mle,1.4399995852085685,2.1135311514910606,True,False,40,4.195121035308994,112.03402484232072,90,0.003965182999991157,CONVERGENCE: NORM OF PROJECTED GRADIENT <= PGTOL
1.4,2.0,0.0,100,31,qlog,1.52,1.2160448301585407,True,False,40,4.195121035308994,59.448853247553714,0,0.014245813999991697,barrido q-log; q por deviance de bins
1.4,2.0,0.0,100,31,cdf,1.01,1.1691313361246525,True,True,40,4.195121035308994,0.0004201268731700487,114,0.01563976099998854,CONVERGENCE: NORM OF PROJECTED GRADIENT <= PGTOL
1.4,2.0,0.0,100,32,pdf,1.37162779254146,1.7844058154377296,True,False,42,4.1336492050059555,37.00971300158187,84,0.019364251000013155,CONVERGENCE: NORM OF PROJECTED GRADIENT <= PGTOL
1.4,2.0,0.0,100,32,mle,1.4016498891027624,1.858956189310545,True,False,42,4.1336492050059555,113.86750105639427,84,0.0036899170000310733,CONVERGENCE: NORM OF PROJECTED GRADIENT <= PGTOL
1.4,2.0,0.0,100,32,qlog,1.32,0.7934275761983369,True,False,42,4.1336492050059555,51.58891609042322,0,0.01322195600005216,barrido q-log; q por deviance de bins
1.4,2.0,0.0,100,32,cdf,1.2529101975126535,1.4791998163958193,True,False,42,4.1336492050059555,0.00022205244168546043,90,0.011730832000012015,CONVERGENCE: NORM OF PROJECTED GRADIENT <= PGTOL
1.4,2.0,0.0,100,33,pdf,1.7193744892712435,4.074011922581918,True,False,39,1.9322762676362844,49.80889769823943,96,0.03203844399996569,CONVERGENCE: NORM OF PROJECTED GRADIENT <= PGTOL
1.4,2.0,0.0,100,33,mle,1.3227159468487386,2.3713751423909573,True,False,39,1.9322762676362844,92.89965521832076,93,0.005418651000013597,CONVERGENCE: NORM OF PROJECTED GRADIENT <= PGTOL
1.4,2.0,0.0,100,33,qlog,1.3,1.362206977659398,True,False,39,1.9322762676362844,56.366183174283464,0,0.026654790999998568,barrido q-log; q por deviance de bins
1.4,2.0,0.0,100,33,cdf,1.6104491784910506,4.113682093544147,True,False,39,1.9322762676362844,0.00021782175245768819,96,0.03140578300002517,CONVERGENCE: NORM OF PROJECTED GRADIENT <= PGTOL
1.4,2.0,0.0,100,34,pdf,1.471981550450984,2.3475991813097705,True,False,39,3.581334736681706,52.261384135810125,93,0.032145215000014105,CONVERGENCE: RELATIVE REDUCTION OF F <= FACTR*EPSMCH
1.4,2.0,0.0,100,34,mle,1.4448144227490276,2.274153100493632,True,False,39,3.581334736681706,108.96251967747853,90,0.002920764999998937,CONVERGENCE: NORM OF PROJECTED GRADIENT <= PGTOL
1.4,2.0,0.0,100,34,qlog,1.38,0.8682525855120528,True,False,39,3.581334736681706,70.14416040391566,0,0.011616739000032794,barrido q-log; q por deviance de bins
1.4,2.0,0.0,100,34,cdf,1.068986007808151,1.3181430183039187,True,False,39,3.581334736681706,0.0010044444432629745,99,0.009803127999987282,CONVERGENCE: NORM OF PROJECTED GRADIENT <= PGTOL
1.4,2.0,0.0,100,35,pdf,1.5771954323153032,2.8596505977997397,True,False,38,2.8921244391056877,56.76306762681296,84,0.013139109999997345,CONVERGENCE: NORM OF PROJECTED GRADIENT <= PGTOL
1.4,2.0,0.0,100,35,mle,1.4749352602863701,2.5561023404251326,True,False,38,2.8921244391056877,106.89630276334265,75,0.003348601000027429,CONVERGENCE: NORM OF PROJECTED GRADIENT <= PGTOL
1.4,2.0,0.0,100,35,qlog,1.4,0.9738678307603957,True,False,38,2.8921244391056877,71.86846575295817,0,0.01305154900001071,barrido q-log; q por deviance de bins
1.4,2.0,0.0,100,35,cdf,1.2265409362003954,1.7792656865921703,True,False,38,2.8921244391056877,0.0008602448645628777,84,0.009398516999965523,CONVERGENCE: NORM OF PROJECTED GRADIENT <= PGTOL
1.4,2.0,0.0,100,36,pdf,1.482658939734522,2.878146297433296,True,False,40,2.9983215375162593,62.87672193278465,84,0.03319308999999748,CONVERGENCE: NORM OF PROJECTED GRADIENT <= PGTOL
1.4,2.0,0.0,100,36,mle,1.4025827356447624,2.53049718262856,True,False,40,2.9983215375162593,98.55645530909784,84,0.003645761000029779,CONVERGENCE: NORM OF PROJECTED GRADIENT <= PGTOL
1.4,2.0,0.0,100,36,qlog,1.36,1.4474616691069684,True,False,40,2.9983215375162593,69.32360346423985,0,0.014537215000018477,barrido q-log; q por deviance de bins
1.4,2.0,0.0,100,36,cdf,1.559960548094263,3.2814372382924133,True,False,40,2.9983215375162593,0.0007919694319723284,102,0.01351239500002066,CONVERGENCE: NORM OF PROJECTED GRADIENT <= PGTOL
1.4,2.0,0.0,100,37,pdf,1.6045624327868755,2.116011301330758,True,False,36,3.628170227633842,85.75037931653588,90,0.01726378600000089,CONVERGENCE: NORM OF PROJECTED GRADIENT <= PGTOL
1.4,2.0,0.0,100,37,mle,1.480548041010666,1.8121238681073704,True,False,36,3.628170227633842,124.81526909997787,90,0.003888566999989962,CONVERGENCE: NORM OF PROJECTED GRADIENT <= PGTOL
1.4,2.0,0.0,100,37,qlog,1.46,0.6921505001927158,True,False,36,3.628170227633842,102.8734068033613,0,0.014603735000036977,barrido q-log; q por deviance de bins
1.4,2.0,0.0,100,37,cdf,1.272437108087819,1.3129882884194892,True,False,36,3.628170227633842,0.0005676706112853606,93,0.02874780499996632,CONVERGENCE: NORM OF PROJECTED GRADIENT <= PGTOL
1.4,2.0,0.0,100,38,pdf,1.646717227121235,3.6444859176540003,True,False,34,2.704243731082362,61.30911996716261,75,0.013833746000045721,CONVERGENCE: NORM OF PROJECTED GRADIENT <= PGTOL
1.4,2.0,0.0,100,38,mle,1.481961007048413,2.905619931604735,True,False,34,2.704243731082362,101.38990373061371,75,0.00319482899999457,CONVERGENCE: NORM OF PROJECTED GRADIENT <= PGTOL
1.4,2.0,0.0,100,38,qlog,1.36,1.0608666452740172,True,False,34,2.704243731082362,76.59826805475019,0,0.013948114000015721,barrido q-log; q por deviance de bins
1.4,2.0,0.0,100,38,cdf,1.3970266258819857,2.5491429952187814,True,False,34,2.704243731082362,0.00033747696406299634,84,0.010696258999985275,CONVERGENCE: NORM OF PROJECTED GRADIENT <= PGTOL
1.4,2.0,0.0,100,39,pdf,1.7526713595055396,3.62507322467243,True,False,33,4.108117671721351,52.204704197838765,96,0.018387144999962857,CONVERGENCE: NORM OF PROJECTED GRADIENT <= PGTOL
1.4,2.0,0.0,100,39,mle,1.604391441402847,2.8722641509018727,True,False,33,4.108117671721351,119.06243430025734,90,0.0037382509999588365,CONVERGENCE: NORM OF PROJECTED GRADIENT <= PGTOL
1.4,2.0,0.0,100,39,qlog,1.48,0.7387539013174156,True,False,33,4.108117671721351,77.00220359971703,0,0.03046318799999881,barrido q-log; q por deviance de bins
1.4,2.0,0.0,100,39,cdf,1.5414439183750266,2.430200519158315,True,False,33,4.108117671721351,0.002278278384824022,75,0.009794185000032485,CONVERGENCE: NORM OF PROJECTED GRADIENT <= PGTOL
1.4,2.0,0.0,100,40,pdf,1.51395388340857,2.158575797018445,True,False,39,4.632957842061251,41.29719839328235,84,0.014121471000009933,CONVERGENCE: NORM OF PROJECTED GRADIENT <= PGTOL
1.4,2.0,0.0,100,40,mle,1.4691505178362483,2.0275765911919867,True,False,39,4.632957842061251,117.74187590847082,87,0.0029238999999847692,CONVERGENCE: NORM OF PROJECTED GRADIENT <= PGTOL
1.4,2.0,0.0,100,40,qlog,1.46,0.9192305931376502,True,False,39,4.632957842061251,54.841149992649534,0,0.013011046999963582,barrido q-log; q por deviance de bins
1.4,2.0,0.0,100,40,cdf,1.336047200189977,1.6300576716291868,True,False,39,4.632957842061251,0.00013283756677038194,87,0.009575785000038195,CONVERGENCE: NORM OF PROJECTED GRADIENT <= PGTOL
1.4,2.0,0.0,100,41,pdf,1.7640345739808179,3.834681497374877,True,False,37,2.5907348367631324,63.81057161110937,102,0.01526119799996195,CONVERGENCE: RELATIVE REDUCTION OF F <= FACTR*EPSMCH
1.4,2.0,0.0,100,41,mle,1.4857334163607658,2.5961593958344085,True,False,37,2.5907348367631324,107.50807048048188,90,0.0030243919999861646,CONVERGENCE: NORM OF PROJECTED GRADIENT <= PGTOL
1.4,2.0,0.0,100,41,qlog,1.28,0.8254258853671326,True,False,37,2.5907348367631324,79.87604690169441,0,0.028826828999967802,barrido q-log; q por deviance de bins
1.4,2.0,0.0,100,41,cdf,1.6016291585637032,3.0350461040605916,True,False,37,2.5907348367631324,0.00301413240043419,93,0.02537305399999923,CONVERGENCE: NORM OF PROJECTED GRADIENT <= PGTOL
1.4,2.0,0.0,100,42,pdf,1.2939810704238282,1.022340451759902,True,False,42,2.405736986650022,48.97851988141564,99,0.018396598999970593,CONVERGENCE: NORM OF PROJECTED GRADIENT <= PGTOL
1.4,2.0,0.0,100,42,mle,1.0869443471766849,0.825670365789458,True,False,42,2.405736986650022,123.63155807123019,99,0.004079046000015296,CONVERGENCE: RELATIVE REDUCTION OF F <= FACTR*EPSMCH
1.4,2.0,0.0,100,42,qlog,1.04,0.5495200545831879,True,False,42,2.405736986650022,52.77536452286081,0,0.013696745000004285,barrido q-log; q por deviance de bins
1.4,2.0,0.0,100,42,cdf,1.01,0.7287944585615344,True,True,42,2.405736986650022,0.001794395263729958,138,0.01822840299996642,CONVERGENCE: NORM OF PROJECTED GRADIENT <= PGTOL
1.4,2.0,0.0,100,43,pdf,1.1813373720523457,1.6311600110226046,True,False,42,2.213688998493049,44.801079083526815,93,0.03233442599997716,CONVERGENCE: NORM OF PROJECTED GRADIENT <= PGTOL
1.4,2.0,0.0,100,43,mle,1.1583686495386893,1.5744838548398814,True,False,42,2.213688998493049,97.43799006191142,99,0.004130843999973877,CONVERGENCE: NORM OF PROJECTED GRADIENT <= PGTOL
1.4,2.0,0.0,100,43,qlog,1.08,1.0195286560829702,True,False,42,2.213688998493049,48.95381023584167,0,0.012528854000038336,barrido q-log; q por deviance de bins
1.4,2.0,0.0,100,43,cdf,1.01,1.2638451554010184,True,True,42,2.213688998493049,0.0007623180093603578,102,0.01143008799999734,CONVERGENCE: NORM OF PROJECTED GRADIENT <= PGTOL
1.4,2.0,0.0,100,44,pdf,1.181210119549259,1.244719876092652,True,False,41,2.9051620088016543,52.984805399913185,99,0.022348899000007805,CONVERGENCE: RELATIVE REDUCTION OF F <= FACTR*EPSMCH
1.4,2.0,0.0,100,44,mle,1.1853402337532255,1.2660704828424538,True,False,41,2.9051620088016543,110.75857125810425,90,0.0037460730000020703,CONVERGENCE: NORM OF PROJECTED GRADIENT <= PGTOL
1.4,2.0,0.0,100,44,qlog,1.2,0.9196412589882798,True,False,41,2.9051620088016543,56.59724673622547,0,0.033054974999970455,barrido q-log; q por deviance de bins
1.4,2.0,0.0,100,44,cdf,1.1612009299988884,1.1493074246115162,True,False,41,2.9051620088016543,0.002168700223738164,105,0.01301430299997719,CONVERGENCE: NORM OF PROJECTED GRADIENT <= PGTOL
1.4,2.0,0.0,100,45,pdf,1.536948128046075,1.7871675358934063,True,False,41,2.5028146765878896,62.75683071310048,96,0.017542638000008992,CONVERGENCE: RELATIVE REDUCTION OF F <= FACTR*EPSMCH
1.4,2.0,0.0,100,45,mle,1.32587213105944,1.427797247157922,True,False,41,2.5028146765878896,118.6026809839519,90,0.0037417560000108097,CONVERGENCE: NORM OF PROJECTED GRADIENT <= PGTOL
1.4,2.0,0.0,100,45,qlog,1.34,0.8827689499700382,True,False,41,2.5028146765878896,67.64726349051307,0,0.014491454999983944,barrido q-log; q por deviance de bins
1.4,2.0,0.0,100,45,cdf,1.2740067783151712,1.3349419577306672,True,False,41,2.5028146765878896,0.00028366399435032406,93,0.011495686999978716,CONVERGENCE: NORM OF PROJECTED GRADIENT <= PGTOL
1.4,2.0,0.0,100,46,pdf,1.3861869409868137,1.3410808965021563,True,False,40,2.753691447400959,54.16529752398502,93,0.01461261800000102,CONVERGENCE: NORM OF PROJECTED GRADIENT <= PGTOL
1.4,2.0,0.0,100,46,mle,1.2333258514212904,1.118288211956266,True,False,40,2.753691447400959,121.45114556211206,93,0.002986573999976372,CONVERGENCE: NORM OF PROJECTED GRADIENT <= PGTOL
1.4,2.0,0.0,100,46,qlog,1.26,0.8577113930726316,True,False,40,2.753691447400959,56.42803651075342,0,0.027173394999977063,barrido q-log; q por deviance de bins
1.4,2.0,0.0,100,46,cdf,1.2243343941708602,1.1009633389714586,True,False,40,2.753691447400959,0.0009551572570148967,108,0.014042977999963568,CONVERGENCE: NORM OF PROJECTED GRADIENT <= PGTOL
1.4,2.0,0.0,100,47,pdf,1.1989307153310995,1.0440855329076155,True,False,42,3.4035586670227134,57.66427841954179,96,0.019086832000027698,CONVERGENCE: NORM OF PROJECTED GRADIENT <= PGTOL
1.4,2.0,0.0,100,47,mle,1.2034073550645152,1.0710046251965075,True,False,42,3.4035586670227134,120.78605574291134,93,0.004120237999984511,CONVERGENCE: NORM OF PROJECTED GRADIENT <= PGTOL
1.4,2.0,0.0,100,47,qlog,1.2,0.8458064400989579,True,False,42,3.4035586670227134,59.22077334782633,0,0.013110186999995221,barrido q-log; q por deviance de bins
1.4,2.0,0.0,100,47,cdf,1.01,0.8102902366922227,True,True,42,3.4035586670227134,0.000328619849061237,123,0.014867954000010286,CONVERGENCE: NORM OF PROJECTED GRADIENT <= PGTOL
1.4,2.0,0.0,100,48,pdf,1.5059228958744237,1.5275094461047496,True,False,41,2.011245336053887,50.142087956548224,87,0.033414869000012004,CONVERGENCE: NORM OF PROJECTED GRADIENT <= PGTOL
1.4,2.0,0.0,100,48,mle,1.0992133107435804,1.0047385766470076,True,False,41,2.011245336053887,114.8293368988353,96,0.004022309999982099,CONVERGENCE: RELATIVE REDUCTION OF F <= FACTR*EPSMCH
1.4,2.0,0.0,100,48,qlog,1.1,0.6467310318234144,True,False,41,2.011245336053887,54.63071725366701,0,0.014187385000013819,barrido q-log; q por deviance de bins
1.4,2.0,0.0,100,48,cdf,1.4502033075395426,1.6976341574616545,True,False,41,2.011245336053887,0.0012720498250666787,84,0.011207922000039616,CONVERGENCE: NORM OF PROJECTED GRADIENT <= PGTOL
1.4,2.0,0.0,100,49,pdf,1.4261763335738324,1.9903097319963368,True,False,41,4.681078678975086,59.91839659130103,84,0.015699220999977115,CONVERGENCE: RELATIVE REDUCTION OF F <= FACTR*EPSMCH
1.4,2.0,0.0,100,49,mle,1.4531394945995824,2.0865730619131253,True,False,41,4.681078678975086,114.29672940562801,90,0.004303455000012946,CONVERGENCE: NORM OF PROJECTED GRADIENT <= PGTOL
1.4,2.0,0.0,100,49,qlog,1.44,1.0625888521291087,True,False,41,4.681078678975086,70.56303972654227,0,0.014768983999999818,barrido q-log; q por deviance de bins
1.4,2.0,0.0,100,49,cdf,1.2264348954390378,1.4131339284205477,True,False,41,4.681078678975086,0.0013750557605128548,93,0.04081084900002452,CONVERGENCE: NORM OF PROJECTED GRADIENT <= PGTOL
1.4,2.0,0.0,100,50,pdf,1.5954060859937826,3.4506085337310606,True,False,41,6.440366112106389,53.42726655140391,93,0.018342415999995865,CONVERGENCE: RELATIVE REDUCTION OF F <= FACTR*EPSMCH
1.4,2.0,0.0,100,50,mle,1.5775699398541254,3.3673808157013356,True,False,41,6.440366112106389,107.12767214560957,75,0.002702033999980813,CONVERGENCE: NORM OF PROJECTED GRADIENT <= PGTOL
1.4,2.0,0.0,100,50,qlog,1.6,0.947421777830587,True,False,41,6.440366112106389,87.6883062218433,0,0.011908360999996148,barrido q-log; q por deviance de bins
1.4,2.0,0.0,100,50,cdf,1.0696477472888268,1.6029305494354986,True,False,41,6.440366112106389,0.0003928892646850913,90,0.01364714900000763,CONVERGENCE: NORM OF PROJECTED GRADIENT <= PGTOL
1.4,2.0,0.0,100,51,pdf,1.6846358365832244,3.852910450360302,True,False,32,4.670112991806649,65.27873167590018,90,0.014928816999997707,CONVERGENCE: RELATIVE REDUCTION OF F <= FACTR*EPSMCH
1.4,2.0,0.0,100,51,mle,1.5933673117487588,3.362505644685433,True,False,32,4.670112991806649,109.52874329555593,99,0.003587974000026861,CONVERGENCE: NORM OF PROJECTED GRADIENT <= PGTOL
1.4,2.0,0.0,100,51,qlog,1.6600000000000001,0.9250049530566139,True,False,32,4.670112991806649,97.77929422292371,0,0.028339318000007552,barrido q-log; q por deviance de bins
1.4,2.0,0.0,100,51,cdf,1.6520155410030515,3.765305901873846,True,False,32,4.670112991806649,0.00038255031531665343,102,0.011048651000010068,CONVERGENCE: NORM OF PROJECTED GRADIENT <= PGTOL
1.4,2.0,0.0,100,52,pdf,1.6157698465819756,3.242457317989675,True,False,39,5.041428422672053,49.62185090794308,99,0.01919185000002699,CONVERGENCE: NORM OF PROJECTED GRADIENT <= PGTOL
1.4,2.0,0.0,100,52,mle,1.5545924084351286,2.9469653218879435,True,False,39,5.041428422672053,110.49437714651137,96,0.005717662999984441,CONVERGENCE: NORM OF PROJECTED GRADIENT <= PGTOL
1.4,2.0,0.0,100,52,qlog,1.54,1.27339154576483,True,False,39,5.041428422672053,62.83287779066955,0,0.013563712999996369,barrido q-log; q por deviance de bins
1.4,2.0,0.0,100,52,cdf,1.6517307897101359,3.5494518156375268,True,False,39,5.041428422672053,0.0006007517372354698,90,0.013364982999974018,CONVERGENCE: NORM OF PROJECTED GRADIENT <= PGTOL
1.4,2.0,0.0,100,53,pdf,1.5835833555085275,3.115265444343124,True,False,43,3.0762889188337432,37.802332031113075,78,0.014309490000016467,CONVERGENCE: NORM OF PROJECTED GRADIENT <= PGTOL
1.4,2.0,0.0,100,53,mle,1.4765511689292914,2.729641768558852,True,False,43,3.0762889188337432,103.81865637242254,75,0.01791653300000462,CONVERGENCE: NORM OF PROJECTED GRADIENT <= PGTOL
1.4,2.0,0.0,100,53,qlog,1.44,1.4304126917578035,True,False,43,3.0762889188337432,44.947199056771474,0,0.013793620999990708,barrido q-log; q por deviance de bins
1.4,2.0,0.0,100,53,cdf,1.392049685032524,2.2983371501244823,True,False,43,3.0762889188337432,0.0014312634894502174,54,0.006439814000032129,CONVERGENCE: NORM OF PROJECTED GRADIENT <= PGTOL
1.4,2.0,0.0,100,54,pdf,1.568682512369007,3.3983871122990057,True,False,41,3.641736000761224,49.42100240839622,102,0.016751772000020537,CONVERGENCE: RELATIVE REDUCTION OF F <= FACTR*EPSMCH
1.4,2.0,0.0,100,54,mle,1.5176767513263123,3.151537891415808,True,False,41,3.641736000761224,102.037907806789,84,0.006672997000009673,CONVERGENCE: NORM OF PROJECTED GRADIENT <= PGTOL
1.4,2.0,0.0,100,54,qlog,1.48,1.5125315478187773,True,False,41,3.641736000761224,59.072720607837624,0,0.020680931000015335,barrido q-log; q por deviance de bins
1.4,2.0,0.0,100,54,cdf,1.6551328166854893,3.968765015931251,True,False,41,3.641736000761224,0.0017705854534093247,99,0.012613136000027225,CONVERGENCE: NORM OF PROJECTED GRADIENT <= PGTOL
1.4,2.0,0.0,100,55,pdf,1.4001940117035618,1.9197013371741927,True,False,41,2.991535607616907,49.34704019288322,93,0.03822811999998521,CONVERGENCE: NORM OF PROJECTED GRADIENT <= PGTOL
1.4,2.0,0.0,100,55,mle,1.3288190222174288,1.772594843317862,True,False,41,2.991535607616907,108.10210186709153,81,0.0033975960000134364,CONVERGENCE: NORM OF PROJECTED GRADIENT <= PGTOL
1.4,2.0,0.0,100,55,qlog,1.34,1.0005788943698921,True,False,41,2.991535607616907,57.5265687403769,0,0.014370272000007844,barrido q-log; q por deviance de bins
1.4,2.0,0.0,100,55,cdf,1.3236063805144016,1.7336764810593146,True,False,41,2.991535607616907,0.00033362302670205177,84,0.010808348000011847,CONVERGENCE: NORM OF PROJECTED GRADIENT <= PGTOL
1.4,2.0,0.0,100,56,pdf,1.8616700119930354,4.259297239837582,True,False,39,2.445646518181982,58.82163712720156,102,0.02605421399999841,CONVERGENCE: RELATIVE REDUCTION OF F <= FACTR*EPSMCH
1.4,2.0,0.0,100,56,mle,1.4635742448711537,2.3120887719822765,True,False,39,2.445646518181982,110.47140632693868,87,0.0036338030000138133,CONVERGENCE: NORM OF PROJECTED GRADIENT <= PGTOL
1.4,2.0,0.0,100,56,qlog,1.28,0.8185362062543277,True,False,39,2.445646518181982,73.06810155194574,0,0.028797931000042354,barrido q-log; q por deviance de bins
1.4,2.0,0.0,100,56,cdf,1.7594229579389025,4.276145839579052,True,False,39,2.445646518181982,0.0012429680722720474,99,0.012147631999994246,CONVERGENCE: NORM OF PROJECTED GRADIENT <= PGTOL
1.4,2.0,0.0,100,57,pdf,1.3089076070157741,1.8134024601316832,True,False,41,3.945717649618174,61.943389354861125,78,0.014631285999996635,CONVERGENCE: RELATIVE REDUCTION OF F <= FACTR*EPSMCH
1.4,2.0,0.0,100,57,mle,1.3335763099756648,1.899390186096391,True,False,41,3.945717649618174,105.15849957578753,84,0.003324245000044357,CONVERGENCE: NORM OF PROJECTED GRADIENT <= PGTOL
1.4,2.0,0.0,100,57,qlog,1.36,0.9599602993128913,True,False,41,3.945717649618174,76.0988152543408,0,0.014081244999999853,barrido q-log; q por deviance de bins
1.4,2.0,0.0,100,57,cdf,1.01,1.1763749041573097,True,True,41,3.945717649618174,0.0006362248978609857,87,0.010537008000028436,CONVERGENCE: NORM OF PROJECTED GRADIENT <= PGTOL
1.4,2.0,0.0,100,58,pdf,1.206634205158878,1.2024891416204038,True,False,44,1.9731739910394837,50.38188655921368,105,0.019475880000015877,CONVERGENCE: RELATIVE REDUCTION OF F <= FACTR*EPSMCH
1.4,2.0,0.0,100,58,mle,1.0485643483059839,1.0440672986272863,True,False,44,1.9731739910394837,108.81323931038372,105,0.018769802999997864,CONVERGENCE: RELATIVE REDUCTION OF F <= FACTR*EPSMCH
1.4,2.0,0.0,100,58,qlog,1.02,0.7986116703244529,True,False,44,1.9731739910394837,52.00141118815188,0,0.012805406000040875,barrido q-log; q por deviance de bins
1.4,2.0,0.0,100,58,cdf,1.01,0.9911845975484983,True,True,44,1.9731739910394837,0.00042142670073455927,123,0.014746681000019635,CONVERGENCE: NORM OF PROJECTED GRADIENT <= PGTOL
1.4,2.0,0.0,100,59,pdf,1.4557575686810487,1.8935915701849861,True,False,40,3.427357427786086,66.23884110838311,105,0.019130937999989328,CONVERGENCE: RELATIVE REDUCTION OF F <= FACTR*EPSMCH
1.4,2.0,0.0,100,59,mle,1.3967122832989256,1.7691778083401486,True,False,40,3.427357427786086,115.76773143878053,87,0.0035148430000049302,CONVERGENCE: NORM OF PROJECTED GRADIENT <= PGTOL
1.4,2.0,0.0,100,59,qlog,1.32,0.9984994882431016,True,False,40,3.427357427786086,71.55546817986435,0,0.01399354300002642,barrido q-log; q por deviance de bins
1.4,2.0,0.0,100,59,cdf,1.3832550180375156,1.703545721126652,True,False,40,3.427357427786086,0.0006316127843937377,81,0.010043491999965681,CONVERGENCE: NORM OF PROJECTED GRADIENT <= PGTOL
1.4,2.0,0.0,100,60,pdf,1.7047690916658302,4.163227428818409,True,False,39,2.966010301152609,49.30667971515571,90,0.03078610599999365,CONVERGENCE: NORM OF PROJECTED GRADIENT <= PGTOL
1.4,2.0,0.0,100,60,mle,1.5424100327679584,3.393083564502076,True,False,39,2.966010301152609,101.73587132818697,84,0.0034946019999892997,CONVERGENCE: NORM OF PROJECTED GRADIENT <= PGTOL
1.4,2.0,0.0,100,60,qlog,1.56,1.2447242559926757,True,False,39,2.966010301152609,67.22281836489852,0,0.014968705999990561,barrido q-log; q por deviance de bins
1.4,2.0,0.0,100,60,cdf,1.1906278555568275,1.7612479951320705,True,False,39,2.966010301152609,0.005375095365278069,78,0.01269233600004327,CONVERGENCE: NORM OF PROJECTED GRADIENT <= PGTOL
1.4,2.0,0.0,100,61,pdf,1.2691582236985688,1.415705251077185,True,False,43,2.13388157614851,37.69220146972944,93,0.018290002000014738,CONVERGENCE: NORM OF PROJECTED GRADIENT <= PGTOL
1.4,2.0,0.0,100,61,mle,1.0942981088629335,1.1593908729347073,True,False,43,2.13388157614851,107.26393980624434,114,0.0048707120000131,CONVERGENCE: NORM OF PROJECTED GRADIENT <= PGTOL
1.4,2.0,0.0,100,61,qlog,1.18,1.044617884655644,True,False,43,2.13388157614851,38.836034984680346,0,0.014892301000031694,barrido q-log; q por deviance de bins
1.4,2.0,0.0,100,61,cdf,1.2393420955802172,1.4187883143885398,True,False,43,2.13388157614851,0.0002839024139016306,96,0.02704635300000291,CONVERGENCE: NORM OF PROJECTED GRADIENT <= PGTOL
1.4,2.0,0.0,100,62,pdf,1.4358090610245626,2.46083417146796,True,False,35,6.112798342637874,44.226921751638386,87,0.016046115999984067,CONVERGENCE: RELATIVE REDUCTION OF F <= FACTR*EPSMCH
1.4,2.0,0.0,100,62,mle,1.4599007523728083,2.6119721270207026,True,False,35,6.112798342637874,103.911956281453,78,0.003154607999988457,CONVERGENCE: NORM OF PROJECTED GRADIENT <= PGTOL
1.4,2.0,0.0,100,62,qlog,1.58,1.0980866074962554,True,False,35,6.112798342637874,69.35984200640532,0,0.014270359999954962,barrido q-log; q por deviance de bins
1.4,2.0,0.0,100,62,cdf,1.2437601757217251,1.8133343175928418,True,False,35,6.112798342637874,0.0009057965972158983,87,0.01091259499997932,CONVERGENCE: NORM OF PROJECTED GRADIENT <= PGTOL
1.4,2.0,0.0,100,63,pdf,1.5196177204084875,1.4810971627801657,True,False,36,3.5098549588960193,63.49951663306238,90,0.01680827699999554,CONVERGENCE: RELATIVE REDUCTION OF F <= FACTR*EPSMCH
1.4,2.0,0.0,100,63,mle,1.3881306023828643,1.2578003482195335,True,False,36,3.5098549588960193,131.83436169729157,90,0.003664569000022766,CONVERGENCE: NORM OF PROJECTED GRADIENT <= PGTOL
1.4,2.0,0.0,100,63,qlog,1.18,0.42852280804323567,True,False,36,3.5098549588960193,79.68375475124714,0,0.01338815799999793,barrido q-log; q por deviance de bins
1.4,2.0,0.0,100,63,cdf,1.4601996143948082,1.4174385934013831,True,False,36,3.5098549588960193,0.0004319290907180489,102,0.02822873000002346,CONVERGENCE: NORM OF PROJECTED GRADIENT <= PGTOL
1.4,2.0,0.0,100,64,pdf,1.3079393333239735,1.5578571827348828,True,False,40,4.927817727632163,58.88470340118419,87,0.015972464000014952,CONVERGENCE: RELATIVE REDUCTION OF F <= FACTR*EPSMCH
1.4,2.0,0.0,100,64,mle,1.331263079712256,1.6146530674160584,True,False,40,4.927817727632163,113.03039762429972,78,0.0035212619999924755,CONVERGENCE: NORM OF PROJECTED GRADIENT <= PGTOL
1.4,2.0,0.0,100,64,qlog,1.4,0.8685016938524336,True,False,40,4.927817727632163,73.53534595238851,0,0.012872989000015878,barrido q-log; q por deviance de bins
1.4,2.0,0.0,100,64,cdf,1.01,0.99632400343453,True,True,40,4.927817727632163,0.0004516981754674827,153,0.018039278000003378,CONVERGENCE: NORM OF PROJECTED GRADIENT <= PGTOL
1.4,2.0,0.0,100,65,pdf,1.2917725485562426,1.1583926625612986,True,False,40,3.0670714225304163,48.367049316853056,96,0.017951621999998224,CONVERGENCE: NORM OF PROJECTED GRADIENT <= PGTOL
1.4,2.0,0.0,100,65,mle,1.2420911687322185,1.1159943566302792,True,False,40,3.0670714225304163,122.3995170392254,93,0.02198398600000928,CONVERGENCE: NORM OF PROJECTED GRADIENT <= PGTOL
1.4,2.0,0.0,100,65,qlog,1.26,0.7144840279500156,True,False,40,3.0670714225304163,53.91682620356651,0,0.013098247000016272,barrido q-log; q por deviance de bins
1.4,2.0,0.0,100,65,cdf,1.01,0.7904057952092528,True,True,40,3.0670714225304163,0.000774443269797363,123,0.014731093999955647,CONVERGENCE: NORM OF PROJECTED GRADIENT <= PGTOL
1.4,2.0,0.0,100,66,pdf,1.3150854544692183,1.6914346468136283,True,False,40,2.2883417911164075,52.82145112995108,96,0.01780878599998914,CONVERGENCE: RELATIVE REDUCTION OF F <= FACTR*EPSMCH
1.4,2.0,0.0,100,66,mle,1.1943741429595276,1.4599234181038965,True,False,40,2.2883417911164075,104.46189391521705,99,0.004062449999992168,CONVERGENCE: NORM OF PROJECTED GRADIENT <= PGTOL
1.4,2.0,0.0,100,66,qlog,1.1,0.856391686970643,True,False,40,2.2883417911164075,58.41897276693161,0,0.01329669599999761,barrido q-log; q por deviance de bins
1.4,2.0,0.0,100,66,cdf,1.2833318534071145,1.6198554181695712,True,False,40,2.2883417911164075,0.0008876878065054994,72,0.008979291999992256,CONVERGENCE: NORM OF PROJECTED GRADIENT <= PGTOL
1.4,2.0,0.0,100,67,pdf,1.9171564781231796,6.976893979079762,True,False,37,2.276678596397953,58.068981865863705,105,0.029314235000015287,CONVERGENCE: NORM OF PROJECTED GRADIENT <= PGTOL
1.4,2.0,0.0,100,67,mle,1.55578429489575,3.8931014644414126,True,False,37,2.276678596397953,96.74166013207262,84,0.005104484000014509,CONVERGENCE: NORM OF PROJECTED GRADIENT <= PGTOL
1.4,2.0,0.0,100,67,qlog,1.42,1.36061030853169,True,False,37,2.276678596397953,72.31157686124232,0,0.015470872000037161,barrido q-log; q por deviance de bins
1.4,2.0,0.0,100,67,cdf,1.8247706369470684,7.1454483043230095,True,False,37,2.276678596397953,0.0015307229927415031,120,0.017196389999980966,CONVERGENCE: NORM OF PROJECTED GRADIENT <= PGTOL
1.4,2.0,0.0,100,68,pdf,1.20382679848837,1.0115376748506366,True,False,42,2.7053825447730664,44.47674019594154,90,0.01796563300001708,CONVERGENCE: NORM OF PROJECTED GRADIENT <= PGTOL
1.4,2.0,0.0,100,68,mle,1.1408056550074313,0.9503742390851844,True,False,42,2.7053825447730664,121.1409604868993,93,0.006923744000005172,CONVERGENCE: RELATIVE REDUCTION OF F <= FACTR*EPSMCH
1.4,2.0,0.0,100,68,qlog,1.12,0.7019872615198797,True,False,42,2.7053825447730664,46.77885224435398,0,0.013621947999979511,barrido q-log; q por deviance de bins
1.4,2.0,0.0,100,68,cdf,1.0295580209998592,0.8241713835328744,True,False,42,2.7053825447730664,0.00024071886023588102,120,0.03154138099995407,CONVERGENCE: NORM OF PROJECTED GRADIENT <= PGTOL
1.4,2.0,0.0,100,69,pdf,1.4241927883796495,2.4488486754192107,True,False,35,2.7264765442313292,70.66667364429718,84,0.016370010999992246,CONVERGENCE: NORM OF PROJECTED GRADIENT <= PGTOL
1.4,2.0,0.0,100,69,mle,1.3339844291764391,2.138699036441749,True,False,35,2.7264765442313292,99.26921157051487,75,0.003119905000005474,CONVERGENCE: NORM OF PROJECTED GRADIENT <= PGTOL
1.4,2.0,0.0,100,69,qlog,1.2,1.0447394663400473,True,False,35,2.7264765442313292,78.97980359168592,0,0.014195524999990994,barrido q-log; q por deviance de bins
1.4,2.0,0.0,100,69,cdf,1.54530218620086,2.8686243182622992,True,False,35,2.7264765442313292,0.00265436664001966,84,0.010435422000000472,CONVERGENCE: NORM OF PROJECTED GRADIENT <= PGTOL
1.4,2.0,0.0,100,70,pdf,1.527816343789561,2.6109109409988274,True,False,41,3.91017041551251,38.84818863962421,93,0.0192694439999741,CONVERGENCE: RELATIVE REDUCTION OF F <= FACTR*EPSMCH
1.4,2.0,0.0,100,70,mle,1.4808961686152855,2.447987962658362,True,False,41,3.91017041551251,109.82170939133759,99,0.004143641999974079,CONVERGENCE: RELATIVE REDUCTION OF F <= FACTR*EPSMCH
1.4,2.0,0.0,100,70,qlog,1.42,1.0730912517318867,True,False,41,3.91017041551251,50.943964910127654,0,0.02829458399997975,barrido q-log; q por deviance de bins
1.4,2.0,0.0,100,70,cdf,1.6126102322809641,3.0537918010630465,True,False,41,3.91017041551251,0.0010775789611527046,93,0.01361682499998551,CONVERGENCE: NORM OF PROJECTED GRADIENT <= PGTOL
1.4,2.0,0.0,100,71,pdf,1.3910043046771432,2.2624574749528223,True,False,42,2.5769001415090678,51.09153004810962,75,0.017093738999960806,CONVERGENCE: RELATIVE REDUCTION OF F <= FACTR*EPSMCH
1.4,2.0,0.0,100,71,mle,1.3412274152780461,2.18309513634646,True,False,42,2.5769001415090678,99.0255013317345,75,0.0031843730000105097,CONVERGENCE: NORM OF PROJECTED GRADIENT <= PGTOL
1.4,2.0,0.0,100,71,qlog,1.24,0.9752398436642272,True,False,42,2.5769001415090678,62.28879929424973,0,0.013986748999968768,barrido q-log; q por deviance de bins
1.4,2.0,0.0,100,71,cdf,1.3382421597435865,2.113435143589926,True,False,42,2.5769001415090678,0.0008420977949219155,60,0.008131829999967977,CONVERGENCE: NORM OF PROJECTED GRADIENT <= PGTOL
1.4,2.0,0.0,100,72,pdf,1.3890093599269213,1.953985642821064,True,False,42,2.931731876449445,72.59944056023672,96,0.0185851090000142,CONVERGENCE: RELATIVE REDUCTION OF F <= FACTR*EPSMCH
1.4,2.0,0.0,100,72,mle,1.3552800713472162,1.8966313441783527,True,False,42,2.931731876449445,107.59816554211753,87,0.018649666999976944,CONVERGENCE: NORM OF PROJECTED GRADIENT <= PGTOL
1.4,2.0,0.0,100,72,qlog,1.28,1.0467199648516654,True,False,42,2.931731876449445,78.98859575862112,0,0.013655909000021893,barrido q-log; q por deviance de bins
1.4,2.0,0.0,100,72,cdf,1.0561880869883324,1.2389199433146936,True,False,42,2.931731876449445,0.0008451597267903608,102,0.0120120039999847,CONVERGENCE: NORM OF PROJECTED GRADIENT <= PGTOL
1.4,2.0,0.0,100,73,pdf,1.7117565959808216,3.8705334820559125,True,False,42,2.1554001383885684,38.25347901816144,108,0.024595352999995157,CONVERGENCE: NORM OF PROJECTED GRADIENT <= PGTOL
1.4,2.0,0.0,100,73,mle,1.358584566147955,2.3048247031463265,True,False,42,2.1554001383885684,98.2176275019757,81,0.007452002999968954,CONVERGENCE: NORM OF PROJECTED GRADIENT <= PGTOL
1.4,2.0,0.0,100,73,qlog,1.34,1.4405351773131772,True,False,42,2.1554001383885684,43.07148399706169,0,0.013552833000005649,barrido q-log; q por deviance de bins
1.4,2.0,0.0,100,73,cdf,1.6997690785313317,4.628016244569256,True,False,42,2.1554001383885684,0.00019519808862125104,102,0.02898497699999325,CONVERGENCE: NORM OF PROJECTED GRADIENT <= PGTOL
1.4,2.0,0.0,100,74,pdf,1.4608721117748769,2.9202615212276677,True,False,37,5.473771917590946,64.28396106677951,84,0.01661385599999221,CONVERGENCE: RELATIVE REDUCTION OF F <= FACTR*EPSMCH
1.4,2.0,0.0,100,74,mle,1.4557297480565154,2.91039672947225,True,False,37,5.473771917590946,97.98103991854542,102,0.004239957999971011,CONVERGENCE: NORM OF PROJECTED GRADIENT <= PGTOL
1.4,2.0,0.0,100,74,qlog,1.54,1.3754783677944793,True,False,37,5.473771917590946,82.62180415692879,0,0.012171405999993112,barrido q-log; q por deviance de bins
1.4,2.0,0.0,100,74,cdf,1.01,1.5173203378374853,True,True,37,5.473771917590946,0.0014651251862933348,75,0.007584042000019053,CONVERGENCE: NORM OF PROJECTED GRADIENT <= PGTOL
1.4,2.0,0.0,100,75,pdf,1.784905423668251,2.447948527481934,True,False,39,3.071459542025235,45.45052917126296,93,0.015295507000018915,CONVERGENCE: RELATIVE REDUCTION OF F <= FACTR*EPSMCH
1.4,2.0,0.0,100,75,mle,1.4914995594173857,1.6837132759717959,True,False,39,3.071459542025235,129.9092718938067,78,0.0026071809999734796,CONVERGENCE: RELATIVE REDUCTION OF F <= FACTR*EPSMCH
1.4,2.0,0.0,100,75,qlog,1.48,0.6603993210147084,True,False,39,3.071459542025235,59.44777686946338,0,0.013470459000018309,barrido q-log; q por deviance de bins
1.4,2.0,0.0,100,75,cdf,1.5484288762073235,1.8874833325538722,True,False,39,3.071459542025235,0.00047375745508433946,78,0.02466860900000256,CONVERGENCE: NORM OF PROJECTED GRADIENT <= PGTOL
1.4,2.0,0.0,100,76,pdf,1.540212909384552,2.443476558269706,True,False,41,6.880654641398221,51.36083277736416,108,0.02027849800003878,CONVERGENCE: NORM OF PROJECTED GRADIENT <= PGTOL
1.4,2.0,0.0,100,76,mle,1.5359264443773704,2.456010628940977,True,False,41,6.880654641398221,116.9966393772377,96,0.0038490279999905397,CONVERGENCE: NORM OF PROJECTED GRADIENT <= PGTOL
1.4,2.0,0.0,100,76,qlog,1.56,1.0873650416560021,True,False,41,6.880654641398221,66.62184931686078,0,0.013493393000032938,barrido q-log; q por deviance de bins
1.4,2.0,0.0,100,76,cdf,1.8096156191976591,4.312787707179411,True,False,41,6.880654641398221,0.0017738725119825056,96,0.015617629000018951,CONVERGENCE: NORM OF PROJECTED GRADIENT <= PGTOL
1.4,2.0,0.0,100,77,pdf,1.6403856476889458,3.552982160153431,True,False,40,2.736692690389697,50.75942479927342,117,0.01957703800002264,CONVERGENCE: RELATIVE REDUCTION OF F <= FACTR*EPSMCH
1.4,2.0,0.0,100,77,mle,1.4565060287620615,2.71760963242893,True,False,40,2.736692690389697,101.50477201132374,78,0.0026580270000522432,CONVERGENCE: NORM OF PROJECTED GRADIENT <= PGTOL
1.4,2.0,0.0,100,77,qlog,1.34,1.167810424852785,True,False,40,2.736692690389697,61.11327988714355,0,0.030476240999973925,barrido q-log; q por deviance de bins
1.4,2.0,0.0,100,77,cdf,1.6303737150637856,3.605738140273342,True,False,40,2.736692690389697,0.002339347130868594,93,0.011178525000048012,CONVERGENCE: NORM OF PROJECTED GRADIENT <= PGTOL
1.4,2.0,0.0,100,78,pdf,1.2895758408762288,1.2848021480349556,True,False,40,3.258979867899677,49.418166720443175,105,0.01657619299999169,CONVERGENCE: NORM OF PROJECTED GRADIENT <= PGTOL
1.4,2.0,0.0,100,78,mle,1.2660362959562586,1.2354316114705564,True,False,40,3.258979867899677,119.6690146223911,93,0.003475813000022754,CONVERGENCE: NORM OF PROJECTED GRADIENT <= PGTOL
1.4,2.0,0.0,100,78,qlog,1.26,0.7851089726410708,True,False,40,3.258979867899677,55.430589276106716,0,0.01217205699998658,barrido q-log; q por deviance de bins
1.4,2.0,0.0,100,78,cdf,1.0287845870806858,0.8894052663808927,True,False,40,3.258979867899677,0.0005756903071284796,144,0.014461868000012146,CONVERGENCE: RELATIVE REDUCTION OF F <= FACTR*EPSMCH
1.4,2.0,0.0,100,79,pdf,1.6604009550698373,2.39970710912888,True,False,37,2.809386886901228,54.14773181096714,90,0.013544521000028453,CONVERGENCE: NORM OF PROJECTED GRADIENT <= PGTOL
1.4,2.0,0.0,100,79,mle,1.3865440363376489,1.6342117720716438,True,False,37,2.809386886901228,118.56247957704232,93,0.02185959799999182,CONVERGENCE: NORM OF PROJECTED GRADIENT <= PGTOL
1.4,2.0,0.0,100,79,qlog,1.26,0.6543476073296365,True,False,37,2.809386886901228,67.39534837217275,0,0.012821828999960871,barrido q-log; q por deviance de bins
1.4,2.0,0.0,100,79,cdf,1.5534519483302476,2.2148002696595133,True,False,37,2.809386886901228,0.00026984126809237625,54,0.007109155000023293,CONVERGENCE: NORM OF PROJECTED GRADIENT <= PGTOL
1.4,2.0,0.0,100,80,pdf,1.532070714347189,2.0384659177681197,True,False,41,2.5117689051713237,64.787329238321,93,0.01849031599999762,CONVERGENCE: RELATIVE REDUCTION OF F <= FACTR*EPSMCH
1.4,2.0,0.0,100,80,mle,1.3453539783215702,1.667993019085053,True,False,41,2.5117689051713237,112.93104454916815,87,0.006017605000010917,CONVERGENCE: NORM OF PROJECTED GRADIENT <= PGTOL
1.4,2.0,0.0,100,80,qlog,1.24,0.6914026458194139,True,False,41,2.5117689051713237,77.24265349123368,0,0.013741227999958028,barrido q-log; q por deviance de bins
1.4,2.0,0.0,100,80,cdf,1.4826063471907756,2.038064588589475,True,False,41,2.5117689051713237,0.0007524094752883932,54,0.008223880000002737,CONVERGENCE: NORM OF PROJECTED GRADIENT <= PGTOL
1.4,2.0,0.0,100,81,pdf,1.5480294434307895,2.0402786089191545,True,False,39,4.018746875325331,70.8210577477252,90,0.03285650999998779,CONVERGENCE: RELATIVE REDUCTION OF F <= FACTR*EPSMCH
1.4,2.0,0.0,100,81,mle,1.4917602097458202,1.9143669175292004,True,False,39,4.018746875325331,123.5240326013604,87,0.003716397000005145,CONVERGENCE: NORM OF PROJECTED GRADIENT <= PGTOL
1.4,2.0,0.0,100,81,qlog,1.46,0.7021774550148915,True,False,39,4.018746875325331,89.94200594175896,0,0.01396545700004026,barrido q-log; q por deviance de bins
1.4,2.0,0.0,100,81,cdf,1.1063854438777128,1.098468204753614,True,False,39,4.018746875325331,0.0007251125052401452,102,0.012534985000002052,CONVERGENCE: NORM OF PROJECTED GRADIENT <= PGTOL
1.4,2.0,0.0,100,82,pdf,1.2593144953535893,1.4071097719501213,True,False,43,2.029639486560864,38.711657158993965,90,0.01730856999995467,CONVERGENCE: NORM OF PROJECTED GRADIENT <= PGTOL
1.4,2.0,0.0,100,82,mle,1.087738900520796,1.1853084273539967,True,False,43,2.029639486560864,105.61857927831448,84,0.0034724689999734437,CONVERGENCE: RELATIVE REDUCTION OF F <= FACTR*EPSMCH
1.4,2.0,0.0,100,82,qlog,1.1,0.9209135002297344,True,False,43,2.029639486560864,40.63511826572897,0,0.014006188999985625,barrido q-log; q por deviance de bins
1.4,2.0,0.0,100,82,cdf,1.0958515634482957,1.1983254224132116,True,False,43,2.029639486560864,0.00017822413923298988,111,0.032041837999997824,CONVERGENCE: NORM OF PROJECTED GRADIENT <= PGTOL
1.4,2.0,0.0,100,83,pdf,2.1097960794034667,7.752381640273457,True,False,42,2.593432090729795,51.255337632938705,111,0.01963889200004587,CONVERGENCE: RELATIVE REDUCTION OF F <= FACTR*EPSMCH
1.4,2.0,0.0,100,83,mle,1.6282505001250767,3.009944995777001,True,False,42,2.593432090729795,120.38736710897203,90,0.0043381460000091465,CONVERGENCE: NORM OF PROJECTED GRADIENT <= PGTOL
1.4,2.0,0.0,100,83,qlog,1.36,0.6983447122260361,True,False,42,2.593432090729795,73.08054652987641,0,0.01457180300002392,barrido q-log; q por deviance de bins
1.4,2.0,0.0,100,83,cdf,1.9507363719489452,7.346051000470981,True,False,42,2.593432090729795,0.0006144057777925826,105,0.012293881000005058,CONVERGENCE: NORM OF PROJECTED GRADIENT <= PGTOL
1.4,2.0,0.0,100,84,pdf,1.4641653229159162,2.3393687322006644,True,False,42,1.8492720988399873,47.70961066158543,99,0.01862725300003376,CONVERGENCE: RELATIVE REDUCTION OF F <= FACTR*EPSMCH
1.4,2.0,0.0,100,84,mle,1.1707115485737158,1.6920943571747316,True,False,42,1.8492720988399873,94.93472355372478,96,0.0038691880000101264,CONVERGENCE: NORM OF PROJECTED GRADIENT <= PGTOL
1.4,2.0,0.0,100,84,qlog,1.18,1.1184650071918492,True,False,42,1.8492720988399873,52.084353599700236,0,0.013686034999977892,barrido q-log; q por deviance de bins
1.4,2.0,0.0,100,84,cdf,1.358688313758561,2.2235427477092657,True,False,42,1.8492720988399873,0.0004809800703982717,54,0.017521030000011706,CONVERGENCE: NORM OF PROJECTED GRADIENT <= PGTOL
1.4,2.0,0.0,100,85,pdf,1.5235639638836125,1.963855483269434,True,False,39,7.869846370127134,41.33678435160498,99,0.018210865000014564,CONVERGENCE: RELATIVE REDUCTION OF F <= FACTR*EPSMCH
1.4,2.0,0.0,100,85,mle,1.5358996827847726,2.0087952107197102,True,False,39,7.869846370127134,127.04310271079368,93,0.0039760390000083135,CONVERGENCE: NORM OF PROJECTED GRADIENT <= PGTOL
1.4,2.0,0.0,100,85,qlog,1.58,0.8027159867535344,True,False,39,7.869846370127134,62.5452796599065,0,0.014483519999998862,barrido q-log; q por deviance de bins
1.4,2.0,0.0,100,85,cdf,1.421173054748874,1.6276735141408754,True,False,39,7.869846370127134,0.0002675441821229308,84,0.010494321000010132,CONVERGENCE: NORM OF PROJECTED GRADIENT <= PGTOL
1.4,2.0,0.0,100,86,pdf,1.3602069115144355,1.9630415195300883,True,False,40,3.446161599908521,55.19221874116348,102,0.020068961999982093,CONVERGENCE: RELATIVE REDUCTION OF F <= FACTR*EPSMCH
1.4,2.0,0.0,100,86,mle,1.3338406895612323,1.9115708069431279,True,False,40,3.446161599908521,104.86735132091349,84,0.0037921609999784778,CONVERGENCE: NORM OF PROJECTED GRADIENT <= PGTOL
1.4,2.0,0.0,100,86,qlog,1.32,1.1120693370734138,True,False,40,3.446161599908521,62.41441786470973,0,0.02477804899996272,barrido q-log; q por deviance de bins
1.4,2.0,0.0,100,86,cdf,1.130245527076744,1.4019481237133178,True,False,40,3.446161599908521,0.0012980244372449525,120,0.017401751000022614,CONVERGENCE: NORM OF PROJECTED GRADIENT <= PGTOL
1.4,2.0,0.0,100,87,pdf,1.4835691958011774,1.9111669160736122,True,False,41,2.38484889726756,42.53316575362435,126,0.027211867999994865,CONVERGENCE: NORM OF PROJECTED GRADIENT <= PGTOL
1.4,2.0,0.0,100,87,mle,1.2950682135014122,1.5475671365307686,True,False,41,2.38484889726756,111.34612448405042,72,0.003212125000004562,CONVERGENCE: NORM OF PROJECTED GRADIENT <= PGTOL
1.4,2.0,0.0,100,87,qlog,1.36,0.9395404218391878,True,False,41,2.38484889726756,49.35080303083899,0,0.014931227999966268,barrido q-log; q por deviance de bins
1.4,2.0,0.0,100,87,cdf,1.1508758945397297,1.2834545377261741,True,False,41,2.38484889726756,0.00038181806833729066,99,0.012840067000013278,CONVERGENCE: NORM OF PROJECTED GRADIENT <= PGTOL
1.4,2.0,0.0,100,88,pdf,1.604695489993246,1.7899207806014321,True,False,40,2.1162747486330087,61.4645399396661,93,0.045202238999991096,CONVERGENCE: NORM OF PROJECTED GRADIENT <= PGTOL
1.4,2.0,0.0,100,88,mle,1.1577743891398504,1.074553336606471,True,False,40,2.1162747486330087,116.48657982282222,108,0.004389374000027146,CONVERGENCE: NORM OF PROJECTED GRADIENT <= PGTOL
1.4,2.0,0.0,100,88,qlog,1.04,0.6223566670738935,True,False,40,2.1162747486330087,67.20127174012012,0,0.01214490500001375,barrido q-log; q por deviance de bins
1.4,2.0,0.0,100,88,cdf,1.5309210394725286,1.966850185454619,True,False,40,2.1162747486330087,0.000803338138947607,60,0.007601780000015879,CONVERGENCE: NORM OF PROJECTED GRADIENT <= PGTOL
1.4,2.0,0.0,100,89,pdf,1.621067931091751,2.571935178375541,True,False,34,4.320118657818693,63.969622554220116,93,0.0518526000000179,CONVERGENCE: NORM OF PROJECTED GRADIENT <= PGTOL
1.4,2.0,0.0,100,89,mle,1.499183606880865,2.1050824960012346,True,False,34,4.320118657818693,119.74914807956506,87,0.005548085999976138,CONVERGENCE: NORM OF PROJECTED GRADIENT <= PGTOL
1.4,2.0,0.0,100,89,qlog,1.34,0.6748029973980622,True,False,34,4.320118657818693,81.785917941025,0,0.013662328999998863,barrido q-log; q por deviance de bins
1.4,2.0,0.0,100,89,cdf,1.720714863076258,3.2259427254307917,True,False,34,4.320118657818693,0.0015469725617208788,96,0.01123246599996719,CONVERGENCE: NORM OF PROJECTED GRADIENT <= PGTOL
1.4,2.0,0.0,100,90,pdf,1.3352748881106717,1.6601596512065993,True,False,39,2.6520717131412765,56.14280397453867,87,0.01599836000002597,CONVERGENCE: NORM OF PROJECTED GRADIENT <= PGTOL
1.4,2.0,0.0,100,90,mle,1.2586770616887255,1.5366333418301052,True,False,39,2.6520717131412765,108.03032206432705,99,0.0039842119999775605,CONVERGENCE: NORM OF PROJECTED GRADIENT <= PGTOL
1.4,2.0,0.0,100,90,qlog,1.18,0.8995904493196227,True,False,39,2.6520717131412765,61.19601938855586,0,0.014340063000020109,barrido q-log; q por deviance de bins
1.4,2.0,0.0,100,90,cdf,1.2391846759578435,1.4717119584761584,True,False,39,2.6520717131412765,0.000806194310938256,102,0.01264731999998503,CONVERGENCE: NORM OF PROJECTED GRADIENT <= PGTOL
1.4,2.0,0.0,100,91,pdf,1.4989214728478661,1.8219610009189544,True,False,39,2.047797574249525,59.637667325489524,99,0.034176318999982414,CONVERGENCE: NORM OF PROJECTED GRADIENT <= PGTOL
1.4,2.0,0.0,100,91,mle,1.1666915015645667,1.272679713566132,True,False,39,2.047797574249525,108.8173809458879,84,0.004124313000033908,CONVERGENCE: NORM OF PROJECTED GRADIENT <= PGTOL
1.4,2.0,0.0,100,91,qlog,1.12,0.7998448355328106,True,False,39,2.047797574249525,64.15907872737857,0,0.014380544999994527,barrido q-log; q por deviance de bins
1.4,2.0,0.0,100,91,cdf,1.3702307384022132,1.7282720861965446,True,False,39,2.047797574249525,0.00021369853280260684,87,0.010783558000014182,CONVERGENCE: NORM OF PROJECTED GRADIENT <= PGTOL
1.4,2.0,0.0,100,92,pdf,1.4874662996855248,1.6570799169862853,True,False,39,3.0177646390156014,60.332476546955824,90,0.017283162000012453,CONVERGENCE: NORM OF PROJECTED GRADIENT <= PGTOL
1.4,2.0,0.0,100,92,mle,1.3095929847259933,1.3055985078397732,True,False,39,3.0177646390156014,121.35545312787437,96,0.0041310930000122426,CONVERGENCE: NORM OF PROJECTED GRADIENT <= PGTOL
1.4,2.0,0.0,100,92,qlog,1.36,0.9343445887109673,True,False,39,3.0177646390156014,64.1783923838132,0,0.015021613000044454,barrido q-log; q por deviance de bins
1.4,2.0,0.0,100,92,cdf,1.3885635579333409,1.4644135915936733,True,False,39,3.0177646390156014,0.0006769046228200496,96,0.030866992000028404,CONVERGENCE: NORM OF PROJECTED GRADIENT <= PGTOL
1.4,2.0,0.0,100,93,pdf,1.705461046179929,2.565966563386583,True,False,40,3.00796127129431,53.344351352824496,102,0.018192397000007077,CONVERGENCE: NORM OF PROJECTED GRADIENT <= PGTOL
1.4,2.0,0.0,100,93,mle,1.4804508738770032,1.9519863771998307,True,False,40,3.00796127129431,121.08535559361937,90,0.003705221000018355,CONVERGENCE: NORM OF PROJECTED GRADIENT <= PGTOL
1.4,2.0,0.0,100,93,qlog,1.46,0.809190273294033,True,False,40,3.00796127129431,66.41307489539177,0,0.01549262999998291,barrido q-log; q por deviance de bins
1.4,2.0,0.0,100,93,cdf,1.4031321962112937,1.7103716123104915,True,False,40,3.00796127129431,0.0007498891690177346,75,0.009518385999967904,CONVERGENCE: NORM OF PROJECTED GRADIENT <= PGTOL
1.4,2.0,0.0,100,94,pdf,1.7598471361230048,3.174785141102098,True,False,39,3.184828347592869,43.97138718948209,84,0.014934471999993093,CONVERGENCE: NORM OF PROJECTED GRADIENT <= PGTOL
1.4,2.0,0.0,100,94,mle,1.4868811107040436,2.046344432982111,True,False,39,3.184828347592869,119.55575630452813,96,0.0035122389999742154,CONVERGENCE: NORM OF PROJECTED GRADIENT <= PGTOL
1.4,2.0,0.0,100,94,qlog,1.4,0.9526057738693676,True,False,39,3.184828347592869,53.195625854432045,0,0.029785527000001366,barrido q-log; q por deviance de bins
1.4,2.0,0.0,100,94,cdf,1.6504955728078183,2.8531850949748385,True,False,39,3.184828347592869,0.0006479448461276784,81,0.012285839000014676,CONVERGENCE: NORM OF PROJECTED GRADIENT <= PGTOL
1.4,2.0,0.0,100,95,pdf,1.710840581149903,3.2699102561763986,True,False,38,1.7455064686338473,70.09256821968785,84,0.01503866999996717,CONVERGENCE: RELATIVE REDUCTION OF F <= FACTR*EPSMCH
1.4,2.0,0.0,100,95,mle,1.2449506141707691,1.8701472107496728,True,False,38,1.7455064686338473,96.86363829889538,102,0.004240198999980294,CONVERGENCE: NORM OF PROJECTED GRADIENT <= PGTOL
1.4,2.0,0.0,100,95,qlog,1.24,1.1281300473420595,True,False,38,1.7455064686338473,75.78836338900632,0,0.014341186000024209,barrido q-log; q por deviance de bins
1.4,2.0,0.0,100,95,cdf,1.560568149517773,3.2781243832762965,True,False,38,1.7455064686338473,0.0005768206864812255,96,0.012963612999953966,CONVERGENCE: NORM OF PROJECTED GRADIENT <= PGTOL
1.4,2.0,0.0,100,96,pdf,1.283551896516981,1.6605311700010876,True,False,38,2.8932171842668786,67.53200585939113,99,0.03735862400003498,CONVERGENCE: RELATIVE REDUCTION OF F <= FACTR*EPSMCH
1.4,2.0,0.0,100,96,mle,1.261919471630658,1.6374566186482398,True,False,38,2.8932171842668786,105.17369870785957,96,0.003885752999963188,CONVERGENCE: NORM OF PROJECTED GRADIENT <= PGTOL
1.4,2.0,0.0,100,96,qlog,1.2,1.070285254540065,True,False,38,2.8932171842668786,70.90246721209749,0,0.013632132999987334,barrido q-log; q por deviance de bins
1.4,2.0,0.0,100,96,cdf,1.01,1.100853530456806,True,True,38,2.8932171842668786,0.0035973598247817686,123,0.014303939000001265,CONVERGENCE: NORM OF PROJECTED GRADIENT <= PGTOL
1.4,2.0,0.0,100,97,pdf,1.2588518095908383,1.3615842195514964,True,False,42,2.9336451781847845,41.1938507620433,99,0.018455914000014673,CONVERGENCE: RELATIVE REDUCTION OF F <= FACTR*EPSMCH
1.4,2.0,0.0,100,97,mle,1.2407552321109643,1.3642829181944536,True,False,42,2.9336451781847845,112.2259236557837,81,0.003496043999973608,CONVERGENCE: NORM OF PROJECTED GRADIENT <= PGTOL
1.4,2.0,0.0,100,97,qlog,1.22,0.8878918667404699,True,False,42,2.9336451781847845,45.53519881409467,0,0.014168224000002283,barrido q-log; q por deviance de bins
1.4,2.0,0.0,100,97,cdf,1.064052221364271,1.0770714618442507,True,False,42,2.9336451781847845,0.00016440712394698244,105,0.03247540300003493,CONVERGENCE: NORM OF PROJECTED GRADIENT <= PGTOL
1.4,2.0,0.0,100,98,pdf,1.3723030207875568,1.2642589778739968,True,False,42,1.8406009352715809,45.55409333746903,147,0.026682403999984672,CONVERGENCE: NORM OF PROJECTED GRADIENT <= PGTOL
1.4,2.0,0.0,100,98,mle,1.01,0.9449160865256448,True,True,42,1.8406009352715809,110.80027428156997,132,0.004217864999986887,CONVERGENCE: RELATIVE REDUCTION OF F <= FACTR*EPSMCH
1.4,2.0,0.0,100,98,qlog,1.08,0.7184644652539768,True,False,42,1.8406009352715809,47.47716201076571,0,0.014122115000020585,barrido q-log; q por deviance de bins
1.4,2.0,0.0,100,98,cdf,1.1472234047111198,1.062342404582031,True,False,42,1.8406009352715809,0.002506298128094075,114,0.012557619999995495,CONVERGENCE: NORM OF PROJECTED GRADIENT <= PGTOL
1.4,2.0,0.0,100,99,pdf,1.525505785049362,1.6510194103990492,True,False,38,3.391824013881511,55.752958985029224,81,0.012060318000010284,CONVERGENCE: NORM OF PROJECTED GRADIENT <= PGTOL
1.4,2.0,0.0,100,99,mle,1.3854627716062267,1.3642495890481097,True,False,38,3.391824013881511,127.46639606608056,93,0.002971871999989162,CONVERGENCE: NORM OF PROJECTED GRADIENT <= PGTOL
1.4,2.0,0.0,100,99,qlog,1.2,0.47985172268216425,True,False,38,3.391824013881511,71.85812065476284,0,0.030814043000020774,barrido q-log; q por deviance de bins
1.4,2.0,0.0,100,99,cdf,1.4657534619335517,1.496423941078405,True,False,38,3.391824013881511,0.00208848082802443,90,0.011415644000010161,CONVERGENCE: NORM OF PROJECTED GRADIENT <= PGTOL
1.4,2.0,0.0,2000,0,pdf,1.4650575153560503,2.155456958959709,True,False,48,12.002297445955561,61.500918045720674,114,0.024303622999980234,CONVERGENCE: RELATIVE REDUCTION OF F <= FACTR*EPSMCH
1.4,2.0,0.0,2000,0,mle,1.4558445633382922,2.119262438363515,True,False,48,12.002297445955561,2277.1286347036116,93,0.0036650290000466157,CONVERGENCE: RELATIVE REDUCTION OF F <= FACTR*EPSMCH
1.4,2.0,0.0,2000,0,qlog,1.5,1.922962746627654,True,False,48,12.002297445955561,79.11371941280964,0,0.014572584999996252,barrido q-log; q por deviance de bins
1.4,2.0,0.0,2000,0,cdf,1.436787990802497,2.038149929745977,True,False,48,12.002297445955561,0.00010709192214032232,54,0.04218231499999092,CONVERGENCE: NORM OF PROJECTED GRADIENT <= PGTOL
1.4,2.0,0.0,2000,1,pdf,1.4568642706534414,2.4089304021641973,True,False,48,14.44845238910021,53.4015055930257,105,0.019299499000055675,CONVERGENCE: RELATIVE REDUCTION OF F <= FACTR*EPSMCH
1.4,2.0,0.0,2000,1,mle,1.455227907065046,2.40296173183553,True,False,48,14.44845238910021,2149.956350395184,96,0.003655144999981985,CONVERGENCE: RELATIVE REDUCTION OF F <= FACTR*EPSMCH
1.4,2.0,0.0,2000,1,qlog,1.48,2.2273177942025844,True,False,48,14.44845238910021,61.65685251725947,0,0.013432952000016485,barrido q-log; q por deviance de bins
1.4,2.0,0.0,2000,1,cdf,1.3928189391719628,2.1578399499207523,True,False,48,14.44845238910021,0.00011462095144797176,75,0.038530655999977625,CONVERGENCE: NORM OF PROJECTED GRADIENT <= PGTOL
1.4,2.0,0.0,2000,2,pdf,1.4336308592919114,1.998861411553436,True,False,49,6.047867258380433,42.732688186405404,108,0.028778550999959407,CONVERGENCE: RELATIVE REDUCTION OF F <= FACTR*EPSMCH
1.4,2.0,0.0,2000,2,mle,1.4146278016641423,1.9474804260025995,True,False,49,6.047867258380433,2261.373956441097,102,0.00492338099996914,CONVERGENCE: NORM OF PROJECTED GRADIENT <= PGTOL
1.4,2.0,0.0,2000,2,qlog,1.44,1.9078206209435307,True,False,49,6.047867258380433,44.585981686170236,0,0.01863668700002563,barrido q-log; q por deviance de bins
1.4,2.0,0.0,2000,2,cdf,1.4375962909281588,2.0233761564242734,True,False,49,6.047867258380433,5.904587596998049e-05,54,0.050070175999962885,CONVERGENCE: NORM OF PROJECTED GRADIENT <= PGTOL
1.4,2.0,0.0,2000,3,pdf,1.4326038205450922,2.1660377159497886,True,False,50,6.891978244311181,34.50679295725254,96,0.01781170099997098,CONVERGENCE: RELATIVE REDUCTION OF F <= FACTR*EPSMCH
1.4,2.0,0.0,2000,3,mle,1.4265929837002946,2.1483956116367504,True,False,50,6.891978244311181,2191.781264702147,102,0.004637810000019726,CONVERGENCE: RELATIVE REDUCTION OF F <= FACTR*EPSMCH
1.4,2.0,0.0,2000,3,qlog,1.44,2.0571352273931693,True,False,50,6.891978244311181,36.84851706919053,0,0.015909656000019368,barrido q-log; q por deviance de bins
1.4,2.0,0.0,2000,3,cdf,1.4229617235763476,2.126294901110948,True,False,50,6.891978244311181,3.109969485323185e-05,72,0.06221200800001725,CONVERGENCE: NORM OF PROJECTED GRADIENT <= PGTOL
1.4,2.0,0.0,2000,4,pdf,1.3694389377502456,1.85255375366969,True,False,49,4.857480944333087,66.9845326365127,111,0.022392853999974704,CONVERGENCE: RELATIVE REDUCTION OF F <= FACTR*EPSMCH
1.4,2.0,0.0,2000,4,mle,1.3551130614924956,1.804299818288507,True,False,49,4.857480944333087,2201.501151849999,102,0.00481505800001969,CONVERGENCE: NORM OF PROJECTED GRADIENT <= PGTOL
1.4,2.0,0.0,2000,4,qlog,1.38,1.7915550862205898,True,False,49,4.857480944333087,68.64266873524828,0,0.01565925700003845,barrido q-log; q por deviance de bins
1.4,2.0,0.0,2000,4,cdf,1.392744470773848,1.9185683014462231,True,False,49,4.857480944333087,0.00011437416086792557,72,0.059891058999994584,CONVERGENCE: NORM OF PROJECTED GRADIENT <= PGTOL
1.4,2.0,0.0,2000,5,pdf,1.3998655672208165,2.1501337444192554,True,False,50,4.175670311932827,39.833648569707876,102,0.015024709000044822,CONVERGENCE: RELATIVE REDUCTION OF F <= FACTR*EPSMCH
1.4,2.0,0.0,2000,5,mle,1.3791982305623653,2.087585406206701,True,False,50,4.175670311932827,2109.6317777662134,117,0.003970821999985219,CONVERGENCE: NORM OF PROJECTED GRADIENT <= PGTOL
1.4,2.0,0.0,2000,5,qlog,1.4,2.054010346607781,True,False,50,4.175670311932827,41.0126122150561,0,0.012971794999998565,barrido q-log; q por deviance de bins
1.4,2.0,0.0,2000,5,cdf,1.3747315843417995,2.0699622601191887,True,False,50,4.175670311932827,2.2873512717349614e-05,54,0.027537289999997938,CONVERGENCE: NORM OF PROJECTED GRADIENT <= PGTOL
1.4,2.0,0.0,2000,6,pdf,1.394517737571974,2.075694033203862,True,False,47,13.45428619145383,51.05066677763902,102,0.035529980000035266,CONVERGENCE: RELATIVE REDUCTION OF F <= FACTR*EPSMCH
1.4,2.0,0.0,2000,6,mle,1.4065810632301525,2.1154770321608933,True,False,47,13.45428619145383,2159.6344269410747,105,0.005924469999968096,CONVERGENCE: NORM OF PROJECTED GRADIENT <= PGTOL
1.4,2.0,0.0,2000,6,qlog,1.42,1.8993156250937084,True,False,47,13.45428619145383,61.81506011284338,0,0.018184143000041786,barrido q-log; q por deviance de bins
1.4,2.0,0.0,2000,6,cdf,1.4158692905807904,2.1383380380290102,True,False,47,13.45428619145383,0.00011949777675167944,75,0.044958595000025525,CONVERGENCE: NORM OF PROJECTED GRADIENT <= PGTOL
1.4,2.0,0.0,2000,7,pdf,1.439832193966119,2.0917031917037936,True,False,50,5.6140174999089885,42.66954308427306,123,0.03320011900001418,CONVERGENCE: RELATIVE REDUCTION OF F <= FACTR*EPSMCH
1.4,2.0,0.0,2000,7,mle,1.4214133797860091,2.0352332586638155,True,False,50,5.6140174999089885,2233.463444594345,102,0.004997862999971403,CONVERGENCE: RELATIVE REDUCTION OF F <= FACTR*EPSMCH
1.4,2.0,0.0,2000,7,qlog,1.44,1.9908381331253757,True,False,50,5.6140174999089885,43.986182597098065,0,0.015647530000023835,barrido q-log; q por deviance de bins
1.4,2.0,0.0,2000,7,cdf,1.3956741706032425,1.9574745287267803,True,False,50,5.6140174999089885,5.8375340565754745e-05,54,0.03534960700000056,CONVERGENCE: NORM OF PROJECTED GRADIENT <= PGTOL
1.4,2.0,0.0,2000,8,pdf,1.4372175911079037,2.2220523657654634,True,False,49,8.874753031264575,52.829391627525126,99,0.01808731699998134,CONVERGENCE: RELATIVE REDUCTION OF F <= FACTR*EPSMCH
1.4,2.0,0.0,2000,8,mle,1.427734223960356,2.1892219986081165,True,False,49,8.874753031264575,2175.705361671872,108,0.02333965499997248,CONVERGENCE: RELATIVE REDUCTION OF F <= FACTR*EPSMCH
1.4,2.0,0.0,2000,8,qlog,1.44,2.0511711076940253,True,False,49,8.874753031264575,56.7016588721297,0,0.01635884500001339,barrido q-log; q por deviance de bins
1.4,2.0,0.0,2000,8,cdf,1.46879407623759,2.35665020017202,True,False,49,8.874753031264575,2.8421667496060203e-05,75,0.04693156299998691,CONVERGENCE: NORM OF PROJECTED GRADIENT <= PGTOL
1.4,2.0,0.0,2000,9,pdf,1.3955094198814886,2.0947549419742972,True,False,50,5.607111705864052,46.16350765378698,102,0.03384912900003201,CONVERGENCE: RELATIVE REDUCTION OF F <= FACTR*EPSMCH
1.4,2.0,0.0,2000,9,mle,1.3815951239439508,2.0534744130565787,True,False,50,5.607111705864052,2131.5625340566894,87,0.004282302000035543,CONVERGENCE: NORM OF PROJECTED GRADIENT <= PGTOL
1.4,2.0,0.0,2000,9,qlog,1.4,1.996772274617029,True,False,50,5.607111705864052,47.9531422888811,0,0.01564801099999613,barrido q-log; q por deviance de bins
1.4,2.0,0.0,2000,9,cdf,1.3315930314752813,1.8969644457489183,True,False,50,5.607111705864052,3.793668993588237e-05,84,0.049361234000002696,CONVERGENCE: NORM OF PROJECTED GRADIENT <= PGTOL
1.4,2.0,0.0,2000,10,pdf,1.420528861792537,2.156230200764178,True,False,49,6.8388225446910615,37.7019929359543,105,0.03030234800002063,CONVERGENCE: RELATIVE REDUCTION OF F <= FACTR*EPSMCH
1.4,2.0,0.0,2000,10,mle,1.4191572864408115,2.154282521919327,True,False,49,6.8388225446910615,2171.2273516914365,108,0.003919032999988303,CONVERGENCE: RELATIVE REDUCTION OF F <= FACTR*EPSMCH
1.4,2.0,0.0,2000,10,qlog,1.44,2.0664239744900756,True,False,49,6.8388225446910615,41.3812919497323,0,0.014429419000009602,barrido q-log; q por deviance de bins
1.4,2.0,0.0,2000,10,cdf,1.3985862679908339,2.0838064677510664,True,False,49,6.8388225446910615,1.9036901881577424e-05,78,0.04274972300004265,CONVERGENCE: NORM OF PROJECTED GRADIENT <= PGTOL
1.4,2.0,0.0,2000,11,pdf,1.4050638035390135,2.085169934414425,True,False,48,6.582434068078726,47.020840436096,102,0.0169878049999852,CONVERGENCE: RELATIVE REDUCTION OF F <= FACTR*EPSMCH
1.4,2.0,0.0,2000,11,mle,1.4042148332675843,2.079427132357316,True,False,48,6.582434068078726,2171.2717264257717,93,0.02206814400000212,CONVERGENCE: RELATIVE REDUCTION OF F <= FACTR*EPSMCH
1.4,2.0,0.0,2000,11,qlog,1.4,1.8825594747951993,True,False,48,6.582434068078726,51.83432607707744,0,0.014767098999982409,barrido q-log; q por deviance de bins
1.4,2.0,0.0,2000,11,cdf,1.4473251326909236,2.2352959026629704,True,False,48,6.582434068078726,0.0001837961035604425,45,0.021704644000010376,CONVERGENCE: NORM OF PROJECTED GRADIENT <= PGTOL
1.4,2.0,0.0,2000,12,pdf,1.4134336546497412,2.193779648833174,True,False,50,7.1370156195226935,57.57457356207474,108,0.030375870000000305,CONVERGENCE: RELATIVE REDUCTION OF F <= FACTR*EPSMCH
1.4,2.0,0.0,2000,12,mle,1.4146896750661002,2.2044743583794015,True,False,50,7.1370156195226935,2137.5680825973304,108,0.003968348000000788,CONVERGENCE: NORM OF PROJECTED GRADIENT <= PGTOL
1.4,2.0,0.0,2000,12,qlog,1.42,1.984433883843475,True,False,50,7.1370156195226935,64.54089762380332,0,0.013170446000003722,barrido q-log; q por deviance de bins
1.4,2.0,0.0,2000,12,cdf,1.395592675115926,2.131259092336213,True,False,50,7.1370156195226935,6.467959065514282e-05,75,0.04776287799995771,CONVERGENCE: NORM OF PROJECTED GRADIENT <= PGTOL
1.4,2.0,0.0,2000,13,pdf,1.4033963362229789,2.0620287816819136,True,False,49,7.523708624719206,50.32429096562298,99,0.015937387999997554,CONVERGENCE: RELATIVE REDUCTION OF F <= FACTR*EPSMCH
1.4,2.0,0.0,2000,13,mle,1.4066657909357156,2.0652434415353658,True,False,49,7.523708624719206,2183.865805031477,81,0.002848404999951981,CONVERGENCE: RELATIVE REDUCTION OF F <= FACTR*EPSMCH
1.4,2.0,0.0,2000,13,qlog,1.4,1.875934538634896,True,False,49,7.523708624719206,54.72070869334456,0,0.013506362999976318,barrido q-log; q por deviance de bins
1.4,2.0,0.0,2000,13,cdf,1.3793497903203424,1.9738778233996914,True,False,49,7.523708624719206,2.7148028807352593e-05,54,0.049356032000048344,CONVERGENCE: NORM OF PROJECTED GRADIENT <= PGTOL
1.4,2.0,0.0,2000,14,pdf,1.424422355986786,2.319752351448901,True,False,50,8.155380764012893,41.28391951608393,102,0.01829763500001036,CONVERGENCE: RELATIVE REDUCTION OF F <= FACTR*EPSMCH
1.4,2.0,0.0,2000,14,mle,1.4164532201285025,2.2863124101075405,True,False,50,8.155380764012893,2105.3053338978,96,0.003859804000001077,CONVERGENCE: RELATIVE REDUCTION OF F <= FACTR*EPSMCH
1.4,2.0,0.0,2000,14,qlog,1.44,2.123695951132765,True,False,50,8.155380764012893,48.91579718423352,0,0.014912459000015588,barrido q-log; q por deviance de bins
1.4,2.0,0.0,2000,14,cdf,1.3265058658402238,1.9648381046254269,True,False,50,8.155380764012893,9.428225217291204e-05,60,0.04991508199998407,CONVERGENCE: NORM OF PROJECTED GRADIENT <= PGTOL
1.4,2.0,0.0,2000,15,pdf,1.360258887741538,1.8300779591981942,True,False,49,8.954311293109185,52.54218006831027,111,0.020637893000014174,CONVERGENCE: RELATIVE REDUCTION OF F <= FACTR*EPSMCH
1.4,2.0,0.0,2000,15,mle,1.3760742492465166,1.8714703521506042,True,False,49,8.954311293109185,2211.828065602938,96,0.0043180060000054254,CONVERGENCE: NORM OF PROJECTED GRADIENT <= PGTOL
1.4,2.0,0.0,2000,15,qlog,1.36,1.6778175149996042,True,False,49,8.954311293109185,56.96018489696194,0,0.01562068900000213,barrido q-log; q por deviance de bins
1.4,2.0,0.0,2000,15,cdf,1.370846473763066,1.8520148729423047,True,False,49,8.954311293109185,5.70133826413851e-05,81,0.06622327000002315,CONVERGENCE: NORM OF PROJECTED GRADIENT <= PGTOL
1.4,2.0,0.0,2000,16,pdf,1.455353175566383,2.2653525033615045,True,False,50,4.931364296097446,32.28180309627117,105,0.024617857000009735,CONVERGENCE: RELATIVE REDUCTION OF F <= FACTR*EPSMCH
1.4,2.0,0.0,2000,16,mle,1.4265468532475127,2.1612879322147522,True,False,50,4.931364296097446,2185.6872613094083,108,0.004088479000017742,CONVERGENCE: RELATIVE REDUCTION OF F <= FACTR*EPSMCH
1.4,2.0,0.0,2000,16,qlog,1.46,2.149068426452502,True,False,50,4.931364296097446,34.231991354866544,0,0.01390740000005053,barrido q-log; q por deviance de bins
1.4,2.0,0.0,2000,16,cdf,1.4237108403799177,2.1543082679522136,True,False,50,4.931364296097446,5.152387933918407e-05,75,0.06056297499998209,CONVERGENCE: NORM OF PROJECTED GRADIENT <= PGTOL
1.4,2.0,0.0,2000,17,pdf,1.3793543028098985,1.9826712123508134,True,False,50,4.871142649526391,46.7457950567106,105,0.020322306000025492,CONVERGENCE: RELATIVE REDUCTION OF F <= FACTR*EPSMCH
1.4,2.0,0.0,2000,17,mle,1.370920716217909,1.9676416108356842,True,False,50,4.871142649526391,2150.082600463963,87,0.003968687999986287,CONVERGENCE: NORM OF PROJECTED GRADIENT <= PGTOL
1.4,2.0,0.0,2000,17,qlog,1.38,1.882789618999491,True,False,50,4.871142649526391,48.35469036778092,0,0.015545709999969404,barrido q-log; q por deviance de bins
1.4,2.0,0.0,2000,17,cdf,1.3576170203281854,1.922470905243302,True,False,50,4.871142649526391,6.797884779208738e-05,78,0.05893382300001804,CONVERGENCE: NORM OF PROJECTED GRADIENT <= PGTOL
1.4,2.0,0.0,2000,18,pdf,1.41217756081211,2.0769389423270126,True,False,49,10.574449023118236,34.6424202514467,114,0.022308166000016172,CONVERGENCE: RELATIVE REDUCTION OF F <= FACTR*EPSMCH
1.4,2.0,0.0,2000,18,mle,1.4045788439383764,2.054732723556848,True,False,49,10.574449023118236,2184.071275863866,99,0.0044317480000017895,CONVERGENCE: NORM OF PROJECTED GRADIENT <= PGTOL
1.4,2.0,0.0,2000,18,qlog,1.42,1.9009217196679455,True,False,49,10.574449023118236,40.52105613843648,0,0.015765127999998185,barrido q-log; q por deviance de bins
1.4,2.0,0.0,2000,18,cdf,1.429767511205787,2.153088680275325,True,False,49,10.574449023118236,1.0533640843325553e-05,72,0.06331859900001291,CONVERGENCE: NORM OF PROJECTED GRADIENT <= PGTOL
1.4,2.0,0.0,2000,19,pdf,1.380902699619863,1.841330070165558,True,False,49,4.4247451067761885,38.04186254771332,114,0.02063773200001151,CONVERGENCE: RELATIVE REDUCTION OF F <= FACTR*EPSMCH
1.4,2.0,0.0,2000,19,mle,1.3541239996936487,1.7653842671285298,True,False,49,4.4247451067761885,2221.1221138376227,105,0.004643869000005907,CONVERGENCE: RELATIVE REDUCTION OF F <= FACTR*EPSMCH
1.4,2.0,0.0,2000,19,qlog,1.38,1.7557792098871634,True,False,49,4.4247451067761885,39.252534557681045,0,0.015746109000019715,barrido q-log; q por deviance de bins
1.4,2.0,0.0,2000,19,cdf,1.3804271033513364,1.847505850856413,True,False,49,4.4247451067761885,1.0246114471829532e-05,84,0.06683518500000218,CONVERGENCE: NORM OF PROJECTED GRADIENT <= PGTOL
1.4,2.0,0.0,2000,20,pdf,1.3982565662967337,1.8243388020132978,True,False,49,7.3567214413921,59.35611289141381,123,0.02432975100003887,CONVERGENCE: NORM OF PROJECTED GRADIENT <= PGTOL
1.4,2.0,0.0,2000,20,mle,1.3844148381983339,1.7855216790580908,True,False,49,7.3567214413921,2277.823431299773,102,0.004149681999990662,CONVERGENCE: NORM OF PROJECTED GRADIENT <= PGTOL
1.4,2.0,0.0,2000,20,qlog,1.42,1.7301114101310284,True,False,49,7.3567214413921,64.55469255262292,0,0.014476028999979462,barrido q-log; q por deviance de bins
1.4,2.0,0.0,2000,20,cdf,1.345724305320116,1.6702108446814115,True,False,49,7.3567214413921,0.0002578082410614674,87,0.06786367899997003,CONVERGENCE: NORM OF PROJECTED GRADIENT <= PGTOL
1.4,2.0,0.0,2000,21,pdf,1.3978120066507351,1.848628261390907,True,False,50,4.00638383425682,43.33611747121819,132,0.026910161999978754,CONVERGENCE: RELATIVE REDUCTION OF F <= FACTR*EPSMCH
1.4,2.0,0.0,2000,21,mle,1.362249756486532,1.757889441831903,True,False,50,4.00638383425682,2243.3898593823615,93,0.015239192999956686,CONVERGENCE: RELATIVE REDUCTION OF F <= FACTR*EPSMCH
1.4,2.0,0.0,2000,21,qlog,1.4,1.7987919298797772,True,False,50,4.00638383425682,43.874533855065394,0,0.02482553099997631,barrido q-log; q por deviance de bins
1.4,2.0,0.0,2000,21,cdf,1.3648883036552744,1.7736855827873128,True,False,50,4.00638383425682,2.7470981301004616e-05,78,0.04363201600000366,CONVERGENCE: NORM OF PROJECTED GRADIENT <= PGTOL
1.4,2.0,0.0,2000,22,pdf,1.4285094719745741,2.1613867471409276,True,False,50,5.784956534174197,52.68143087413276,114,0.022117648000005374,CONVERGENCE: RELATIVE REDUCTION OF F <= FACTR*EPSMCH
1.4,2.0,0.0,2000,22,mle,1.4084154463048966,2.0910917864760776,True,False,50,5.784956534174197,2175.5426302744386,123,0.006163394999987304,CONVERGENCE: RELATIVE REDUCTION OF F <= FACTR*EPSMCH
1.4,2.0,0.0,2000,22,qlog,1.44,1.988864735333304,True,False,50,5.784956534174197,58.58465050709392,0,0.027827673999979652,barrido q-log; q por deviance de bins
1.4,2.0,0.0,2000,22,cdf,1.4353011416880692,2.187736929681318,True,False,50,5.784956534174197,9.403958392642677e-05,51,0.03280837599999131,CONVERGENCE: NORM OF PROJECTED GRADIENT <= PGTOL
1.4,2.0,0.0,2000,23,pdf,1.3508350708320334,1.8699011553685247,True,False,49,4.800319097085477,47.17106845974917,111,0.02328625499995951,CONVERGENCE: NORM OF PROJECTED GRADIENT <= PGTOL
1.4,2.0,0.0,2000,23,mle,1.3423959547525985,1.846464663588443,True,False,49,4.800319097085477,2150.521636815569,102,0.005024444000014228,CONVERGENCE: NORM OF PROJECTED GRADIENT <= PGTOL
1.4,2.0,0.0,2000,23,qlog,1.36,1.720192233259385,True,False,49,4.800319097085477,53.078653714435305,0,0.030057168000041656,barrido q-log; q por deviance de bins
1.4,2.0,0.0,2000,23,cdf,1.3292731939927787,1.801459402539778,True,False,49,4.800319097085477,3.667586121477295e-05,75,0.03734178799999199,CONVERGENCE: NORM OF PROJECTED GRADIENT <= PGTOL
1.4,2.0,0.0,2000,24,pdf,1.3609866045139198,1.8243005393595593,True,False,49,7.621706387730352,51.15111904690428,111,0.017246295999996164,CONVERGENCE: RELATIVE REDUCTION OF F <= FACTR*EPSMCH
1.4,2.0,0.0,2000,24,mle,1.3672418668751645,1.845941214908197,True,False,49,7.621706387730352,2205.6674513627613,87,0.003217462999998588,CONVERGENCE: RELATIVE REDUCTION OF F <= FACTR*EPSMCH
1.4,2.0,0.0,2000,24,qlog,1.38,1.7048671896560041,True,False,49,7.621706387730352,57.506855013113054,0,0.017495241999995415,barrido q-log; q por deviance de bins
1.4,2.0,0.0,2000,24,cdf,1.27226741132047,1.5900719463694664,True,False,49,7.621706387730352,6.0684738308950716e-05,75,0.054050391000032505,CONVERGENCE: NORM OF PROJECTED GRADIENT <= PGTOL
1.4,2.0,0.0,2000,25,pdf,1.3880385591527882,2.037339239521989,True,False,49,5.571915138688896,59.25188832534113,105,0.02243801299999859,CONVERGENCE: RELATIVE REDUCTION OF F <= FACTR*EPSMCH
1.4,2.0,0.0,2000,25,mle,1.368533421033506,1.9705012389898588,True,False,49,5.571915138688896,2143.265068889439,120,0.004446138999981031,CONVERGENCE: RELATIVE REDUCTION OF F <= FACTR*EPSMCH
1.4,2.0,0.0,2000,25,qlog,1.4,1.8980192620517882,True,False,49,5.571915138688896,64.17458155429964,0,0.01306377399998837,barrido q-log; q por deviance de bins
1.4,2.0,0.0,2000,25,cdf,1.3704555237754041,1.9791855142999624,True,False,49,5.571915138688896,9.635988252205095e-06,57,0.04035160699999096,CONVERGENCE: NORM OF PROJECTED GRADIENT <= PGTOL
1.4,2.0,0.0,2000,26,pdf,1.3891865676159252,1.9050027059626864,True,False,49,6.712485719554082,41.72827106799442,129,0.021288464999997814,CONVERGENCE: RELATIVE REDUCTION OF F <= FACTR*EPSMCH
1.4,2.0,0.0,2000,26,mle,1.3929712572636477,1.917598604833839,True,False,49,6.712485719554082,2226.131544353188,93,0.0032774829999766553,CONVERGENCE: RELATIVE REDUCTION OF F <= FACTR*EPSMCH
1.4,2.0,0.0,2000,26,qlog,1.38,1.7476836827808846,True,False,49,6.712485719554082,44.56351652383588,0,0.01228515799999741,barrido q-log; q por deviance de bins
1.4,2.0,0.0,2000,26,cdf,1.4476603370207044,2.1001006047565616,True,False,49,6.712485719554082,4.411390583024174e-05,66,0.052447589999985667,CONVERGENCE: NORM OF PROJECTED GRADIENT <= PGTOL
1.4,2.0,0.0,2000,27,pdf,1.4442973231621417,2.0918351075226247,True,False,48,10.440553303923204,32.36685348503685,117,0.018223352999996223,CONVERGENCE: RELATIVE REDUCTION OF F <= FACTR*EPSMCH
1.4,2.0,0.0,2000,27,mle,1.4367944625458156,2.0666022930179673,True,False,48,10.440553303923204,2255.30706335229,93,0.0033466379999822493,CONVERGENCE: RELATIVE REDUCTION OF F <= FACTR*EPSMCH
1.4,2.0,0.0,2000,27,qlog,1.46,1.9394112261481204,True,False,48,10.440553303923204,38.42993664454047,0,0.01671877799998356,barrido q-log; q por deviance de bins
1.4,2.0,0.0,2000,27,cdf,1.4298656660211937,2.035081753468184,True,False,48,10.440553303923204,1.593774781318193e-05,51,0.026912164000009398,CONVERGENCE: NORM OF PROJECTED GRADIENT <= PGTOL
1.4,2.0,0.0,2000,28,pdf,1.3760560865065528,2.0149186383683007,True,False,49,6.90183821494937,35.30829818056207,126,0.042956784000011794,CONVERGENCE: RELATIVE REDUCTION OF F <= FACTR*EPSMCH
1.4,2.0,0.0,2000,28,mle,1.3712931611948984,2.0065534179806765,True,False,49,6.90183821494937,2131.3381148160192,120,0.004882248999990679,CONVERGENCE: RELATIVE REDUCTION OF F <= FACTR*EPSMCH
1.4,2.0,0.0,2000,28,qlog,1.38,1.876206353154332,True,False,49,6.90183821494937,38.88544774416328,0,0.01279218399997717,barrido q-log; q por deviance de bins
1.4,2.0,0.0,2000,28,cdf,1.3619778250266337,1.9701647319591682,True,False,49,6.90183821494937,1.3633843568084163e-05,57,0.030535501000031218,CONVERGENCE: NORM OF PROJECTED GRADIENT <= PGTOL
1.4,2.0,0.0,2000,29,pdf,1.4157160822521984,2.1303567625067306,True,False,50,5.735662682680523,35.92368210641692,105,0.01732288199997356,CONVERGENCE: RELATIVE REDUCTION OF F <= FACTR*EPSMCH
1.4,2.0,0.0,2000,29,mle,1.4124792445017165,2.11733825161641,True,False,50,5.735662682680523,2172.6604709542594,147,0.029802948999986256,CONVERGENCE: RELATIVE REDUCTION OF F <= FACTR*EPSMCH
1.4,2.0,0.0,2000,29,qlog,1.42,2.036506067131442,True,False,50,5.735662682680523,37.474853251221305,0,0.016084861000024375,barrido q-log; q por deviance de bins
1.4,2.0,0.0,2000,29,cdf,1.3880450327781317,2.0376489896207124,True,False,50,5.735662682680523,3.625851407518628e-05,51,0.028762766999989253,CONVERGENCE: NORM OF PROJECTED GRADIENT <= PGTOL
1.4,2.0,0.0,2000,30,pdf,1.4118594653543588,1.8925320796772385,True,False,49,16.530838510819123,45.83287887690426,129,0.021170206999954644,CONVERGENCE: RELATIVE REDUCTION OF F <= FACTR*EPSMCH
1.4,2.0,0.0,2000,30,mle,1.4086607663342348,1.885344269224967,True,False,49,16.530838510819123,2279.696118444558,90,0.004132034999997813,CONVERGENCE: RELATIVE REDUCTION OF F <= FACTR*EPSMCH
1.4,2.0,0.0,2000,30,qlog,1.44,1.737854979356267,True,False,49,16.530838510819123,56.79489197045393,0,0.028678093999985776,barrido q-log; q por deviance de bins
1.4,2.0,0.0,2000,30,cdf,1.3620026306264659,1.7406236505225874,True,False,49,16.530838510819123,1.3574774050634769e-05,87,0.049357869999994364,CONVERGENCE: NORM OF PROJECTED GRADIENT <= PGTOL
1.4,2.0,0.0,2000,31,pdf,1.3614924820029686,1.8823332141002005,True,False,50,5.845353720504474,50.07114841060056,105,0.01611502600002268,CONVERGENCE: RELATIVE REDUCTION OF F <= FACTR*EPSMCH
1.4,2.0,0.0,2000,31,mle,1.3576021079449472,1.8676121625289948,True,False,50,5.845353720504474,2172.5188669210706,93,0.004020776999993814,CONVERGENCE: RELATIVE REDUCTION OF F <= FACTR*EPSMCH
1.4,2.0,0.0,2000,31,qlog,1.36,1.735067002029965,True,False,50,5.845353720504474,53.753605704840744,0,0.03194493099999818,barrido q-log; q por deviance de bins
1.4,2.0,0.0,2000,31,cdf,1.3508621847181075,1.84803171404387,True,False,50,5.845353720504474,5.182192263995114e-05,78,0.04443793299998333,CONVERGENCE: NORM OF PROJECTED GRADIENT <= PGTOL
1.4,2.0,0.0,2000,32,pdf,1.4183746978300023,1.9096287348844765,True,False,50,6.016475856669212,51.71415782609421,117,0.020631101999981638,CONVERGENCE: NORM OF PROJECTED GRADIENT <= PGTOL
1.4,2.0,0.0,2000,32,mle,1.4011512438816565,1.8571199770086824,True,False,50,6.016475856669212,2277.174400927515,96,0.004306628999984241,CONVERGENCE: RELATIVE REDUCTION OF F <= FACTR*EPSMCH
1.4,2.0,0.0,2000,32,qlog,1.42,1.7426640532114517,True,False,50,6.016475856669212,56.591559851349565,0,0.026992796000001817,barrido q-log; q por deviance de bins
1.4,2.0,0.0,2000,32,cdf,1.4163111100577257,1.8967314771172317,True,False,50,6.016475856669212,4.473317871947059e-05,75,0.040732682999987446,CONVERGENCE: NORM OF PROJECTED GRADIENT <= PGTOL
1.4,2.0,0.0,2000,33,pdf,1.4367124583320952,2.298264257516261,True,False,48,11.071058385429792,50.76022084113841,114,0.021702511999990293,CONVERGENCE: RELATIVE REDUCTION OF F <= FACTR*EPSMCH
1.4,2.0,0.0,2000,33,mle,1.4280612568897397,2.272185003442826,True,False,48,11.071058385429792,2139.298079387416,105,0.003735204999998132,CONVERGENCE: RELATIVE REDUCTION OF F <= FACTR*EPSMCH
1.4,2.0,0.0,2000,33,qlog,1.44,2.1003910430026376,True,False,48,11.071058385429792,55.70043871861508,0,0.0286746790000052,barrido q-log; q por deviance de bins
1.4,2.0,0.0,2000,33,cdf,1.423281136819035,2.264449033947478,True,False,48,11.071058385429792,2.279965970424122e-05,48,0.028992299000037747,CONVERGENCE: NORM OF PROJECTED GRADIENT <= PGTOL
1.4,2.0,0.0,2000,34,pdf,1.3903779936738239,1.8964139015876698,True,False,49,5.17443767294499,47.396040530821224,111,0.02056699400003481,CONVERGENCE: RELATIVE REDUCTION OF F <= FACTR*EPSMCH
1.4,2.0,0.0,2000,34,mle,1.3725487768310027,1.8401701831288289,True,False,49,5.17443767294499,2220.7278128685084,105,0.004887607000000571,CONVERGENCE: RELATIVE REDUCTION OF F <= FACTR*EPSMCH
1.4,2.0,0.0,2000,34,qlog,1.4,1.8211181213251977,True,False,49,5.17443767294499,49.345965802239924,0,0.015853471000013997,barrido q-log; q por deviance de bins
1.4,2.0,0.0,2000,34,cdf,1.3869578470057409,1.8897592130865015,True,False,49,5.17443767294499,1.526724362780377e-05,78,0.06385754900003349,CONVERGENCE: NORM OF PROJECTED GRADIENT <= PGTOL
1.4,2.0,0.0,2000,35,pdf,1.4217121559938681,1.963652093641924,True,False,49,7.792193133921087,58.249954998434575,105,0.019531620000009298,CONVERGENCE: RELATIVE REDUCTION OF F <= FACTR*EPSMCH
1.4,2.0,0.0,2000,35,mle,1.421020869967892,1.9531237438450946,True,False,49,7.792193133921087,2273.70542083548,99,0.004909740000016427,CONVERGENCE: RELATIVE REDUCTION OF F <= FACTR*EPSMCH
1.4,2.0,0.0,2000,35,qlog,1.42,1.795508748720288,True,False,49,7.792193133921087,62.33218338388009,0,0.01616503200000352,barrido q-log; q por deviance de bins
1.4,2.0,0.0,2000,35,cdf,1.431457048458863,1.9873845382680377,True,False,49,7.792193133921087,2.1285277832609817e-05,54,0.049065746999986004,CONVERGENCE: NORM OF PROJECTED GRADIENT <= PGTOL
1.4,2.0,0.0,2000,36,pdf,1.404077494429292,1.8811229054435248,True,False,49,6.754163779390599,38.75078926538615,114,0.024599428999977135,CONVERGENCE: RELATIVE REDUCTION OF F <= FACTR*EPSMCH
1.4,2.0,0.0,2000,36,mle,1.3985777716341445,1.8679875919630806,True,False,49,6.754163779390599,2265.3430367607893,99,0.023757617999990543,CONVERGENCE: RELATIVE REDUCTION OF F <= FACTR*EPSMCH
1.4,2.0,0.0,2000,36,qlog,1.42,1.8114195414254664,True,False,49,6.754163779390599,41.45389150812637,0,0.024926439000012124,barrido q-log; q por deviance de bins
1.4,2.0,0.0,2000,36,cdf,1.3390512985166996,1.699331815656544,True,False,49,6.754163779390599,7.994606063351809e-05,87,0.054941749000022355,CONVERGENCE: NORM OF PROJECTED GRADIENT <= PGTOL
1.4,2.0,0.0,2000,37,pdf,1.4592281780186545,2.3215732846396806,True,False,50,6.4440183997557146,38.8324719849967,102,0.01857255999999552,CONVERGENCE: RELATIVE REDUCTION OF F <= FACTR*EPSMCH
1.4,2.0,0.0,2000,37,mle,1.4466647106394517,2.2790238488939782,True,False,50,6.4440183997557146,2181.6708827589564,111,0.023851479000029485,CONVERGENCE: RELATIVE REDUCTION OF F <= FACTR*EPSMCH
1.4,2.0,0.0,2000,37,qlog,1.46,2.1869813371012485,True,False,50,6.4440183997557146,40.78202285398188,0,0.015904097000031925,barrido q-log; q por deviance de bins
1.4,2.0,0.0,2000,37,cdf,1.419655363907308,2.177447733499477,True,False,50,6.4440183997557146,2.3774874677604247e-05,54,0.033176061999995454,CONVERGENCE: NORM OF PROJECTED GRADIENT <= PGTOL
1.4,2.0,0.0,2000,38,pdf,1.501823295541278,2.4276753088876712,True,False,50,5.948431130777041,45.783410181597816,45,0.03625343300001305,CONVERGENCE: RELATIVE REDUCTION OF F <= FACTR*EPSMCH
1.4,2.0,0.0,2000,38,mle,1.4680855032794533,2.28364688910189,True,False,50,5.948431130777041,2233.204643817784,114,0.017599350000011782,CONVERGENCE: RELATIVE REDUCTION OF F <= FACTR*EPSMCH
1.4,2.0,0.0,2000,38,qlog,1.52,2.268099729652835,True,False,50,5.948431130777041,51.10513470701385,0,0.016060182999979133,barrido q-log; q por deviance de bins
1.4,2.0,0.0,2000,38,cdf,1.4907893315563463,2.3761957295080594,True,False,50,5.948431130777041,3.3819012492315467e-05,69,0.042446944999994685,CONVERGENCE: NORM OF PROJECTED GRADIENT <= PGTOL
1.4,2.0,0.0,2000,39,pdf,1.381740601619754,2.0673468961815797,True,False,50,5.319824219572158,35.20099865327464,120,0.02225970300003155,CONVERGENCE: RELATIVE REDUCTION OF F <= FACTR*EPSMCH
1.4,2.0,0.0,2000,39,mle,1.3730274147126926,2.0397331455704135,True,False,50,5.319824219572158,2118.846513003057,117,0.01996461400000271,CONVERGENCE: RELATIVE REDUCTION OF F <= FACTR*EPSMCH
1.4,2.0,0.0,2000,39,qlog,1.38,1.9500405039112905,True,False,50,5.319824219572158,36.96966488309541,0,0.015759319000039795,barrido q-log; q por deviance de bins
1.4,2.0,0.0,2000,39,cdf,1.3664531185157562,2.016068812938335,True,False,50,5.319824219572158,0.00011517899312816524,57,0.034799666000026264,CONVERGENCE: NORM OF PROJECTED GRADIENT <= PGTOL
1.4,2.0,0.0,2000,40,pdf,1.418769635675209,2.0297948023907004,True,False,50,6.767637565090459,41.04111973905424,120,0.021621778999985963,CONVERGENCE: RELATIVE REDUCTION OF F <= FACTR*EPSMCH
1.4,2.0,0.0,2000,40,mle,1.4096006858950674,1.9968870603596216,True,False,50,6.767637565090459,2224.4319151509158,99,0.0045964869999579605,CONVERGENCE: RELATIVE REDUCTION OF F <= FACTR*EPSMCH
1.4,2.0,0.0,2000,40,qlog,1.44,1.8537380110950024,True,False,50,6.767637565090459,50.47673845822186,0,0.030260986999962824,barrido q-log; q por deviance de bins
1.4,2.0,0.0,2000,40,cdf,1.353037119054721,1.8194974201967133,True,False,50,6.767637565090459,1.838931942844838e-05,81,0.049910264000004645,CONVERGENCE: NORM OF PROJECTED GRADIENT <= PGTOL
1.4,2.0,0.0,2000,41,pdf,1.4383065626466356,2.092702160806283,True,False,49,5.161584568539969,49.00445063534784,126,0.0374949499999957,CONVERGENCE: RELATIVE REDUCTION OF F <= FACTR*EPSMCH
1.4,2.0,0.0,2000,41,mle,1.4136832009841478,2.0078109819157195,True,False,49,5.161584568539969,2228.625875285182,90,0.004148649999990539,CONVERGENCE: RELATIVE REDUCTION OF F <= FACTR*EPSMCH
1.4,2.0,0.0,2000,41,qlog,1.44,1.9203062636107926,True,False,49,5.161584568539969,53.203893910002805,0,0.015602551999961634,barrido q-log; q por deviance de bins
1.4,2.0,0.0,2000,41,cdf,1.4176214485098129,2.023351663512231,True,False,49,5.161584568539969,2.0986611961031256e-05,51,0.03103227200000447,CONVERGENCE: NORM OF PROJECTED GRADIENT <= PGTOL
1.4,2.0,0.0,2000,42,pdf,1.3548472993159613,1.7768112284522142,True,False,50,7.567685832268847,56.45077063940706,108,0.0195154959999968,CONVERGENCE: RELATIVE REDUCTION OF F <= FACTR*EPSMCH
1.4,2.0,0.0,2000,42,mle,1.3599763114924004,1.7938372909162026,True,False,50,7.567685832268847,2218.089402042806,93,0.004179617000033886,CONVERGENCE: NORM OF PROJECTED GRADIENT <= PGTOL
1.4,2.0,0.0,2000,42,qlog,1.36,1.6596923921354672,True,False,50,7.567685832268847,60.04005648330988,0,0.03053255699995816,barrido q-log; q por deviance de bins
1.4,2.0,0.0,2000,42,cdf,1.3566460545933614,1.7712844871184128,True,False,50,7.567685832268847,4.473865511573651e-05,90,0.056431060000022626,CONVERGENCE: NORM OF PROJECTED GRADIENT <= PGTOL
1.4,2.0,0.0,2000,43,pdf,1.3672819897566217,2.0378605330568123,True,False,50,5.223473280696782,52.89262756700275,105,0.019445139999959338,CONVERGENCE: RELATIVE REDUCTION OF F <= FACTR*EPSMCH
1.4,2.0,0.0,2000,43,mle,1.3740809889454315,2.0598454965223514,True,False,50,5.223473280696782,2111.4130584154336,105,0.020567545000005794,CONVERGENCE: RELATIVE REDUCTION OF F <= FACTR*EPSMCH
1.4,2.0,0.0,2000,43,qlog,1.36,1.8908398985807313,True,False,50,5.223473280696782,55.20188201813785,0,0.015880051999999978,barrido q-log; q por deviance de bins
1.4,2.0,0.0,2000,43,cdf,1.3865768405313779,2.0990912109492275,True,False,50,5.223473280696782,5.8240015941069365e-05,75,0.047511959999951614,CONVERGENCE: NORM OF PROJECTED GRADIENT <= PGTOL
1.4,2.0,0.0,2000,44,pdf,1.3788972123924612,2.046441714021567,True,False,49,4.473541226460943,43.997916201493844,105,0.04240211200004751,CONVERGENCE: RELATIVE REDUCTION OF F <= FACTR*EPSMCH
1.4,2.0,0.0,2000,44,mle,1.364001130126087,1.9987086331643547,True,False,49,4.473541226460943,2118.9077243601023,108,0.005045284999994237,CONVERGENCE: RELATIVE REDUCTION OF F <= FACTR*EPSMCH
1.4,2.0,0.0,2000,44,qlog,1.38,1.9212114758387935,True,False,49,4.473541226460943,46.42154047068208,0,0.016578476999995928,barrido q-log; q por deviance de bins
1.4,2.0,0.0,2000,44,cdf,1.365490649529443,2.0154657455054155,True,False,49,4.473541226460943,5.0407453902209927e-05,57,0.03513940900000989,CONVERGENCE: NORM OF PROJECTED GRADIENT <= PGTOL
1.4,2.0,0.0,2000,45,pdf,1.4087156312936058,1.9524126564167057,True,False,50,7.184315933331466,39.484135361986866,117,0.036507377000020824,CONVERGENCE: RELATIVE REDUCTION OF F <= FACTR*EPSMCH
1.4,2.0,0.0,2000,45,mle,1.4020614191441094,1.9414323832218723,True,False,50,7.184315933331466,2234.9003916193165,90,0.004195320000007996,CONVERGENCE: RELATIVE REDUCTION OF F <= FACTR*EPSMCH
1.4,2.0,0.0,2000,45,qlog,1.42,1.8530903696158647,True,False,50,7.184315933331466,42.536666964938476,0,0.015748231999964446,barrido q-log; q por deviance de bins
1.4,2.0,0.0,2000,45,cdf,1.4452905667965075,2.081103331768444,True,False,50,7.184315933331466,4.263706356714175e-05,75,0.13754509500000722,CONVERGENCE: NORM OF PROJECTED GRADIENT <= PGTOL
1.4,2.0,0.0,2000,46,pdf,1.416033787599979,2.0932030500939014,True,False,50,4.741571982207409,30.530893518604582,111,0.020703221000019312,CONVERGENCE: RELATIVE REDUCTION OF F <= FACTR*EPSMCH
1.4,2.0,0.0,2000,46,mle,1.3973773785545323,2.0371317623512413,True,False,50,4.741571982207409,2175.871225109009,108,0.019615005999980895,CONVERGENCE: RELATIVE REDUCTION OF F <= FACTR*EPSMCH
1.4,2.0,0.0,2000,46,qlog,1.42,2.005534789577803,True,False,50,4.741571982207409,31.89940651595234,0,0.01596804399997609,barrido q-log; q por deviance de bins
1.4,2.0,0.0,2000,46,cdf,1.3931991706712084,2.032189129524078,True,False,50,4.741571982207409,2.0336654657176562e-05,51,0.03156090099997755,CONVERGENCE: NORM OF PROJECTED GRADIENT <= PGTOL
1.4,2.0,0.0,2000,47,pdf,1.3862737625862709,1.896571051179098,True,False,50,5.972060236294871,49.74593126411503,123,0.022374517000002925,CONVERGENCE: NORM OF PROJECTED GRADIENT <= PGTOL
1.4,2.0,0.0,2000,47,mle,1.3796220844036504,1.8769309748797935,True,False,50,5.972060236294871,2216.9655453626106,87,0.0040044120000288785,CONVERGENCE: RELATIVE REDUCTION OF F <= FACTR*EPSMCH
1.4,2.0,0.0,2000,47,qlog,1.4,1.8278272864744718,True,False,50,5.972060236294871,52.06608104689647,0,0.031134096000016598,barrido q-log; q por deviance de bins
1.4,2.0,0.0,2000,47,cdf,1.4279870270316704,2.021087021792253,True,False,50,5.972060236294871,5.197678749366664e-05,51,0.031526789999986704,CONVERGENCE: NORM OF PROJECTED GRADIENT <= PGTOL
1.4,2.0,0.0,2000,48,pdf,1.4284655054526099,2.1763283518351995,True,False,49,8.318819513140962,34.79280227554621,111,0.022137809000014386,CONVERGENCE: RELATIVE REDUCTION OF F <= FACTR*EPSMCH
1.4,2.0,0.0,2000,48,mle,1.4290508761583915,2.1713801804873722,True,False,49,8.318819513140962,2187.0649643518523,102,0.004647464000015589,CONVERGENCE: RELATIVE REDUCTION OF F <= FACTR*EPSMCH
1.4,2.0,0.0,2000,48,qlog,1.44,2.0312215466414267,True,False,49,8.318819513140962,39.322943953422765,0,0.015879059999974743,barrido q-log; q por deviance de bins
1.4,2.0,0.0,2000,48,cdf,1.3951735132723244,2.049656485656265,True,False,49,8.318819513140962,3.9491098943732194e-05,51,0.07937537800000882,CONVERGENCE: NORM OF PROJECTED GRADIENT <= PGTOL
1.4,2.0,0.0,2000,49,pdf,1.3965310787890213,1.9338109726785127,True,False,50,5.664334842796005,32.091309792054176,114,0.021401295999964987,CONVERGENCE: RELATIVE REDUCTION OF F <= FACTR*EPSMCH
1.4,2.0,0.0,2000,49,mle,1.3771135828615035,1.8788074623428836,True,False,50,5.664334842796005,2210.270223312527,81,0.030331978999981857,CONVERGENCE: NORM OF PROJECTED GRADIENT <= PGTOL
1.4,2.0,0.0,2000,49,qlog,1.4,1.856426988130498,True,False,50,5.664334842796005,33.348727137990586,0,0.01779807999997729,barrido q-log; q por deviance de bins
1.4,2.0,0.0,2000,49,cdf,1.4442882748379038,2.104047445593943,True,False,50,5.664334842796005,7.220309920506201e-05,66,0.040734995999969215,CONVERGENCE: NORM OF PROJECTED GRADIENT <= PGTOL
1.4,2.0,0.0,2000,50,pdf,1.4077427741415978,2.111183540522453,True,False,50,5.804944672083661,40.60864664838636,108,0.049570106000032865,CONVERGENCE: RELATIVE REDUCTION OF F <= FACTR*EPSMCH
1.4,2.0,0.0,2000,50,mle,1.389960555519936,2.049511606309565,True,False,50,5.804944672083661,2152.6590175571414,132,0.00618115200001057,CONVERGENCE: NORM OF PROJECTED GRADIENT <= PGTOL
1.4,2.0,0.0,2000,50,qlog,1.4,1.950382908137066,True,False,50,5.804944672083661,43.03299695014128,0,0.016361523999989913,barrido q-log; q por deviance de bins
1.4,2.0,0.0,2000,50,cdf,1.3952096174265263,2.0627994383251047,True,False,50,5.804944672083661,0.00019916114240451483,54,0.03850899200000413,CONVERGENCE: NORM OF PROJECTED GRADIENT <= PGTOL
1.4,2.0,0.0,2000,51,pdf,1.425758915994694,2.1369078557537966,True,False,49,7.245272264987037,40.6118759110285,99,0.019721406999963165,CONVERGENCE: RELATIVE REDUCTION OF F <= FACTR*EPSMCH
1.4,2.0,0.0,2000,51,mle,1.425370112079516,2.1383330625176153,True,False,49,7.245272264987037,2193.534458928079,105,0.005025015000001076,CONVERGENCE: RELATIVE REDUCTION OF F <= FACTR*EPSMCH
1.4,2.0,0.0,2000,51,qlog,1.44,2.0053169587517035,True,False,49,7.245272264987037,45.15238318662713,0,0.01586046200003466,barrido q-log; q por deviance de bins
1.4,2.0,0.0,2000,51,cdf,1.392056212093319,2.016924775215476,True,False,49,7.245272264987037,7.88163317354496e-05,51,0.03159353099999862,CONVERGENCE: NORM OF PROJECTED GRADIENT <= PGTOL
1.4,2.0,0.0,2000,52,pdf,1.4403032447421331,2.2214760989105593,True,False,49,10.741477342097259,48.05774898640356,69,0.05031623799999352,CONVERGENCE: RELATIVE REDUCTION OF F <= FACTR*EPSMCH
1.4,2.0,0.0,2000,52,mle,1.4331532684939254,2.1957118859581013,True,False,49,10.741477342097259,2185.8513281324585,96,0.004296943999975156,CONVERGENCE: RELATIVE REDUCTION OF F <= FACTR*EPSMCH
1.4,2.0,0.0,2000,52,qlog,1.46,2.0356544738284033,True,False,49,10.741477342097259,56.56918779509927,0,0.015954634000024726,barrido q-log; q por deviance de bins
1.4,2.0,0.0,2000,52,cdf,1.4646853170689793,2.3079319755994874,True,False,49,10.741477342097259,0.00010707117153543183,51,0.031264652999993814,CONVERGENCE: NORM OF PROJECTED GRADIENT <= PGTOL
1.4,2.0,0.0,2000,53,pdf,1.462484887475762,2.1381303172226467,True,False,50,8.411744382521249,38.92650934432255,126,0.04068537699998842,CONVERGENCE: RELATIVE REDUCTION OF F <= FACTR*EPSMCH
1.4,2.0,0.0,2000,53,mle,1.4598773719105613,2.126539778932906,True,False,50,8.411744382521249,2283.789869574108,108,0.007554618000028768,CONVERGENCE: RELATIVE REDUCTION OF F <= FACTR*EPSMCH
1.4,2.0,0.0,2000,53,qlog,1.46,1.9645187651196447,True,False,50,8.411744382521249,42.272018042683044,0,0.01631489800001873,barrido q-log; q por deviance de bins
1.4,2.0,0.0,2000,53,cdf,1.4212808864027975,1.9908120441394153,True,False,50,8.411744382521249,2.013654055520717e-05,57,0.035201554000025226,CONVERGENCE: NORM OF PROJECTED GRADIENT <= PGTOL
1.4,2.0,0.0,2000,54,pdf,1.474231793972327,2.2625711203870273,True,False,50,5.985665648562421,59.187057336260914,111,0.0421882630000141,CONVERGENCE: RELATIVE REDUCTION OF F <= FACTR*EPSMCH
1.4,2.0,0.0,2000,54,mle,1.4598390303406859,2.21069607996617,True,False,50,5.985665648562421,2244.8824052440173,120,0.006519824000008612,CONVERGENCE: RELATIVE REDUCTION OF F <= FACTR*EPSMCH
1.4,2.0,0.0,2000,54,qlog,1.48,2.0706104109794783,True,False,50,5.985665648562421,64.19262753120026,0,0.01704956899999388,barrido q-log; q por deviance de bins
1.4,2.0,0.0,2000,54,cdf,1.496211885392649,2.3461462339291264,True,False,50,5.985665648562421,0.00022674932705474295,66,0.043151448000003256,CONVERGENCE: NORM OF PROJECTED GRADIENT <= PGTOL
1.4,2.0,0.0,2000,55,pdf,1.3895720328714258,1.9696071865742577,True,False,49,13.018104757726293,47.175799166821754,102,0.029903565999973125,CONVERGENCE: RELATIVE REDUCTION OF F <= FACTR*EPSMCH
1.4,2.0,0.0,2000,55,mle,1.395590613573373,1.988538106895092,True,False,49,13.018104757726293,2195.867829454368,93,0.004140126999971017,CONVERGENCE: RELATIVE REDUCTION OF F <= FACTR*EPSMCH
1.4,2.0,0.0,2000,55,qlog,1.42,1.8528070675055939,True,False,49,13.018104757726293,55.65012368973628,0,0.016252043999998023,barrido q-log; q por deviance de bins
1.4,2.0,0.0,2000,55,cdf,1.305384435241612,1.7186549188973819,True,False,49,13.018104757726293,3.2476389625729126e-05,78,0.06704522199999019,CONVERGENCE: NORM OF PROJECTED GRADIENT <= PGTOL
1.4,2.0,0.0,2000,56,pdf,1.4610101867891445,2.123496723327069,True,False,50,4.783762017727038,37.340209977908636,129,0.023476453000000674,CONVERGENCE: RELATIVE REDUCTION OF F <= FACTR*EPSMCH
1.4,2.0,0.0,2000,56,mle,1.4268424879907973,2.012004186879506,True,False,50,4.783762017727038,2257.9718086846265,111,0.0050051040000198554,CONVERGENCE: RELATIVE REDUCTION OF F <= FACTR*EPSMCH
1.4,2.0,0.0,2000,56,qlog,1.46,2.0045079010483886,True,False,50,4.783762017727038,38.929107100425,0,0.016110880000042016,barrido q-log; q por deviance de bins
1.4,2.0,0.0,2000,56,cdf,1.5164243873611662,2.3660142254241325,True,False,50,4.783762017727038,4.3884285286571787e-05,72,0.053644217999988086,CONVERGENCE: NORM OF PROJECTED GRADIENT <= PGTOL
1.4,2.0,0.0,2000,57,pdf,1.4006418162341916,1.9660683117338487,True,False,49,8.087943627820131,53.437625629549665,102,0.017126845999996476,CONVERGENCE: RELATIVE REDUCTION OF F <= FACTR*EPSMCH
1.4,2.0,0.0,2000,57,mle,1.4017853789850734,1.9611610899423606,True,False,49,8.087943627820131,2224.1454240962084,87,0.003098512999997638,CONVERGENCE: RELATIVE REDUCTION OF F <= FACTR*EPSMCH
1.4,2.0,0.0,2000,57,qlog,1.42,1.8093026888177657,True,False,49,8.087943627820131,61.542330219482054,0,0.01329268099999581,barrido q-log; q por deviance de bins
1.4,2.0,0.0,2000,57,cdf,1.4366517014260531,2.080315825017381,True,False,49,8.087943627820131,1.736569758959899e-05,69,0.04136842399998386,CONVERGENCE: NORM OF PROJECTED GRADIENT <= PGTOL
1.4,2.0,0.0,2000,58,pdf,1.4043574762404736,2.1049360876129324,True,False,50,7.8458454246930565,45.129093938887564,105,0.055066652999983035,CONVERGENCE: RELATIVE REDUCTION OF F <= FACTR*EPSMCH
1.4,2.0,0.0,2000,58,mle,1.4035786858480135,2.1042697826474765,True,False,50,7.8458454246930565,2157.906198844382,84,0.01704216699999961,CONVERGENCE: RELATIVE REDUCTION OF F <= FACTR*EPSMCH
1.4,2.0,0.0,2000,58,qlog,1.42,2.0248511243911183,True,False,50,7.8458454246930565,47.896275739078426,0,0.020877928999993856,barrido q-log; q por deviance de bins
1.4,2.0,0.0,2000,58,cdf,1.3462780074869658,1.9241873432528582,True,False,50,7.8458454246930565,2.721781339565451e-05,81,0.06770602099999223,CONVERGENCE: NORM OF PROJECTED GRADIENT <= PGTOL
1.4,2.0,0.0,2000,59,pdf,1.4188821318166236,1.9814360242110944,True,False,50,6.384775395479365,40.7187997499924,114,0.020757924000008643,CONVERGENCE: RELATIVE REDUCTION OF F <= FACTR*EPSMCH
1.4,2.0,0.0,2000,59,mle,1.414755220941043,1.9711999412866392,True,False,50,6.384775395479365,2249.570266902495,117,0.0052029230000130156,CONVERGENCE: RELATIVE REDUCTION OF F <= FACTR*EPSMCH
1.4,2.0,0.0,2000,59,qlog,1.42,1.8858541056401785,True,False,50,6.384775395479365,42.18000934517901,0,0.015634660999978678,barrido q-log; q por deviance de bins
1.4,2.0,0.0,2000,59,cdf,1.369461089335369,1.8326190227635928,True,False,50,6.384775395479365,4.9131609838539274e-05,81,0.06032025799999019,CONVERGENCE: NORM OF PROJECTED GRADIENT <= PGTOL
1.4,2.0,0.0,2000,60,pdf,1.4164212431421193,2.0798929447746493,True,False,49,5.764307424508299,36.649748930941506,93,0.01464736799999855,CONVERGENCE: RELATIVE REDUCTION OF F <= FACTR*EPSMCH
1.4,2.0,0.0,2000,60,mle,1.4019688847733152,2.0352045944959993,True,False,49,5.764307424508299,2187.513998032887,108,0.004174939999984417,CONVERGENCE: RELATIVE REDUCTION OF F <= FACTR*EPSMCH
1.4,2.0,0.0,2000,60,qlog,1.42,1.9749242023692597,True,False,49,5.764307424508299,38.52044862281587,0,0.01576769199999717,barrido q-log; q por deviance de bins
1.4,2.0,0.0,2000,60,cdf,1.461045300657814,2.251097033652565,True,False,49,5.764307424508299,6.167970173354524e-05,48,0.044805773999996745,CONVERGENCE: NORM OF PROJECTED GRADIENT <= PGTOL
1.4,2.0,0.0,2000,61,pdf,1.3825735821482799,1.801162679361873,True,False,49,5.734389835285031,54.06595530171095,123,0.021985749999998916,CONVERGENCE: RELATIVE REDUCTION OF F <= FACTR*EPSMCH
1.4,2.0,0.0,2000,61,mle,1.3689533129345521,1.7609467660366562,True,False,49,5.734389835285031,2256.6439966263492,93,0.003551937999986876,CONVERGENCE: RELATIVE REDUCTION OF F <= FACTR*EPSMCH
1.4,2.0,0.0,2000,61,qlog,1.4,1.7157955504186495,True,False,49,5.734389835285031,57.921230604122975,0,0.013526954999974805,barrido q-log; q por deviance de bins
1.4,2.0,0.0,2000,61,cdf,1.3973721617656965,1.841922165243192,True,False,49,5.734389835285031,2.1742787270260054e-05,87,0.06157884100002775,CONVERGENCE: NORM OF PROJECTED GRADIENT <= PGTOL
1.4,2.0,0.0,2000,62,pdf,1.352227132738281,1.8579672440616954,True,False,49,5.690825213245549,45.83480607502435,138,0.022542059999977937,CONVERGENCE: RELATIVE REDUCTION OF F <= FACTR*EPSMCH
1.4,2.0,0.0,2000,62,mle,1.3473390463674646,1.841458914936135,True,False,49,5.690825213245549,2164.0232254498997,84,0.0029837899999733963,CONVERGENCE: RELATIVE REDUCTION OF F <= FACTR*EPSMCH
1.4,2.0,0.0,2000,62,qlog,1.36,1.7909357931128378,True,False,49,5.690825213245549,47.409177816840085,0,0.01387355800000023,barrido q-log; q por deviance de bins
1.4,2.0,0.0,2000,62,cdf,1.3901703146538815,1.970894476635565,True,False,49,5.690825213245549,0.00012542433290359506,48,0.03867009099997176,CONVERGENCE: NORM OF PROJECTED GRADIENT <= PGTOL
1.4,2.0,0.0,2000,63,pdf,1.4188696070852553,2.0923284851800497,True,False,49,6.964338974884648,67.58231474867314,93,0.015229508000004444,CONVERGENCE: RELATIVE REDUCTION OF F <= FACTR*EPSMCH
1.4,2.0,0.0,2000,63,mle,1.4087905282597564,2.0505987457364228,True,False,49,6.964338974884648,2195.980337248929,99,0.003973966000046403,CONVERGENCE: NORM OF PROJECTED GRADIENT <= PGTOL
1.4,2.0,0.0,2000,63,qlog,1.42,1.873626255572391,True,False,49,6.964338974884648,74.48493012316342,0,0.01723475800002916,barrido q-log; q por deviance de bins
1.4,2.0,0.0,2000,63,cdf,1.4394713021082448,2.1583255803916876,True,False,49,6.964338974884648,2.0914610572186475e-05,69,0.036990798000033465,CONVERGENCE: NORM OF PROJECTED GRADIENT <= PGTOL
1.4,2.0,0.0,2000,64,pdf,1.4388673470092377,2.0966305268478003,True,False,50,4.7475267273034305,47.816044936198324,114,0.036249427000029755,CONVERGENCE: RELATIVE REDUCTION OF F <= FACTR*EPSMCH
1.4,2.0,0.0,2000,64,mle,1.4077684699872985,2.00239527130654,True,False,50,4.7475267273034305,2217.362232486426,87,0.0030829300000050353,CONVERGENCE: RELATIVE REDUCTION OF F <= FACTR*EPSMCH
1.4,2.0,0.0,2000,64,qlog,1.44,1.970091512690316,True,False,50,4.7475267273034305,50.005065506767934,0,0.014308585999970092,barrido q-log; q por deviance de bins
1.4,2.0,0.0,2000,64,cdf,1.4148098966866312,2.018749127507352,True,False,50,4.7475267273034305,9.200602080203025e-05,51,0.02576411999996253,CONVERGENCE: NORM OF PROJECTED GRADIENT <= PGTOL
1.4,2.0,0.0,2000,65,pdf,1.3609650044505406,1.9102333841556132,True,False,50,5.796436022735792,34.625689305242496,114,0.057367310000017824,CONVERGENCE: RELATIVE REDUCTION OF F <= FACTR*EPSMCH
1.4,2.0,0.0,2000,65,mle,1.3650627555922916,1.9217034299393472,True,False,50,5.796436022735792,2160.5682421265087,81,0.008919590999994398,CONVERGENCE: RELATIVE REDUCTION OF F <= FACTR*EPSMCH
1.4,2.0,0.0,2000,65,qlog,1.36,1.7899299443664665,True,False,50,5.796436022735792,37.00884903253834,0,0.015615260000004128,barrido q-log; q por deviance de bins
1.4,2.0,0.0,2000,65,cdf,1.3585412919153357,1.8960705588706663,True,False,50,5.796436022735792,4.756738009140601e-05,75,0.06424015200002486,CONVERGENCE: NORM OF PROJECTED GRADIENT <= PGTOL
1.4,2.0,0.0,2000,66,pdf,1.3858936138538795,1.8971573812990823,True,False,50,5.86235952686836,34.31563700014052,108,0.02221274200002199,CONVERGENCE: RELATIVE REDUCTION OF F <= FACTR*EPSMCH
1.4,2.0,0.0,2000,66,mle,1.3760313086420708,1.8757836121023894,True,False,50,5.86235952686836,2209.428720934117,90,0.00467504599998847,CONVERGENCE: RELATIVE REDUCTION OF F <= FACTR*EPSMCH
1.4,2.0,0.0,2000,66,qlog,1.4,1.8058915071895314,True,False,50,5.86235952686836,37.64185386151591,0,0.016182538999998997,barrido q-log; q por deviance de bins
1.4,2.0,0.0,2000,66,cdf,1.353543248654,1.804469563410304,True,False,50,5.86235952686836,2.9287147979378465e-05,87,0.06854257499998084,CONVERGENCE: NORM OF PROJECTED GRADIENT <= PGTOL
1.4,2.0,0.0,2000,67,pdf,1.441573049974498,2.1192830864395065,True,False,48,8.873680162499465,50.38839386425757,117,0.034540203999995356,CONVERGENCE: RELATIVE REDUCTION OF F <= FACTR*EPSMCH
1.4,2.0,0.0,2000,67,mle,1.440985975985803,2.118641339191555,True,False,48,8.873680162499465,2240.6809396802187,93,0.004515174000005118,CONVERGENCE: RELATIVE REDUCTION OF F <= FACTR*EPSMCH
1.4,2.0,0.0,2000,67,qlog,1.44,1.8840395484933956,True,False,48,8.873680162499465,57.35516161103298,0,0.0157991649999758,barrido q-log; q por deviance de bins
1.4,2.0,0.0,2000,67,cdf,1.4223325331418055,2.057092038565424,True,False,48,8.873680162499465,0.00022158744694386848,69,0.057164807999981804,CONVERGENCE: NORM OF PROJECTED GRADIENT <= PGTOL
1.4,2.0,0.0,2000,68,pdf,1.4303103026486785,1.9693537459263921,True,False,50,4.700359215282377,46.77224097140575,111,0.019611726000050567,CONVERGENCE: RELATIVE REDUCTION OF F <= FACTR*EPSMCH
1.4,2.0,0.0,2000,68,mle,1.3966635046687288,1.8732534915913273,True,False,50,4.700359215282377,2258.079571414625,102,0.003824900000040543,CONVERGENCE: NORM OF PROJECTED GRADIENT <= PGTOL
1.4,2.0,0.0,2000,68,qlog,1.44,1.8866743628209188,True,False,50,4.700359215282377,48.76103291621704,0,0.013856618999966486,barrido q-log; q por deviance de bins
1.4,2.0,0.0,2000,68,cdf,1.4313981596113794,1.982903665476359,True,False,50,4.700359215282377,1.1776902226078689e-05,54,0.04927898699997968,CONVERGENCE: NORM OF PROJECTED GRADIENT <= PGTOL
1.4,2.0,0.0,2000,69,pdf,1.3929186784564542,1.859493884915221,True,False,50,8.287810109974503,65.10651285884958,114,0.021574342000008073,CONVERGENCE: RELATIVE REDUCTION OF F <= FACTR*EPSMCH
1.4,2.0,0.0,2000,69,mle,1.401470227726962,1.8891975167315114,True,False,50,8.287810109974503,2260.793695032151,102,0.0043131880000260026,CONVERGENCE: RELATIVE REDUCTION OF F <= FACTR*EPSMCH
1.4,2.0,0.0,2000,69,qlog,1.42,1.7607845540701883,True,False,50,8.287810109974503,71.80846769744105,0,0.015209201999994093,barrido q-log; q por deviance de bins
1.4,2.0,0.0,2000,69,cdf,1.2775367499461387,1.5540407913689993,True,False,50,8.287810109974503,2.204166495008053e-05,87,0.06321150100001205,CONVERGENCE: NORM OF PROJECTED GRADIENT <= PGTOL
1.4,2.0,0.0,2000,70,pdf,1.3376464557891943,1.6415603172811766,True,False,47,11.543877364971998,47.97401128506003,123,0.020477474000017537,CONVERGENCE: RELATIVE REDUCTION OF F <= FACTR*EPSMCH
1.4,2.0,0.0,2000,70,mle,1.340495759435893,1.6588649568157627,True,False,47,11.543877364971998,2253.5308709791634,96,0.003576384000041344,CONVERGENCE: RELATIVE REDUCTION OF F <= FACTR*EPSMCH
1.4,2.0,0.0,2000,70,qlog,1.36,1.527786333280108,True,False,47,11.543877364971998,55.827275440258994,0,0.013177552999991349,barrido q-log; q por deviance de bins
1.4,2.0,0.0,2000,70,cdf,1.3915386440553807,1.7904395113928844,True,False,47,11.543877364971998,0.00013175544843308076,81,0.06352256000002399,CONVERGENCE: NORM OF PROJECTED GRADIENT <= PGTOL
1.4,2.0,0.0,2000,71,pdf,1.4360432730486585,2.0719255199647715,True,False,50,4.699229592346025,37.638762883658366,108,0.018937135999976817,CONVERGENCE: NORM OF PROJECTED GRADIENT <= PGTOL
1.4,2.0,0.0,2000,71,mle,1.4008447853693733,1.9604540652622482,True,False,50,4.699229592346025,2222.309809391659,90,0.0037626750000185893,CONVERGENCE: RELATIVE REDUCTION OF F <= FACTR*EPSMCH
1.4,2.0,0.0,2000,71,qlog,1.44,1.9819696768419348,True,False,50,4.699229592346025,39.04949947074978,0,0.013861946999952579,barrido q-log; q por deviance de bins
1.4,2.0,0.0,2000,71,cdf,1.4565276142327526,2.151792951144998,True,False,50,4.699229592346025,0.0002429303673412857,45,0.02326578800000334,CONVERGENCE: NORM OF PROJECTED GRADIENT <= PGTOL
1.4,2.0,0.0,2000,72,pdf,1.3210255963692383,1.661739172492989,True,False,50,4.248226092046813,55.493640184789584,90,0.029979323000020486,CONVERGENCE: RELATIVE REDUCTION OF F <= FACTR*EPSMCH
1.4,2.0,0.0,2000,72,mle,1.3057754356008013,1.6174889140512414,True,False,50,4.248226092046813,2204.918736085021,96,0.003660451000030207,CONVERGENCE: RELATIVE REDUCTION OF F <= FACTR*EPSMCH
1.4,2.0,0.0,2000,72,qlog,1.32,1.594639565146159,True,False,50,4.248226092046813,56.47043782064158,0,0.015858615000013287,barrido q-log; q por deviance de bins
1.4,2.0,0.0,2000,72,cdf,1.1975106551578567,1.3873480528582873,True,False,50,4.248226092046813,5.6888866298202886e-05,99,0.05068987800001423,CONVERGENCE: NORM OF PROJECTED GRADIENT <= PGTOL
1.4,2.0,0.0,2000,73,pdf,1.4268453681053461,2.1395103945270115,True,False,49,6.740820898494042,43.373225244870994,117,0.033972005999999055,CONVERGENCE: RELATIVE REDUCTION OF F <= FACTR*EPSMCH
1.4,2.0,0.0,2000,73,mle,1.4221554883752225,2.1255597736331078,True,False,49,6.740820898494042,2191.8147836675585,114,0.0060025210000276275,CONVERGENCE: RELATIVE REDUCTION OF F <= FACTR*EPSMCH
1.4,2.0,0.0,2000,73,qlog,1.44,2.017395860191734,True,False,49,6.740820898494042,47.240788155642726,0,0.016304768999987118,barrido q-log; q por deviance de bins
1.4,2.0,0.0,2000,73,cdf,1.38073608179644,1.9849429924301956,True,False,49,6.740820898494042,5.354952274652131e-05,54,0.034072648000005756,CONVERGENCE: NORM OF PROJECTED GRADIENT <= PGTOL
1.4,2.0,0.0,2000,74,pdf,1.417197710079914,2.068736546375116,True,False,49,8.165278602825477,37.01374370653382,141,0.04381763399999272,CONVERGENCE: RELATIVE REDUCTION OF F <= FACTR*EPSMCH
1.4,2.0,0.0,2000,74,mle,1.4113503676786359,2.045259524738908,True,False,49,8.165278602825477,2204.626425213162,108,0.005027026999982809,CONVERGENCE: RELATIVE REDUCTION OF F <= FACTR*EPSMCH
1.4,2.0,0.0,2000,74,qlog,1.42,1.929346712464555,True,False,49,8.165278602825477,40.1136997254564,0,0.018917235999992954,barrido q-log; q por deviance de bins
1.4,2.0,0.0,2000,74,cdf,1.3696250819009872,1.9091387353945088,True,False,49,8.165278602825477,5.860309896051806e-05,72,0.059659092000003966,CONVERGENCE: NORM OF PROJECTED GRADIENT <= PGTOL
1.4,2.0,0.0,2000,75,pdf,1.4629550107617224,2.291946924388379,True,False,50,5.315169535656493,52.92812955181079,123,0.02413873699998703,CONVERGENCE: RELATIVE REDUCTION OF F <= FACTR*EPSMCH
1.4,2.0,0.0,2000,75,mle,1.4400612554718728,2.2060312490606018,True,False,50,5.315169535656493,2197.996535136311,93,0.004379257999971742,CONVERGENCE: RELATIVE REDUCTION OF F <= FACTR*EPSMCH
1.4,2.0,0.0,2000,75,qlog,1.46,2.1065952500646916,True,False,50,5.315169535656493,56.10276998298352,0,0.01579677099999799,barrido q-log; q por deviance de bins
1.4,2.0,0.0,2000,75,cdf,1.536755030012771,2.637325803699805,True,False,50,5.315169535656493,1.814172793772096e-05,81,0.07518111899997848,CONVERGENCE: NORM OF PROJECTED GRADIENT <= PGTOL
1.4,2.0,0.0,2000,76,pdf,1.4311541896216167,2.231319909529457,True,False,50,6.478751653650306,38.41838636850737,105,0.019266072999982953,CONVERGENCE: RELATIVE REDUCTION OF F <= FACTR*EPSMCH
1.4,2.0,0.0,2000,76,mle,1.4277183891930383,2.2211366911967727,True,False,50,6.478751653650306,2161.1942615909356,108,0.004822667999974328,CONVERGENCE: NORM OF PROJECTED GRADIENT <= PGTOL
1.4,2.0,0.0,2000,76,qlog,1.44,2.0978697613060624,True,False,50,6.478751653650306,41.75400650729473,0,0.017774298999995608,barrido q-log; q por deviance de bins
1.4,2.0,0.0,2000,76,cdf,1.4009676656252639,2.128580124164165,True,False,50,6.478751653650306,1.105884965496813e-05,75,0.06120408800001087,CONVERGENCE: NORM OF PROJECTED GRADIENT <= PGTOL
1.4,2.0,0.0,2000,77,pdf,1.4043107179307444,2.0475179149574805,True,False,50,6.192333769516558,41.22232567775565,108,0.024379529999976057,CONVERGENCE: RELATIVE REDUCTION OF F <= FACTR*EPSMCH
1.4,2.0,0.0,2000,77,mle,1.3967487977464959,2.0222983812746826,True,False,50,6.192333769516558,2181.719623564264,90,0.005956891000039377,CONVERGENCE: NORM OF PROJECTED GRADIENT <= PGTOL
1.4,2.0,0.0,2000,77,qlog,1.42,1.9543597566948165,True,False,50,6.192333769516558,44.56059728642602,0,0.01555986299996448,barrido q-log; q por deviance de bins
1.4,2.0,0.0,2000,77,cdf,1.3614327506259607,1.9008439036833589,True,False,50,6.192333769516558,0.00011507993114631438,75,0.0622494369999913,CONVERGENCE: NORM OF PROJECTED GRADIENT <= PGTOL
1.4,2.0,0.0,2000,78,pdf,1.413095830820165,1.945286021188866,True,False,49,8.121147430603708,38.1080981562135,126,0.022765101000004506,CONVERGENCE: RELATIVE REDUCTION OF F <= FACTR*EPSMCH
1.4,2.0,0.0,2000,78,mle,1.3989569477892183,1.9066934557689874,True,False,49,8.121147430603708,2245.7164827894558,102,0.00531104599997434,CONVERGENCE: RELATIVE REDUCTION OF F <= FACTR*EPSMCH
1.4,2.0,0.0,2000,78,qlog,1.42,1.8073514331083824,True,False,49,8.121147430603708,42.249899678746054,0,0.015564009999991413,barrido q-log; q por deviance de bins
1.4,2.0,0.0,2000,78,cdf,1.3891521410385104,1.8738912387035183,True,False,49,8.121147430603708,5.044620252655914e-05,84,0.06071092199999839,CONVERGENCE: NORM OF PROJECTED GRADIENT <= PGTOL
1.4,2.0,0.0,2000,79,pdf,1.4352817395503596,1.9995861852347891,True,False,50,5.533176161143802,58.162140298810165,117,0.02427218799999764,CONVERGENCE: NORM OF PROJECTED GRADIENT <= PGTOL
1.4,2.0,0.0,2000,79,mle,1.4146873152550683,1.9352965718207245,True,False,50,5.533176161143802,2267.7909938132275,108,0.006928148999975292,CONVERGENCE: RELATIVE REDUCTION OF F <= FACTR*EPSMCH
1.4,2.0,0.0,2000,79,qlog,1.44,1.870453323557024,True,False,50,5.533176161143802,61.201054694762476,0,0.03576548600000251,barrido q-log; q por deviance de bins
1.4,2.0,0.0,2000,79,cdf,1.4476902013363593,2.040429000049035,True,False,50,5.533176161143802,5.896750283022231e-05,54,0.0342549840000288,CONVERGENCE: NORM OF PROJECTED GRADIENT <= PGTOL
1.4,2.0,0.0,2000,80,pdf,1.406123112684082,2.0908802981247088,True,False,50,4.518422682303184,50.14402815544493,93,0.01725529500004086,CONVERGENCE: RELATIVE REDUCTION OF F <= FACTR*EPSMCH
1.4,2.0,0.0,2000,80,mle,1.3756226905930826,1.9962560120812622,True,False,50,4.518422682303184,2146.256808343581,120,0.005199796999988848,CONVERGENCE: RELATIVE REDUCTION OF F <= FACTR*EPSMCH
1.4,2.0,0.0,2000,80,qlog,1.4,1.959794509736639,True,False,50,4.518422682303184,51.78641981799425,0,0.015846166000017092,barrido q-log; q por deviance de bins
1.4,2.0,0.0,2000,80,cdf,1.3928793145146383,2.057515950466419,True,False,50,4.518422682303184,2.1586458431206438e-05,54,0.04785025799998266,CONVERGENCE: NORM OF PROJECTED GRADIENT <= PGTOL
1.4,2.0,0.0,2000,81,pdf,1.3807861157586145,1.914554370574523,True,False,49,6.818816777302503,41.62209165084381,117,0.021427539999990586,CONVERGENCE: RELATIVE REDUCTION OF F <= FACTR*EPSMCH
1.4,2.0,0.0,2000,81,mle,1.3775236342944184,1.8996203879399902,True,False,49,6.818816777302503,2200.1833379445843,93,0.004191723999952046,CONVERGENCE: NORM OF PROJECTED GRADIENT <= PGTOL
1.4,2.0,0.0,2000,81,qlog,1.38,1.7753754837325497,True,False,49,6.818816777302503,44.77533587818549,0,0.01584879000000683,barrido q-log; q por deviance de bins
1.4,2.0,0.0,2000,81,cdf,1.4166022416502455,2.0301200110390334,True,False,49,6.818816777302503,2.156213811719158e-05,51,0.04573788599998352,CONVERGENCE: NORM OF PROJECTED GRADIENT <= PGTOL
1.4,2.0,0.0,2000,82,pdf,1.375437177557616,1.9920993253417816,True,False,50,5.127655719013248,41.18013261099672,135,0.02535318200000347,CONVERGENCE: RELATIVE REDUCTION OF F <= FACTR*EPSMCH
1.4,2.0,0.0,2000,82,mle,1.3649399021965383,1.9617320522378536,True,False,50,5.127655719013248,2139.6778048166157,102,0.004609524999978021,CONVERGENCE: RELATIVE REDUCTION OF F <= FACTR*EPSMCH
1.4,2.0,0.0,2000,82,qlog,1.38,1.871363535182822,True,False,50,5.127655719013248,44.07146020450205,0,0.016729429999998047,barrido q-log; q por deviance de bins
1.4,2.0,0.0,2000,82,cdf,1.4172237361110165,2.135854879984276,True,False,50,5.127655719013248,6.068671553411405e-05,69,0.05382016900000508,CONVERGENCE: NORM OF PROJECTED GRADIENT <= PGTOL
1.4,2.0,0.0,2000,83,pdf,1.4491899356214288,2.1871117197973136,True,False,49,7.383369762871767,48.098217793066155,141,0.023816380000027948,CONVERGENCE: RELATIVE REDUCTION OF F <= FACTR*EPSMCH
1.4,2.0,0.0,2000,83,mle,1.4408805131697262,2.1553801425818704,True,False,49,7.383369762871767,2223.230398884706,99,0.004985543999964648,CONVERGENCE: NORM OF PROJECTED GRADIENT <= PGTOL
1.4,2.0,0.0,2000,83,qlog,1.46,2.0469132056488504,True,False,49,7.383369762871767,52.118413611427286,0,0.01617734600000631,barrido q-log; q por deviance de bins
1.4,2.0,0.0,2000,83,cdf,1.4865079112518387,2.330659509187996,True,False,49,7.383369762871767,4.184401024222212e-05,69,0.0491639740000096,CONVERGENCE: NORM OF PROJECTED GRADIENT <= PGTOL
1.4,2.0,0.0,2000,84,pdf,1.4524380446593417,2.1299363116890824,True,False,50,4.547039854604285,47.17079506832392,111,0.018496802000015578,CONVERGENCE: RELATIVE REDUCTION OF F <= FACTR*EPSMCH
1.4,2.0,0.0,2000,84,mle,1.415846359010744,2.012870274767956,True,False,50,4.547039854604285,2231.241485626919,90,0.003521652000017639,CONVERGENCE: RELATIVE REDUCTION OF F <= FACTR*EPSMCH
1.4,2.0,0.0,2000,84,qlog,1.46,2.009115591988556,True,False,50,4.547039854604285,49.8696636474719,0,0.012969918999999663,barrido q-log; q por deviance de bins
1.4,2.0,0.0,2000,84,cdf,1.4256650030099314,2.0504586038795494,True,False,50,4.547039854604285,5.030980225337148e-05,51,0.025744994000035604,CONVERGENCE: NORM OF PROJECTED GRADIENT <= PGTOL
1.4,2.0,0.0,2000,85,pdf,1.4545080170950022,2.2616057629628528,True,False,49,7.761146113643535,39.484443454528005,117,0.03423047699999415,CONVERGENCE: RELATIVE REDUCTION OF F <= FACTR*EPSMCH
1.4,2.0,0.0,2000,85,mle,1.4501675090315957,2.255247200462189,True,False,49,7.761146113643535,2200.8196649818155,99,0.005355793999967773,CONVERGENCE: NORM OF PROJECTED GRADIENT <= PGTOL
1.4,2.0,0.0,2000,85,qlog,1.46,2.1277736737412343,True,False,49,7.761146113643535,42.162738158131596,0,0.017899259000046186,barrido q-log; q por deviance de bins
1.4,2.0,0.0,2000,85,cdf,1.495810864710617,2.4483884496878314,True,False,49,7.761146113643535,7.17362340634732e-05,72,0.046589331999996375,CONVERGENCE: NORM OF PROJECTED GRADIENT <= PGTOL
1.4,2.0,0.0,2000,86,pdf,1.4411125317442404,2.201645110168947,True,False,50,6.467669764894367,52.297520368737615,114,0.030217893999974876,CONVERGENCE: RELATIVE REDUCTION OF F <= FACTR*EPSMCH
1.4,2.0,0.0,2000,86,mle,1.431238324935457,2.164655638174455,True,False,50,6.467669764894367,2195.455082616216,114,0.007364203000008729,CONVERGENCE: RELATIVE REDUCTION OF F <= FACTR*EPSMCH
1.4,2.0,0.0,2000,86,qlog,1.44,1.995992813850951,True,False,50,6.467669764894367,57.20968777284846,0,0.016171928000005664,barrido q-log; q por deviance de bins
1.4,2.0,0.0,2000,86,cdf,1.381387112181593,1.9958664524027432,True,False,50,6.467669764894367,0.00011274743213966754,54,0.033324386999993294,CONVERGENCE: NORM OF PROJECTED GRADIENT <= PGTOL
1.4,2.0,0.0,2000,87,pdf,1.4425580132390126,2.0946191344022727,True,False,49,5.568715367418807,49.20491997882394,129,0.03967542499998444,CONVERGENCE: RELATIVE REDUCTION OF F <= FACTR*EPSMCH
1.4,2.0,0.0,2000,87,mle,1.425937522113485,2.044981817729174,True,False,49,5.568715367418807,2239.53642830848,102,0.006784372000026906,CONVERGENCE: RELATIVE REDUCTION OF F <= FACTR*EPSMCH
1.4,2.0,0.0,2000,87,qlog,1.44,1.9497402067535403,True,False,49,5.568715367418807,51.57493755252412,0,0.01681293699999742,barrido q-log; q por deviance de bins
1.4,2.0,0.0,2000,87,cdf,1.483380568044832,2.2611157425161665,True,False,49,5.568715367418807,7.082580185902845e-05,51,0.034203085000001465,CONVERGENCE: NORM OF PROJECTED GRADIENT <= PGTOL
1.4,2.0,0.0,2000,88,pdf,1.4523568710232126,2.2670180063533287,True,False,48,11.317155536453257,41.65435983269153,159,0.0383073670000158,CONVERGENCE: RELATIVE REDUCTION OF F <= FACTR*EPSMCH
1.4,2.0,0.0,2000,88,mle,1.4523235132664625,2.2707113883275536,True,False,48,11.317155536453257,2199.335917970454,105,0.004088147999993907,CONVERGENCE: RELATIVE REDUCTION OF F <= FACTR*EPSMCH
1.4,2.0,0.0,2000,88,qlog,1.48,2.1506809995314065,True,False,48,11.317155536453257,48.14984721136943,0,0.01583207499999162,barrido q-log; q por deviance de bins
1.4,2.0,0.0,2000,88,cdf,1.432145759404716,2.188586341612717,True,False,48,11.317155536453257,9.844908608946765e-06,54,0.029486356999996133,CONVERGENCE: NORM OF PROJECTED GRADIENT <= PGTOL
1.4,2.0,0.0,2000,89,pdf,1.3388529379872443,1.6569447478609771,True,False,48,7.105325512172832,60.99182631197312,108,0.020945110000013756,CONVERGENCE: RELATIVE REDUCTION OF F <= FACTR*EPSMCH
1.4,2.0,0.0,2000,89,mle,1.3346396764372945,1.6490481172733862,True,False,48,7.105325512172832,2246.796041237126,105,0.004713051999999607,CONVERGENCE: RELATIVE REDUCTION OF F <= FACTR*EPSMCH
1.4,2.0,0.0,2000,89,qlog,1.36,1.5591445529703782,True,False,48,7.105325512172832,67.1521957163412,0,0.02840770799997472,barrido q-log; q por deviance de bins
1.4,2.0,0.0,2000,89,cdf,1.2434313493820977,1.4394978282178421,True,False,48,7.105325512172832,5.850881806981813e-05,99,0.05015982800000529,CONVERGENCE: NORM OF PROJECTED GRADIENT <= PGTOL
1.4,2.0,0.0,2000,90,pdf,1.3903111340794834,1.9965490935515318,True,False,50,4.122656692407033,46.25644902310644,102,0.015741306999984772,CONVERGENCE: RELATIVE REDUCTION OF F <= FACTR*EPSMCH
1.4,2.0,0.0,2000,90,mle,1.3737097540731502,1.9486476882671189,True,False,50,4.122656692407033,2166.0701356765685,84,0.003959343000019544,CONVERGENCE: RELATIVE REDUCTION OF F <= FACTR*EPSMCH
1.4,2.0,0.0,2000,90,qlog,1.4,1.8827509377472889,True,False,50,4.122656692407033,49.49171329556688,0,0.03321438099999341,barrido q-log; q por deviance de bins
1.4,2.0,0.0,2000,90,cdf,1.3656511791786246,1.9287960796311316,True,False,50,4.122656692407033,0.00012161595674906885,75,0.03830529399999705,CONVERGENCE: NORM OF PROJECTED GRADIENT <= PGTOL
1.4,2.0,0.0,2000,91,pdf,1.3835000103833321,1.8912259748141864,True,False,49,4.990684227098509,79.6129356257417,105,0.01625115699999924,CONVERGENCE: RELATIVE REDUCTION OF F <= FACTR*EPSMCH
1.4,2.0,0.0,2000,91,mle,1.371090524330656,1.8558526041730523,True,False,49,4.990684227098509,2208.9562112514586,96,0.003479857999991509,CONVERGENCE: RELATIVE REDUCTION OF F <= FACTR*EPSMCH
1.4,2.0,0.0,2000,91,qlog,1.38,1.7009220493035022,True,False,49,4.990684227098509,85.3291094885983,0,0.013458467999953427,barrido q-log; q por deviance de bins
1.4,2.0,0.0,2000,91,cdf,1.3561469762233345,1.8139758779329942,True,False,49,4.990684227098509,4.3040426492749165e-05,84,0.06732620900004349,CONVERGENCE: NORM OF PROJECTED GRADIENT <= PGTOL
1.4,2.0,0.0,2000,92,pdf,1.3935887029881369,1.9391068786374424,True,False,49,6.367466730557454,59.108889298721735,114,0.020792939999978444,CONVERGENCE: RELATIVE REDUCTION OF F <= FACTR*EPSMCH
1.4,2.0,0.0,2000,92,mle,1.3800966070006893,1.9030637642419928,True,False,49,6.367466730557454,2204.2178590843846,90,0.0041723549999801435,CONVERGENCE: RELATIVE REDUCTION OF F <= FACTR*EPSMCH
1.4,2.0,0.0,2000,92,qlog,1.4,1.802336567412875,True,False,49,6.367466730557454,63.1962487720264,0,0.02639768000000231,barrido q-log; q por deviance de bins
1.4,2.0,0.0,2000,92,cdf,1.3274215190550138,1.7543889221587219,True,False,49,6.367466730557454,2.3185590946515076e-05,81,0.05212165299997196,CONVERGENCE: NORM OF PROJECTED GRADIENT <= PGTOL
1.4,2.0,0.0,2000,93,pdf,1.4020755266538611,1.9496570336630799,True,False,49,5.953063356478835,49.98910522737632,111,0.0206079409999802,CONVERGENCE: RELATIVE REDUCTION OF F <= FACTR*EPSMCH
1.4,2.0,0.0,2000,93,mle,1.3896377426451085,1.9067871114867343,True,False,49,5.953063356478835,2224.0976989341466,90,0.004487151000034828,CONVERGENCE: RELATIVE REDUCTION OF F <= FACTR*EPSMCH
1.4,2.0,0.0,2000,93,qlog,1.4,1.8039671509618738,True,False,49,5.953063356478835,53.039208330514384,0,0.024076954000008755,barrido q-log; q por deviance de bins
1.4,2.0,0.0,2000,93,cdf,1.449990856437661,2.1097821035758724,True,False,49,5.953063356478835,0.0001156475447568571,72,0.035171838999985994,CONVERGENCE: NORM OF PROJECTED GRADIENT <= PGTOL
1.4,2.0,0.0,2000,94,pdf,1.388695877518257,1.9889078366405593,True,False,50,5.815197003731113,52.0662959577038,105,0.01674779799998305,CONVERGENCE: RELATIVE REDUCTION OF F <= FACTR*EPSMCH
1.4,2.0,0.0,2000,94,mle,1.3768409734293061,1.9491571169047055,True,False,50,5.815197003731113,2172.8924634392597,93,0.0033130459999597406,CONVERGENCE: NORM OF PROJECTED GRADIENT <= PGTOL
1.4,2.0,0.0,2000,94,qlog,1.4,1.9251411034869768,True,False,50,5.815197003731113,53.76930721905531,0,0.012432016999980533,barrido q-log; q por deviance de bins
1.4,2.0,0.0,2000,94,cdf,1.3525974762935782,1.8811980029453008,True,False,50,5.815197003731113,4.605763016287737e-05,78,0.049273467999967124,CONVERGENCE: NORM OF PROJECTED GRADIENT <= PGTOL
1.4,2.0,0.0,2000,95,pdf,1.4424109748445035,2.090500572421997,True,False,48,8.173775422850516,45.84826265822522,105,0.01789618300000484,CONVERGENCE: RELATIVE REDUCTION OF F <= FACTR*EPSMCH
1.4,2.0,0.0,2000,95,mle,1.4404662765848086,2.0812544714248826,True,False,48,8.173775422850516,2257.2122112600036,93,0.004321650999997928,CONVERGENCE: RELATIVE REDUCTION OF F <= FACTR*EPSMCH
1.4,2.0,0.0,2000,95,qlog,1.46,1.9932415711734888,True,False,48,8.173775422850516,49.571487360091155,0,0.01409758300002295,barrido q-log; q por deviance de bins
1.4,2.0,0.0,2000,95,cdf,1.440253994332871,2.087834045512864,True,False,48,8.173775422850516,2.4802464419730836e-05,72,0.057481832999997096,CONVERGENCE: NORM OF PROJECTED GRADIENT <= PGTOL
1.4,2.0,0.0,2000,96,pdf,1.4003293039886708,1.9527130655569154,True,False,50,7.013830989430107,39.09183558273585,111,0.016912376999982826,CONVERGENCE: RELATIVE REDUCTION OF F <= FACTR*EPSMCH
1.4,2.0,0.0,2000,96,mle,1.3978040201309196,1.946616056681012,True,False,50,7.013830989430107,2222.3129686022885,108,0.004805953000015961,CONVERGENCE: RELATIVE REDUCTION OF F <= FACTR*EPSMCH
1.4,2.0,0.0,2000,96,qlog,1.4,1.8094193673365317,True,False,50,7.013830989430107,42.32033510058945,0,0.013217162999978882,barrido q-log; q por deviance de bins
1.4,2.0,0.0,2000,96,cdf,1.3922445312361886,1.9215292864903912,True,False,50,7.013830989430107,3.039900091844819e-05,75,0.06341143299999885,CONVERGENCE: NORM OF PROJECTED GRADIENT <= PGTOL
1.4,2.0,0.0,2000,97,pdf,1.4612322629099348,2.238212576455855,True,False,50,6.278669933342089,36.70260345328295,168,0.04006363599995666,CONVERGENCE: RELATIVE REDUCTION OF F <= FACTR*EPSMCH
1.4,2.0,0.0,2000,97,mle,1.435594891441324,2.145287613910855,True,False,50,6.278669933342089,2215.017482011506,108,0.003794133999974747,CONVERGENCE: RELATIVE REDUCTION OF F <= FACTR*EPSMCH
1.4,2.0,0.0,2000,97,qlog,1.46,2.068715811348275,True,False,50,6.278669933342089,39.728670109322955,0,0.012762336000037067,barrido q-log; q por deviance de bins
1.4,2.0,0.0,2000,97,cdf,1.4519542058778017,2.2120068826818864,True,False,50,6.278669933342089,1.4128379860850788e-05,48,0.03773869899998772,CONVERGENCE: NORM OF PROJECTED GRADIENT <= PGTOL
1.4,2.0,0.0,2000,98,pdf,1.4372577968237445,2.2348290584851918,True,False,49,7.270954467002191,58.96752954146975,102,0.014787675000036415,CONVERGENCE: RELATIVE REDUCTION OF F <= FACTR*EPSMCH
1.4,2.0,0.0,2000,98,mle,1.4340281409561573,2.230881843673488,True,False,49,7.270954467002191,2172.084701155012,114,0.003949148000003788,CONVERGENCE: NORM OF PROJECTED GRADIENT <= PGTOL
1.4,2.0,0.0,2000,98,qlog,1.44,2.0639607877751898,True,False,49,7.270954467002191,62.81151065640693,0,0.013133085999982086,barrido q-log; q por deviance de bins
1.4,2.0,0.0,2000,98,cdf,1.4041785803788152,2.11554813041847,True,False,49,7.270954467002191,6.79619021598237e-05,78,0.0399979819999885,CONVERGENCE: NORM OF PROJECTED GRADIENT <= PGTOL
1.4,2.0,0.0,2000,99,pdf,1.3608469452700354,1.816969682963746,True,False,48,9.65861286521488,72.34543309505162,105,0.033247451000022465,CONVERGENCE: RELATIVE REDUCTION OF F <= FACTR*EPSMCH
1.4,2.0,0.0,2000,99,mle,1.36211570295924,1.82143201945421,True,False,48,9.65861286521488,2207.5821220925473,102,0.004035708000003524,CONVERGENCE: NORM OF PROJECTED GRADIENT <= PGTOL
1.4,2.0,0.0,2000,99,qlog,1.38,1.677745424040627,True,False,48,9.65861286521488,80.24762439818853,0,0.013309473000049366,barrido q-log; q por deviance de bins
1.4,2.0,0.0,2000,99,cdf,1.3470738362691106,1.7650737627738362,True,False,48,9.65861286521488,0.000199998370278115,84,0.050091839999993226,CONVERGENCE: NORM OF PROJECTED GRADIENT <= PGTOL
1.9,2.0,0.0,100,0,pdf,1.9936786127263018,1.8027543679293005,True,False,33,36.39222339944508,54.18180091556388,81,0.01453162899997551,CONVERGENCE: NORM OF PROJECTED GRADIENT <= PGTOL
1.9,2.0,0.0,100,0,mle,1.9404724017032555,1.708858962698225,True,False,33,36.39222339944508,210.55281909040963,84,0.003507209000019884,CONVERGENCE: NORM OF PROJECTED GRADIENT <= PGTOL
1.9,2.0,0.0,100,0,qlog,2.0,0.3380059814980767,True,False,33,36.39222339944508,89.65522750944841,0,0.014602747000026284,barrido q-log; q por deviance de bins
1.9,2.0,0.0,100,0,cdf,1.903275608452163,1.5226523300975827,True,False,33,36.39222339944508,0.00043619794960427324,99,0.01148575700000265,CONVERGENCE: NORM OF PROJECTED GRADIENT <= PGTOL
1.9,2.0,0.0,100,1,pdf,1.7966428816565874,1.5293865969944205,True,False,35,25.24458077214096,56.45026992934457,96,0.01671019200000501,CONVERGENCE: RELATIVE REDUCTION OF F <= FACTR*EPSMCH
1.9,2.0,0.0,100,1,mle,1.788088324916496,1.5493949615387663,True,False,35,25.24458077214096,181.5945698318319,87,0.003936297999985072,CONVERGENCE: NORM OF PROJECTED GRADIENT <= PGTOL
1.9,2.0,0.0,100,1,qlog,1.82,0.4211094301500011,True,False,35,25.24458077214096,84.98160644396278,0,0.029549453000015546,barrido q-log; q por deviance de bins
1.9,2.0,0.0,100,1,cdf,1.7250017603336907,1.2694108469338024,True,False,35,25.24458077214096,0.002638342176864959,114,0.013822487999959776,CONVERGENCE: NORM OF PROJECTED GRADIENT <= PGTOL
1.9,2.0,0.0,100,2,pdf,1.9400631658534893,1.8739283661507817,True,False,42,17.90101685998026,54.107515574927795,117,0.020053593999989516,CONVERGENCE: NORM OF PROJECTED GRADIENT <= PGTOL
1.9,2.0,0.0,100,2,mle,1.8377404361127705,1.5640602781713373,True,False,42,17.90101685998026,191.26237077699972,78,0.0034778950000031728,CONVERGENCE: NORM OF PROJECTED GRADIENT <= PGTOL
1.9,2.0,0.0,100,2,qlog,1.82,0.22756648120093376,True,False,42,17.90101685998026,102.53342829368216,0,0.01441006599998218,barrido q-log; q por deviance de bins
1.9,2.0,0.0,100,2,cdf,1.803522316302338,1.4234553929743445,True,False,42,17.90101685998026,0.00039577247788720406,99,0.011263971000005313,CONVERGENCE: NORM OF PROJECTED GRADIENT <= PGTOL
1.9,2.0,0.0,100,3,pdf,2.0749458561948493,3.2310367128258317,True,False,29,90.85034348688247,70.4626948326396,141,0.04290767899999537,CONVERGENCE: RELATIVE REDUCTION OF F <= FACTR*EPSMCH
1.9,2.0,0.0,100,3,mle,2.0485459968728676,3.26482367047629,True,False,29,90.85034348688247,208.10951890351637,81,0.0036199500000293483,CONVERGENCE: RELATIVE REDUCTION OF F <= FACTR*EPSMCH
1.9,2.0,0.0,100,3,qlog,2.02,0.056877594097689915,True,False,29,90.85034348688247,228.44031644720846,0,0.00860270999999102,barrido q-log; q por deviance de bins
1.9,2.0,0.0,100,3,cdf,1.9372483244102896,2.1866055476044957,True,False,29,90.85034348688247,0.0019822082689802496,84,0.009801680999999007,CONVERGENCE: NORM OF PROJECTED GRADIENT <= PGTOL
1.9,2.0,0.0,100,4,pdf,1.9486637678410512,2.5983847627639585,True,False,39,37.73928278730031,57.13883396563269,90,0.016746325999974943,CONVERGENCE: NORM OF PROJECTED GRADIENT <= PGTOL
1.9,2.0,0.0,100,4,mle,1.916462261853828,2.514634430923028,True,False,39,37.73928278730031,185.32811791390887,81,0.003503705000014179,CONVERGENCE: NORM OF PROJECTED GRADIENT <= PGTOL
1.9,2.0,0.0,100,4,qlog,2.04,0.35716535964410456,True,False,39,37.73928278730031,115.70455020514305,0,0.011056026999995083,barrido q-log; q por deviance de bins
1.9,2.0,0.0,100,4,cdf,1.928344503587931,2.2670305472061973,True,False,39,37.73928278730031,0.003543536931002005,87,0.008151877999978296,CONVERGENCE: NORM OF PROJECTED GRADIENT <= PGTOL
1.9,2.0,0.0,100,5,pdf,1.9890329433243559,3.141012935516708,True,False,32,21.972240644687556,50.49847966574173,93,0.03454734500002132,CONVERGENCE: NORM OF PROJECTED GRADIENT <= PGTOL
1.9,2.0,0.0,100,5,mle,1.9096038887970825,2.613401577003451,True,False,32,21.972240644687556,181.75731216037155,84,0.0029175589999681506,CONVERGENCE: NORM OF PROJECTED GRADIENT <= PGTOL
1.9,2.0,0.0,100,5,qlog,1.8599999999999999,0.44354125066748973,True,False,32,21.972240644687556,85.88126584683499,0,0.013218443999960527,barrido q-log; q por deviance de bins
1.9,2.0,0.0,100,5,cdf,1.9958564744691534,3.2191960543555447,True,False,32,21.972240644687556,0.0018174512291663847,96,0.01158451599997079,CONVERGENCE: NORM OF PROJECTED GRADIENT <= PGTOL
1.9,2.0,0.0,100,6,pdf,1.8434369029259439,2.320727383515111,True,False,33,13.679068003468984,43.400127890795,96,0.01748878899996953,CONVERGENCE: NORM OF PROJECTED GRADIENT <= PGTOL
1.9,2.0,0.0,100,6,mle,1.7820358446524212,2.0969635447500705,True,False,33,13.679068003468984,165.27936775359294,87,0.006336564999969596,CONVERGENCE: NORM OF PROJECTED GRADIENT <= PGTOL
1.9,2.0,0.0,100,6,qlog,1.82,0.6062947630247923,True,False,33,13.679068003468984,68.93037541172802,0,0.015100939000035396,barrido q-log; q por deviance de bins
1.9,2.0,0.0,100,6,cdf,1.7260182430309843,1.8171883920481287,True,False,33,13.679068003468984,0.00047085930273626093,84,0.027415222000001904,CONVERGENCE: NORM OF PROJECTED GRADIENT <= PGTOL
1.9,2.0,0.0,100,7,pdf,1.8384259895012502,1.949715260171831,True,False,35,26.81499023482154,49.65628437838144,105,0.018234514999960538,CONVERGENCE: NORM OF PROJECTED GRADIENT <= PGTOL
1.9,2.0,0.0,100,7,mle,1.835571484830544,1.9866619051789072,True,False,35,26.81499023482154,178.84441051295906,84,0.004045351999991453,CONVERGENCE: NORM OF PROJECTED GRADIENT <= PGTOL
1.9,2.0,0.0,100,7,qlog,1.8,0.321800206672222,True,False,35,26.81499023482154,96.03639568560119,0,0.013042678999966029,barrido q-log; q por deviance de bins
1.9,2.0,0.0,100,7,cdf,1.7277838104254324,1.483455624491702,True,False,35,26.81499023482154,0.0019090714592351424,96,0.010398894000047676,CONVERGENCE: NORM OF PROJECTED GRADIENT <= PGTOL
1.9,2.0,0.0,100,8,pdf,2.1328670324207026,2.865803735494911,True,False,32,14.79954824312948,57.4911554025489,75,0.013044852999996692,CONVERGENCE: NORM OF PROJECTED GRADIENT <= PGTOL
1.9,2.0,0.0,100,8,mle,1.926281245435474,1.769260013137336,True,False,32,14.79954824312948,205.29411901501553,105,0.004277594000029694,CONVERGENCE: NORM OF PROJECTED GRADIENT <= PGTOL
1.9,2.0,0.0,100,8,qlog,1.74,0.13290811454912885,True,False,32,14.79954824312948,117.20377064066791,0,0.014601163999998334,barrido q-log; q por deviance de bins
1.9,2.0,0.0,100,8,cdf,2.0375580822345047,2.4981770066769298,True,False,32,14.79954824312948,0.000231380433092283,96,0.03552407199998697,CONVERGENCE: NORM OF PROJECTED GRADIENT <= PGTOL
1.9,2.0,0.0,100,9,pdf,1.811918278914511,1.8958017103531786,True,False,39,11.570660040922334,43.520054922652854,96,0.016916992999995273,CONVERGENCE: NORM OF PROJECTED GRADIENT <= PGTOL
1.9,2.0,0.0,100,9,mle,1.722765999130311,1.540648475875432,True,False,39,11.570660040922334,169.64809374640276,99,0.004608974999996462,CONVERGENCE: NORM OF PROJECTED GRADIENT <= PGTOL
1.9,2.0,0.0,100,9,qlog,1.6400000000000001,0.4951462016223288,True,False,39,11.570660040922334,59.79520670509814,0,0.014740035000045282,barrido q-log; q por deviance de bins
1.9,2.0,0.0,100,9,cdf,1.9017764385290548,2.4903409796044333,True,False,39,11.570660040922334,0.00021550610376319714,90,0.01186388700000407,CONVERGENCE: NORM OF PROJECTED GRADIENT <= PGTOL
1.9,2.0,0.0,100,10,pdf,2.061807088036802,3.0336718922519297,True,False,32,12.784540471185556,55.51494594234672,87,0.015440693000016381,CONVERGENCE: NORM OF PROJECTED GRADIENT <= PGTOL
1.9,2.0,0.0,100,10,mle,1.8925891874246101,2.1346321326872366,True,False,32,12.784540471185556,187.8755537125162,87,0.018312521999973796,CONVERGENCE: NORM OF PROJECTED GRADIENT <= PGTOL
1.9,2.0,0.0,100,10,qlog,1.88,0.4235308767419909,True,False,32,12.784540471185556,85.4656692194516,0,0.016448967000030734,barrido q-log; q por deviance de bins
1.9,2.0,0.0,100,10,cdf,1.9793805065804932,2.6950888440762535,True,False,32,12.784540471185556,0.0006369618727387168,96,0.01377670799996622,CONVERGENCE: NORM OF PROJECTED GRADIENT <= PGTOL
1.9,2.0,0.0,100,11,pdf,1.868957394720751,1.5230765078946202,True,False,31,25.508999146503545,47.74594137619049,96,0.01991363199999796,CONVERGENCE: NORM OF PROJECTED GRADIENT <= PGTOL
1.9,2.0,0.0,100,11,mle,1.8218899698621185,1.3730328105611824,True,False,31,25.508999146503545,194.4537616579923,81,0.0035521080000080474,CONVERGENCE: NORM OF PROJECTED GRADIENT <= PGTOL
1.9,2.0,0.0,100,11,qlog,1.82,0.27912646195349994,True,False,31,25.508999146503545,85.02943486472988,0,0.014724048999994466,barrido q-log; q por deviance de bins
1.9,2.0,0.0,100,11,cdf,1.8016630360303032,1.2947687285010963,True,False,31,25.508999146503545,0.00042999993726402716,108,0.03224784100001443,CONVERGENCE: NORM OF PROJECTED GRADIENT <= PGTOL
1.9,2.0,0.0,100,12,pdf,2.280317757598728,8.81934685263627,True,False,34,17.939025322422083,45.96235537165603,117,0.022764230000007046,CONVERGENCE: RELATIVE REDUCTION OF F <= FACTR*EPSMCH
1.9,2.0,0.0,100,12,mle,2.0248521995168987,3.7858947760853847,True,False,34,17.939025322422083,193.63151962618704,87,0.005585240000016256,CONVERGENCE: NORM OF PROJECTED GRADIENT <= PGTOL
1.9,2.0,0.0,100,12,qlog,1.98,0.3242629471003116,True,False,34,17.939025322422083,97.71172299125917,0,0.016028252000012344,barrido q-log; q por deviance de bins
1.9,2.0,0.0,100,12,cdf,2.1790515322362496,6.722252667959376,True,False,34,17.939025322422083,0.0008517529210912146,114,0.013100476000033723,CONVERGENCE: NORM OF PROJECTED GRADIENT <= PGTOL
1.9,2.0,0.0,100,13,pdf,2.090269549279917,3.3340817704664176,True,False,30,877.8481009661331,66.86338388532342,87,0.015541074999987359,CONVERGENCE: NORM OF PROJECTED GRADIENT <= PGTOL
1.9,2.0,0.0,100,13,mle,2.095713331668922,3.7173478133775966,True,False,30,877.8481009661331,216.69552126472735,84,0.0036073510000278475,CONVERGENCE: RELATIVE REDUCTION OF F <= FACTR*EPSMCH
1.9,2.0,0.0,100,13,qlog,2.14,0.08737068309950427,True,False,30,877.8481009661331,203.94633649811757,0,0.00734637099998281,barrido q-log; q por deviance de bins
1.9,2.0,0.0,100,13,cdf,2.1790713125623613,5.138740145401149,True,False,30,877.8481009661331,0.00048712616376428533,114,0.023423586000035357,CONVERGENCE: NORM OF PROJECTED GRADIENT <= PGTOL
1.9,2.0,0.0,100,14,pdf,2.0838160845486815,3.0851999389222917,True,False,30,22.62707733984441,58.38705484156503,87,0.013849677999985488,CONVERGENCE: NORM OF PROJECTED GRADIENT <= PGTOL
1.9,2.0,0.0,100,14,mle,1.96302886623651,2.3742240081090884,True,False,30,22.62707733984441,199.88849505524357,87,0.004302480999967884,CONVERGENCE: RELATIVE REDUCTION OF F <= FACTR*EPSMCH
1.9,2.0,0.0,100,14,qlog,1.98,0.21662507003409529,True,False,30,22.62707733984441,122.38011263100704,0,0.01920493099999021,barrido q-log; q por deviance de bins
1.9,2.0,0.0,100,14,cdf,1.9765168137901599,2.370882538213242,True,False,30,22.62707733984441,0.0009280916342114332,87,0.010339334000036615,CONVERGENCE: NORM OF PROJECTED GRADIENT <= PGTOL
1.9,2.0,0.0,100,15,pdf,1.8949662377183094,1.8411294486006715,True,False,33,37.837418402984056,52.655013989917734,105,0.019163478999985273,CONVERGENCE: RELATIVE REDUCTION OF F <= FACTR*EPSMCH
1.9,2.0,0.0,100,15,mle,1.858849258869477,1.7016488268832366,True,False,33,37.837418402984056,191.60149018671095,81,0.022146364999969137,CONVERGENCE: NORM OF PROJECTED GRADIENT <= PGTOL
1.9,2.0,0.0,100,15,qlog,1.98,0.5638254301818563,True,False,33,37.837418402984056,79.0872733569417,0,0.015687957000011465,barrido q-log; q por deviance de bins
1.9,2.0,0.0,100,15,cdf,1.7587957998291082,1.3126681812354009,True,False,33,37.837418402984056,0.0015829971795629691,108,0.016546669999968344,CONVERGENCE: NORM OF PROJECTED GRADIENT <= PGTOL
1.9,2.0,0.0,100,16,pdf,2.043366535015137,3.509258937223692,True,False,34,29.266183072991865,47.77767218045098,96,0.02094613299999537,CONVERGENCE: NORM OF PROJECTED GRADIENT <= PGTOL
1.9,2.0,0.0,100,16,mle,1.9687639975256976,2.9396770057712076,True,False,34,29.266183072991865,190.71270554511938,84,0.0049956189999988965,CONVERGENCE: NORM OF PROJECTED GRADIENT <= PGTOL
1.9,2.0,0.0,100,16,qlog,1.88,0.4361314168444538,True,False,34,29.266183072991865,83.77400707978575,0,0.01950664800000368,barrido q-log; q por deviance de bins
1.9,2.0,0.0,100,16,cdf,2.0381928242402876,3.6309497432928444,True,False,34,29.266183072991865,0.0004701763659938287,96,0.02672709199998735,CONVERGENCE: NORM OF PROJECTED GRADIENT <= PGTOL
1.9,2.0,0.0,100,17,pdf,2.064977415755132,5.547448089265907,True,False,36,17.054689547704232,47.367731130907515,99,0.017523169000014605,CONVERGENCE: NORM OF PROJECTED GRADIENT <= PGTOL
1.9,2.0,0.0,100,17,mle,1.9400111962316748,4.043705793698291,True,False,36,17.054689547704232,167.37024933190025,90,0.0038215139999806524,CONVERGENCE: RELATIVE REDUCTION OF F <= FACTR*EPSMCH
1.9,2.0,0.0,100,17,qlog,1.84,0.5547546377047444,True,False,36,17.054689547704232,87.90687104860046,0,0.01500742800004673,barrido q-log; q por deviance de bins
1.9,2.0,0.0,100,17,cdf,2.0509912463464657,5.710617325210548,True,False,36,17.054689547704232,0.0010171092445369297,111,0.012759981999977299,CONVERGENCE: NORM OF PROJECTED GRADIENT <= PGTOL
1.9,2.0,0.0,100,18,pdf,1.897098944248149,1.7431192824207982,True,False,42,25.56489458798851,40.479067816767895,90,0.016626514999984465,CONVERGENCE: RELATIVE REDUCTION OF F <= FACTR*EPSMCH
1.9,2.0,0.0,100,18,mle,1.8402182412727566,1.5609802472583796,True,False,42,25.56489458798851,191.8877247682181,78,0.027543777999994745,CONVERGENCE: NORM OF PROJECTED GRADIENT <= PGTOL
1.9,2.0,0.0,100,18,qlog,1.8599999999999999,0.3875243935274579,True,False,42,25.56489458798851,69.87920233489905,0,0.01472095500002979,barrido q-log; q por deviance de bins
1.9,2.0,0.0,100,18,cdf,1.8444546578586274,1.5030817743614056,True,False,42,25.56489458798851,0.0020007398292035267,99,0.01089524399998254,CONVERGENCE: NORM OF PROJECTED GRADIENT <= PGTOL
1.9,2.0,0.0,100,19,pdf,1.9684017555856197,2.692666680664638,True,False,38,114.49741347839594,31.14942974381381,87,0.015447594000022491,CONVERGENCE: NORM OF PROJECTED GRADIENT <= PGTOL
1.9,2.0,0.0,100,19,mle,1.9729273177839102,2.7493680403088274,True,False,38,114.49741347839594,195.16169771523693,78,0.0036335510000071736,CONVERGENCE: NORM OF PROJECTED GRADIENT <= PGTOL
1.9,2.0,0.0,100,19,qlog,2.06,0.5875303812582373,True,False,38,114.49741347839594,69.86420780793209,0,0.01214402099998324,barrido q-log; q por deviance de bins
1.9,2.0,0.0,100,19,cdf,1.89229338666193,2.1776151955708354,True,False,38,114.49741347839594,0.0006102228109236802,84,0.010938309999971807,CONVERGENCE: NORM OF PROJECTED GRADIENT <= PGTOL
1.9,2.0,0.0,100,20,pdf,1.9591159442122217,2.4456748640316257,True,False,34,68.73866902349044,41.20223630037242,93,0.034858305999989625,CONVERGENCE: NORM OF PROJECTED GRADIENT <= PGTOL
1.9,2.0,0.0,100,20,mle,1.9356629397393244,2.3020239830868814,True,False,34,68.73866902349044,194.45152039264622,81,0.0034703140000260646,CONVERGENCE: NORM OF PROJECTED GRADIENT <= PGTOL
1.9,2.0,0.0,100,20,qlog,2.0,0.5183827258757978,True,False,34,68.73866902349044,75.33245792291461,0,0.012706882000031783,barrido q-log; q por deviance de bins
1.9,2.0,0.0,100,20,cdf,1.9162162020960372,2.117001256062237,True,False,34,68.73866902349044,0.0006868369970742211,63,0.008030376000021988,CONVERGENCE: NORM OF PROJECTED GRADIENT <= PGTOL
1.9,2.0,0.0,100,21,pdf,2.1230579389232305,4.083254210810549,True,False,30,22.078513868434186,56.54108981973726,93,0.01665926399999762,CONVERGENCE: RELATIVE REDUCTION OF F <= FACTR*EPSMCH
1.9,2.0,0.0,100,21,mle,1.995547982455677,3.0997341156941256,True,False,30,22.078513868434186,195.2995378693389,87,0.004140817000006791,CONVERGENCE: NORM OF PROJECTED GRADIENT <= PGTOL
1.9,2.0,0.0,100,21,qlog,1.94,0.1981627176478773,True,False,30,22.078513868434186,128.8767230007684,0,0.015151917000025605,barrido q-log; q por deviance de bins
1.9,2.0,0.0,100,21,cdf,2.045176460971116,3.5007684017716185,True,False,30,22.078513868434186,0.0007897268891452505,93,0.01062860100000762,CONVERGENCE: NORM OF PROJECTED GRADIENT <= PGTOL
1.9,2.0,0.0,100,22,pdf,1.9453505464226115,2.1194306146004833,True,False,38,15.002689127425468,64.56510813467004,90,0.032967634000044654,CONVERGENCE: NORM OF PROJECTED GRADIENT <= PGTOL
1.9,2.0,0.0,100,22,mle,1.8441957710143662,1.785553179872206,True,False,38,15.002689127425468,186.016962452732,81,0.003055667000012363,CONVERGENCE: NORM OF PROJECTED GRADIENT <= PGTOL
1.9,2.0,0.0,100,22,qlog,1.9,0.1782420136423133,True,False,38,15.002689127425468,138.3605006264659,0,0.012598968999952831,barrido q-log; q por deviance de bins
1.9,2.0,0.0,100,22,cdf,1.6846622664808921,1.242974409929131,True,False,38,15.002689127425468,0.0003106580241810144,102,0.010550273000035304,CONVERGENCE: NORM OF PROJECTED GRADIENT <= PGTOL
1.9,2.0,0.0,100,23,pdf,1.8768321018878844,1.8571861639978717,True,False,35,16.883113927865015,49.446815118246946,96,0.014742507999983445,CONVERGENCE: NORM OF PROJECTED GRADIENT <= PGTOL
1.9,2.0,0.0,100,23,mle,1.7966015485282825,1.605086884228896,True,False,35,16.883113927865015,181.51269615685948,78,0.0026639860000159388,CONVERGENCE: NORM OF PROJECTED GRADIENT <= PGTOL
1.9,2.0,0.0,100,23,qlog,1.74,0.34415830445875095,True,False,35,16.883113927865015,79.67904748179632,0,0.012147186999982296,barrido q-log; q por deviance de bins
1.9,2.0,0.0,100,23,cdf,1.804396255034226,1.627927560836422,True,False,35,16.883113927865015,0.0003700126304006219,87,0.00798147099999369,CONVERGENCE: NORM OF PROJECTED GRADIENT <= PGTOL
1.9,2.0,0.0,100,24,pdf,1.895881500318011,2.0645138688988043,True,False,32,110.32323098619808,52.83595605100932,90,0.028683704999991733,CONVERGENCE: NORM OF PROJECTED GRADIENT <= PGTOL
1.9,2.0,0.0,100,24,mle,1.884210672949573,1.994447995847322,True,False,32,110.32323098619808,189.34324546213395,81,0.0030004640000242944,CONVERGENCE: NORM OF PROJECTED GRADIENT <= PGTOL
1.9,2.0,0.0,100,24,qlog,2.02,0.3464178724403907,True,False,32,110.32323098619808,110.78462478966085,0,0.008987730999990617,barrido q-log; q por deviance de bins
1.9,2.0,0.0,100,24,cdf,1.771793560553352,1.5138177244857989,True,False,32,110.32323098619808,0.0002409980223860843,99,0.010941104000039559,CONVERGENCE: NORM OF PROJECTED GRADIENT <= PGTOL
1.9,2.0,0.0,100,25,pdf,1.8561854302511254,1.9291384668860319,True,False,35,1149.4962490124487,53.420346475563676,90,0.015782930000000306,CONVERGENCE: NORM OF PROJECTED GRADIENT <= PGTOL
1.9,2.0,0.0,100,25,mle,1.8795040466334427,2.035011245174908,True,False,35,1149.4962490124487,187.26466098286852,87,0.0038916610000114815,CONVERGENCE: NORM OF PROJECTED GRADIENT <= PGTOL
1.9,2.0,0.0,100,25,qlog,2.16,0.06445075917571488,True,False,35,1149.4962490124487,254.01253539285605,0,0.009791122000024188,barrido q-log; q por deviance de bins
1.9,2.0,0.0,100,25,cdf,1.767639226919579,1.5219223166754803,True,False,35,1149.4962490124487,0.0005057082965943221,90,0.015043461999994179,CONVERGENCE: NORM OF PROJECTED GRADIENT <= PGTOL
1.9,2.0,0.0,100,26,pdf,1.8315278792215852,1.9533206376017842,True,False,31,17.388321516078634,46.5492202873259,96,0.03151937000001226,CONVERGENCE: RELATIVE REDUCTION OF F <= FACTR*EPSMCH
1.9,2.0,0.0,100,26,mle,1.78841971279579,1.8199343266575794,True,False,31,17.388321516078634,173.61291398483456,96,0.0035127780000152597,CONVERGENCE: NORM OF PROJECTED GRADIENT <= PGTOL
1.9,2.0,0.0,100,26,qlog,1.84,0.4490086626193545,True,False,31,17.388321516078634,79.75512722891746,0,0.013625911000019642,barrido q-log; q por deviance de bins
1.9,2.0,0.0,100,26,cdf,1.7473843933853883,1.653068450609407,True,False,31,17.388321516078634,0.00023150145263801204,87,0.011545146000003115,CONVERGENCE: NORM OF PROJECTED GRADIENT <= PGTOL
1.9,2.0,0.0,100,27,pdf,2.041491178107242,2.6185226688729997,True,False,29,33.35622333638735,48.456489214985744,87,0.015358638999998675,CONVERGENCE: NORM OF PROJECTED GRADIENT <= PGTOL
1.9,2.0,0.0,100,27,mle,1.955906229586783,2.1012028769807976,True,False,29,33.35622333638735,204.1475653511456,81,0.0031493600000089828,CONVERGENCE: RELATIVE REDUCTION OF F <= FACTR*EPSMCH
1.9,2.0,0.0,100,27,qlog,1.98,0.20750168735793206,True,False,29,33.35622333638735,114.43442909569544,0,0.014570296999977472,barrido q-log; q por deviance de bins
1.9,2.0,0.0,100,27,cdf,1.9382206894857037,1.9992084438658895,True,False,29,33.35622333638735,0.000293704941972415,66,0.00696969200004105,CONVERGENCE: NORM OF PROJECTED GRADIENT <= PGTOL
1.9,2.0,0.0,100,28,pdf,1.6935988142216007,1.43756968137266,True,False,39,7.897437969366339,48.07097717299357,93,0.0319270560000291,CONVERGENCE: NORM OF PROJECTED GRADIENT <= PGTOL
1.9,2.0,0.0,100,28,mle,1.6126798248078793,1.272354161019121,True,False,39,7.897437969366339,161.03413919559415,84,0.0036297550000199408,CONVERGENCE: NORM OF PROJECTED GRADIENT <= PGTOL
1.9,2.0,0.0,100,28,qlog,1.6,0.5286503389588808,True,False,39,7.897437969366339,61.01009281549403,0,0.015732144000025983,barrido q-log; q por deviance de bins
1.9,2.0,0.0,100,28,cdf,1.6202903706183904,1.2112587542051207,True,False,39,7.897437969366339,0.0022953231611467875,105,0.013022037999974145,CONVERGENCE: NORM OF PROJECTED GRADIENT <= PGTOL
1.9,2.0,0.0,100,29,pdf,1.9862266671610054,2.4078936074499584,True,False,31,36.03523971460749,46.82524081650015,96,0.017402567999965868,CONVERGENCE: RELATIVE REDUCTION OF F <= FACTR*EPSMCH
1.9,2.0,0.0,100,29,mle,1.9301920299952242,2.1206981832354397,True,False,31,36.03523971460749,197.19700911559423,87,0.003608482999993612,CONVERGENCE: NORM OF PROJECTED GRADIENT <= PGTOL
1.9,2.0,0.0,100,29,qlog,1.94,0.37679689271234706,True,False,31,36.03523971460749,86.07968863564052,0,0.015339899999958106,barrido q-log; q por deviance de bins
1.9,2.0,0.0,100,29,cdf,1.7445821405097075,1.1438694463801813,True,False,31,36.03523971460749,0.0037166309652593805,102,0.012091821999945296,CONVERGENCE: NORM OF PROJECTED GRADIENT <= PGTOL
1.9,2.0,0.0,100,30,pdf,1.7807669085313844,1.031808634855423,True,False,40,38.549470912951065,60.347747849344515,111,0.03436150500004942,CONVERGENCE: RELATIVE REDUCTION OF F <= FACTR*EPSMCH
1.9,2.0,0.0,100,30,mle,1.7671240898661966,1.0230013579528336,True,False,40,38.549470912951065,198.29567414387665,90,0.0037147840000102406,CONVERGENCE: NORM OF PROJECTED GRADIENT <= PGTOL
1.9,2.0,0.0,100,30,qlog,1.78,0.10924611846711665,True,False,40,38.549470912951065,140.04819705448344,0,0.011817978000010498,barrido q-log; q por deviance de bins
1.9,2.0,0.0,100,30,cdf,1.6527275989088375,0.7455748907358806,True,False,40,38.549470912951065,0.0022136958563333266,126,0.01442522799999324,CONVERGENCE: NORM OF PROJECTED GRADIENT <= PGTOL
1.9,2.0,0.0,100,31,pdf,2.1486961238615407,5.160839623013107,True,False,29,37.1407290682974,44.57295738925946,81,0.015203454000015881,CONVERGENCE: RELATIVE REDUCTION OF F <= FACTR*EPSMCH
1.9,2.0,0.0,100,31,mle,2.0381375425504813,3.8849413992273902,True,False,29,37.1407290682974,196.26793753595408,99,0.003968907999990279,CONVERGENCE: RELATIVE REDUCTION OF F <= FACTR*EPSMCH
1.9,2.0,0.0,100,31,qlog,1.84,0.1443739078152059,True,False,29,37.1407290682974,137.81439058689247,0,0.01469492699999364,barrido q-log; q por deviance de bins
1.9,2.0,0.0,100,31,cdf,2.03777177682168,3.72183531922595,True,False,29,37.1407290682974,0.0013789070568766884,96,0.025938526999993883,CONVERGENCE: NORM OF PROJECTED GRADIENT <= PGTOL
1.9,2.0,0.0,100,32,pdf,2.0801385848099128,3.0051421937154057,True,False,28,61.94369903535935,43.60012141951299,90,0.016189875000009124,CONVERGENCE: NORM OF PROJECTED GRADIENT <= PGTOL
1.9,2.0,0.0,100,32,mle,2.0254451374176186,2.682670827130936,True,False,28,61.94369903535935,211.02822472860882,78,0.0032977730000425254,CONVERGENCE: NORM OF PROJECTED GRADIENT <= PGTOL
1.9,2.0,0.0,100,32,qlog,2.0,0.22312757209395273,True,False,28,61.94369903535935,107.46524221220211,0,0.012905962999980147,barrido q-log; q por deviance de bins
1.9,2.0,0.0,100,32,cdf,2.024447923832683,2.6724945512393083,True,False,28,61.94369903535935,0.00024414414420244313,93,0.010671204999994188,CONVERGENCE: NORM OF PROJECTED GRADIENT <= PGTOL
1.9,2.0,0.0,100,33,pdf,1.901893541201404,1.9366582353302693,True,False,37,27.24257717382463,44.514567866577494,90,0.01627500299997564,CONVERGENCE: RELATIVE REDUCTION OF F <= FACTR*EPSMCH
1.9,2.0,0.0,100,33,mle,1.8470758875691669,1.7049232707539819,True,False,37,27.24257717382463,188.94616360675292,81,0.0034258969999996225,CONVERGENCE: NORM OF PROJECTED GRADIENT <= PGTOL
1.9,2.0,0.0,100,33,qlog,1.96,0.2555220544546895,True,False,37,27.24257717382463,104.47536772240377,0,0.01384258799998861,barrido q-log; q por deviance de bins
1.9,2.0,0.0,100,33,cdf,1.8810285268646871,1.885668359866015,True,False,37,27.24257717382463,0.0009324042172779488,90,0.02097372399998676,CONVERGENCE: NORM OF PROJECTED GRADIENT <= PGTOL
1.9,2.0,0.0,100,34,pdf,1.9843647472917578,1.954558971070642,True,False,32,83.77838678793708,49.34466534889281,93,0.016479983000010634,CONVERGENCE: RELATIVE REDUCTION OF F <= FACTR*EPSMCH
1.9,2.0,0.0,100,34,mle,1.9688193509571223,1.8998545781483578,True,False,32,83.77838678793708,212.55344712013135,81,0.003428429999985383,CONVERGENCE: NORM OF PROJECTED GRADIENT <= PGTOL
1.9,2.0,0.0,100,34,qlog,1.9,0.14153703679201737,True,False,32,83.77838678793708,120.10974472146361,0,0.010667098999988411,barrido q-log; q por deviance de bins
1.9,2.0,0.0,100,34,cdf,2.011026870262045,2.127786200482951,True,False,32,83.77838678793708,0.0007066914348186845,87,0.011542351999992206,CONVERGENCE: NORM OF PROJECTED GRADIENT <= PGTOL
1.9,2.0,0.0,100,35,pdf,1.8690391252265903,2.147336171869693,True,False,36,10.967014306464657,53.94751441676797,105,0.021661753999978828,CONVERGENCE: RELATIVE REDUCTION OF F <= FACTR*EPSMCH
1.9,2.0,0.0,100,35,mle,1.7613653451117524,1.7518428616276338,True,False,36,10.967014306464657,170.3075494234468,81,0.003446527999983573,CONVERGENCE: NORM OF PROJECTED GRADIENT <= PGTOL
1.9,2.0,0.0,100,35,qlog,1.7000000000000002,0.4992656085602609,True,False,36,10.967014306464657,74.29170449240644,0,0.030358074999981,barrido q-log; q por deviance de bins
1.9,2.0,0.0,100,35,cdf,1.8568004670588105,2.172680143704778,True,False,36,10.967014306464657,0.00150282306692719,84,0.010748632999991514,CONVERGENCE: NORM OF PROJECTED GRADIENT <= PGTOL
1.9,2.0,0.0,100,36,pdf,1.7926551243599367,0.8081438457149716,True,False,39,22.351430967599008,39.069062512193696,90,0.02064188299999614,CONVERGENCE: NORM OF PROJECTED GRADIENT <= PGTOL
1.9,2.0,0.0,100,36,mle,1.7374527185678599,0.7374103165531771,True,False,39,22.351430967599008,209.13652989150475,102,0.010586096999986694,CONVERGENCE: NORM OF PROJECTED GRADIENT <= PGTOL
1.9,2.0,0.0,100,36,qlog,1.78,0.3119822443344663,True,False,39,22.351430967599008,52.99788752322112,0,0.015174699999988661,barrido q-log; q por deviance de bins
1.9,2.0,0.0,100,36,cdf,1.7098581670024158,0.6779746761759123,True,False,39,22.351430967599008,0.000650647097817837,129,0.01595761499999071,CONVERGENCE: NORM OF PROJECTED GRADIENT <= PGTOL
1.9,2.0,0.0,100,37,pdf,1.9183998591337246,2.4720046561825835,True,False,31,22.57939408893481,52.50402835685554,90,0.03232982499997661,CONVERGENCE: RELATIVE REDUCTION OF F <= FACTR*EPSMCH
1.9,2.0,0.0,100,37,mle,1.8429538732364057,2.071941554726444,True,False,31,22.57939408893481,178.31312323637383,87,0.003743327000051977,CONVERGENCE: NORM OF PROJECTED GRADIENT <= PGTOL
1.9,2.0,0.0,100,37,qlog,1.92,0.23512575097580218,True,False,31,22.57939408893481,123.918362958011,0,0.016018656000028386,barrido q-log; q por deviance de bins
1.9,2.0,0.0,100,37,cdf,1.823167986242495,1.9731411916986419,True,False,31,22.57939408893481,0.00018447326488509934,66,0.007749269999976605,CONVERGENCE: NORM OF PROJECTED GRADIENT <= PGTOL
1.9,2.0,0.0,100,38,pdf,1.9080092894179779,1.4220989601106626,True,False,30,29.253043641664817,56.737304118077766,84,0.014870250000001306,CONVERGENCE: RELATIVE REDUCTION OF F <= FACTR*EPSMCH
1.9,2.0,0.0,100,38,mle,1.839335632265532,1.2307319694508398,True,False,30,29.253043641664817,203.5850936400346,81,0.003372665999961555,CONVERGENCE: NORM OF PROJECTED GRADIENT <= PGTOL
1.9,2.0,0.0,100,38,qlog,1.78,0.16275039703657462,True,False,30,29.253043641664817,109.42358718937162,0,0.01445127799996726,barrido q-log; q por deviance de bins
1.9,2.0,0.0,100,38,cdf,1.7536297352638044,0.9934770326829687,True,False,30,29.253043641664817,0.000610560020450829,108,0.03500195800000938,CONVERGENCE: NORM OF PROJECTED GRADIENT <= PGTOL
1.9,2.0,0.0,100,39,pdf,1.9555491473942823,2.694896258022767,True,False,36,25.434922491668413,56.16551380601316,87,0.015656879999994544,CONVERGENCE: NORM OF PROJECTED GRADIENT <= PGTOL
1.9,2.0,0.0,100,39,mle,1.8734728677894292,2.220517371810976,True,False,36,25.434922491668413,181.54113475510587,87,0.0037066510000158814,CONVERGENCE: NORM OF PROJECTED GRADIENT <= PGTOL
1.9,2.0,0.0,100,39,qlog,1.8,0.2986836391221965,True,False,36,25.434922491668413,102.41713789319665,0,0.014763831000038863,barrido q-log; q por deviance de bins
1.9,2.0,0.0,100,39,cdf,1.9511559600487385,2.773971458230856,True,False,36,25.434922491668413,0.0003137433204959473,93,0.010626107000007323,CONVERGENCE: NORM OF PROJECTED GRADIENT <= PGTOL
1.9,2.0,0.0,100,40,pdf,1.8734721145548674,1.8551050616038096,True,False,37,7.668710530816562,60.07210546714933,93,0.016274342999963665,CONVERGENCE: RELATIVE REDUCTION OF F <= FACTR*EPSMCH
1.9,2.0,0.0,100,40,mle,1.7029141068791036,1.395828265706204,True,False,37,7.668710530816562,171.09332527353234,87,0.003818721000016012,CONVERGENCE: NORM OF PROJECTED GRADIENT <= PGTOL
1.9,2.0,0.0,100,40,qlog,1.7200000000000002,0.419484272138867,True,False,37,7.668710530816562,81.99392436619787,0,0.029853162999984306,barrido q-log; q por deviance de bins
1.9,2.0,0.0,100,40,cdf,1.7260590388174768,1.3860048697605303,True,False,37,7.668710530816562,0.0020426257679740174,105,0.023330114000032154,CONVERGENCE: NORM OF PROJECTED GRADIENT <= PGTOL
1.9,2.0,0.0,100,41,pdf,2.1077067380844476,2.609317638574291,True,False,30,16.114362771672965,57.97747026598334,75,0.013428040999997393,CONVERGENCE: NORM OF PROJECTED GRADIENT <= PGTOL
1.9,2.0,0.0,100,41,mle,1.9313616898806483,1.780917512727207,True,False,30,16.114362771672965,206.21683064977879,84,0.003594732000010481,CONVERGENCE: NORM OF PROJECTED GRADIENT <= PGTOL
1.9,2.0,0.0,100,41,qlog,1.74,0.10465531908527957,True,False,30,16.114362771672965,131.4571802688628,0,0.014136632000031568,barrido q-log; q por deviance de bins
1.9,2.0,0.0,100,41,cdf,1.9749064608105102,2.0074543878635076,True,False,30,16.114362771672965,0.0005246869587230969,66,0.014740595999967354,CONVERGENCE: NORM OF PROJECTED GRADIENT <= PGTOL
1.9,2.0,0.0,100,42,pdf,1.9540842692326046,1.8959905407626265,True,False,34,35.232551340391446,43.366796071055845,84,0.029614481999999498,CONVERGENCE: NORM OF PROJECTED GRADIENT <= PGTOL
1.9,2.0,0.0,100,42,mle,1.8992730756718461,1.6658123477599984,True,False,34,35.232551340391446,201.83239272051415,84,0.003958893000003627,CONVERGENCE: NORM OF PROJECTED GRADIENT <= PGTOL
1.9,2.0,0.0,100,42,qlog,1.94,0.370785883532455,True,False,34,35.232551340391446,76.50253850615529,0,0.01602047900001935,barrido q-log; q por deviance de bins
1.9,2.0,0.0,100,42,cdf,1.881216427606301,1.4953314752947846,True,False,34,35.232551340391446,0.0016359334173492294,93,0.010958028999993985,CONVERGENCE: NORM OF PROJECTED GRADIENT <= PGTOL
1.9,2.0,0.0,100,43,pdf,1.9688542610716984,4.529090687845368,True,False,33,31.342838857330648,45.54169617830193,99,0.017793597999968824,CONVERGENCE: RELATIVE REDUCTION OF F <= FACTR*EPSMCH
1.9,2.0,0.0,100,43,mle,1.908534664087986,3.783395208552912,True,False,33,31.342838857330648,163.00417996670137,84,0.003556544999980815,CONVERGENCE: NORM OF PROJECTED GRADIENT <= PGTOL
1.9,2.0,0.0,100,43,qlog,1.92,0.7235271870448944,True,False,33,31.342838857330648,82.78165235268163,0,0.015372479999996358,barrido q-log; q por deviance de bins
1.9,2.0,0.0,100,43,cdf,1.9409515693780295,4.096157399695147,True,False,33,31.342838857330648,0.00035286308456473886,102,0.012586118999990958,CONVERGENCE: NORM OF PROJECTED GRADIENT <= PGTOL
1.9,2.0,0.0,100,44,pdf,2.1294782139572592,4.213194960253289,True,False,31,98.56109016250949,60.965506444696615,90,0.02825791099996877,CONVERGENCE: RELATIVE REDUCTION OF F <= FACTR*EPSMCH
1.9,2.0,0.0,100,44,mle,2.0957010032655314,3.9555460088046837,True,False,31,98.56109016250949,213.58595914147284,90,0.003903118000039285,CONVERGENCE: NORM OF PROJECTED GRADIENT <= PGTOL
1.9,2.0,0.0,100,44,qlog,2.08,0.0940711767566118,True,False,31,98.56109016250949,190.88696145093792,0,0.009338922999972965,barrido q-log; q por deviance de bins
1.9,2.0,0.0,100,44,cdf,2.113518624132934,4.0798847302287395,True,False,31,98.56109016250949,0.0007010789612425857,102,0.011664596999992227,CONVERGENCE: NORM OF PROJECTED GRADIENT <= PGTOL
1.9,2.0,0.0,100,45,pdf,2.152989663412217,4.665156264831159,True,False,34,26.723908509148732,41.2953363470566,93,0.017071326999996472,CONVERGENCE: NORM OF PROJECTED GRADIENT <= PGTOL
1.9,2.0,0.0,100,45,mle,2.015316607703132,3.2529599790479042,True,False,34,26.723908509148732,198.45740699457838,84,0.005774615999996513,CONVERGENCE: RELATIVE REDUCTION OF F <= FACTR*EPSMCH
1.9,2.0,0.0,100,45,qlog,1.8599999999999999,0.2113458930980486,True,False,34,26.723908509148732,104.44043797252091,0,0.015089791999969293,barrido q-log; q por deviance de bins
1.9,2.0,0.0,100,45,cdf,2.072101144119017,3.5731903113179118,True,False,34,26.723908509148732,0.0018311464257591361,99,0.0387296160000119,CONVERGENCE: NORM OF PROJECTED GRADIENT <= PGTOL
1.9,2.0,0.0,100,46,pdf,2.032866592168294,3.7406487852661043,True,False,33,2363.1239459837698,58.86567298725823,96,0.016885325999965062,CONVERGENCE: RELATIVE REDUCTION OF F <= FACTR*EPSMCH
1.9,2.0,0.0,100,46,mle,2.0360360213306996,3.772136335769933,True,False,33,2363.1239459837698,197.1134694574623,90,0.005074839000030806,CONVERGENCE: NORM OF PROJECTED GRADIENT <= PGTOL
1.9,2.0,0.0,100,46,qlog,2.2,0.05771390183626638,True,False,33,2363.1239459837698,274.8183531689626,0,0.006802069000002575,barrido q-log; q por deviance de bins
1.9,2.0,0.0,100,46,cdf,1.853782600013647,1.979595499676473,True,False,33,2363.1239459837698,0.0036871062191371094,60,0.005998825999995461,CONVERGENCE: NORM OF PROJECTED GRADIENT <= PGTOL
1.9,2.0,0.0,100,47,pdf,1.7891589365012786,1.4956661933201125,True,False,40,71.10647139700096,53.9043949960524,93,0.013658659999975953,CONVERGENCE: RELATIVE REDUCTION OF F <= FACTR*EPSMCH
1.9,2.0,0.0,100,47,mle,1.7744975332849304,1.4417724490613795,True,False,40,71.10647139700096,182.55072318389946,75,0.0027425449999896045,CONVERGENCE: NORM OF PROJECTED GRADIENT <= PGTOL
1.9,2.0,0.0,100,47,qlog,1.9,0.2216897229827,True,False,40,71.10647139700096,123.71602710732871,0,0.008993009999983315,barrido q-log; q por deviance de bins
1.9,2.0,0.0,100,47,cdf,1.7317023923308534,1.236204371595837,True,False,40,71.10647139700096,0.0019333327239590432,105,0.02508918400002358,CONVERGENCE: NORM OF PROJECTED GRADIENT <= PGTOL
1.9,2.0,0.0,100,48,pdf,2.02474591052787,2.489427525452984,True,False,29,15.904707887510781,41.00712559482674,90,0.014944623000019419,CONVERGENCE: NORM OF PROJECTED GRADIENT <= PGTOL
1.9,2.0,0.0,100,48,mle,1.9127446665825028,2.0877309444195493,True,False,29,15.904707887510781,193.7368299426712,81,0.0028596510000511444,CONVERGENCE: NORM OF PROJECTED GRADIENT <= PGTOL
1.9,2.0,0.0,100,48,qlog,2.0,0.27720069339291764,True,False,29,15.904707887510781,93.42056002286854,0,0.013035278000018025,barrido q-log; q por deviance de bins
1.9,2.0,0.0,100,48,cdf,1.9022188221423832,2.009899828323956,True,False,29,15.904707887510781,0.0007696087283864002,84,0.011466571999960706,CONVERGENCE: NORM OF PROJECTED GRADIENT <= PGTOL
1.9,2.0,0.0,100,49,pdf,1.954323128280546,3.337789186910132,True,False,36,83.83111144012727,43.39207004795828,90,0.01821462500004145,CONVERGENCE: NORM OF PROJECTED GRADIENT <= PGTOL
1.9,2.0,0.0,100,49,mle,1.943150821996188,3.2363220712242717,True,False,36,83.83111144012727,179.296621580529,87,0.0037278929999615684,CONVERGENCE: RELATIVE REDUCTION OF F <= FACTR*EPSMCH
1.9,2.0,0.0,100,49,qlog,2.02,0.30794967487820113,True,False,36,83.83111144012727,123.80447317347685,0,0.010815905000015391,barrido q-log; q por deviance de bins
1.9,2.0,0.0,100,49,cdf,1.860852384201865,2.6119354007336915,True,False,36,83.83111144012727,0.0002742959313212488,87,0.02488415300001634,CONVERGENCE: NORM OF PROJECTED GRADIENT <= PGTOL
1.9,2.0,0.0,100,50,pdf,1.953598276437289,2.8810756280849623,True,False,31,103.52586405296833,46.7261824743387,93,0.016983395000011114,CONVERGENCE: NORM OF PROJECTED GRADIENT <= PGTOL
1.9,2.0,0.0,100,50,mle,1.9314096697573775,2.6862137055541973,True,False,31,103.52586405296833,185.67849744856474,81,0.003453768999975182,CONVERGENCE: NORM OF PROJECTED GRADIENT <= PGTOL
1.9,2.0,0.0,100,50,qlog,2.02,0.3683487035944179,True,False,31,103.52586405296833,106.104989482065,0,0.011010377999980392,barrido q-log; q por deviance de bins
1.9,2.0,0.0,100,50,cdf,1.9601284784330455,2.8873444014572445,True,False,31,103.52586405296833,0.00041220028966374117,93,0.016973749999976917,CONVERGENCE: NORM OF PROJECTED GRADIENT <= PGTOL
1.9,2.0,0.0,100,51,pdf,1.9867038615753403,1.958719493830865,True,False,33,91.82361910593737,58.3820460341589,90,0.01622724100002415,CONVERGENCE: RELATIVE REDUCTION OF F <= FACTR*EPSMCH
1.9,2.0,0.0,100,51,mle,1.9482722773987546,1.8029693357072982,True,False,33,91.82361910593737,209.8448795598702,81,0.003535451999994166,CONVERGENCE: NORM OF PROJECTED GRADIENT <= PGTOL
1.9,2.0,0.0,100,51,qlog,1.88,0.09745282786773829,True,False,33,91.82361910593737,149.35605556244246,0,0.010075265000011768,barrido q-log; q por deviance de bins
1.9,2.0,0.0,100,51,cdf,2.0588896072624316,2.5554894800297223,True,False,33,91.82361910593737,0.0010653785236568387,93,0.025499432999993132,CONVERGENCE: NORM OF PROJECTED GRADIENT <= PGTOL
1.9,2.0,0.0,100,52,pdf,1.8963224287174698,1.4411181835895495,True,False,35,42.661923547048566,47.37043296255412,90,0.016278198999998494,CONVERGENCE: NORM OF PROJECTED GRADIENT <= PGTOL
1.9,2.0,0.0,100,52,mle,1.873635572607241,1.4463883362966068,True,False,35,42.661923547048566,203.0112200106134,90,0.0038216749999833155,CONVERGENCE: NORM OF PROJECTED GRADIENT <= PGTOL
1.9,2.0,0.0,100,52,qlog,1.96,0.12064600956441501,True,False,35,42.661923547048566,135.8176040884236,0,0.00992907400001286,barrido q-log; q por deviance de bins
1.9,2.0,0.0,100,52,cdf,1.810917195641978,1.2185181796589795,True,False,35,42.661923547048566,0.0007184633165640336,111,0.011561462000031497,CONVERGENCE: NORM OF PROJECTED GRADIENT <= PGTOL
1.9,2.0,0.0,100,53,pdf,1.9537277687371006,1.8552776943997509,True,False,35,66.63145310373372,56.48229359480193,93,0.015030933999980789,CONVERGENCE: RELATIVE REDUCTION OF F <= FACTR*EPSMCH
1.9,2.0,0.0,100,53,mle,1.9312880931526273,1.7547102395662615,True,False,35,66.63145310373372,206.939887293062,84,0.004974586999992425,CONVERGENCE: NORM OF PROJECTED GRADIENT <= PGTOL
1.9,2.0,0.0,100,53,qlog,1.9,0.1814845458195317,True,False,35,66.63145310373372,119.03056484822126,0,0.013613372000008894,barrido q-log; q por deviance de bins
1.9,2.0,0.0,100,53,cdf,1.8651914461015588,1.4111861717081469,True,False,35,66.63145310373372,0.0011504088674739728,102,0.025839307000012468,CONVERGENCE: NORM OF PROJECTED GRADIENT <= PGTOL
1.9,2.0,0.0,100,54,pdf,1.8506099212665728,1.5994619785070443,True,False,40,10.039503151796131,53.776159089960544,93,0.014654354000015246,CONVERGENCE: RELATIVE REDUCTION OF F <= FACTR*EPSMCH
1.9,2.0,0.0,100,54,mle,1.7383707553208987,1.343888887420871,True,False,40,10.039503151796131,179.29500740320947,81,0.0027122579999740992,CONVERGENCE: NORM OF PROJECTED GRADIENT <= PGTOL
1.9,2.0,0.0,100,54,qlog,1.6800000000000002,0.2413854991545073,True,False,40,10.039503151796131,94.322905282956,0,0.0196182809999641,barrido q-log; q por deviance de bins
1.9,2.0,0.0,100,54,cdf,1.6066474013124794,1.0045372433141633,True,False,40,10.039503151796131,0.0009973559154314241,117,0.013711278999949172,CONVERGENCE: NORM OF PROJECTED GRADIENT <= PGTOL
1.9,2.0,0.0,100,55,pdf,1.8553460529472876,2.290758514708069,True,False,38,31.043852009666654,50.03471580975808,96,0.020381358999998156,CONVERGENCE: NORM OF PROJECTED GRADIENT <= PGTOL
1.9,2.0,0.0,100,55,mle,1.843306589361272,2.2219729736250593,True,False,38,31.043852009666654,174.89311811949503,87,0.0036099249999779204,CONVERGENCE: NORM OF PROJECTED GRADIENT <= PGTOL
1.9,2.0,0.0,100,55,qlog,1.82,0.428789364062582,True,False,38,31.043852009666654,87.46025934690952,0,0.026592484999923727,barrido q-log; q por deviance de bins
1.9,2.0,0.0,100,55,cdf,1.8662264103511534,2.2434818305381854,True,False,38,31.043852009666654,0.0016227495113060064,87,0.01017792000004647,CONVERGENCE: NORM OF PROJECTED GRADIENT <= PGTOL
1.9,2.0,0.0,100,56,pdf,1.9247587338752818,1.9576396958530762,True,False,37,12.984022981927094,39.725925143061744,105,0.017736341999921024,CONVERGENCE: NORM OF PROJECTED GRADIENT <= PGTOL
1.9,2.0,0.0,100,56,mle,1.76394311526171,1.3458933917179283,True,False,37,12.984022981927094,183.975601217671,90,0.003778730000021824,CONVERGENCE: NORM OF PROJECTED GRADIENT <= PGTOL
1.9,2.0,0.0,100,56,qlog,1.6600000000000001,0.36797407408013094,True,False,37,12.984022981927094,58.120023486819896,0,0.014866715999914959,barrido q-log; q por deviance de bins
1.9,2.0,0.0,100,56,cdf,1.9809643682789246,2.5605762813022523,True,False,37,12.984022981927094,0.0002708382757546418,96,0.011409009999965747,CONVERGENCE: NORM OF PROJECTED GRADIENT <= PGTOL
1.9,2.0,0.0,100,57,pdf,1.8963763824640227,2.7251612678296477,True,False,33,96.20752117025182,61.70098231688344,99,0.03649552000001677,CONVERGENCE: RELATIVE REDUCTION OF F <= FACTR*EPSMCH
1.9,2.0,0.0,100,57,mle,1.8756109396674965,2.611681252459364,True,False,33,96.20752117025182,173.90960151574097,84,0.0036218430000189983,CONVERGENCE: NORM OF PROJECTED GRADIENT <= PGTOL
1.9,2.0,0.0,100,57,qlog,1.92,0.1582932866684046,True,False,33,96.20752117025182,171.41822247258006,0,0.010201165000012224,barrido q-log; q por deviance de bins
1.9,2.0,0.0,100,57,cdf,1.7449675353633336,1.7744508145828866,True,False,33,96.20752117025182,0.0017409661884092683,84,0.009853290000023662,CONVERGENCE: NORM OF PROJECTED GRADIENT <= PGTOL
1.9,2.0,0.0,100,58,pdf,1.8892887634559228,1.5584962323117024,True,False,31,194.09629204911369,58.084139646201855,99,0.01816451899992444,CONVERGENCE: RELATIVE REDUCTION OF F <= FACTR*EPSMCH
1.9,2.0,0.0,100,58,mle,1.8887520277921563,1.5533640983589987,True,False,31,194.09629204911369,202.88255388612188,84,0.0036400210000238076,CONVERGENCE: NORM OF PROJECTED GRADIENT <= PGTOL
1.9,2.0,0.0,100,58,qlog,2.02,0.13578114638243202,True,False,31,194.09629204911369,156.40975762448483,0,0.008754128000077799,barrido q-log; q por deviance de bins
1.9,2.0,0.0,100,58,cdf,1.7461681281160712,1.1037656342092994,True,False,31,194.09629204911369,0.00014478799471400532,105,0.013055299000029663,CONVERGENCE: NORM OF PROJECTED GRADIENT <= PGTOL
1.9,2.0,0.0,100,59,pdf,1.930675509344567,2.3411838130864293,True,False,37,39.57393168626138,49.98362341481045,84,0.02907122600004186,CONVERGENCE: RELATIVE REDUCTION OF F <= FACTR*EPSMCH
1.9,2.0,0.0,100,59,mle,1.8990271856158614,2.2103498240778436,True,False,37,39.57393168626138,187.6328796110123,84,0.0030665639999369887,CONVERGENCE: NORM OF PROJECTED GRADIENT <= PGTOL
1.9,2.0,0.0,100,59,qlog,1.88,0.3350161983848313,True,False,37,39.57393168626138,96.67541110677853,0,0.012207307000039691,barrido q-log; q por deviance de bins
1.9,2.0,0.0,100,59,cdf,1.892241161725381,2.162155845283193,True,False,37,39.57393168626138,0.0008744980553170939,84,0.008075143000041862,CONVERGENCE: NORM OF PROJECTED GRADIENT <= PGTOL
1.9,2.0,0.0,100,60,pdf,2.0504080756429763,1.7709831548158625,True,False,31,19.613525627074647,58.91180289245405,90,0.014065726000012546,CONVERGENCE: NORM OF PROJECTED GRADIENT <= PGTOL
1.9,2.0,0.0,100,60,mle,1.9088097308714465,1.3373456757200723,True,False,31,19.613525627074647,215.06640285848582,90,0.0036745820000305685,CONVERGENCE: NORM OF PROJECTED GRADIENT <= PGTOL
1.9,2.0,0.0,100,60,qlog,1.82,0.11179036917722958,True,False,31,19.613525627074647,125.09501414184696,0,0.01169069600007333,barrido q-log; q por deviance de bins
1.9,2.0,0.0,100,60,cdf,1.9538066720510605,1.513136247477761,True,False,31,19.613525627074647,0.00047306367603245475,99,0.009660408000058851,CONVERGENCE: NORM OF PROJECTED GRADIENT <= PGTOL
1.9,2.0,0.0,100,61,pdf,1.7294154888890536,1.8055038657120472,True,False,33,16.90425157067932,61.69499732948846,96,0.015680425000027753,CONVERGENCE: NORM OF PROJECTED GRADIENT <= PGTOL
1.9,2.0,0.0,100,61,mle,1.6870735417696274,1.6684071846694117,True,False,33,16.90425157067932,159.4593520148186,78,0.01738569099995857,CONVERGENCE: NORM OF PROJECTED GRADIENT <= PGTOL
1.9,2.0,0.0,100,61,qlog,1.74,0.481944136196654,True,False,33,16.90425157067932,91.8511987487497,0,0.012420279000025403,barrido q-log; q por deviance de bins
1.9,2.0,0.0,100,61,cdf,1.6902172905297705,1.6661934755309418,True,False,33,16.90425157067932,0.0006201229100582932,90,0.00938002400005189,CONVERGENCE: NORM OF PROJECTED GRADIENT <= PGTOL
1.9,2.0,0.0,100,62,pdf,1.9838790555261463,2.0571382669040545,True,False,34,234.69776395409613,53.25824201377962,87,0.013277023999989979,CONVERGENCE: NORM OF PROJECTED GRADIENT <= PGTOL
1.9,2.0,0.0,100,62,mle,1.971735146644929,1.9210616253567883,True,False,34,234.69776395409613,212.76980311552958,78,0.003009978000022784,CONVERGENCE: NORM OF PROJECTED GRADIENT <= PGTOL
1.9,2.0,0.0,100,62,qlog,2.1799999999999997,0.07510239730065955,True,False,34,234.69776395409613,211.14810860210798,0,0.010192461999963598,barrido q-log; q por deviance de bins
1.9,2.0,0.0,100,62,cdf,1.8012136679802047,1.240669713534062,True,False,34,234.69776395409613,0.0005670459270811638,108,0.013472257999978865,CONVERGENCE: NORM OF PROJECTED GRADIENT <= PGTOL
1.9,2.0,0.0,100,63,pdf,1.9187716356570488,2.3812496890114607,True,False,37,19.839820821013742,39.22796711109864,90,0.017734608999944612,CONVERGENCE: RELATIVE REDUCTION OF F <= FACTR*EPSMCH
1.9,2.0,0.0,100,63,mle,1.853626434644428,2.0592027251995866,True,False,37,19.839820821013742,180.92420151075243,84,0.021384339999940494,CONVERGENCE: NORM OF PROJECTED GRADIENT <= PGTOL
1.9,2.0,0.0,100,63,qlog,1.88,0.5481458442502738,True,False,37,19.839820821013742,66.1490967349201,0,0.017405421999910686,barrido q-log; q por deviance de bins
1.9,2.0,0.0,100,63,cdf,1.8315203047924038,1.9334498870888748,True,False,37,19.839820821013742,0.0005782025824502177,63,0.0077585640000279454,CONVERGENCE: NORM OF PROJECTED GRADIENT <= PGTOL
1.9,2.0,0.0,100,64,pdf,2.0540574413663153,2.3734597213711464,True,False,31,69.66060250285938,62.44452697712955,93,0.016508366000039132,CONVERGENCE: RELATIVE REDUCTION OF F <= FACTR*EPSMCH
1.9,2.0,0.0,100,64,mle,2.009722140443324,2.1074705801219156,True,False,31,69.66060250285938,218.56446129815706,99,0.014846275000081732,CONVERGENCE: NORM OF PROJECTED GRADIENT <= PGTOL
1.9,2.0,0.0,100,64,qlog,1.96,0.2300539467282147,True,False,31,69.66060250285938,112.56478551724157,0,0.012127645999953529,barrido q-log; q por deviance de bins
1.9,2.0,0.0,100,64,cdf,2.0352359543936154,2.1724641992519222,True,False,31,69.66060250285938,0.0008964237906104516,87,0.00998382699992817,CONVERGENCE: NORM OF PROJECTED GRADIENT <= PGTOL
1.9,2.0,0.0,100,65,pdf,1.9654051792980707,1.5357161380425108,True,False,36,126.11496311263411,41.974476494040864,84,0.02958335999994688,CONVERGENCE: NORM OF PROJECTED GRADIENT <= PGTOL
1.9,2.0,0.0,100,65,mle,1.9588457408224842,1.5587327942836589,True,False,36,126.11496311263411,219.83969844591047,84,0.0035346219999610184,CONVERGENCE: RELATIVE REDUCTION OF F <= FACTR*EPSMCH
1.9,2.0,0.0,100,65,qlog,2.0,0.17363002174757808,True,False,36,126.11496311263411,106.9178380150926,0,0.010357791999922483,barrido q-log; q por deviance de bins
1.9,2.0,0.0,100,65,cdf,1.8617071232526679,1.195020636015743,True,False,36,126.11496311263411,0.0003475522173088572,120,0.013296332999971128,CONVERGENCE: NORM OF PROJECTED GRADIENT <= PGTOL
1.9,2.0,0.0,100,66,pdf,2.0931289957654804,2.3847582710490367,True,False,31,17.948438846017567,47.17032237829069,78,0.013743888000021798,CONVERGENCE: NORM OF PROJECTED GRADIENT <= PGTOL
1.9,2.0,0.0,100,66,mle,1.9186075186698348,1.562809084291828,True,False,31,17.948438846017567,209.62853740429932,84,0.003706781999994746,CONVERGENCE: NORM OF PROJECTED GRADIENT <= PGTOL
1.9,2.0,0.0,100,66,qlog,1.7200000000000002,0.13363556184914013,True,False,31,17.948438846017567,102.27908770016114,0,0.014881698999943183,barrido q-log; q por deviance de bins
1.9,2.0,0.0,100,66,cdf,2.0282803820418263,2.1898280333761635,True,False,31,17.948438846017567,0.000444675903265824,84,0.009981252999978096,CONVERGENCE: NORM OF PROJECTED GRADIENT <= PGTOL
1.9,2.0,0.0,100,67,pdf,1.921359691193017,1.8967898313383917,True,False,33,119.25029183772615,48.25976442602636,93,0.03393263099997057,CONVERGENCE: RELATIVE REDUCTION OF F <= FACTR*EPSMCH
1.9,2.0,0.0,100,67,mle,1.9112020049616447,1.7957790383324495,True,False,33,119.25029183772615,200.8995216617442,96,0.004857070000070962,CONVERGENCE: NORM OF PROJECTED GRADIENT <= PGTOL
1.9,2.0,0.0,100,67,qlog,1.98,0.1910991490695724,True,False,33,119.25029183772615,120.87374285085166,0,0.011043227999948613,barrido q-log; q por deviance de bins
1.9,2.0,0.0,100,67,cdf,1.9846072165522004,2.1694290667383487,True,False,33,119.25029183772615,0.0010198307866301432,93,0.018521687999964342,CONVERGENCE: NORM OF PROJECTED GRADIENT <= PGTOL
1.9,2.0,0.0,100,68,pdf,1.8971078863234692,2.0117862196382754,True,False,37,13.320422291415973,44.951130814776036,90,0.015196062999962123,CONVERGENCE: NORM OF PROJECTED GRADIENT <= PGTOL
1.9,2.0,0.0,100,68,mle,1.7839999913726408,1.5823620352329335,True,False,37,13.320422291415973,179.7409548085286,84,0.002873571999998603,CONVERGENCE: NORM OF PROJECTED GRADIENT <= PGTOL
1.9,2.0,0.0,100,68,qlog,1.6,0.29896256230346835,True,False,37,13.320422291415973,71.86836208448582,0,0.012267207000036251,barrido q-log; q por deviance de bins
1.9,2.0,0.0,100,68,cdf,1.8925744263728466,2.0172785945040395,True,False,37,13.320422291415973,0.0016046335149183736,66,0.021326367000028768,CONVERGENCE: NORM OF PROJECTED GRADIENT <= PGTOL
1.9,2.0,0.0,100,69,pdf,2.0924351935971517,5.2373112276073615,True,False,31,18.785104656016422,50.02797702871964,96,0.014599481999994168,CONVERGENCE: NORM OF PROJECTED GRADIENT <= PGTOL
1.9,2.0,0.0,100,69,mle,1.987770366566946,4.394983641877733,True,False,31,18.785104656016422,175.70470923953246,84,0.0029962780000687417,CONVERGENCE: NORM OF PROJECTED GRADIENT <= PGTOL
1.9,2.0,0.0,100,69,qlog,1.94,0.2738367428393871,True,False,31,18.785104656016422,125.76119969225635,0,0.01233133400000952,barrido q-log; q por deviance de bins
1.9,2.0,0.0,100,69,cdf,2.0263272109856665,4.931623403585076,True,False,31,18.785104656016422,0.0003490929995736234,105,0.011096978000068702,CONVERGENCE: NORM OF PROJECTED GRADIENT <= PGTOL
1.9,2.0,0.0,100,70,pdf,2.0417869013574927,1.8659839964957627,True,False,33,11.266476822894095,40.648067304594136,84,0.014455685000029916,CONVERGENCE: NORM OF PROJECTED GRADIENT <= PGTOL
1.9,2.0,0.0,100,70,mle,1.8337184207967818,1.278786357595272,True,False,33,11.266476822894095,200.48034633190852,84,0.003592307999952027,CONVERGENCE: NORM OF PROJECTED GRADIENT <= PGTOL
1.9,2.0,0.0,100,70,qlog,1.62,0.15811150878528782,True,False,33,11.266476822894095,80.69960748727758,0,0.015005404000021372,barrido q-log; q por deviance de bins
1.9,2.0,0.0,100,70,cdf,1.9358687269779895,1.6996919532305876,True,False,33,11.266476822894095,0.00019179414487460855,93,0.025555512999972052,CONVERGENCE: NORM OF PROJECTED GRADIENT <= PGTOL
1.9,2.0,0.0,100,71,pdf,1.8500718713949553,1.5901613967738262,True,False,33,20.650259565259105,46.25569401631679,93,0.014782448000005388,CONVERGENCE: NORM OF PROJECTED GRADIENT <= PGTOL
1.9,2.0,0.0,100,71,mle,1.803090989677113,1.4717252744588039,True,False,33,20.650259565259105,187.14809410829082,84,0.002809234999972432,CONVERGENCE: NORM OF PROJECTED GRADIENT <= PGTOL
1.9,2.0,0.0,100,71,qlog,1.76,0.269844593921575,True,False,33,20.650259565259105,85.81052197240375,0,0.01246802100001787,barrido q-log; q por deviance de bins
1.9,2.0,0.0,100,71,cdf,1.7089714577762323,1.1834028527084512,True,False,33,20.650259565259105,0.00034228012249764553,108,0.010927002000016728,CONVERGENCE: NORM OF PROJECTED GRADIENT <= PGTOL
1.9,2.0,0.0,100,72,pdf,2.090130658578229,2.8566213124154896,True,False,33,62.50669035516815,57.99105509434801,84,0.013365687000032267,CONVERGENCE: NORM OF PROJECTED GRADIENT <= PGTOL
1.9,2.0,0.0,100,72,mle,2.0263139834002812,2.514383069770583,True,False,33,62.50669035516815,214.52166081921575,87,0.002699839999991127,CONVERGENCE: RELATIVE REDUCTION OF F <= FACTR*EPSMCH
1.9,2.0,0.0,100,72,qlog,2.02,0.030383718652878193,True,False,33,62.50669035516815,247.58713299341363,0,0.006289823999964028,barrido q-log; q por deviance de bins
1.9,2.0,0.0,100,72,cdf,2.0930489926422196,3.2537588892426568,True,False,33,62.50669035516815,0.0016594484583633562,96,0.01823133000004873,CONVERGENCE: NORM OF PROJECTED GRADIENT <= PGTOL
1.9,2.0,0.0,100,73,pdf,1.923166028440971,2.477231597170561,True,False,27,159.88661282399335,57.1453607384893,105,0.02254442800006018,CONVERGENCE: NORM OF PROJECTED GRADIENT <= PGTOL
1.9,2.0,0.0,100,73,mle,1.9373778994118063,2.624730012607682,True,False,27,159.88661282399335,188.31991607430786,78,0.0033010480000257303,CONVERGENCE: NORM OF PROJECTED GRADIENT <= PGTOL
1.9,2.0,0.0,100,73,qlog,2.0,0.1536753778050191,True,False,27,159.88661282399335,164.81930219578948,0,0.009962724999923012,barrido q-log; q por deviance de bins
1.9,2.0,0.0,100,73,cdf,1.880246769758437,2.2402937744016787,True,False,27,159.88661282399335,0.0005727568606703827,84,0.014392187999987982,CONVERGENCE: NORM OF PROJECTED GRADIENT <= PGTOL
1.9,2.0,0.0,100,74,pdf,1.9570318220690812,2.453858904595436,True,False,40,3.5675470482195837,51.35584062670525,78,0.01415014200006226,CONVERGENCE: NORM OF PROJECTED GRADIENT <= PGTOL
1.9,2.0,0.0,100,74,mle,1.5993925556604003,1.4626641393315913,True,False,40,3.5675470482195837,152.0512717035815,84,0.0031018680000443055,CONVERGENCE: NORM OF PROJECTED GRADIENT <= PGTOL
1.9,2.0,0.0,100,74,qlog,1.38,0.34506961843905143,True,False,40,3.5675470482195837,73.03984340464366,0,0.03307771499999035,barrido q-log; q por deviance de bins
1.9,2.0,0.0,100,74,cdf,1.737026284022609,1.9486191253894503,True,False,40,3.5675470482195837,0.0012841146092839727,66,0.008627707999949052,CONVERGENCE: NORM OF PROJECTED GRADIENT <= PGTOL
1.9,2.0,0.0,100,75,pdf,2.239635174173331,5.032193194125449,True,False,31,11.86368285068399,54.22194769114718,96,0.01893312100003186,CONVERGENCE: RELATIVE REDUCTION OF F <= FACTR*EPSMCH
1.9,2.0,0.0,100,75,mle,1.9554370684294926,2.3462566450271902,True,False,31,11.86368285068399,198.5110337031319,87,0.006101159999957417,CONVERGENCE: NORM OF PROJECTED GRADIENT <= PGTOL
1.9,2.0,0.0,100,75,qlog,1.6800000000000002,0.17037193928276959,True,False,31,11.86368285068399,107.11738369779808,0,0.017762842000024648,barrido q-log; q por deviance de bins
1.9,2.0,0.0,100,75,cdf,2.0686095134794,3.2395755275353286,True,False,31,11.86368285068399,0.0008389345647431886,99,0.011178201999996418,CONVERGENCE: NORM OF PROJECTED GRADIENT <= PGTOL
1.9,2.0,0.0,100,76,pdf,1.8651024330278192,1.4061361037072595,True,False,32,17.330971475860874,57.182260386378935,93,0.03843841499997325,CONVERGENCE: RELATIVE REDUCTION OF F <= FACTR*EPSMCH
1.9,2.0,0.0,100,76,mle,1.8001432056430822,1.251341241431127,True,False,32,17.330971475860874,194.6677280183082,90,0.003872211999919273,CONVERGENCE: NORM OF PROJECTED GRADIENT <= PGTOL
1.9,2.0,0.0,100,76,qlog,1.7000000000000002,0.23286403375872822,True,False,32,17.330971475860874,90.92991497500687,0,0.013190202000032514,barrido q-log; q por deviance de bins
1.9,2.0,0.0,100,76,cdf,1.7975842318039263,1.1674122922945462,True,False,32,17.330971475860874,0.0018682481510341957,114,0.012782464999986587,CONVERGENCE: NORM OF PROJECTED GRADIENT <= PGTOL
1.9,2.0,0.0,100,77,pdf,1.8054022369269465,2.153438028565589,True,False,34,18.366133613465205,58.902710407577864,93,0.02406762999999046,CONVERGENCE: NORM OF PROJECTED GRADIENT <= PGTOL
1.9,2.0,0.0,100,77,mle,1.784210639134192,2.074533448560066,True,False,34,18.366133613465205,166.24122866631316,87,0.003773462000026484,CONVERGENCE: NORM OF PROJECTED GRADIENT <= PGTOL
1.9,2.0,0.0,100,77,qlog,1.7000000000000002,0.4016758031577098,True,False,34,18.366133613465205,92.62457935461107,0,0.017259942000009687,barrido q-log; q por deviance de bins
1.9,2.0,0.0,100,77,cdf,1.9923272254576114,3.653352715421476,True,False,34,18.366133613465205,0.0018668609220841182,102,0.029890202000046884,CONVERGENCE: NORM OF PROJECTED GRADIENT <= PGTOL
1.9,2.0,0.0,100,78,pdf,2.1351206098681916,3.940040041981825,True,False,36,6.512683184254052,47.60484131567024,96,0.017152649999957248,CONVERGENCE: RELATIVE REDUCTION OF F <= FACTR*EPSMCH
1.9,2.0,0.0,100,78,mle,1.808719256980038,1.9884799825785402,True,False,36,6.512683184254052,173.2378451638114,87,0.0038458109999055523,CONVERGENCE: NORM OF PROJECTED GRADIENT <= PGTOL
1.9,2.0,0.0,100,78,qlog,1.7200000000000002,0.36278508075121213,True,False,36,6.512683184254052,76.66504159312122,0,0.015311487999952078,barrido q-log; q por deviance de bins
1.9,2.0,0.0,100,78,cdf,2.0070789230464334,3.585890595293223,True,False,36,6.512683184254052,0.0006256610575700848,99,0.01132848899999317,CONVERGENCE: NORM OF PROJECTED GRADIENT <= PGTOL
1.9,2.0,0.0,100,79,pdf,2.098243352797824,4.966694049813388,True,False,37,22.149201876295994,69.04288665011809,93,0.017003574999989723,CONVERGENCE: NORM OF PROJECTED GRADIENT <= PGTOL
1.9,2.0,0.0,100,79,mle,1.9750595842477516,3.637671603236247,True,False,37,22.149201876295994,181.73087325595748,84,0.0034891130000005433,CONVERGENCE: NORM OF PROJECTED GRADIENT <= PGTOL
1.9,2.0,0.0,100,79,qlog,1.92,0.30765186568459923,True,False,37,22.149201876295994,131.12876548588977,0,0.035647573999995075,barrido q-log; q por deviance de bins
1.9,2.0,0.0,100,79,cdf,1.9967591874462827,3.5577080088403945,True,False,37,22.149201876295994,0.001876549966349071,99,0.011698948000002929,CONVERGENCE: NORM OF PROJECTED GRADIENT <= PGTOL
1.9,2.0,0.0,100,80,pdf,2.055498315935523,3.654107297406119,True,False,34,111.05190576368211,73.41432642673357,90,0.015865135000012742,CONVERGENCE: NORM OF PROJECTED GRADIENT <= PGTOL
1.9,2.0,0.0,100,80,mle,2.0268507442611363,3.4487172875133973,True,False,34,111.05190576368211,198.88018254588283,84,0.004008146999922246,CONVERGENCE: NORM OF PROJECTED GRADIENT <= PGTOL
1.9,2.0,0.0,100,80,qlog,2.06,0.08265560528244313,True,False,34,111.05190576368211,228.15913813843034,0,0.009565194000060728,barrido q-log; q por deviance de bins
1.9,2.0,0.0,100,80,cdf,1.9696116864518152,2.6549487266992884,True,False,34,111.05190576368211,0.0024357053108308405,78,0.011419736999982888,CONVERGENCE: NORM OF PROJECTED GRADIENT <= PGTOL
1.9,2.0,0.0,100,81,pdf,1.9126126847052043,1.752920606129031,True,False,38,12.320464446738685,41.23045948304738,84,0.014812684000048648,CONVERGENCE: NORM OF PROJECTED GRADIENT <= PGTOL
1.9,2.0,0.0,100,81,mle,1.7913530822824941,1.4224026921500579,True,False,38,12.320464446738685,186.51356026155122,78,0.0033340980000957643,CONVERGENCE: NORM OF PROJECTED GRADIENT <= PGTOL
1.9,2.0,0.0,100,81,qlog,1.84,0.2237827785777278,True,False,38,12.320464446738685,90.34621828592944,0,0.029613209999979517,barrido q-log; q por deviance de bins
1.9,2.0,0.0,100,81,cdf,1.8263370919330342,1.5489875232168693,True,False,38,12.320464446738685,0.0001326006770544417,99,0.011887564000062412,CONVERGENCE: NORM OF PROJECTED GRADIENT <= PGTOL
1.9,2.0,0.0,100,82,pdf,2.0236028084188424,5.162434155875757,True,False,31,14.860611289554406,63.831761711431696,93,0.017250498000066727,CONVERGENCE: RELATIVE REDUCTION OF F <= FACTR*EPSMCH
1.9,2.0,0.0,100,82,mle,1.908201273518376,4.036775956697978,True,False,31,14.860611289554406,159.68364478589237,102,0.00462337600004048,CONVERGENCE: RELATIVE REDUCTION OF F <= FACTR*EPSMCH
1.9,2.0,0.0,100,82,qlog,1.7000000000000002,0.3833848626877505,True,False,31,14.860611289554406,111.02845854876519,0,0.014931203000060123,barrido q-log; q por deviance de bins
1.9,2.0,0.0,100,82,cdf,2.0546977114444447,6.326591705873257,True,False,31,14.860611289554406,0.0010304945153076742,120,0.01414957199995115,CONVERGENCE: NORM OF PROJECTED GRADIENT <= PGTOL
1.9,2.0,0.0,100,83,pdf,2.0281495900649578,3.9679094801877928,True,False,32,214.95831363540864,52.12510199062858,99,0.03640405099997679,CONVERGENCE: RELATIVE REDUCTION OF F <= FACTR*EPSMCH
1.9,2.0,0.0,100,83,mle,2.020924415440614,3.9163323974988273,True,False,32,214.95831363540864,190.79513231791432,84,0.00426519500001632,CONVERGENCE: RELATIVE REDUCTION OF F <= FACTR*EPSMCH
1.9,2.0,0.0,100,83,qlog,2.1,0.4011965186025763,True,False,32,214.95831363540864,121.21962326538471,0,0.010133262999943327,barrido q-log; q por deviance de bins
1.9,2.0,0.0,100,83,cdf,1.959388001576145,3.043717280626407,True,False,32,214.95831363540864,0.0016164580036724266,90,0.010720440999989478,CONVERGENCE: NORM OF PROJECTED GRADIENT <= PGTOL
1.9,2.0,0.0,100,84,pdf,2.1618765730344016,3.1808996479831957,True,False,33,32.46230753639299,47.104425180124764,87,0.016332680000004984,CONVERGENCE: NORM OF PROJECTED GRADIENT <= PGTOL
1.9,2.0,0.0,100,84,mle,2.0125725050609113,2.07406199421754,True,False,33,32.46230753639299,220.17495706952207,75,0.0033971940000583345,CONVERGENCE: NORM OF PROJECTED GRADIENT <= PGTOL
1.9,2.0,0.0,100,84,qlog,1.92,0.28095572076403036,True,False,33,32.46230753639299,81.70206021157489,0,0.015882349999969847,barrido q-log; q por deviance de bins
1.9,2.0,0.0,100,84,cdf,2.1076442195539453,2.8005861615269567,True,False,33,32.46230753639299,0.0004983437186728689,102,0.03231229899995469,CONVERGENCE: NORM OF PROJECTED GRADIENT <= PGTOL
1.9,2.0,0.0,100,85,pdf,2.0157853924772233,2.4552934762601075,True,False,32,88.11780160649973,36.733254488420165,135,0.02335499200000868,CONVERGENCE: NORM OF PROJECTED GRADIENT <= PGTOL
1.9,2.0,0.0,100,85,mle,1.979647694741636,2.2646843685706637,True,False,32,88.11780160649973,206.6553881241032,78,0.0035009000000627566,CONVERGENCE: NORM OF PROJECTED GRADIENT <= PGTOL
1.9,2.0,0.0,100,85,qlog,2.02,0.27067256909959775,True,False,32,88.11780160649973,95.53744451660734,0,0.011330161000046246,barrido q-log; q por deviance de bins
1.9,2.0,0.0,100,85,cdf,1.9464531698248224,2.0579737186704947,True,False,32,88.11780160649973,0.0002802910959583308,66,0.007910913999921831,CONVERGENCE: NORM OF PROJECTED GRADIENT <= PGTOL
1.9,2.0,0.0,100,86,pdf,1.8550943546173952,1.1696318406961848,True,False,39,35.614679450710355,44.267531811271205,96,0.01785720499992749,CONVERGENCE: RELATIVE REDUCTION OF F <= FACTR*EPSMCH
1.9,2.0,0.0,100,86,mle,1.8217301846865348,1.0990597917491756,True,False,39,35.614679450710355,205.54903519006115,90,0.003911179999931846,CONVERGENCE: NORM OF PROJECTED GRADIENT <= PGTOL
1.9,2.0,0.0,100,86,qlog,1.84,0.27748764958971245,True,False,39,35.614679450710355,73.82698260345528,0,0.0331626930000084,barrido q-log; q por deviance de bins
1.9,2.0,0.0,100,86,cdf,1.8710121592946727,1.194364662559339,True,False,39,35.614679450710355,0.0018537668551456027,111,0.01316727699997955,CONVERGENCE: NORM OF PROJECTED GRADIENT <= PGTOL
1.9,2.0,0.0,100,87,pdf,2.0065841722847635,1.8042765937574547,True,False,32,12.129331210318583,46.580339795357744,84,0.01651294299995243,CONVERGENCE: NORM OF PROJECTED GRADIENT <= PGTOL
1.9,2.0,0.0,100,87,mle,1.8278813651172392,1.2967645999795663,True,False,32,12.129331210318583,198.5571791354298,87,0.004155688999958329,CONVERGENCE: NORM OF PROJECTED GRADIENT <= PGTOL
1.9,2.0,0.0,100,87,qlog,1.62,0.17687750255553472,True,False,32,12.129331210318583,84.0870362037848,0,0.014920255999982146,barrido q-log; q por deviance de bins
1.9,2.0,0.0,100,87,cdf,1.910541987307004,1.620391624771156,True,False,32,12.129331210318583,0.00017459761170653953,90,0.011191061999966223,CONVERGENCE: NORM OF PROJECTED GRADIENT <= PGTOL
1.9,2.0,0.0,100,88,pdf,2.005099852998599,3.4964117998770137,True,False,33,20.310936554167995,50.00747238439477,87,0.030156948000012562,CONVERGENCE: RELATIVE REDUCTION OF F <= FACTR*EPSMCH
1.9,2.0,0.0,100,88,mle,1.9186950688940645,2.878663546401666,True,False,33,20.310936554167995,179.10767767317415,78,0.003810729000065294,CONVERGENCE: NORM OF PROJECTED GRADIENT <= PGTOL
1.9,2.0,0.0,100,88,qlog,1.82,0.3335798555900289,True,False,33,20.310936554167995,97.55311705416315,0,0.015540796999971462,barrido q-log; q por deviance de bins
1.9,2.0,0.0,100,88,cdf,1.983844213205207,3.4142490614467773,True,False,33,20.310936554167995,0.0005707979815951034,93,0.010420719999956418,CONVERGENCE: NORM OF PROJECTED GRADIENT <= PGTOL
1.9,2.0,0.0,100,89,pdf,2.0608246670632266,3.7995361091050412,True,False,33,10.080279046623348,41.95785119100755,87,0.015786557999945217,CONVERGENCE: NORM OF PROJECTED GRADIENT <= PGTOL
1.9,2.0,0.0,100,89,mle,1.8870616231587147,2.783490289819719,True,False,33,10.080279046623348,173.3296209460652,84,0.003907174999994822,CONVERGENCE: NORM OF PROJECTED GRADIENT <= PGTOL
1.9,2.0,0.0,100,89,qlog,1.74,0.31733876846139636,True,False,33,10.080279046623348,86.63927713916038,0,0.014807018000055905,barrido q-log; q por deviance de bins
1.9,2.0,0.0,100,89,cdf,1.9508312504257497,3.235831279439883,True,False,33,10.080279046623348,0.0009104810216852471,96,0.009501330000034613,CONVERGENCE: NORM OF PROJECTED GRADIENT <= PGTOL
1.9,2.0,0.0,100,90,pdf,1.9575995263628765,2.2524912870335,True,False,32,27.922452425225327,56.820013023831265,78,0.025070369999980358,CONVERGENCE: NORM OF PROJECTED GRADIENT <= PGTOL
1.9,2.0,0.0,100,90,mle,1.897721019301053,1.9667899389341996,True,False,32,27.922452425225327,193.16464489155265,81,0.004308711000021503,CONVERGENCE: NORM OF PROJECTED GRADIENT <= PGTOL
1.9,2.0,0.0,100,90,qlog,2.0,0.22674109760065342,True,False,32,27.922452425225327,126.24894602831938,0,0.018763709000040762,barrido q-log; q por deviance de bins
1.9,2.0,0.0,100,90,cdf,1.8535070538956155,1.7074398961082407,True,False,32,27.922452425225327,0.0011905541833208105,87,0.010241237999935038,CONVERGENCE: NORM OF PROJECTED GRADIENT <= PGTOL
1.9,2.0,0.0,100,91,pdf,1.9461575407346159,2.3257688944234896,True,False,36,50.32758229592842,61.85008301333626,96,0.017907514000057745,CONVERGENCE: RELATIVE REDUCTION OF F <= FACTR*EPSMCH
1.9,2.0,0.0,100,91,mle,1.892954108422562,1.9833454962488495,True,False,36,50.32758229592842,191.63562864906046,87,0.004791330999978527,CONVERGENCE: NORM OF PROJECTED GRADIENT <= PGTOL
1.9,2.0,0.0,100,91,qlog,1.8599999999999999,0.22607060333102721,True,False,36,50.32758229592842,122.45132365003384,0,0.010642795000080696,barrido q-log; q por deviance de bins
1.9,2.0,0.0,100,91,cdf,1.901484177524556,1.9879679940225559,True,False,36,50.32758229592842,0.0006793002797664728,45,0.005401493000022128,CONVERGENCE: NORM OF PROJECTED GRADIENT <= PGTOL
1.9,2.0,0.0,100,92,pdf,1.8643665915763779,1.5200837938266305,True,False,32,32.37442711087048,62.55548903213747,90,0.034542866000037975,CONVERGENCE: NORM OF PROJECTED GRADIENT <= PGTOL
1.9,2.0,0.0,100,92,mle,1.8319164014127662,1.4586949471927648,True,False,32,32.37442711087048,193.51939258602164,87,0.004684751000013421,CONVERGENCE: NORM OF PROJECTED GRADIENT <= PGTOL
1.9,2.0,0.0,100,92,qlog,1.88,0.10441804155984696,True,False,32,32.37442711087048,160.07767465099522,0,0.013155682000046909,barrido q-log; q por deviance de bins
1.9,2.0,0.0,100,92,cdf,1.7836425621881857,1.2755498481286125,True,False,32,32.37442711087048,0.0005000565549523,99,0.01137273799997729,CONVERGENCE: NORM OF PROJECTED GRADIENT <= PGTOL
1.9,2.0,0.0,100,93,pdf,1.7412877745386228,1.5901703100823055,True,False,40,18.381441389943834,51.7204824328164,90,0.01891242199997123,CONVERGENCE: NORM OF PROJECTED GRADIENT <= PGTOL
1.9,2.0,0.0,100,93,mle,1.7321595331557402,1.5731447077727578,True,False,40,18.381441389943834,170.29136519992784,81,0.004891932999953497,CONVERGENCE: NORM OF PROJECTED GRADIENT <= PGTOL
1.9,2.0,0.0,100,93,qlog,1.74,0.3852039294667739,True,False,40,18.381441389943834,85.95491691069087,0,0.015086229999951684,barrido q-log; q por deviance de bins
1.9,2.0,0.0,100,93,cdf,1.5348268615438172,1.0415902820329832,True,False,40,18.381441389943834,0.0008976743753751449,123,0.04881468499991115,CONVERGENCE: NORM OF PROJECTED GRADIENT <= PGTOL
1.9,2.0,0.0,100,94,pdf,1.8185476091293729,1.5479246651919745,True,False,37,18.34511907841862,60.15920877778537,111,0.02844952700002068,CONVERGENCE: NORM OF PROJECTED GRADIENT <= PGTOL
1.9,2.0,0.0,100,94,mle,1.7631291548938497,1.388663231312917,True,False,37,18.34511907841862,182.25726912305592,87,0.0038488769999958095,CONVERGENCE: NORM OF PROJECTED GRADIENT <= PGTOL
1.9,2.0,0.0,100,94,qlog,1.7000000000000002,0.3473171192998567,True,False,37,18.34511907841862,85.43829514952807,0,0.014342626000029668,barrido q-log; q por deviance de bins
1.9,2.0,0.0,100,94,cdf,1.862628847942884,1.781147996659961,True,False,37,18.34511907841862,0.0004076666189410687,90,0.010580259999983355,CONVERGENCE: NORM OF PROJECTED GRADIENT <= PGTOL
1.9,2.0,0.0,100,95,pdf,2.0264407520518026,2.1221509459823373,True,False,35,61.52600966665955,64.53495285239876,84,0.02993130499999097,CONVERGENCE: NORM OF PROJECTED GRADIENT <= PGTOL
1.9,2.0,0.0,100,95,mle,1.99306640910926,2.0112613617615556,True,False,35,61.52600966665955,216.24201841974042,72,0.0030495590000327866,CONVERGENCE: NORM OF PROJECTED GRADIENT <= PGTOL
1.9,2.0,0.0,100,95,qlog,1.94,0.0626748370054562,True,False,35,61.52600966665955,191.85276002641734,0,0.009967483999957949,barrido q-log; q por deviance de bins
1.9,2.0,0.0,100,95,cdf,2.008647228310272,1.9222436196189403,True,False,35,61.52600966665955,0.003907314678192416,66,0.007858016000000134,CONVERGENCE: NORM OF PROJECTED GRADIENT <= PGTOL
1.9,2.0,0.0,100,96,pdf,1.9746176905626618,2.197316774503564,True,False,40,28.58872102940734,40.66180233119854,90,0.01592318999996678,CONVERGENCE: NORM OF PROJECTED GRADIENT <= PGTOL
1.9,2.0,0.0,100,96,mle,1.8914106615911443,1.7944199352428076,True,False,40,28.58872102940734,196.28328705238317,81,0.002899412000033408,CONVERGENCE: NORM OF PROJECTED GRADIENT <= PGTOL
1.9,2.0,0.0,100,96,qlog,1.8599999999999999,0.29961774433385213,True,False,40,28.58872102940734,81.85800054797109,0,0.011702345999992758,barrido q-log; q por deviance de bins
1.9,2.0,0.0,100,96,cdf,1.9319025750355097,1.861903548311157,True,False,40,28.58872102940734,0.0029110227384827937,90,0.013876941999910741,CONVERGENCE: NORM OF PROJECTED GRADIENT <= PGTOL
1.9,2.0,0.0,100,97,pdf,2.04160151562167,1.906991237130079,True,False,38,23.171432393251603,37.08493028456574,99,0.034080616999972335,CONVERGENCE: RELATIVE REDUCTION OF F <= FACTR*EPSMCH
1.9,2.0,0.0,100,97,mle,1.9233033107366613,1.4712983921880496,True,False,38,23.171432393251603,213.786588576812,78,0.002956238000024314,CONVERGENCE: NORM OF PROJECTED GRADIENT <= PGTOL
1.9,2.0,0.0,100,97,qlog,1.88,0.14429667140466731,True,False,38,23.171432393251603,96.93476003499931,0,0.013001870000039162,barrido q-log; q por deviance de bins
1.9,2.0,0.0,100,97,cdf,1.9628118687635978,1.6097109030865209,True,False,38,23.171432393251603,0.00076338840716888,90,0.011635316000024432,CONVERGENCE: NORM OF PROJECTED GRADIENT <= PGTOL
1.9,2.0,0.0,100,98,pdf,1.817666874029805,2.365319682502174,True,False,35,49.94416412025902,48.53655928692272,105,0.015889484000013,CONVERGENCE: NORM OF PROJECTED GRADIENT <= PGTOL
1.9,2.0,0.0,100,98,mle,1.8233008910702357,2.3960349560984757,True,False,35,49.94416412025902,166.9064680860405,93,0.003079774999946494,CONVERGENCE: RELATIVE REDUCTION OF F <= FACTR*EPSMCH
1.9,2.0,0.0,100,98,qlog,1.92,0.5207396265734756,True,False,35,49.94416412025902,93.838800023332,0,0.01026372100000117,barrido q-log; q por deviance de bins
1.9,2.0,0.0,100,98,cdf,1.715374746905515,1.8567602389165963,True,False,35,49.94416412025902,0.0007127251627941865,87,0.007975233000024673,CONVERGENCE: NORM OF PROJECTED GRADIENT <= PGTOL
1.9,2.0,0.0,100,99,pdf,1.9785463976171043,2.106334125924148,True,False,29,24.416616651753987,52.84315486157878,87,0.02738072199997532,CONVERGENCE: NORM OF PROJECTED GRADIENT <= PGTOL
1.9,2.0,0.0,100,99,mle,1.9011010327784656,1.8023624451155176,True,False,29,24.416616651753987,198.32215020849242,87,0.00307411599999341,CONVERGENCE: NORM OF PROJECTED GRADIENT <= PGTOL
1.9,2.0,0.0,100,99,qlog,1.96,0.2169875549034844,True,False,29,24.416616651753987,112.04958494575445,0,0.012061819999985346,barrido q-log; q por deviance de bins
1.9,2.0,0.0,100,99,cdf,2.017765091579898,2.226024122275601,True,False,29,24.416616651753987,0.004200165934383066,93,0.00932022599999982,CONVERGENCE: NORM OF PROJECTED GRADIENT <= PGTOL
1.9,2.0,0.0,2000,0,pdf,1.9093114467071803,1.9611839094419639,True,False,50,115.07434697914113,36.269961215561786,105,0.01740830999995069,CONVERGENCE: RELATIVE REDUCTION OF F <= FACTR*EPSMCH
1.9,2.0,0.0,2000,0,mle,1.8951135183641965,1.8937793927890103,True,False,50,115.07434697914113,3888.95711550774,84,0.006644030999950701,CONVERGENCE: RELATIVE REDUCTION OF F <= FACTR*EPSMCH
1.9,2.0,0.0,2000,0,qlog,1.92,1.6003771030318468,True,False,50,115.07434697914113,51.52158839515943,0,0.016358092000018587,barrido q-log; q por deviance de bins
1.9,2.0,0.0,2000,0,cdf,1.9051797121266902,1.9427932259164957,True,False,50,115.07434697914113,6.369579221603452e-05,66,0.03935032599997612,CONVERGENCE: NORM OF PROJECTED GRADIENT <= PGTOL
1.9,2.0,0.0,2000,1,pdf,1.8699873104614129,1.8555782475966898,True,False,48,3652.775264058559,62.07273077217642,102,0.016225732000066273,CONVERGENCE: RELATIVE REDUCTION OF F <= FACTR*EPSMCH
1.9,2.0,0.0,2000,1,mle,1.8634848741037386,1.8123819126393292,True,False,48,3652.775264058559,3789.404651226698,90,0.004632171000025664,CONVERGENCE: RELATIVE REDUCTION OF F <= FACTR*EPSMCH
1.9,2.0,0.0,2000,1,qlog,1.98,1.3836633154595688,True,False,48,3652.775264058559,179.26897545410665,0,0.009971329999984846,barrido q-log; q por deviance de bins
1.9,2.0,0.0,2000,1,cdf,1.8475889732714967,1.7077909888724152,True,False,48,3652.775264058559,0.0004392867123956124,90,0.05263233999994554,CONVERGENCE: NORM OF PROJECTED GRADIENT <= PGTOL
1.9,2.0,0.0,2000,2,pdf,1.9210607213936175,2.255543205709751,True,False,50,93.67290778736604,70.04792784766023,114,0.020023582000021634,CONVERGENCE: RELATIVE REDUCTION OF F <= FACTR*EPSMCH
1.9,2.0,0.0,2000,2,mle,1.9055221078634468,2.188035976258782,True,False,50,93.67290778736604,3793.3979972693623,99,0.006220621000011306,CONVERGENCE: NORM OF PROJECTED GRADIENT <= PGTOL
1.9,2.0,0.0,2000,2,qlog,1.92,1.6619543426493586,True,False,50,93.67290778736604,95.47178537077284,0,0.01449110099997597,barrido q-log; q por deviance de bins
1.9,2.0,0.0,2000,2,cdf,1.9142400882998716,2.232887220584099,True,False,50,93.67290778736604,9.257496168507703e-05,87,0.05412553199994363,CONVERGENCE: NORM OF PROJECTED GRADIENT <= PGTOL
1.9,2.0,0.0,2000,3,pdf,1.9062994229208898,2.0560454608650467,True,False,49,173.3791388189395,46.10235863168586,105,0.018504235000023073,CONVERGENCE: RELATIVE REDUCTION OF F <= FACTR*EPSMCH
1.9,2.0,0.0,2000,3,mle,1.8994732946745845,2.03473808074574,True,False,49,173.3791388189395,3837.5321377786695,99,0.005081819999986692,CONVERGENCE: RELATIVE REDUCTION OF F <= FACTR*EPSMCH
1.9,2.0,0.0,2000,3,qlog,1.92,1.654385693748626,True,False,49,173.3791388189395,64.5016544496371,0,0.013864533999935702,barrido q-log; q por deviance de bins
1.9,2.0,0.0,2000,3,cdf,1.9219624594110676,2.165275999201071,True,False,49,173.3791388189395,3.277688688340261e-05,87,0.0400305489999937,CONVERGENCE: NORM OF PROJECTED GRADIENT <= PGTOL
1.9,2.0,0.0,2000,4,pdf,1.890068013138343,2.083305407379584,True,False,50,838.5842547864428,41.7155147946954,105,0.030868972999996913,CONVERGENCE: RELATIVE REDUCTION OF F <= FACTR*EPSMCH
1.9,2.0,0.0,2000,4,mle,1.8903316511314205,2.094031739931458,True,False,50,838.5842547864428,3766.2688161951096,102,0.004659911999965516,CONVERGENCE: RELATIVE REDUCTION OF F <= FACTR*EPSMCH
1.9,2.0,0.0,2000,4,qlog,1.96,1.6831065623973664,True,False,50,838.5842547864428,96.02133139157561,0,0.010527810000098725,barrido q-log; q por deviance de bins
1.9,2.0,0.0,2000,4,cdf,1.8244367961649455,1.769905370897936,True,False,50,838.5842547864428,2.8931568052111762e-05,87,0.03938593500004117,CONVERGENCE: NORM OF PROJECTED GRADIENT <= PGTOL
1.9,2.0,0.0,2000,5,pdf,1.9165605004722135,1.9538908881700634,True,False,49,141.82246096889332,51.50647823893364,123,0.03776291200006199,CONVERGENCE: RELATIVE REDUCTION OF F <= FACTR*EPSMCH
1.9,2.0,0.0,2000,5,mle,1.9031714658834424,1.8927199972514375,True,False,49,141.82246096889332,3927.276580559169,90,0.004489665000050991,CONVERGENCE: RELATIVE REDUCTION OF F <= FACTR*EPSMCH
1.9,2.0,0.0,2000,5,qlog,1.94,1.558150166121679,True,False,49,141.82246096889332,75.59870468830587,0,0.013778763999994226,barrido q-log; q por deviance de bins
1.9,2.0,0.0,2000,5,cdf,1.9038310900509068,1.8918213070705459,True,False,49,141.82246096889332,9.092381339356407e-05,87,0.04136616799996773,CONVERGENCE: NORM OF PROJECTED GRADIENT <= PGTOL
1.9,2.0,0.0,2000,6,pdf,1.9075683835463493,1.8890453485772938,True,False,48,1798.7726869356136,60.063029712898064,120,0.020769169000004695,CONVERGENCE: RELATIVE REDUCTION OF F <= FACTR*EPSMCH
1.9,2.0,0.0,2000,6,mle,1.909813054081348,1.907288741000129,True,False,48,1798.7726869356136,3951.113871380845,90,0.015026810999984264,CONVERGENCE: RELATIVE REDUCTION OF F <= FACTR*EPSMCH
1.9,2.0,0.0,2000,6,qlog,1.98,1.4061466304526922,True,False,48,1798.7726869356136,136.00955490112932,0,0.012178885999901468,barrido q-log; q por deviance de bins
1.9,2.0,0.0,2000,6,cdf,1.9122564267614197,1.9142849904961339,True,False,48,1798.7726869356136,9.52371592296228e-05,90,0.04253518500001974,CONVERGENCE: NORM OF PROJECTED GRADIENT <= PGTOL
1.9,2.0,0.0,2000,7,pdf,1.8842432424941389,1.8422365850841957,True,False,50,137.10361649680536,51.28693776439925,111,0.019712851999997838,CONVERGENCE: RELATIVE REDUCTION OF F <= FACTR*EPSMCH
1.9,2.0,0.0,2000,7,mle,1.8707680787820085,1.7996023424017136,True,False,50,137.10361649680536,3828.8710359126103,93,0.023168585000007624,CONVERGENCE: RELATIVE REDUCTION OF F <= FACTR*EPSMCH
1.9,2.0,0.0,2000,7,qlog,1.9,1.4829696495497091,True,False,50,137.10361649680536,71.15066565317565,0,0.018216531999996732,barrido q-log; q por deviance de bins
1.9,2.0,0.0,2000,7,cdf,1.8658082576303276,1.770628807850148,True,False,50,137.10361649680536,0.00010529606378917928,87,0.04308370900002956,CONVERGENCE: NORM OF PROJECTED GRADIENT <= PGTOL
1.9,2.0,0.0,2000,8,pdf,1.9160463147100921,2.092689536110935,True,False,49,265.8729517889539,60.74377343682593,156,0.045737243999951716,CONVERGENCE: RELATIVE REDUCTION OF F <= FACTR*EPSMCH
1.9,2.0,0.0,2000,8,mle,1.9076856841139171,2.0453587036682617,True,False,49,265.8729517889539,3871.0939740843,99,0.004598328999918522,CONVERGENCE: RELATIVE REDUCTION OF F <= FACTR*EPSMCH
1.9,2.0,0.0,2000,8,qlog,1.92,1.4561879858901157,True,False,49,265.8729517889539,98.78418691732568,0,0.013885897000022851,barrido q-log; q por deviance de bins
1.9,2.0,0.0,2000,8,cdf,1.9549064245432985,2.3335601329465177,True,False,49,265.8729517889539,0.000220887398683296,87,0.04077305199996317,CONVERGENCE: NORM OF PROJECTED GRADIENT <= PGTOL
1.9,2.0,0.0,2000,9,pdf,1.9128996201968096,2.178185198967289,True,False,48,2804.335730239216,35.980391439159305,96,0.03216303900001094,CONVERGENCE: RELATIVE REDUCTION OF F <= FACTR*EPSMCH
1.9,2.0,0.0,2000,9,mle,1.9056749770930084,2.1446799392394373,True,False,48,2804.335730239216,3814.136128188098,90,0.0049867760000097405,CONVERGENCE: RELATIVE REDUCTION OF F <= FACTR*EPSMCH
1.9,2.0,0.0,2000,9,qlog,1.98,1.626305321017794,True,False,48,2804.335730239216,106.00343505043185,0,0.01109650099999726,barrido q-log; q por deviance de bins
1.9,2.0,0.0,2000,9,cdf,1.9104310243944176,2.1723801609088755,True,False,48,2804.335730239216,1.4093997791385113e-05,90,0.04061939500002154,CONVERGENCE: NORM OF PROJECTED GRADIENT <= PGTOL
1.9,2.0,0.0,2000,10,pdf,1.9068608940814837,2.0634084924296885,True,False,50,109.24754784842888,60.66270709236205,108,0.01702938699997958,CONVERGENCE: RELATIVE REDUCTION OF F <= FACTR*EPSMCH
1.9,2.0,0.0,2000,10,mle,1.8891951185588851,1.973067915477202,True,False,50,109.24754784842888,3820.525924417774,105,0.004118783999956577,CONVERGENCE: RELATIVE REDUCTION OF F <= FACTR*EPSMCH
1.9,2.0,0.0,2000,10,qlog,1.9,1.5201726259845245,True,False,50,109.24754784842888,83.64427069580466,0,0.029649038999991717,barrido q-log; q por deviance de bins
1.9,2.0,0.0,2000,10,cdf,1.9375946413548328,2.2520756461135525,True,False,50,109.24754784842888,0.00013924088889072928,81,0.03848202899996522,CONVERGENCE: NORM OF PROJECTED GRADIENT <= PGTOL
1.9,2.0,0.0,2000,11,pdf,1.9171562084897131,2.1174204178658376,True,False,49,348.9775330021963,50.01917456228424,111,0.01995100299996011,CONVERGENCE: RELATIVE REDUCTION OF F <= FACTR*EPSMCH
1.9,2.0,0.0,2000,11,mle,1.9106159781186673,2.0696835057813727,True,False,49,348.9775330021963,3873.2334611358583,111,0.005532110999979523,CONVERGENCE: RELATIVE REDUCTION OF F <= FACTR*EPSMCH
1.9,2.0,0.0,2000,11,qlog,1.94,1.6671332496283713,True,False,49,348.9775330021963,76.1243502920018,0,0.02856569200002923,barrido q-log; q por deviance de bins
1.9,2.0,0.0,2000,11,cdf,1.911517062757494,2.07367653318967,True,False,49,348.9775330021963,8.015539653629968e-05,48,0.024283681000042634,CONVERGENCE: NORM OF PROJECTED GRADIENT <= PGTOL
1.9,2.0,0.0,2000,12,pdf,1.885374798220536,2.0132366594176676,True,False,50,318.1960726515605,60.13909401665998,108,0.017914144999963355,CONVERGENCE: RELATIVE REDUCTION OF F <= FACTR*EPSMCH
1.9,2.0,0.0,2000,12,mle,1.8795150651746588,1.9717707869188301,True,False,50,318.1960726515605,3776.912595848313,99,0.005227030000014565,CONVERGENCE: RELATIVE REDUCTION OF F <= FACTR*EPSMCH
1.9,2.0,0.0,2000,12,qlog,1.92,1.5405051424454135,True,False,50,318.1960726515605,99.41201276729103,0,0.012290025000083915,barrido q-log; q por deviance de bins
1.9,2.0,0.0,2000,12,cdf,1.857121050287993,1.855543612997676,True,False,50,318.1960726515605,5.1651454369540396e-05,93,0.05926175900003727,CONVERGENCE: NORM OF PROJECTED GRADIENT <= PGTOL
1.9,2.0,0.0,2000,13,pdf,1.8865821319645857,1.7548735477466069,True,False,49,1035.2430069505597,47.59398860438763,102,0.017882797000083883,CONVERGENCE: NORM OF PROJECTED GRADIENT <= PGTOL
1.9,2.0,0.0,2000,13,mle,1.896175773352355,1.8031522033093363,True,False,49,1035.2430069505597,3942.944156337134,96,0.004534524000064266,CONVERGENCE: RELATIVE REDUCTION OF F <= FACTR*EPSMCH
1.9,2.0,0.0,2000,13,qlog,1.94,1.3124656048893626,True,False,49,1035.2430069505597,105.67286917241867,0,0.011997412000027907,barrido q-log; q por deviance de bins
1.9,2.0,0.0,2000,13,cdf,1.9128041821173571,1.8878501575747688,True,False,49,1035.2430069505597,3.0064130133630822e-05,90,0.058390507000012803,CONVERGENCE: NORM OF PROJECTED GRADIENT <= PGTOL
1.9,2.0,0.0,2000,14,pdf,1.879625437944539,1.7754699657932114,True,False,49,908.2006613143286,47.20329372427146,111,0.01945016599995597,CONVERGENCE: RELATIVE REDUCTION OF F <= FACTR*EPSMCH
1.9,2.0,0.0,2000,14,mle,1.8801041115476391,1.7717606394325331,True,False,49,908.2006613143286,3886.5448586005605,84,0.004109781000011026,CONVERGENCE: RELATIVE REDUCTION OF F <= FACTR*EPSMCH
1.9,2.0,0.0,2000,14,qlog,1.96,1.427433115015975,True,False,49,908.2006613143286,111.83627265076403,0,0.011270894999938719,barrido q-log; q por deviance de bins
1.9,2.0,0.0,2000,14,cdf,1.8300583001498165,1.5579755586039048,True,False,49,908.2006613143286,1.856158737320531e-05,99,0.06098435800004154,CONVERGENCE: NORM OF PROJECTED GRADIENT <= PGTOL
1.9,2.0,0.0,2000,15,pdf,1.920711031760629,2.249036923037599,True,False,50,223.3929688190365,62.96907683656786,102,0.01789996299999075,CONVERGENCE: RELATIVE REDUCTION OF F <= FACTR*EPSMCH
1.9,2.0,0.0,2000,15,mle,1.9106537779075268,2.189179078590785,True,False,50,223.3929688190365,3817.2829374422536,99,0.0046598430000130975,CONVERGENCE: NORM OF PROJECTED GRADIENT <= PGTOL
1.9,2.0,0.0,2000,15,qlog,1.96,1.7576297354435622,True,False,50,223.3929688190365,99.7116424329812,0,0.012612622999995438,barrido q-log; q por deviance de bins
1.9,2.0,0.0,2000,15,cdf,1.9240759781052035,2.2713280456716705,True,False,50,223.3929688190365,2.5622955032978532e-05,84,0.056728324999994584,CONVERGENCE: NORM OF PROJECTED GRADIENT <= PGTOL
1.9,2.0,0.0,2000,16,pdf,1.9136153658357282,2.1175000125750527,True,False,50,221.9315370134547,36.11831689670544,105,0.022852027000112685,CONVERGENCE: RELATIVE REDUCTION OF F <= FACTR*EPSMCH
1.9,2.0,0.0,2000,16,mle,1.906116057040011,2.067664415392222,True,False,50,221.9315370134547,3852.79695110807,93,0.00787130599996999,CONVERGENCE: RELATIVE REDUCTION OF F <= FACTR*EPSMCH
1.9,2.0,0.0,2000,16,qlog,1.94,1.7013098613967381,True,False,50,221.9315370134547,60.589951485978894,0,0.012051333999920644,barrido q-log; q por deviance de bins
1.9,2.0,0.0,2000,16,cdf,1.9242398993810472,2.1752813991795925,True,False,50,221.9315370134547,1.4964991866596046e-05,87,0.05109228800006349,CONVERGENCE: NORM OF PROJECTED GRADIENT <= PGTOL
1.9,2.0,0.0,2000,17,pdf,1.894253765418298,2.164759233769377,True,False,50,155.7166691433897,49.63089639410168,108,0.019425528000056147,CONVERGENCE: RELATIVE REDUCTION OF F <= FACTR*EPSMCH
1.9,2.0,0.0,2000,17,mle,1.8860614055788547,2.1254286630630554,True,False,50,155.7166691433897,3731.733599989944,96,0.007638914999915869,CONVERGENCE: RELATIVE REDUCTION OF F <= FACTR*EPSMCH
1.9,2.0,0.0,2000,17,qlog,1.92,1.6887115574852842,True,False,50,155.7166691433897,79.46282409657827,0,0.013420454000083737,barrido q-log; q por deviance de bins
1.9,2.0,0.0,2000,17,cdf,1.8652523080984778,2.005147119200302,True,False,50,155.7166691433897,0.00013882068453827695,87,0.040414910000095006,CONVERGENCE: NORM OF PROJECTED GRADIENT <= PGTOL
1.9,2.0,0.0,2000,18,pdf,1.9147149450146685,2.026140908019241,True,False,50,173.9833387163045,50.4925926354234,117,0.03449147300000277,CONVERGENCE: RELATIVE REDUCTION OF F <= FACTR*EPSMCH
1.9,2.0,0.0,2000,18,mle,1.9050485890392064,1.980701823699688,True,False,50,173.9833387163045,3890.709402230357,93,0.004601593999950637,CONVERGENCE: RELATIVE REDUCTION OF F <= FACTR*EPSMCH
1.9,2.0,0.0,2000,18,qlog,1.92,1.4968910846622432,True,False,50,173.9833387163045,78.35967869561739,0,0.012722737999979472,barrido q-log; q por deviance de bins
1.9,2.0,0.0,2000,18,cdf,1.9278051301587702,2.1087099331239485,True,False,50,173.9833387163045,2.368047951344478e-05,69,0.03320770699997411,CONVERGENCE: NORM OF PROJECTED GRADIENT <= PGTOL
1.9,2.0,0.0,2000,19,pdf,1.875420989896916,1.8076600141738917,True,False,49,407.03417259078316,33.4437429053379,105,0.032010308000053556,CONVERGENCE: RELATIVE REDUCTION OF F <= FACTR*EPSMCH
1.9,2.0,0.0,2000,19,mle,1.8723301221608293,1.7969474862958121,True,False,49,407.03417259078316,3837.343857306848,87,0.005196834000003037,CONVERGENCE: RELATIVE REDUCTION OF F <= FACTR*EPSMCH
1.9,2.0,0.0,2000,19,qlog,1.92,1.5329897646780155,True,False,49,407.03417259078316,60.25848761955834,0,0.011972364000030211,barrido q-log; q por deviance de bins
1.9,2.0,0.0,2000,19,cdf,1.860271979357943,1.7318432642746326,True,False,49,407.03417259078316,0.00014429286814866032,84,0.03344849199993405,CONVERGENCE: NORM OF PROJECTED GRADIENT <= PGTOL
1.9,2.0,0.0,2000,20,pdf,1.8777002996903986,1.7837920793943185,True,False,47,47669.76081425044,47.4651237902912,111,0.017347188000030656,CONVERGENCE: RELATIVE REDUCTION OF F <= FACTR*EPSMCH
1.9,2.0,0.0,2000,20,mle,1.875312325473558,1.7777027574463449,True,False,47,47669.76081425044,3861.5182638120787,87,0.00380229600000348,CONVERGENCE: RELATIVE REDUCTION OF F <= FACTR*EPSMCH
1.9,2.0,0.0,2000,20,qlog,2.12,1.328925886240437,True,False,47,47669.76081425044,386.02942342199793,0,0.007735410999998749,barrido q-log; q por deviance de bins
1.9,2.0,0.0,2000,20,cdf,1.8650664092594467,1.729605735138967,True,False,47,47669.76081425044,1.2773487285987095e-05,90,0.05736306999995122,CONVERGENCE: NORM OF PROJECTED GRADIENT <= PGTOL
1.9,2.0,0.0,2000,21,pdf,1.8779130430665965,2.1069448868376894,True,False,50,164.23266836141948,41.80474108408744,96,0.018189501000051678,CONVERGENCE: RELATIVE REDUCTION OF F <= FACTR*EPSMCH
1.9,2.0,0.0,2000,21,mle,1.874250727901439,2.0947225547651183,True,False,50,164.23266836141948,3692.6390922358023,96,0.004433500000004642,CONVERGENCE: RELATIVE REDUCTION OF F <= FACTR*EPSMCH
1.9,2.0,0.0,2000,21,qlog,1.9,1.7358645174503722,True,False,50,164.23266836141948,61.22196726602149,0,0.013816235999911441,barrido q-log; q por deviance de bins
1.9,2.0,0.0,2000,21,cdf,1.870228767543509,2.067407619165099,True,False,50,164.23266836141948,0.00011221292875707156,63,0.05022041500001251,CONVERGENCE: NORM OF PROJECTED GRADIENT <= PGTOL
1.9,2.0,0.0,2000,22,pdf,1.9139494778641841,2.0517835949488843,True,False,50,265.8858681430364,41.16390608272358,123,0.021269015000029867,CONVERGENCE: RELATIVE REDUCTION OF F <= FACTR*EPSMCH
1.9,2.0,0.0,2000,22,mle,1.9073286595419565,2.0182792615136784,True,False,50,265.8858681430364,3882.7255139161193,105,0.004871131000072637,CONVERGENCE: RELATIVE REDUCTION OF F <= FACTR*EPSMCH
1.9,2.0,0.0,2000,22,qlog,1.94,1.6274298637072115,True,False,50,265.8858681430364,67.58177231899005,0,0.013571401000035621,barrido q-log; q por deviance de bins
1.9,2.0,0.0,2000,22,cdf,1.934843267261448,2.1676196824965905,True,False,50,265.8858681430364,0.00015754036322122123,87,0.04680297499999142,CONVERGENCE: NORM OF PROJECTED GRADIENT <= PGTOL
1.9,2.0,0.0,2000,23,pdf,1.8824197366222708,1.7747230130475882,True,False,50,671.3183360422984,40.539977045845994,138,0.03395625899997867,CONVERGENCE: RELATIVE REDUCTION OF F <= FACTR*EPSMCH
1.9,2.0,0.0,2000,23,mle,1.8869344848828808,1.8002309467453999,True,False,50,671.3183360422984,3901.79905105212,102,0.004893033999906038,CONVERGENCE: RELATIVE REDUCTION OF F <= FACTR*EPSMCH
1.9,2.0,0.0,2000,23,qlog,1.92,1.3728014601012903,True,False,50,671.3183360422984,79.68552778902858,0,0.011569987000029869,barrido q-log; q por deviance de bins
1.9,2.0,0.0,2000,23,cdf,1.8810759719804782,1.771848260202568,True,False,50,671.3183360422984,1.0746994027061e-05,87,0.05480638100004853,CONVERGENCE: NORM OF PROJECTED GRADIENT <= PGTOL
1.9,2.0,0.0,2000,24,pdf,1.8785609743804668,1.9168330777193008,True,False,48,1077.9064570579426,45.41074841066515,105,0.019806463999998414,CONVERGENCE: RELATIVE REDUCTION OF F <= FACTR*EPSMCH
1.9,2.0,0.0,2000,24,mle,1.8738685341796704,1.9016859129855241,True,False,48,1077.9064570579426,3787.6004653709842,105,0.005337797000038336,CONVERGENCE: RELATIVE REDUCTION OF F <= FACTR*EPSMCH
1.9,2.0,0.0,2000,24,qlog,1.92,1.4071457149523925,True,False,48,1077.9064570579426,98.8733568618788,0,0.012063431000001401,barrido q-log; q por deviance de bins
1.9,2.0,0.0,2000,24,cdf,1.884837597042023,1.9571035384379296,True,False,48,1077.9064570579426,2.893189506310283e-05,63,0.05193553599997358,CONVERGENCE: NORM OF PROJECTED GRADIENT <= PGTOL
1.9,2.0,0.0,2000,25,pdf,1.8789961306582215,2.077363713851166,True,False,48,181.05380038813664,51.484901647490965,96,0.02400839500000984,CONVERGENCE: RELATIVE REDUCTION OF F <= FACTR*EPSMCH
1.9,2.0,0.0,2000,25,mle,1.8675256281470207,2.022151186834825,True,False,48,181.05380038813664,3697.8078068878312,90,0.0040928150000354435,CONVERGENCE: RELATIVE REDUCTION OF F <= FACTR*EPSMCH
1.9,2.0,0.0,2000,25,qlog,1.92,1.6997425356800053,True,False,48,181.05380038813664,81.96736425096202,0,0.013472590999981549,barrido q-log; q por deviance de bins
1.9,2.0,0.0,2000,25,cdf,1.8413941733155772,1.8867298996273254,True,False,48,181.05380038813664,7.097280250825902e-05,87,0.05533182499993927,CONVERGENCE: NORM OF PROJECTED GRADIENT <= PGTOL
1.9,2.0,0.0,2000,26,pdf,1.9362620666623582,2.401626992057964,True,False,49,806.2460163924868,41.156484474825916,111,0.029429117000063343,CONVERGENCE: NORM OF PROJECTED GRADIENT <= PGTOL
1.9,2.0,0.0,2000,26,mle,1.927065346775037,2.3489570366044457,True,False,49,806.2460163924868,3826.3201484814817,96,0.0073708389999183055,CONVERGENCE: RELATIVE REDUCTION OF F <= FACTR*EPSMCH
1.9,2.0,0.0,2000,26,qlog,1.96,1.777706303694974,True,False,49,806.2460163924868,78.21006480398728,0,0.012446491999980935,barrido q-log; q por deviance de bins
1.9,2.0,0.0,2000,26,cdf,1.9441140666694725,2.4638919320481785,True,False,49,806.2460163924868,5.351445682492732e-05,96,0.06498939599998721,CONVERGENCE: NORM OF PROJECTED GRADIENT <= PGTOL
1.9,2.0,0.0,2000,27,pdf,1.878648671186962,2.15543991087829,True,False,49,263.6771065479318,37.81650281259074,126,0.02550911299999825,CONVERGENCE: RELATIVE REDUCTION OF F <= FACTR*EPSMCH
1.9,2.0,0.0,2000,27,mle,1.8755252699506983,2.139879968218032,True,False,49,263.6771065479318,3677.05029656897,99,0.005740695999975287,CONVERGENCE: RELATIVE REDUCTION OF F <= FACTR*EPSMCH
1.9,2.0,0.0,2000,27,qlog,1.92,1.8379751508650302,True,False,49,263.6771065479318,61.78884219642831,0,0.014069293000034122,barrido q-log; q por deviance de bins
1.9,2.0,0.0,2000,27,cdf,1.8810355857740715,2.1555947942238465,True,False,49,263.6771065479318,0.0002548796659056942,81,0.05567486299992197,CONVERGENCE: NORM OF PROJECTED GRADIENT <= PGTOL
1.9,2.0,0.0,2000,28,pdf,1.8969475813272871,1.8504686400544557,True,False,50,234.9119622555232,51.3912848843596,105,0.01863135799999327,CONVERGENCE: RELATIVE REDUCTION OF F <= FACTR*EPSMCH
1.9,2.0,0.0,2000,28,mle,1.8961492333055934,1.8633427424502162,True,False,50,234.9119622555232,3909.985022828647,99,0.005287962000011248,CONVERGENCE: RELATIVE REDUCTION OF F <= FACTR*EPSMCH
1.9,2.0,0.0,2000,28,qlog,1.92,1.447681322413449,True,False,50,234.9119622555232,79.27234674189252,0,0.0131236039999294,barrido q-log; q por deviance de bins
1.9,2.0,0.0,2000,28,cdf,1.8735452640948909,1.750220052619322,True,False,50,234.9119622555232,6.699683268183401e-05,90,0.05689149299996643,CONVERGENCE: NORM OF PROJECTED GRADIENT <= PGTOL
1.9,2.0,0.0,2000,29,pdf,1.9008268094383067,2.019288328611979,True,False,47,474.9821496626547,59.91046682792608,108,0.01926259200001823,CONVERGENCE: RELATIVE REDUCTION OF F <= FACTR*EPSMCH
1.9,2.0,0.0,2000,29,mle,1.8991650133509204,2.024324358491387,True,False,47,474.9821496626547,3841.2179970460857,105,0.005015709999952378,CONVERGENCE: RELATIVE REDUCTION OF F <= FACTR*EPSMCH
1.9,2.0,0.0,2000,29,qlog,1.94,1.544453367627954,True,False,47,474.9821496626547,101.88946148746601,0,0.01227086500000496,barrido q-log; q por deviance de bins
1.9,2.0,0.0,2000,29,cdf,1.8920409701005245,1.9802955530171626,True,False,47,474.9821496626547,6.80444965979111e-05,66,0.0498258039999655,CONVERGENCE: NORM OF PROJECTED GRADIENT <= PGTOL
1.9,2.0,0.0,2000,30,pdf,1.9245820075696332,2.1606121331430024,True,False,50,97.62501873443338,62.46858722081622,123,0.023590954000042075,CONVERGENCE: RELATIVE REDUCTION OF F <= FACTR*EPSMCH
1.9,2.0,0.0,2000,30,mle,1.9055246924402436,2.063217977622852,True,False,50,97.62501873443338,3852.1477970287788,93,0.0054448590000220065,CONVERGENCE: RELATIVE REDUCTION OF F <= FACTR*EPSMCH
1.9,2.0,0.0,2000,30,qlog,1.94,1.716347514629513,True,False,50,97.62501873443338,83.2883515618652,0,0.015230608999900141,barrido q-log; q por deviance de bins
1.9,2.0,0.0,2000,30,cdf,1.8748747279677487,1.896957980075849,True,False,50,97.62501873443338,8.28511216523429e-05,87,0.05246838799996567,CONVERGENCE: NORM OF PROJECTED GRADIENT <= PGTOL
1.9,2.0,0.0,2000,31,pdf,1.886103431526002,1.8419501256002282,True,False,48,826.9605332105161,39.15322580940355,114,0.02029157800006942,CONVERGENCE: NORM OF PROJECTED GRADIENT <= PGTOL
1.9,2.0,0.0,2000,31,mle,1.888434278682973,1.8523389580926037,True,False,48,826.9605332105161,3880.161550175323,93,0.004459109000094941,CONVERGENCE: NORM OF PROJECTED GRADIENT <= PGTOL
1.9,2.0,0.0,2000,31,qlog,1.94,1.5032583606001853,True,False,48,826.9605332105161,78.8783197983048,0,0.01032852000003004,barrido q-log; q por deviance de bins
1.9,2.0,0.0,2000,31,cdf,1.85334074210148,1.6887538274492984,True,False,48,826.9605332105161,2.7352562663829467e-05,87,0.03384315800008153,CONVERGENCE: NORM OF PROJECTED GRADIENT <= PGTOL
1.9,2.0,0.0,2000,32,pdf,1.9121959720264308,2.0176643877577876,True,False,49,227.01340835933803,57.858241579996246,105,0.030541257999971094,CONVERGENCE: RELATIVE REDUCTION OF F <= FACTR*EPSMCH
1.9,2.0,0.0,2000,32,mle,1.9090966953137813,2.0042563212364475,True,False,49,227.01340835933803,3898.108552885256,84,0.0034913370000140276,CONVERGENCE: RELATIVE REDUCTION OF F <= FACTR*EPSMCH
1.9,2.0,0.0,2000,32,qlog,1.94,1.5615946344086924,True,False,49,227.01340835933803,89.95177543783561,0,0.012027318000036757,barrido q-log; q por deviance de bins
1.9,2.0,0.0,2000,32,cdf,1.8747545920733146,1.8293454175574255,True,False,49,227.01340835933803,4.5146612301975416e-05,87,0.03138678499999514,CONVERGENCE: NORM OF PROJECTED GRADIENT <= PGTOL
1.9,2.0,0.0,2000,33,pdf,1.8659798338303497,1.5920454311321697,True,False,49,89.83700963451706,44.30209829194448,99,0.015136416000018471,CONVERGENCE: RELATIVE REDUCTION OF F <= FACTR*EPSMCH
1.9,2.0,0.0,2000,33,mle,1.85708498700963,1.5655968943577325,True,False,49,89.83700963451706,3907.6290442072323,96,0.0034367740000789126,CONVERGENCE: RELATIVE REDUCTION OF F <= FACTR*EPSMCH
1.9,2.0,0.0,2000,33,qlog,1.88,1.34316489285835,True,False,49,89.83700963451706,57.2608550412861,0,0.01311580200001572,barrido q-log; q por deviance de bins
1.9,2.0,0.0,2000,33,cdf,1.86701877627137,1.605799598807937,True,False,49,89.83700963451706,3.219243584754245e-05,96,0.061130619999971714,CONVERGENCE: NORM OF PROJECTED GRADIENT <= PGTOL
1.9,2.0,0.0,2000,34,pdf,1.8635078241565906,1.7890256049634303,True,False,49,395.8042954708566,43.45224549654624,102,0.0181768809999312,CONVERGENCE: RELATIVE REDUCTION OF F <= FACTR*EPSMCH
1.9,2.0,0.0,2000,34,mle,1.8640677571654258,1.8160743229701046,True,False,49,395.8042954708566,3789.947621638331,93,0.004254769999988639,CONVERGENCE: RELATIVE REDUCTION OF F <= FACTR*EPSMCH
1.9,2.0,0.0,2000,34,qlog,1.88,1.3411042863008575,True,False,49,395.8042954708566,76.56137099269189,0,0.013169803999971919,barrido q-log; q por deviance de bins
1.9,2.0,0.0,2000,34,cdf,1.878159788579212,1.8824497751004858,True,False,49,395.8042954708566,6.713041902373855e-05,87,0.056023190000018985,CONVERGENCE: NORM OF PROJECTED GRADIENT <= PGTOL
1.9,2.0,0.0,2000,35,pdf,1.9193310519569753,2.458965357995496,True,False,49,333.31803630262795,60.245237387862076,120,0.022098457999959464,CONVERGENCE: RELATIVE REDUCTION OF F <= FACTR*EPSMCH
1.9,2.0,0.0,2000,35,mle,1.9131795966321883,2.4173884523390714,True,False,49,333.31803630262795,3730.2119479288895,93,0.005079607000084252,CONVERGENCE: RELATIVE REDUCTION OF F <= FACTR*EPSMCH
1.9,2.0,0.0,2000,35,qlog,1.96,1.8563928225952153,True,False,49,333.31803630262795,105.29783662615745,0,0.012595374999932574,barrido q-log; q por deviance de bins
1.9,2.0,0.0,2000,35,cdf,1.9040279612485973,2.3571998919946524,True,False,49,333.31803630262795,1.2062048685665323e-05,87,0.053154233999975986,CONVERGENCE: NORM OF PROJECTED GRADIENT <= PGTOL
1.9,2.0,0.0,2000,36,pdf,1.8992478565018294,1.926678085570647,True,False,50,165.38893063430237,42.33677810080605,99,0.017536853000024166,CONVERGENCE: RELATIVE REDUCTION OF F <= FACTR*EPSMCH
1.9,2.0,0.0,2000,36,mle,1.8919239781752182,1.8991273965760764,True,False,50,165.38893063430237,3871.3288797178056,96,0.00818654299996524,CONVERGENCE: RELATIVE REDUCTION OF F <= FACTR*EPSMCH
1.9,2.0,0.0,2000,36,qlog,1.9,1.5015940623514041,True,False,50,165.38893063430237,60.46381360440433,0,0.014010615000074722,barrido q-log; q por deviance de bins
1.9,2.0,0.0,2000,36,cdf,1.8965938709896621,1.918019380168091,True,False,50,165.38893063430237,7.084720217503148e-05,87,0.05462786999999025,CONVERGENCE: NORM OF PROJECTED GRADIENT <= PGTOL
1.9,2.0,0.0,2000,37,pdf,1.9000902590504036,1.773668059748256,True,False,50,483.8108066363403,46.5184566198191,150,0.0258376589999898,CONVERGENCE: RELATIVE REDUCTION OF F <= FACTR*EPSMCH
1.9,2.0,0.0,2000,37,mle,1.8982484918020701,1.7815375515313545,True,False,50,483.8108066363403,3964.685695335473,84,0.004089882000016587,CONVERGENCE: RELATIVE REDUCTION OF F <= FACTR*EPSMCH
1.9,2.0,0.0,2000,37,qlog,1.96,1.4449556710294853,True,False,50,483.8108066363403,90.56479719431363,0,0.01168434899989279,barrido q-log; q por deviance de bins
1.9,2.0,0.0,2000,37,cdf,1.9010144828869864,1.7947607774157248,True,False,50,483.8108066363403,1.6075273843023786e-05,87,0.05362747899994247,CONVERGENCE: NORM OF PROJECTED GRADIENT <= PGTOL
1.9,2.0,0.0,2000,38,pdf,1.8805985541459957,1.8829772976291212,True,False,50,150.84735032138983,59.619780060318696,123,0.023351532999981828,CONVERGENCE: RELATIVE REDUCTION OF F <= FACTR*EPSMCH
1.9,2.0,0.0,2000,38,mle,1.871150784903833,1.853419188338275,True,False,50,150.84735032138983,3801.117308076131,99,0.00446794200001932,CONVERGENCE: RELATIVE REDUCTION OF F <= FACTR*EPSMCH
1.9,2.0,0.0,2000,38,qlog,1.88,1.374553911080081,True,False,50,150.84735032138983,88.11538535628657,0,0.01454309899997952,barrido q-log; q por deviance de bins
1.9,2.0,0.0,2000,38,cdf,1.9077905179077186,2.0487638217466793,True,False,50,150.84735032138983,2.03320820482109e-05,66,0.050629718999971374,CONVERGENCE: NORM OF PROJECTED GRADIENT <= PGTOL
1.9,2.0,0.0,2000,39,pdf,1.9012661854611914,1.9302434690572479,True,False,50,1619.4689718204008,55.08542166874492,105,0.018854625000017222,CONVERGENCE: RELATIVE REDUCTION OF F <= FACTR*EPSMCH
1.9,2.0,0.0,2000,39,mle,1.8986226846121907,1.9072146495730111,True,False,50,1619.4689718204008,3898.270044238498,96,0.004645101000051,CONVERGENCE: RELATIVE REDUCTION OF F <= FACTR*EPSMCH
1.9,2.0,0.0,2000,39,qlog,1.96,1.4752852610142702,True,False,50,1619.4689718204008,112.45051615316976,0,0.011270133000039095,barrido q-log; q por deviance de bins
1.9,2.0,0.0,2000,39,cdf,1.8555342107766906,1.684912939419546,True,False,50,1619.4689718204008,0.00028655663792812123,87,0.055054986999948596,CONVERGENCE: NORM OF PROJECTED GRADIENT <= PGTOL
1.9,2.0,0.0,2000,40,pdf,1.9081127485307485,2.00491899820558,True,False,50,454.56357677078296,52.5971140215362,105,0.01839999899993927,CONVERGENCE: RELATIVE REDUCTION OF F <= FACTR*EPSMCH
1.9,2.0,0.0,2000,40,mle,1.9128252160158454,2.0283261435574937,True,False,50,454.56357677078296,3903.990011060677,96,0.004557908000037969,CONVERGENCE: RELATIVE REDUCTION OF F <= FACTR*EPSMCH
1.9,2.0,0.0,2000,40,qlog,1.94,1.5192573972837045,True,False,50,454.56357677078296,91.17677938550358,0,0.012413090999984888,barrido q-log; q por deviance de bins
1.9,2.0,0.0,2000,40,cdf,1.9214435518233874,2.0713049239611356,True,False,50,454.56357677078296,9.21423797696587e-05,66,0.030785867999952643,CONVERGENCE: NORM OF PROJECTED GRADIENT <= PGTOL
1.9,2.0,0.0,2000,41,pdf,1.88450205168803,1.8771749180644801,True,False,50,242.7936388579579,33.407421774456665,105,0.028302534999966156,CONVERGENCE: RELATIVE REDUCTION OF F <= FACTR*EPSMCH
1.9,2.0,0.0,2000,41,mle,1.8776000492206644,1.8510514197436656,True,False,50,242.7936388579579,3831.4151372256447,90,0.005960136999988208,CONVERGENCE: NORM OF PROJECTED GRADIENT <= PGTOL
1.9,2.0,0.0,2000,41,qlog,1.92,1.5920554405135154,True,False,50,242.7936388579579,55.016991852380535,0,0.01249507399995764,barrido q-log; q por deviance de bins
1.9,2.0,0.0,2000,41,cdf,1.8595222573923094,1.765203368813494,True,False,50,242.7936388579579,1.5185292800973139e-05,87,0.042329855000048155,CONVERGENCE: NORM OF PROJECTED GRADIENT <= PGTOL
1.9,2.0,0.0,2000,42,pdf,1.9172593527768622,2.246218191168225,True,False,50,385.22113148319096,46.470389134542614,105,0.020340562000001228,CONVERGENCE: RELATIVE REDUCTION OF F <= FACTR*EPSMCH
1.9,2.0,0.0,2000,42,mle,1.9161886568349025,2.2377166202384164,True,False,50,385.22113148319096,3821.9142390807865,93,0.03073156600009952,CONVERGENCE: RELATIVE REDUCTION OF F <= FACTR*EPSMCH
1.9,2.0,0.0,2000,42,qlog,1.94,1.695752756144621,True,False,50,385.22113148319096,80.07857854596408,0,0.01741154900003039,barrido q-log; q por deviance de bins
1.9,2.0,0.0,2000,42,cdf,1.901156638803811,2.1435828689451504,True,False,50,385.22113148319096,0.00010062777742940014,84,0.04943749599999592,CONVERGENCE: NORM OF PROJECTED GRADIENT <= PGTOL
1.9,2.0,0.0,2000,43,pdf,1.889763921789424,1.9355396931133713,True,False,50,337.399202869129,46.66416073429005,105,0.041221940000014,CONVERGENCE: RELATIVE REDUCTION OF F <= FACTR*EPSMCH
1.9,2.0,0.0,2000,43,mle,1.8929987750083652,1.9552400807924493,True,False,50,337.399202869129,3847.191892189012,90,0.004233518000091863,CONVERGENCE: NORM OF PROJECTED GRADIENT <= PGTOL
1.9,2.0,0.0,2000,43,qlog,1.92,1.574508489768859,True,False,50,337.399202869129,72.0915049766001,0,0.012566873000082524,barrido q-log; q por deviance de bins
1.9,2.0,0.0,2000,43,cdf,1.8431591321475789,1.7155122408823207,True,False,50,337.399202869129,5.501298458406542e-05,93,0.043052007000028425,CONVERGENCE: NORM OF PROJECTED GRADIENT <= PGTOL
1.9,2.0,0.0,2000,44,pdf,1.940007756501653,2.277019044499536,True,False,49,659.8862024152893,61.36820605030043,150,0.03810761299996557,CONVERGENCE: RELATIVE REDUCTION OF F <= FACTR*EPSMCH
1.9,2.0,0.0,2000,44,mle,1.9392693743358491,2.2716178321027574,True,False,49,659.8862024152893,3920.352244039478,96,0.004714726000088376,CONVERGENCE: RELATIVE REDUCTION OF F <= FACTR*EPSMCH
1.9,2.0,0.0,2000,44,qlog,2.0,1.7264191947696028,True,False,49,659.8862024152893,120.32580689068163,0,0.011598088000027929,barrido q-log; q por deviance de bins
1.9,2.0,0.0,2000,44,cdf,1.9196687472356182,2.150308696960038,True,False,49,659.8862024152893,2.0827323487603175e-05,81,0.03757093199999417,CONVERGENCE: NORM OF PROJECTED GRADIENT <= PGTOL
1.9,2.0,0.0,2000,45,pdf,1.9101141750268122,2.2229262975535775,True,False,50,183.79822028440586,54.021524892375126,105,0.03366947100005291,CONVERGENCE: RELATIVE REDUCTION OF F <= FACTR*EPSMCH
1.9,2.0,0.0,2000,45,mle,1.9036038098438797,2.1832436768560837,True,False,50,183.79822028440586,3786.5202232864035,96,0.003404004999993049,CONVERGENCE: RELATIVE REDUCTION OF F <= FACTR*EPSMCH
1.9,2.0,0.0,2000,45,qlog,1.92,1.8278225903857466,True,False,50,183.79822028440586,68.00488023815294,0,0.011119304999965607,barrido q-log; q por deviance de bins
1.9,2.0,0.0,2000,45,cdf,1.9170472728747092,2.2634152347025482,True,False,50,183.79822028440586,3.201026450875736e-05,90,0.03966012500006855,CONVERGENCE: NORM OF PROJECTED GRADIENT <= PGTOL
1.9,2.0,0.0,2000,46,pdf,1.8696023428421151,1.8583835756826073,True,False,49,452.25828410213643,54.844745313865694,129,0.03441647500005729,CONVERGENCE: RELATIVE REDUCTION OF F <= FACTR*EPSMCH
1.9,2.0,0.0,2000,46,mle,1.871633295258392,1.8805894220566837,True,False,49,452.25828410213643,3788.724697747265,108,0.004889009000066835,CONVERGENCE: NORM OF PROJECTED GRADIENT <= PGTOL
1.9,2.0,0.0,2000,46,qlog,1.94,1.4882055767409168,True,False,49,452.25828410213643,111.37984267454009,0,0.011731699999927514,barrido q-log; q por deviance de bins
1.9,2.0,0.0,2000,46,cdf,1.864376605038338,1.8372844544599536,True,False,49,452.25828410213643,9.224457123935856e-05,87,0.03680459399993197,CONVERGENCE: NORM OF PROJECTED GRADIENT <= PGTOL
1.9,2.0,0.0,2000,47,pdf,1.8507285828324949,1.9287791586744605,True,False,50,222.21187280018734,55.88039101504476,105,0.04643548000001374,CONVERGENCE: RELATIVE REDUCTION OF F <= FACTR*EPSMCH
1.9,2.0,0.0,2000,47,mle,1.8552883404275462,1.9550314919056635,True,False,50,222.21187280018734,3677.638875112414,93,0.005291076000048633,CONVERGENCE: RELATIVE REDUCTION OF F <= FACTR*EPSMCH
1.9,2.0,0.0,2000,47,qlog,1.88,1.5396092048311398,True,False,50,222.21187280018734,84.766139916683,0,0.011767884999926537,barrido q-log; q por deviance de bins
1.9,2.0,0.0,2000,47,cdf,1.8229630611074894,1.7998085188307855,True,False,50,222.21187280018734,3.887584549829705e-05,90,0.03643743899999663,CONVERGENCE: NORM OF PROJECTED GRADIENT <= PGTOL
1.9,2.0,0.0,2000,48,pdf,1.9237033192837467,2.0798072226315885,True,False,50,207.48492437318032,49.99407731324066,99,0.017442801000015606,CONVERGENCE: RELATIVE REDUCTION OF F <= FACTR*EPSMCH
1.9,2.0,0.0,2000,48,mle,1.9157020309932165,2.0420028771012393,True,False,50,207.48492437318032,3911.094380249085,96,0.004426049000016974,CONVERGENCE: RELATIVE REDUCTION OF F <= FACTR*EPSMCH
1.9,2.0,0.0,2000,48,qlog,1.94,1.5699356132942774,True,False,50,207.48492437318032,79.46466986872227,0,0.030122590000019045,barrido q-log; q por deviance de bins
1.9,2.0,0.0,2000,48,cdf,1.925108526484626,2.091543083956593,True,False,50,207.48492437318032,5.533402756922198e-05,69,0.025316671999917162,CONVERGENCE: NORM OF PROJECTED GRADIENT <= PGTOL
1.9,2.0,0.0,2000,49,pdf,1.942649220570387,2.454774603117012,True,False,48,626.2575380915994,43.61296787848516,111,0.019449885000085487,CONVERGENCE: RELATIVE REDUCTION OF F <= FACTR*EPSMCH
1.9,2.0,0.0,2000,49,mle,1.943059549900929,2.4713010300393816,True,False,48,626.2575380915994,3855.1641949999066,96,0.004209392000007028,CONVERGENCE: RELATIVE REDUCTION OF F <= FACTR*EPSMCH
1.9,2.0,0.0,2000,49,qlog,1.96,1.8411887374042948,True,False,48,626.2575380915994,74.31089310344593,0,0.010540750000018306,barrido q-log; q por deviance de bins
1.9,2.0,0.0,2000,49,cdf,1.942471813572704,2.466250906239871,True,False,48,626.2575380915994,2.1672774487168007e-05,87,0.05297997100001339,CONVERGENCE: NORM OF PROJECTED GRADIENT <= PGTOL
1.9,2.0,0.0,2000,50,pdf,1.8785380246136403,1.868457436315369,True,False,49,264.7169561394793,30.505687656978548,102,0.016566116999911173,CONVERGENCE: RELATIVE REDUCTION OF F <= FACTR*EPSMCH
1.9,2.0,0.0,2000,50,mle,1.8814597528481944,1.890235238075155,True,False,49,264.7169561394793,3827.9811754253983,93,0.00427818599996499,CONVERGENCE: RELATIVE REDUCTION OF F <= FACTR*EPSMCH
1.9,2.0,0.0,2000,50,qlog,1.9,1.568969631128449,True,False,49,264.7169561394793,46.99750905724513,0,0.01349139000001287,barrido q-log; q por deviance de bins
1.9,2.0,0.0,2000,50,cdf,1.8790127613096663,1.87689376803429,True,False,49,264.7169561394793,2.7240447577585004e-05,87,0.055785108999998556,CONVERGENCE: NORM OF PROJECTED GRADIENT <= PGTOL
1.9,2.0,0.0,2000,51,pdf,1.859349456493076,1.7782473561566925,True,False,49,185.3493971078357,65.21815902562318,93,0.016600679000021046,CONVERGENCE: RELATIVE REDUCTION OF F <= FACTR*EPSMCH
1.9,2.0,0.0,2000,51,mle,1.8588014886360418,1.775663803303542,True,False,49,185.3493971078357,3789.2435661331656,87,0.013333767999938573,CONVERGENCE: NORM OF PROJECTED GRADIENT <= PGTOL
1.9,2.0,0.0,2000,51,qlog,1.88,1.3170944764335275,True,False,49,185.3493971078357,103.40235942835147,0,0.016365962999998374,barrido q-log; q por deviance de bins
1.9,2.0,0.0,2000,51,cdf,1.8480421569106271,1.723471516221032,True,False,49,185.3493971078357,6.263152799734194e-05,87,0.048947276000035345,CONVERGENCE: NORM OF PROJECTED GRADIENT <= PGTOL
1.9,2.0,0.0,2000,52,pdf,1.9126543571447339,2.076923820698923,True,False,49,244.3610871705562,51.124782504970575,102,0.016348778999940805,CONVERGENCE: RELATIVE REDUCTION OF F <= FACTR*EPSMCH
1.9,2.0,0.0,2000,52,mle,1.9011920058068388,2.0265210035823693,True,False,49,244.3610871705562,3849.648537989525,96,0.004089540000109082,CONVERGENCE: RELATIVE REDUCTION OF F <= FACTR*EPSMCH
1.9,2.0,0.0,2000,52,qlog,1.94,1.5822316222870372,True,False,49,244.3610871705562,85.66669920959009,0,0.010420709999948485,barrido q-log; q por deviance de bins
1.9,2.0,0.0,2000,52,cdf,1.8972666993059382,1.998880428151714,True,False,49,244.3610871705562,9.819433375148026e-05,66,0.02789002100007565,CONVERGENCE: NORM OF PROJECTED GRADIENT <= PGTOL
1.9,2.0,0.0,2000,53,pdf,1.895012806518789,1.9841391585591603,True,False,48,609.3261725420599,49.027246286739256,111,0.01644070700001521,CONVERGENCE: RELATIVE REDUCTION OF F <= FACTR*EPSMCH
1.9,2.0,0.0,2000,53,mle,1.9039919676434065,2.058603144047207,True,False,48,609.3261725420599,3847.1372151991745,132,0.020155336000016177,CONVERGENCE: RELATIVE REDUCTION OF F <= FACTR*EPSMCH
1.9,2.0,0.0,2000,53,qlog,1.92,1.4895936903108158,True,False,48,609.3261725420599,85.45558707553766,0,0.011011931999973967,barrido q-log; q por deviance de bins
1.9,2.0,0.0,2000,53,cdf,1.9303770106241618,2.2156938120242144,True,False,48,609.3261725420599,2.5814669521212228e-05,81,0.03316916000005676,CONVERGENCE: NORM OF PROJECTED GRADIENT <= PGTOL
1.9,2.0,0.0,2000,54,pdf,1.8901194111003856,1.9234422676866596,True,False,49,350.68001872539634,50.22007416502163,105,0.020002599999997983,CONVERGENCE: RELATIVE REDUCTION OF F <= FACTR*EPSMCH
1.9,2.0,0.0,2000,54,mle,1.8842076463377637,1.8886861803773058,True,False,49,350.68001872539634,3841.337063229287,117,0.005108380000024226,CONVERGENCE: RELATIVE REDUCTION OF F <= FACTR*EPSMCH
1.9,2.0,0.0,2000,54,qlog,1.92,1.471713215985829,True,False,49,350.68001872539634,86.02157155556363,0,0.011497416999986854,barrido q-log; q por deviance de bins
1.9,2.0,0.0,2000,54,cdf,1.9164143669114568,2.064585919074652,True,False,49,350.68001872539634,5.510020351735502e-05,66,0.03985654699999941,CONVERGENCE: NORM OF PROJECTED GRADIENT <= PGTOL
1.9,2.0,0.0,2000,55,pdf,1.9014831375274621,1.974974345431495,True,False,49,628.2425106430235,50.21151491078131,129,0.021790893999991567,CONVERGENCE: NORM OF PROJECTED GRADIENT <= PGTOL
1.9,2.0,0.0,2000,55,mle,1.905518119215692,2.002221166190613,True,False,49,628.2425106430235,3882.1261547488257,90,0.003420528999981798,CONVERGENCE: RELATIVE REDUCTION OF F <= FACTR*EPSMCH
1.9,2.0,0.0,2000,55,qlog,1.94,1.5100507585787104,True,False,49,628.2425106430235,91.9123378724295,0,0.010922147000087534,barrido q-log; q por deviance de bins
1.9,2.0,0.0,2000,55,cdf,1.8828829087815322,1.8825314330536327,True,False,49,628.2425106430235,4.8704013044505404e-05,84,0.04858099199998378,CONVERGENCE: NORM OF PROJECTED GRADIENT <= PGTOL
1.9,2.0,0.0,2000,56,pdf,1.9286632421204732,2.2871363185712044,True,False,50,237.13789274710584,52.12317793090935,111,0.022580196000035357,CONVERGENCE: RELATIVE REDUCTION OF F <= FACTR*EPSMCH
1.9,2.0,0.0,2000,56,mle,1.9212053550844805,2.24687178357499,True,False,50,237.13789274710584,3842.1203028146733,96,0.004244024000058744,CONVERGENCE: RELATIVE REDUCTION OF F <= FACTR*EPSMCH
1.9,2.0,0.0,2000,56,qlog,1.94,1.715037748498694,True,False,50,237.13789274710584,79.74414121290165,0,0.01083331300003465,barrido q-log; q por deviance de bins
1.9,2.0,0.0,2000,56,cdf,1.9480565840513049,2.411795253276519,True,False,50,237.13789274710584,0.00011691531812816254,87,0.053736082999989776,CONVERGENCE: NORM OF PROJECTED GRADIENT <= PGTOL
1.9,2.0,0.0,2000,57,pdf,1.9393047156838517,2.460143489330243,True,False,48,1458.3353359784396,56.36566081875088,111,0.017113834000042516,CONVERGENCE: RELATIVE REDUCTION OF F <= FACTR*EPSMCH
1.9,2.0,0.0,2000,57,mle,1.9360991823380622,2.454015656637959,True,False,48,1458.3353359784396,3827.2677995218705,96,0.004074978999938139,CONVERGENCE: RELATIVE REDUCTION OF F <= FACTR*EPSMCH
1.9,2.0,0.0,2000,57,qlog,1.98,1.7508567167776519,True,False,48,1458.3353359784396,113.97454836957753,0,0.011698871000021427,barrido q-log; q por deviance de bins
1.9,2.0,0.0,2000,57,cdf,1.9452667259314385,2.5190228874745406,True,False,48,1458.3353359784396,1.5250454806068413e-05,87,0.03715071800002079,CONVERGENCE: NORM OF PROJECTED GRADIENT <= PGTOL
1.9,2.0,0.0,2000,58,pdf,1.9001164481115358,1.9573904047479076,True,False,50,371.94947340466445,36.34654037782613,108,0.03804779300003247,CONVERGENCE: RELATIVE REDUCTION OF F <= FACTR*EPSMCH
1.9,2.0,0.0,2000,58,mle,1.8955500572493567,1.9225230070941055,True,False,50,371.94947340466445,3875.9259320902675,90,0.003905802999952357,CONVERGENCE: RELATIVE REDUCTION OF F <= FACTR*EPSMCH
1.9,2.0,0.0,2000,58,qlog,1.92,1.5424841319447515,True,False,50,371.94947340466445,61.18481183056106,0,0.010946733999958269,barrido q-log; q por deviance de bins
1.9,2.0,0.0,2000,58,cdf,1.889535383013346,1.888432383633541,True,False,50,371.94947340466445,4.294456701870655e-05,90,0.03576009500000055,CONVERGENCE: NORM OF PROJECTED GRADIENT <= PGTOL
1.9,2.0,0.0,2000,59,pdf,1.8825521979611233,1.8733140744820964,True,False,49,294.2504224148191,38.49982956595007,96,0.014954973000044447,CONVERGENCE: RELATIVE REDUCTION OF F <= FACTR*EPSMCH
1.9,2.0,0.0,2000,59,mle,1.8740991186582339,1.8300147281345474,True,False,49,294.2504224148191,3827.0540981358176,90,0.0032182639999973617,CONVERGENCE: RELATIVE REDUCTION OF F <= FACTR*EPSMCH
1.9,2.0,0.0,2000,59,qlog,1.92,1.5903097365616152,True,False,49,294.2504224148191,60.958474425063336,0,0.027418343000022105,barrido q-log; q por deviance de bins
1.9,2.0,0.0,2000,59,cdf,1.8955212857626471,1.9379662419820747,True,False,49,294.2504224148191,3.101355862346652e-05,84,0.0328908589999628,CONVERGENCE: NORM OF PROJECTED GRADIENT <= PGTOL
1.9,2.0,0.0,2000,60,pdf,1.9094785663777927,2.05836797625194,True,False,49,333.49770917768905,41.20012250710238,114,0.018181117000040103,CONVERGENCE: RELATIVE REDUCTION OF F <= FACTR*EPSMCH
1.9,2.0,0.0,2000,60,mle,1.898998111215075,2.0069973595557085,True,False,49,333.49770917768905,3849.0323119517166,117,0.0055158760000040274,CONVERGENCE: RELATIVE REDUCTION OF F <= FACTR*EPSMCH
1.9,2.0,0.0,2000,60,qlog,1.94,1.670736874501285,True,False,49,333.49770917768905,66.58865178857396,0,0.011103039999966313,barrido q-log; q por deviance de bins
1.9,2.0,0.0,2000,60,cdf,1.9002703631890698,2.0144176565263887,True,False,49,333.49770917768905,1.6866413190063487e-05,66,0.04116117800003849,CONVERGENCE: NORM OF PROJECTED GRADIENT <= PGTOL
1.9,2.0,0.0,2000,61,pdf,1.9438425070422063,2.1830278874163187,True,False,50,206.8918627258822,36.66232005154265,120,0.01890110600004391,CONVERGENCE: RELATIVE REDUCTION OF F <= FACTR*EPSMCH
1.9,2.0,0.0,2000,61,mle,1.931527179407899,2.1210439751322934,True,False,50,206.8918627258822,3950.3755728199917,99,0.003523294000046917,CONVERGENCE: RELATIVE REDUCTION OF F <= FACTR*EPSMCH
1.9,2.0,0.0,2000,61,qlog,1.96,1.7707644986594953,True,False,50,206.8918627258822,54.331650787951446,0,0.010602683999991314,barrido q-log; q por deviance de bins
1.9,2.0,0.0,2000,61,cdf,1.9376825705779437,2.1580029658056143,True,False,50,206.8918627258822,1.526460645253001e-05,87,0.050251407000018844,CONVERGENCE: NORM OF PROJECTED GRADIENT <= PGTOL
1.9,2.0,0.0,2000,62,pdf,1.8722157192513582,2.1025763188357387,True,False,50,210.33026493143637,39.329459605641816,96,0.014278949999948054,CONVERGENCE: RELATIVE REDUCTION OF F <= FACTR*EPSMCH
1.9,2.0,0.0,2000,62,mle,1.8698795333288865,2.0791129540797653,True,False,50,210.33026493143637,3680.5233849408464,105,0.003955918999963615,CONVERGENCE: RELATIVE REDUCTION OF F <= FACTR*EPSMCH
1.9,2.0,0.0,2000,62,qlog,1.88,1.6799972321930685,True,False,50,210.33026493143637,56.93242102992653,0,0.012505499999974745,barrido q-log; q por deviance de bins
1.9,2.0,0.0,2000,62,cdf,1.901140281864699,2.2619653259269827,True,False,50,210.33026493143637,3.8506521492014184e-05,87,0.0323019589999376,CONVERGENCE: NORM OF PROJECTED GRADIENT <= PGTOL
1.9,2.0,0.0,2000,63,pdf,1.9154056946476679,1.922827594404789,True,False,48,2153.2597005247526,50.4052343651459,93,0.014154312000073332,CONVERGENCE: RELATIVE REDUCTION OF F <= FACTR*EPSMCH
1.9,2.0,0.0,2000,63,mle,1.9157803323624532,1.9306638660437325,True,False,48,2153.2597005247526,3967.5385306875005,93,0.003307629000005363,CONVERGENCE: RELATIVE REDUCTION OF F <= FACTR*EPSMCH
1.9,2.0,0.0,2000,63,qlog,1.98,1.4238224702040678,True,False,48,2153.2597005247526,120.29374523119307,0,0.0250650069999665,barrido q-log; q por deviance de bins
1.9,2.0,0.0,2000,63,cdf,1.889167901010076,1.7966851460632876,True,False,48,2153.2597005247526,1.5581801000255336e-05,84,0.04628348999995069,CONVERGENCE: NORM OF PROJECTED GRADIENT <= PGTOL
1.9,2.0,0.0,2000,64,pdf,1.8985665103645255,2.1951231627421453,True,False,48,402.1516222474618,60.672746400295146,108,0.07482013800006371,CONVERGENCE: RELATIVE REDUCTION OF F <= FACTR*EPSMCH
1.9,2.0,0.0,2000,64,mle,1.8938044990973548,2.1658421287221468,True,False,48,402.1516222474618,3748.6355081766346,96,0.004619080999987091,CONVERGENCE: RELATIVE REDUCTION OF F <= FACTR*EPSMCH
1.9,2.0,0.0,2000,64,qlog,1.94,1.6697672101384091,True,False,48,402.1516222474618,105.16971473319131,0,0.012401232999991407,barrido q-log; q por deviance de bins
1.9,2.0,0.0,2000,64,cdf,1.9112217966295981,2.271357871504173,True,False,48,402.1516222474618,4.439199610231126e-05,87,0.06296307900004194,CONVERGENCE: NORM OF PROJECTED GRADIENT <= PGTOL
1.9,2.0,0.0,2000,65,pdf,1.883088189183012,1.909259252897232,True,False,50,141.43686349888662,56.983252130662386,105,0.01894713599995157,CONVERGENCE: RELATIVE REDUCTION OF F <= FACTR*EPSMCH
1.9,2.0,0.0,2000,65,mle,1.8751091636885686,1.8671255390680461,True,False,50,141.43686349888662,3811.5247149102947,93,0.004842838000058691,CONVERGENCE: RELATIVE REDUCTION OF F <= FACTR*EPSMCH
1.9,2.0,0.0,2000,65,qlog,1.9,1.5013087923268196,True,False,50,141.43686349888662,81.1117330069051,0,0.013658713000040734,barrido q-log; q por deviance de bins
1.9,2.0,0.0,2000,65,cdf,1.8658436893099952,1.8220837068565536,True,False,50,141.43686349888662,1.8054638813596e-05,84,0.0917309109998996,CONVERGENCE: NORM OF PROJECTED GRADIENT <= PGTOL
1.9,2.0,0.0,2000,66,pdf,1.919989201912279,2.169665161070755,True,False,49,785.8734225605779,49.02306212871658,108,0.021536408999963896,CONVERGENCE: RELATIVE REDUCTION OF F <= FACTR*EPSMCH
1.9,2.0,0.0,2000,66,mle,1.9225240906694252,2.1709594288639775,True,False,49,785.8734225605779,3882.908259142785,102,0.006294122999975116,CONVERGENCE: RELATIVE REDUCTION OF F <= FACTR*EPSMCH
1.9,2.0,0.0,2000,66,qlog,1.96,1.6451285858100844,True,False,49,785.8734225605779,92.8750980743164,0,0.0123542510000334,barrido q-log; q por deviance de bins
1.9,2.0,0.0,2000,66,cdf,1.908268107516668,2.083479507303299,True,False,49,785.8734225605779,5.852371390373155e-05,63,0.04376527299996269,CONVERGENCE: NORM OF PROJECTED GRADIENT <= PGTOL
1.9,2.0,0.0,2000,67,pdf,1.9290282902994504,2.1922438628851015,True,False,50,282.58979395807523,39.25377688314263,105,0.019789789000014935,CONVERGENCE: RELATIVE REDUCTION OF F <= FACTR*EPSMCH
1.9,2.0,0.0,2000,67,mle,1.9236923662732734,2.185662565290417,True,False,50,282.58979395807523,3881.8569736059117,105,0.004952865999939604,CONVERGENCE: RELATIVE REDUCTION OF F <= FACTR*EPSMCH
1.9,2.0,0.0,2000,67,qlog,1.94,1.6819736518673203,True,False,50,282.58979395807523,63.481630356260936,0,0.013768218999985038,barrido q-log; q por deviance de bins
1.9,2.0,0.0,2000,67,cdf,1.9173818123404942,2.140290429885313,True,False,50,282.58979395807523,7.946410540705998e-05,78,0.05530979100001332,CONVERGENCE: NORM OF PROJECTED GRADIENT <= PGTOL
1.9,2.0,0.0,2000,68,pdf,1.9222933611908688,2.1154447328106163,True,False,49,574.542685757811,48.455672189980625,114,0.02067396600000393,CONVERGENCE: RELATIVE REDUCTION OF F <= FACTR*EPSMCH
1.9,2.0,0.0,2000,68,mle,1.9232590849515991,2.1412895049722573,True,False,49,574.542685757811,3900.252902169732,90,0.003380057999947894,CONVERGENCE: RELATIVE REDUCTION OF F <= FACTR*EPSMCH
1.9,2.0,0.0,2000,68,qlog,1.96,1.6005589004844785,True,False,49,574.542685757811,91.15852506086371,0,0.017849667000064073,barrido q-log; q por deviance de bins
1.9,2.0,0.0,2000,68,cdf,1.9047761960735778,2.0348838141076646,True,False,49,574.542685757811,0.00014346295120800737,66,0.05062395999993896,CONVERGENCE: NORM OF PROJECTED GRADIENT <= PGTOL
1.9,2.0,0.0,2000,69,pdf,1.9427363685646908,2.135591132024999,True,False,50,123.62328991890804,42.78554776997652,129,0.022848100999908638,CONVERGENCE: RELATIVE REDUCTION OF F <= FACTR*EPSMCH
1.9,2.0,0.0,2000,69,mle,1.9263844000700052,2.0501181729616627,True,False,50,123.62328991890804,3959.0523218086682,120,0.0052173849999235244,CONVERGENCE: RELATIVE REDUCTION OF F <= FACTR*EPSMCH
1.9,2.0,0.0,2000,69,qlog,1.96,1.7161367818837674,True,False,50,123.62328991890804,62.282255499176514,0,0.013832606000050873,barrido q-log; q por deviance de bins
1.9,2.0,0.0,2000,69,cdf,1.914257221361763,1.98245468302748,True,False,50,123.62328991890804,1.4614455650019634e-05,63,0.044901000999971075,CONVERGENCE: NORM OF PROJECTED GRADIENT <= PGTOL
1.9,2.0,0.0,2000,70,pdf,1.8906269134785259,1.8881219428279528,True,False,49,768.2663830929782,46.35403459629383,99,0.017419817000018156,CONVERGENCE: RELATIVE REDUCTION OF F <= FACTR*EPSMCH
1.9,2.0,0.0,2000,70,mle,1.894342750076756,1.9179719368968908,True,False,49,768.2663830929782,3872.6779493065733,99,0.004493050000064613,CONVERGENCE: RELATIVE REDUCTION OF F <= FACTR*EPSMCH
1.9,2.0,0.0,2000,70,qlog,1.94,1.497551730932309,True,False,49,768.2663830929782,88.38491528048458,0,0.012175050999985615,barrido q-log; q por deviance de bins
1.9,2.0,0.0,2000,70,cdf,1.8786625982860492,1.8341660841389804,True,False,49,768.2663830929782,6.51061010806753e-05,87,0.04855329999998048,CONVERGENCE: NORM OF PROJECTED GRADIENT <= PGTOL
1.9,2.0,0.0,2000,71,pdf,1.8929185054754358,2.0235306131382664,True,False,49,128.2741778917675,57.0925631441765,111,0.030066129999909208,CONVERGENCE: RELATIVE REDUCTION OF F <= FACTR*EPSMCH
1.9,2.0,0.0,2000,71,mle,1.8853322545130589,1.9948874286027551,True,False,49,128.2741778917675,3791.777605677009,102,0.00469552599997769,CONVERGENCE: RELATIVE REDUCTION OF F <= FACTR*EPSMCH
1.9,2.0,0.0,2000,71,qlog,1.9,1.580349732291714,True,False,49,128.2741778917675,77.60220941393122,0,0.01485625300006177,barrido q-log; q por deviance de bins
1.9,2.0,0.0,2000,71,cdf,1.8801287156749134,1.96730525138265,True,False,49,128.2741778917675,2.1579758605390332e-05,63,0.028874148999989302,CONVERGENCE: NORM OF PROJECTED GRADIENT <= PGTOL
1.9,2.0,0.0,2000,72,pdf,1.9104306058397513,2.0887550559928165,True,False,49,260.0345148915322,57.439606122330034,111,0.036633189999975,CONVERGENCE: RELATIVE REDUCTION OF F <= FACTR*EPSMCH
1.9,2.0,0.0,2000,72,mle,1.9118299749827952,2.115993558332367,True,False,49,260.0345148915322,3856.908882026417,90,0.00511080400008268,CONVERGENCE: RELATIVE REDUCTION OF F <= FACTR*EPSMCH
1.9,2.0,0.0,2000,72,qlog,1.94,1.7067510251624367,True,False,49,260.0345148915322,81.40773901546939,0,0.01701148100005412,barrido q-log; q por deviance de bins
1.9,2.0,0.0,2000,72,cdf,1.8546463216598783,1.8138640741248264,True,False,49,260.0345148915322,0.00014927446353984572,90,0.04133959800003595,CONVERGENCE: NORM OF PROJECTED GRADIENT <= PGTOL
1.9,2.0,0.0,2000,73,pdf,1.9214982803962881,2.1625933817400975,True,False,50,307.9009730566994,32.75742839304491,105,0.04592538800000057,CONVERGENCE: RELATIVE REDUCTION OF F <= FACTR*EPSMCH
1.9,2.0,0.0,2000,73,mle,1.916270413751159,2.1220283663238035,True,False,50,307.9009730566994,3875.392027396505,102,0.004890391000003547,CONVERGENCE: RELATIVE REDUCTION OF F <= FACTR*EPSMCH
1.9,2.0,0.0,2000,73,qlog,1.94,1.7577937067295766,True,False,50,307.9009730566994,51.73484576604122,0,0.013258679000045959,barrido q-log; q por deviance de bins
1.9,2.0,0.0,2000,73,cdf,1.9126616051143825,2.0997180545094962,True,False,50,307.9009730566994,3.0704092502519e-05,63,0.032379776999960086,CONVERGENCE: NORM OF PROJECTED GRADIENT <= PGTOL
1.9,2.0,0.0,2000,74,pdf,1.8985481222182867,2.095659401362896,True,False,50,226.21417167260415,25.606500653123515,123,0.0219138299999031,CONVERGENCE: RELATIVE REDUCTION OF F <= FACTR*EPSMCH
1.9,2.0,0.0,2000,74,mle,1.891770948427165,2.051293392670675,True,False,50,226.21417167260415,3793.5445208681167,102,0.015263842999956978,CONVERGENCE: RELATIVE REDUCTION OF F <= FACTR*EPSMCH
1.9,2.0,0.0,2000,74,qlog,1.92,1.7958596852147362,True,False,50,226.21417167260415,39.19531817826601,0,0.012734987000044384,barrido q-log; q por deviance de bins
1.9,2.0,0.0,2000,74,cdf,1.8986003616821212,2.0876868692759554,True,False,50,226.21417167260415,3.191597276173022e-05,66,0.03118751500005601,CONVERGENCE: NORM OF PROJECTED GRADIENT <= PGTOL
1.9,2.0,0.0,2000,75,pdf,1.9421718968427688,2.179312503477304,True,False,50,136.98833174090245,49.93683204259549,105,0.01812445200005186,CONVERGENCE: RELATIVE REDUCTION OF F <= FACTR*EPSMCH
1.9,2.0,0.0,2000,75,mle,1.9264696146591584,2.100400925318561,True,False,50,136.98833174090245,3935.239259553792,90,0.004121969999914654,CONVERGENCE: NORM OF PROJECTED GRADIENT <= PGTOL
1.9,2.0,0.0,2000,75,qlog,1.96,1.6886439297702818,True,False,50,136.98833174090245,75.1527660805273,0,0.03236677699999291,barrido q-log; q por deviance de bins
1.9,2.0,0.0,2000,75,cdf,1.9375352479859727,2.1672564030678707,True,False,50,136.98833174090245,2.7915065287028628e-05,87,0.042402283999990686,CONVERGENCE: NORM OF PROJECTED GRADIENT <= PGTOL
1.9,2.0,0.0,2000,76,pdf,1.869668175563333,1.8594138235157578,True,False,50,111.74531068562612,53.115706470013734,111,0.020300751000036144,CONVERGENCE: RELATIVE REDUCTION OF F <= FACTR*EPSMCH
1.9,2.0,0.0,2000,76,mle,1.8615665043891232,1.8286401757346424,True,False,50,111.74531068562612,3772.00548549059,105,0.005371497999931307,CONVERGENCE: RELATIVE REDUCTION OF F <= FACTR*EPSMCH
1.9,2.0,0.0,2000,76,qlog,1.9,1.502595962364984,True,False,50,111.74531068562612,79.46775056315025,0,0.013543928999979471,barrido q-log; q por deviance de bins
1.9,2.0,0.0,2000,76,cdf,1.883667951184458,1.9396589169526395,True,False,50,111.74531068562612,1.5374659302863567e-05,63,0.04010914900004536,CONVERGENCE: NORM OF PROJECTED GRADIENT <= PGTOL
1.9,2.0,0.0,2000,77,pdf,1.9255096796439268,2.1529189655821637,True,False,50,478.1088948756124,38.12847378223878,111,0.025452516999962427,CONVERGENCE: RELATIVE REDUCTION OF F <= FACTR*EPSMCH
1.9,2.0,0.0,2000,77,mle,1.92501756766228,2.1541173307336146,True,False,50,478.1088948756124,3902.8724456653335,102,0.0056461430000354085,CONVERGENCE: RELATIVE REDUCTION OF F <= FACTR*EPSMCH
1.9,2.0,0.0,2000,77,qlog,1.94,1.68168243263403,True,False,50,478.1088948756124,61.130113443284166,0,0.012635155999987546,barrido q-log; q por deviance de bins
1.9,2.0,0.0,2000,77,cdf,1.9220022381792738,2.1352276631120803,True,False,50,478.1088948756124,3.761771690045988e-05,87,0.056455833999962124,CONVERGENCE: NORM OF PROJECTED GRADIENT <= PGTOL
1.9,2.0,0.0,2000,78,pdf,1.8833918325509564,1.9238077784765104,True,False,50,205.36986303685734,64.48359291811491,105,0.02111457099999825,CONVERGENCE: RELATIVE REDUCTION OF F <= FACTR*EPSMCH
1.9,2.0,0.0,2000,78,mle,1.8826756665735678,1.9269901451051286,True,False,50,205.36986303685734,3814.2630856210844,147,0.00660622499992769,CONVERGENCE: RELATIVE REDUCTION OF F <= FACTR*EPSMCH
1.9,2.0,0.0,2000,78,qlog,1.9,1.3957284853645433,True,False,50,205.36986303685734,103.31109918158508,0,0.013232939000090482,barrido q-log; q por deviance de bins
1.9,2.0,0.0,2000,78,cdf,1.8946606507000336,1.9897080617458363,True,False,50,205.36986303685734,2.5374828690183096e-05,66,0.048872523,CONVERGENCE: NORM OF PROJECTED GRADIENT <= PGTOL
1.9,2.0,0.0,2000,79,pdf,1.9044036776142803,2.043372534837182,True,False,47,82986.65927802045,51.933958739907176,129,0.02239029899999423,CONVERGENCE: RELATIVE REDUCTION OF F <= FACTR*EPSMCH
1.9,2.0,0.0,2000,79,mle,1.9022046041448555,2.0326554282299174,True,False,47,82986.65927802045,3851.3912364327634,105,0.0048929649999536196,CONVERGENCE: RELATIVE REDUCTION OF F <= FACTR*EPSMCH
1.9,2.0,0.0,2000,79,qlog,2.14,1.3570146515181312,True,False,47,82986.65927802045,435.4664529943739,0,0.009196828999961326,barrido q-log; q por deviance de bins
1.9,2.0,0.0,2000,79,cdf,1.8947851061519425,1.9891881127262558,True,False,47,82986.65927802045,4.81142348696738e-05,66,0.030204808999997113,CONVERGENCE: NORM OF PROJECTED GRADIENT <= PGTOL
1.9,2.0,0.0,2000,80,pdf,1.9185289893370117,2.290543492157344,True,False,50,244.75126943040277,29.675841680449153,99,0.03254902200001197,CONVERGENCE: RELATIVE REDUCTION OF F <= FACTR*EPSMCH
1.9,2.0,0.0,2000,80,mle,1.9113063415463412,2.247358411247641,True,False,50,244.75126943040277,3794.17277785884,96,0.004718230999969819,CONVERGENCE: NORM OF PROJECTED GRADIENT <= PGTOL
1.9,2.0,0.0,2000,80,qlog,1.94,1.87722329248674,True,False,50,244.75126943040277,48.9267446109426,0,0.012766595000016423,barrido q-log; q por deviance de bins
1.9,2.0,0.0,2000,80,cdf,1.8944267927697511,2.1463751936812203,True,False,50,244.75126943040277,1.8113273175570195e-05,84,0.07143730600000708,CONVERGENCE: NORM OF PROJECTED GRADIENT <= PGTOL
1.9,2.0,0.0,2000,81,pdf,1.9268709907167307,2.2781166464502136,True,False,50,225.80509073094854,77.40103183486617,99,0.01860758199995871,CONVERGENCE: RELATIVE REDUCTION OF F <= FACTR*EPSMCH
1.9,2.0,0.0,2000,81,mle,1.9139980511391546,2.188715700395647,True,False,50,225.80509073094854,3833.513779530862,96,0.004461712999955125,CONVERGENCE: RELATIVE REDUCTION OF F <= FACTR*EPSMCH
1.9,2.0,0.0,2000,81,qlog,1.96,1.624289024090943,True,False,50,225.80509073094854,128.97025260204933,0,0.013737891999994645,barrido q-log; q por deviance de bins
1.9,2.0,0.0,2000,81,cdf,1.9199610506332918,2.2181120612555927,True,False,50,225.80509073094854,0.00010873860254081114,93,0.07647588099996483,CONVERGENCE: NORM OF PROJECTED GRADIENT <= PGTOL
1.9,2.0,0.0,2000,82,pdf,1.917336661128998,1.9464613536963595,True,False,46,118640.99423513832,50.75488737814689,90,0.01586956400001327,CONVERGENCE: RELATIVE REDUCTION OF F <= FACTR*EPSMCH
1.9,2.0,0.0,2000,82,mle,1.9049655892238062,1.8699871772976515,True,False,46,118640.99423513832,3947.8364131687495,99,0.004747295000015583,CONVERGENCE: RELATIVE REDUCTION OF F <= FACTR*EPSMCH
1.9,2.0,0.0,2000,82,qlog,2.16,1.3081628975683661,True,False,46,118640.99423513832,447.39214287036856,0,0.008867072000043663,barrido q-log; q por deviance de bins
1.9,2.0,0.0,2000,82,cdf,1.913207569732798,1.9128512381526381,True,False,46,118640.99423513832,2.272593041457622e-05,87,0.05929733799996484,CONVERGENCE: NORM OF PROJECTED GRADIENT <= PGTOL
1.9,2.0,0.0,2000,83,pdf,1.8865919694886946,1.817100668036422,True,False,49,1798.2179919444436,46.73261252153817,90,0.023258486000031553,CONVERGENCE: RELATIVE REDUCTION OF F <= FACTR*EPSMCH
1.9,2.0,0.0,2000,83,mle,1.8928146096446867,1.8437045227551532,True,False,49,1798.2179919444436,3905.0738318191875,81,0.0048785129999942,CONVERGENCE: RELATIVE REDUCTION OF F <= FACTR*EPSMCH
1.9,2.0,0.0,2000,83,qlog,1.96,1.4460799398297484,True,False,49,1798.2179919444436,107.60006900557906,0,0.011356384000009712,barrido q-log; q por deviance de bins
1.9,2.0,0.0,2000,83,cdf,1.832121897082822,1.5745818686328974,True,False,49,1798.2179919444436,0.0001045435594575274,93,0.0581042860000025,CONVERGENCE: NORM OF PROJECTED GRADIENT <= PGTOL
1.9,2.0,0.0,2000,84,pdf,1.907129888297568,2.2118047622326085,True,False,48,1524.1740770057008,55.98556442439289,120,0.022809882999922593,CONVERGENCE: RELATIVE REDUCTION OF F <= FACTR*EPSMCH
1.9,2.0,0.0,2000,84,mle,1.9029974930414741,2.183628193584541,True,False,48,1524.1740770057008,3783.482924206468,99,0.004617198000005374,CONVERGENCE: RELATIVE REDUCTION OF F <= FACTR*EPSMCH
1.9,2.0,0.0,2000,84,qlog,1.96,1.6109773747399636,True,False,48,1524.1740770057008,119.298158134572,0,0.012228951999986748,barrido q-log; q por deviance de bins
1.9,2.0,0.0,2000,84,cdf,1.9281013131921951,2.3433936510312026,True,False,48,1524.1740770057008,1.62552226454323e-05,90,0.057680064000010134,CONVERGENCE: NORM OF PROJECTED GRADIENT <= PGTOL
1.9,2.0,0.0,2000,85,pdf,1.9126987783186407,2.3654073500762727,True,False,50,98.14614665269256,48.549443511557065,120,0.02118407600005412,CONVERGENCE: RELATIVE REDUCTION OF F <= FACTR*EPSMCH
1.9,2.0,0.0,2000,85,mle,1.8950327002039546,2.273649838022695,True,False,50,98.14614665269256,3705.7689556176997,96,0.0044387689999894064,CONVERGENCE: RELATIVE REDUCTION OF F <= FACTR*EPSMCH
1.9,2.0,0.0,2000,85,qlog,1.92,1.838742572797401,True,False,50,98.14614665269256,69.30972051830125,0,0.014753838999922664,barrido q-log; q por deviance de bins
1.9,2.0,0.0,2000,85,cdf,1.8976507491259882,2.2867635727816125,True,False,50,98.14614665269256,5.6683341539389583e-05,87,0.05632720500000232,CONVERGENCE: NORM OF PROJECTED GRADIENT <= PGTOL
1.9,2.0,0.0,2000,86,pdf,1.8986830158451522,1.8069521742386894,True,False,50,532.7287801334032,66.20184503745473,99,0.018459749000044212,CONVERGENCE: RELATIVE REDUCTION OF F <= FACTR*EPSMCH
1.9,2.0,0.0,2000,86,mle,1.8938058369155837,1.7844842575818376,True,False,50,532.7287801334032,3942.3216992378293,90,0.004198845000018991,CONVERGENCE: RELATIVE REDUCTION OF F <= FACTR*EPSMCH
1.9,2.0,0.0,2000,86,qlog,1.96,1.4036421569288393,True,False,50,532.7287801334032,121.92493925348006,0,0.012041880000083438,barrido q-log; q por deviance de bins
1.9,2.0,0.0,2000,86,cdf,1.8285903279906417,1.5138439529629673,True,False,50,532.7287801334032,3.015902682011582e-05,96,0.0469909790000429,CONVERGENCE: NORM OF PROJECTED GRADIENT <= PGTOL
1.9,2.0,0.0,2000,87,pdf,1.9345562839854613,2.079349216225762,True,False,49,217.98554907501278,65.28038134628213,120,0.03630968700008452,CONVERGENCE: RELATIVE REDUCTION OF F <= FACTR*EPSMCH
1.9,2.0,0.0,2000,87,mle,1.9295155339359344,2.0375477913982443,True,False,49,217.98554907501278,3980.6007499133057,81,0.003935468000008768,CONVERGENCE: RELATIVE REDUCTION OF F <= FACTR*EPSMCH
1.9,2.0,0.0,2000,87,qlog,1.94,1.4447246586126667,True,False,49,217.98554907501278,104.23953365765938,0,0.014662420000036036,barrido q-log; q por deviance de bins
1.9,2.0,0.0,2000,87,cdf,1.9384472925466678,2.0881021967186224,True,False,49,217.98554907501278,3.614978394730308e-05,66,0.031630795999944894,CONVERGENCE: NORM OF PROJECTED GRADIENT <= PGTOL
1.9,2.0,0.0,2000,88,pdf,1.8803231366920579,1.894565823393822,True,False,49,449.87121598248575,63.621190906890426,111,0.03718675700008589,CONVERGENCE: RELATIVE REDUCTION OF F <= FACTR*EPSMCH
1.9,2.0,0.0,2000,88,mle,1.882095883903342,1.9018759423214995,True,False,49,449.87121598248575,3824.7387983860144,117,0.006207171000028211,CONVERGENCE: RELATIVE REDUCTION OF F <= FACTR*EPSMCH
1.9,2.0,0.0,2000,88,qlog,1.9,1.4462068380295414,True,False,49,449.87121598248575,94.26532103167628,0,0.01267244199993911,barrido q-log; q por deviance de bins
1.9,2.0,0.0,2000,88,cdf,1.8976001159836209,1.9802723376866775,True,False,49,449.87121598248575,3.07005812095063e-05,45,0.023471013000062158,CONVERGENCE: NORM OF PROJECTED GRADIENT <= PGTOL
1.9,2.0,0.0,2000,89,pdf,1.925143093040806,2.1420587916334908,True,False,50,1003.6040772487127,43.5890785435371,102,0.01942940499998258,CONVERGENCE: RELATIVE REDUCTION OF F <= FACTR*EPSMCH
1.9,2.0,0.0,2000,89,mle,1.922795587231676,2.136582458618124,True,False,50,1003.6040772487127,3900.193222077363,102,0.004948489000071277,CONVERGENCE: RELATIVE REDUCTION OF F <= FACTR*EPSMCH
1.9,2.0,0.0,2000,89,qlog,1.98,1.6671393750575096,True,False,50,1003.6040772487127,93.0578810764052,0,0.02876463299992338,barrido q-log; q por deviance de bins
1.9,2.0,0.0,2000,89,cdf,1.9066849062810682,2.0442998725415005,True,False,50,1003.6040772487127,9.738986655928707e-06,66,0.030508027999985643,CONVERGENCE: NORM OF PROJECTED GRADIENT <= PGTOL
1.9,2.0,0.0,2000,90,pdf,1.8719647821221879,1.9101943494080376,True,False,50,94.2638854200511,58.60129228913465,102,0.01715800199997375,CONVERGENCE: RELATIVE REDUCTION OF F <= FACTR*EPSMCH
1.9,2.0,0.0,2000,90,mle,1.8632074604314575,1.8800092411033242,True,False,50,94.2638854200511,3751.5436162789406,102,0.004302252000002227,CONVERGENCE: RELATIVE REDUCTION OF F <= FACTR*EPSMCH
1.9,2.0,0.0,2000,90,qlog,1.88,1.4759548485838896,True,False,50,94.2638854200511,81.55199647423628,0,0.01406362500006253,barrido q-log; q por deviance de bins
1.9,2.0,0.0,2000,90,cdf,1.8860054987275345,1.9979415292026481,True,False,50,94.2638854200511,3.6824293077458066e-05,66,0.049858413000038126,CONVERGENCE: NORM OF PROJECTED GRADIENT <= PGTOL
1.9,2.0,0.0,2000,91,pdf,1.878242170150439,2.0638656584661184,True,False,47,418.7588635752128,56.8439652405013,117,0.021709100000066428,CONVERGENCE: RELATIVE REDUCTION OF F <= FACTR*EPSMCH
1.9,2.0,0.0,2000,91,mle,1.8724868536919705,2.040833759386516,True,False,47,418.7588635752128,3710.777383765855,90,0.0046542940000335875,CONVERGENCE: RELATIVE REDUCTION OF F <= FACTR*EPSMCH
1.9,2.0,0.0,2000,91,qlog,1.92,1.6041661288165385,True,False,47,418.7588635752128,97.98706003338499,0,0.01460402099996827,barrido q-log; q por deviance de bins
1.9,2.0,0.0,2000,91,cdf,1.8418705967030424,1.8793752689041354,True,False,47,418.7588635752128,8.943650810875456e-05,90,0.0691990730000498,CONVERGENCE: NORM OF PROJECTED GRADIENT <= PGTOL
1.9,2.0,0.0,2000,92,pdf,1.8636334998193718,1.6641196083064278,True,False,48,2442.5313161968797,67.67271213961128,96,0.021826296999961414,CONVERGENCE: RELATIVE REDUCTION OF F <= FACTR*EPSMCH
1.9,2.0,0.0,2000,92,mle,1.8619619275573898,1.645978413232572,True,False,48,2442.5313161968797,3878.986516516624,102,0.0061825839999301024,CONVERGENCE: RELATIVE REDUCTION OF F <= FACTR*EPSMCH
1.9,2.0,0.0,2000,92,qlog,1.96,1.2304668335152016,True,False,48,2442.5313161968797,171.57412800901292,0,0.01340158400000746,barrido q-log; q por deviance de bins
1.9,2.0,0.0,2000,92,cdf,1.8546648705451692,1.6093378411280568,True,False,48,2442.5313161968797,8.905184733342598e-05,87,0.06628117399998246,CONVERGENCE: NORM OF PROJECTED GRADIENT <= PGTOL
1.9,2.0,0.0,2000,93,pdf,1.9256131365673776,2.003717894540554,True,False,48,352.13957278500254,44.754678322872735,105,0.02629998899999464,CONVERGENCE: RELATIVE REDUCTION OF F <= FACTR*EPSMCH
1.9,2.0,0.0,2000,93,mle,1.9183546442577044,1.9440877320112322,True,False,48,352.13957278500254,3973.038909510564,90,0.0317027030000645,CONVERGENCE: RELATIVE REDUCTION OF F <= FACTR*EPSMCH
1.9,2.0,0.0,2000,93,qlog,1.94,1.5358961079353468,True,False,48,352.13957278500254,70.31206318381574,0,0.020321082000009483,barrido q-log; q por deviance de bins
1.9,2.0,0.0,2000,93,cdf,1.9544737139859936,2.1548283448243253,True,False,48,352.13957278500254,2.3189899623985544e-05,90,0.045523662000050535,CONVERGENCE: NORM OF PROJECTED GRADIENT <= PGTOL
1.9,2.0,0.0,2000,94,pdf,1.9002197994882506,1.8831885357176763,True,False,48,895.2373796222258,61.24642990833483,96,0.03572898799995983,CONVERGENCE: RELATIVE REDUCTION OF F <= FACTR*EPSMCH
1.9,2.0,0.0,2000,94,mle,1.8969405662231031,1.8667031001216494,True,False,48,895.2373796222258,3911.8754114388144,90,0.003409022000028017,CONVERGENCE: RELATIVE REDUCTION OF F <= FACTR*EPSMCH
1.9,2.0,0.0,2000,94,qlog,1.96,1.4532040670226827,True,False,48,895.2373796222258,117.20338130432786,0,0.013669319999962681,barrido q-log; q por deviance de bins
1.9,2.0,0.0,2000,94,cdf,1.859309104287114,1.691113509549142,True,False,48,895.2373796222258,2.2693707456644825e-05,87,0.04331750800008649,CONVERGENCE: NORM OF PROJECTED GRADIENT <= PGTOL
1.9,2.0,0.0,2000,95,pdf,1.85096520516288,1.66611911888378,True,False,49,238.88837615994976,46.65887913422792,102,0.018427398999961042,CONVERGENCE: RELATIVE REDUCTION OF F <= FACTR*EPSMCH
1.9,2.0,0.0,2000,95,mle,1.8459274408153934,1.639423752031209,True,False,49,238.88837615994976,3813.1568592672656,87,0.018618840000044656,CONVERGENCE: RELATIVE REDUCTION OF F <= FACTR*EPSMCH
1.9,2.0,0.0,2000,95,qlog,1.8599999999999999,1.28943469136987,True,False,49,238.88837615994976,70.55058735299347,0,0.014172440000038478,barrido q-log; q por deviance de bins
1.9,2.0,0.0,2000,95,cdf,1.8563544552951745,1.6829904348766307,True,False,49,238.88837615994976,3.36033772737205e-05,87,0.0383636710000701,CONVERGENCE: NORM OF PROJECTED GRADIENT <= PGTOL
1.9,2.0,0.0,2000,96,pdf,1.931539823424231,2.23046622612466,True,False,49,666.9301716757229,47.05215452567689,114,0.018679400999985774,CONVERGENCE: RELATIVE REDUCTION OF F <= FACTR*EPSMCH
1.9,2.0,0.0,2000,96,mle,1.9332013644292796,2.2505812857742384,True,False,49,666.9301716757229,3899.39077665354,96,0.003931491999992431,CONVERGENCE: RELATIVE REDUCTION OF F <= FACTR*EPSMCH
1.9,2.0,0.0,2000,96,qlog,1.96,1.6080867555533835,True,False,49,666.9301716757229,92.94131276131624,0,0.024987934000023415,barrido q-log; q por deviance de bins
1.9,2.0,0.0,2000,96,cdf,1.9287349781742131,2.2192465881055345,True,False,49,666.9301716757229,3.9011992642937136e-05,81,0.037137987999926736,CONVERGENCE: NORM OF PROJECTED GRADIENT <= PGTOL
1.9,2.0,0.0,2000,97,pdf,1.9429809578635375,2.3382799210450447,True,False,50,123.7602994604408,32.841677320595856,108,0.016151010000044153,CONVERGENCE: RELATIVE REDUCTION OF F <= FACTR*EPSMCH
1.9,2.0,0.0,2000,97,mle,1.9291784952636786,2.2677891630394686,True,False,50,123.7602994604408,3871.8809681043676,96,0.003633882000031008,CONVERGENCE: RELATIVE REDUCTION OF F <= FACTR*EPSMCH
1.9,2.0,0.0,2000,97,qlog,1.96,1.9186652172965464,True,False,50,123.7602994604408,49.277130699629865,0,0.012173328000017136,barrido q-log; q por deviance de bins
1.9,2.0,0.0,2000,97,cdf,1.9387680521211306,2.3291255304897205,True,False,50,123.7602994604408,3.0073209507308727e-05,90,0.05978372399999898,CONVERGENCE: NORM OF PROJECTED GRADIENT <= PGTOL
1.9,2.0,0.0,2000,98,pdf,1.9303317655607175,2.140086935732412,True,False,50,135.66342998005769,29.953674420128785,114,0.020153738999965753,CONVERGENCE: RELATIVE REDUCTION OF F <= FACTR*EPSMCH
1.9,2.0,0.0,2000,98,mle,1.922854416972642,2.1130646414870355,True,False,50,135.66342998005769,3911.5482658455403,144,0.006468035000011696,CONVERGENCE: RELATIVE REDUCTION OF F <= FACTR*EPSMCH
1.9,2.0,0.0,2000,98,qlog,1.94,1.7718336530652516,True,False,50,135.66342998005769,42.900795453251334,0,0.013826446000052783,barrido q-log; q por deviance de bins
1.9,2.0,0.0,2000,98,cdf,1.9005451802404911,1.9834020084384385,True,False,50,135.66342998005769,6.825175763232716e-05,66,0.04921098500005883,CONVERGENCE: NORM OF PROJECTED GRADIENT <= PGTOL
1.9,2.0,0.0,2000,99,pdf,1.9146158249885898,1.9460928886207347,True,False,50,97.83569611017649,40.201644195397826,138,0.026289257000030375,CONVERGENCE: NORM OF PROJECTED GRADIENT <= PGTOL
1.9,2.0,0.0,2000,99,mle,1.8982217283215002,1.8741122981406968,True,False,50,97.83569611017649,3913.9020265138283,93,0.005811804000018128,CONVERGENCE: RELATIVE REDUCTION OF F <= FACTR*EPSMCH
1.9,2.0,0.0,2000,99,qlog,1.92,1.6152198912214975,True,False,50,97.83569611017649,51.553690034185024,0,0.01617280799996479,barrido q-log; q por deviance de bins
1.9,2.0,0.0,2000,99,cdf,1.9034349639093908,1.8978616546027756,True,False,50,97.83569611017649,7.958999758492103e-05,87,0.06754924899996695,CONVERGENCE: NORM OF PROJECTED GRADIENT <= PGTOL
2.5,2.0,0.0,100,0,pdf,2.449734208116864,1.8161486686981685,True,False,30,137397.4025564356,55.31478842511039,126,0.022858828000039466,CONVERGENCE: RELATIVE REDUCTION OF F <= FACTR*EPSMCH
2.5,2.0,0.0,100,0,mle,2.4525262994979835,2.983167244158196,True,False,30,137397.4025564356,415.0537500954318,102,0.018732751000015924,CONVERGENCE: RELATIVE REDUCTION OF F <= FACTR*EPSMCH
2.5,2.0,0.0,100,0,qlog,nan,nan,False,False,30,137397.4025564356,nan,0,0.004079015000002073,ningun candidato q-log valido
2.5,2.0,0.0,100,0,cdf,2.430868541661771,1.6993724723178858,True,False,30,137397.4025564356,0.0022300319555739806,102,0.012330125000062253,CONVERGENCE: NORM OF PROJECTED GRADIENT <= PGTOL
2.5,2.0,0.0,100,1,pdf,2.470354065929095,0.3633812305951588,True,False,18,2897594639.697535,45.552422982324124,117,0.02400646199998846,CONVERGENCE: NORM OF PROJECTED GRADIENT <= PGTOL
2.5,2.0,0.0,100,1,mle,2.513062003326722,1.1091970122155532,True,False,18,2897594639.697535,520.5366529039295,90,0.004903941999941708,CONVERGENCE: NORM OF PROJECTED GRADIENT <= PGTOL
2.5,2.0,0.0,100,1,qlog,nan,nan,False,False,18,2897594639.697535,nan,0,0.004208700999924986,ningun candidato q-log valido
2.5,2.0,0.0,100,1,cdf,2.518598337061184,1.077156809267634,True,False,18,2897594639.697535,0.0012438080944947008,123,0.01563161499996113,CONVERGENCE: NORM OF PROJECTED GRADIENT <= PGTOL
2.5,2.0,0.0,100,2,pdf,2.5006531850861,1.490728270306473,True,False,27,18446715.800009433,46.95633494948757,99,0.04094345900000462,CONVERGENCE: NORM OF PROJECTED GRADIENT <= PGTOL
2.5,2.0,0.0,100,2,mle,2.52306052501043,4.6596513468689285,True,False,27,18446715.800009433,459.2737608524122,126,0.0062040260000912895,CONVERGENCE: NORM OF PROJECTED GRADIENT <= PGTOL
2.5,2.0,0.0,100,2,qlog,nan,nan,False,False,27,18446715.800009433,nan,0,0.004140176999953837,ningun candidato q-log valido
2.5,2.0,0.0,100,2,cdf,2.5730170841410387,7.47901403795555,True,False,27,18446715.800009433,0.003004848599657537,123,0.014956483999981174,CONVERGENCE: NORM OF PROJECTED GRADIENT <= PGTOL
2.5,2.0,0.0,100,3,pdf,2.646942377919619,50.0,True,True,18,5371.893357136115,49.37704773925479,87,0.04697870999996212,CONVERGENCE: RELATIVE REDUCTION OF F <= FACTR*EPSMCH
2.5,2.0,0.0,100,3,mle,2.47523273756116,2.7405180558590985,True,False,18,5371.893357136115,438.91736205454174,108,0.004724689999989096,CONVERGENCE: RELATIVE REDUCTION OF F <= FACTR*EPSMCH
2.5,2.0,0.0,100,3,qlog,nan,nan,False,False,18,5371.893357136115,nan,0,0.004068748999998206,ningun candidato q-log valido
2.5,2.0,0.0,100,3,cdf,2.5017039122652776,3.0700750868375657,True,False,18,5371.893357136115,0.0003640329326775468,114,0.024351814000056038,CONVERGENCE: NORM OF PROJECTED GRADIENT <= PGTOL
2.5,2.0,0.0,100,4,pdf,2.5724696003420866,50.0,True,True,20,50151.95090929682,28.25736315019411,168,0.03410914000005505,CONVERGENCE: NORM OF PROJECTED GRADIENT <= PGTOL
2.5,2.0,0.0,100,4,mle,2.427464499812457,1.7840032878214973,True,False,20,50151.95090929682,420.76120524266594,93,0.00435374000005595,CONVERGENCE: RELATIVE REDUCTION OF F <= FACTR*EPSMCH
2.5,2.0,0.0,100,4,qlog,nan,nan,False,False,20,50151.95090929682,nan,0,0.004504467000060686,ningun candidato q-log valido
2.5,2.0,0.0,100,4,cdf,2.4168173216175606,1.4137004304802203,True,False,20,50151.95090929682,0.0015053291725799973,105,0.012486291999948662,CONVERGENCE: NORM OF PROJECTED GRADIENT <= PGTOL
2.5,2.0,0.0,100,5,pdf,2.6486730890517274,13.26751425396397,True,False,27,101458.93823144822,42.88665672160943,198,0.05483238399995116,CONVERGENCE: RELATIVE REDUCTION OF F <= FACTR*EPSMCH
2.5,2.0,0.0,100,5,mle,2.538067268297425,3.014676793784672,True,False,27,101458.93823144822,497.5926030546907,111,0.004950231999941934,CONVERGENCE: RELATIVE REDUCTION OF F <= FACTR*EPSMCH
2.5,2.0,0.0,100,5,qlog,nan,nan,False,False,27,101458.93823144822,nan,0,0.004234449000023233,ningun candidato q-log valido
2.5,2.0,0.0,100,5,cdf,2.5528271463982377,3.5945052695318394,True,False,27,101458.93823144822,0.00030505352656187826,105,0.013005125999939082,CONVERGENCE: NORM OF PROJECTED GRADIENT <= PGTOL
2.5,2.0,0.0,100,6,pdf,2.6076158465558654,11.24018353553693,True,False,20,109230062.29284571,44.45614733621442,168,0.029022582999914448,CONVERGENCE: NORM OF PROJECTED GRADIENT <= PGTOL
2.5,2.0,0.0,100,6,mle,2.5669039069230295,3.266175679666651,True,False,20,109230062.29284571,528.3373999577889,123,0.005579251999961343,CONVERGENCE: RELATIVE REDUCTION OF F <= FACTR*EPSMCH
2.5,2.0,0.0,100,6,qlog,nan,nan,False,False,20,109230062.29284571,nan,0,0.018482734000031087,ningun candidato q-log valido
2.5,2.0,0.0,100,6,cdf,2.560970191504255,3.177744832764461,True,False,20,109230062.29284571,0.00019429472957431467,117,0.014419372000020303,CONVERGENCE: NORM OF PROJECTED GRADIENT <= PGTOL
2.5,2.0,0.0,100,7,pdf,2.6244801645014344,50.0,True,True,15,28391225.911851466,31.486060571718326,216,0.0410198650000666,CONVERGENCE: NORM OF PROJECTED GRADIENT <= PGTOL
2.5,2.0,0.0,100,7,mle,2.5375160023400465,3.305632088720995,True,False,15,28391225.911851466,492.3605890955916,120,0.0057904210000288,CONVERGENCE: RELATIVE REDUCTION OF F <= FACTR*EPSMCH
2.5,2.0,0.0,100,7,qlog,nan,nan,False,False,15,28391225.911851466,nan,0,0.007327654999926381,ningun candidato q-log valido
2.5,2.0,0.0,100,7,cdf,2.5127494373986705,3.3500131737889967,True,False,15,28391225.911851466,0.0006638923117365406,111,0.03579999099997622,CONVERGENCE: NORM OF PROJECTED GRADIENT <= PGTOL
2.5,2.0,0.0,100,8,pdf,2.558527058511281,50.0,True,True,16,647756.0547736965,42.027327073987095,141,0.026172746000042935,CONVERGENCE: NORM OF PROJECTED GRADIENT <= PGTOL
2.5,2.0,0.0,100,8,mle,2.451116960629603,2.3831280368940795,True,False,16,647756.0547736965,425.1134558295938,99,0.0037256900000102178,CONVERGENCE: RELATIVE REDUCTION OF F <= FACTR*EPSMCH
2.5,2.0,0.0,100,8,qlog,nan,nan,False,False,16,647756.0547736965,nan,0,0.0032796070000813415,ningun candidato q-log valido
2.5,2.0,0.0,100,8,cdf,2.3668987402631307,1.2422317749190508,True,False,16,647756.0547736965,0.0035155256968901548,114,0.014362516999995023,CONVERGENCE: NORM OF PROJECTED GRADIENT <= PGTOL
2.5,2.0,0.0,100,9,pdf,2.5190710893262684,2.4901657726593736,True,False,17,21608604.689665303,48.121836615368714,132,0.022280201999933524,CONVERGENCE: RELATIVE REDUCTION OF F <= FACTR*EPSMCH
2.5,2.0,0.0,100,9,mle,2.5429283303728853,5.5889640060226755,True,False,17,21608604.689665303,472.3016948038654,123,0.00405748200000744,CONVERGENCE: RELATIVE REDUCTION OF F <= FACTR*EPSMCH
2.5,2.0,0.0,100,9,qlog,nan,nan,False,False,17,21608604.689665303,nan,0,0.021855350999999246,ningun candidato q-log valido
2.5,2.0,0.0,100,9,cdf,2.5623432057931614,5.918752646021251,True,False,17,21608604.689665303,0.0002297509647318667,123,0.013271236999912617,CONVERGENCE: NORM OF PROJECTED GRADIENT <= PGTOL
2.5,2.0,0.0,100,10,pdf,2.60281157388966,50.0,True,True,13,2207335.6917369813,36.592522615419284,135,0.022617252999907578,CONVERGENCE: NORM OF PROJECTED GRADIENT <= PGTOL
2.5,2.0,0.0,100,10,mle,2.5032221611665935,1.7115383124827823,True,False,13,2207335.6917369813,488.89325245476505,96,0.003155799999944975,CONVERGENCE: RELATIVE REDUCTION OF F <= FACTR*EPSMCH
2.5,2.0,0.0,100,10,qlog,nan,nan,False,False,13,2207335.6917369813,nan,0,0.003439007999986643,ningun candidato q-log valido
2.5,2.0,0.0,100,10,cdf,2.4357931260666787,1.2779053336534616,True,False,13,2207335.6917369813,0.00032717960952448745,108,0.011199906999991072,CONVERGENCE: NORM OF PROJECTED GRADIENT <= PGTOL
2.5,2.0,0.0,100,11,pdf,2.50642343839655,0.48113876622771057,True,False,20,117152445.03437227,48.893904060383804,108,0.018135289000042576,CONVERGENCE: NORM OF PROJECTED GRADIENT <= PGTOL
2.5,2.0,0.0,100,11,mle,2.542950821088789,2.514457335448005,True,False,20,117152445.03437227,512.264667746264,102,0.003947735999986435,CONVERGENCE: RELATIVE REDUCTION OF F <= FACTR*EPSMCH
2.5,2.0,0.0,100,11,qlog,nan,nan,False,False,20,117152445.03437227,nan,0,0.022555057999966266,ningun candidato q-log valido
2.5,2.0,0.0,100,11,cdf,2.579921341040841,3.3340992000598315,True,False,20,117152445.03437227,0.002538834107256664,132,0.024509410999939973,CONVERGENCE: NORM OF PROJECTED GRADIENT <= PGTOL
2.5,2.0,0.0,100,12,pdf,2.450744981208876,0.3529618317928951,True,False,21,884832.2812928011,51.03165896307665,117,0.022656692000055045,CONVERGENCE: NORM OF PROJECTED GRADIENT <= PGTOL
2.5,2.0,0.0,100,12,mle,2.4907430893077684,1.1246111533420702,True,False,21,884832.2812928011,497.7742804948899,132,0.004951514000026691,CONVERGENCE: RELATIVE REDUCTION OF F <= FACTR*EPSMCH
2.5,2.0,0.0,100,12,qlog,nan,nan,False,False,21,884832.2812928011,nan,0,0.0034222920000956947,ningun candidato q-log valido
2.5,2.0,0.0,100,12,cdf,2.5270195887363616,1.2602537293530771,True,False,21,884832.2812928011,0.0008099834358006047,126,0.013042951999977959,CONVERGENCE: NORM OF PROJECTED GRADIENT <= PGTOL
2.5,2.0,0.0,100,13,pdf,2.528210094393662,4.901646783018033,True,False,18,1951548413.4242096,38.44613202536297,132,0.03787369999997736,CONVERGENCE: RELATIVE REDUCTION OF F <= FACTR*EPSMCH
2.5,2.0,0.0,100,13,mle,2.4823554028964443,1.3285289544451881,True,False,18,1951548413.4242096,481.5999792143922,90,0.0035023440000259143,CONVERGENCE: RELATIVE REDUCTION OF F <= FACTR*EPSMCH
2.5,2.0,0.0,100,13,qlog,nan,nan,False,False,18,1951548413.4242096,nan,0,0.0032035820000828608,ningun candidato q-log valido
2.5,2.0,0.0,100,13,cdf,2.467423237946844,1.285056787671749,True,False,18,1951548413.4242096,0.00043419779039112656,111,0.013354922999951668,CONVERGENCE: NORM OF PROJECTED GRADIENT <= PGTOL
2.5,2.0,0.0,100,14,pdf,2.5590980011901854,6.94804586277399,True,False,22,1246342.9392786,41.76035457450175,195,0.044766317000039635,CONVERGENCE: RELATIVE REDUCTION OF F <= FACTR*EPSMCH
2.5,2.0,0.0,100,14,mle,2.5102459016541436,2.0757265437550605,True,False,22,1246342.9392786,486.31534359912655,96,0.00319569999999203,CONVERGENCE: RELATIVE REDUCTION OF F <= FACTR*EPSMCH
2.5,2.0,0.0,100,14,qlog,nan,nan,False,False,22,1246342.9392786,nan,0,0.003235399999994115,ningun candidato q-log valido
2.5,2.0,0.0,100,14,cdf,2.5262362784775747,2.192543399263625,True,False,22,1246342.9392786,0.00036281490792409776,117,0.02626413399991634,CONVERGENCE: NORM OF PROJECTED GRADIENT <= PGTOL
2.5,2.0,0.0,100,15,pdf,2.561199178426948,27.495009677517935,True,False,20,90367654.63466758,43.011532320005564,237,0.037691265000034946,CONVERGENCE: RELATIVE REDUCTION OF F <= FACTR*EPSMCH
2.5,2.0,0.0,100,15,mle,2.4927418919624724,2.337846110523338,True,False,20,90367654.63466758,463.08860136248813,105,0.0041236020000496865,CONVERGENCE: RELATIVE REDUCTION OF F <= FACTR*EPSMCH
2.5,2.0,0.0,100,15,qlog,nan,nan,False,False,20,90367654.63466758,nan,0,0.003491247000056319,ningun candidato q-log valido
2.5,2.0,0.0,100,15,cdf,2.4817297217013308,1.5711156071779413,True,False,20,90367654.63466758,0.004350880722280178,105,0.01187036999999691,CONVERGENCE: NORM OF PROJECTED GRADIENT <= PGTOL
2.5,2.0,0.0,100,16,pdf,2.5687461649477954,1.223781733257468,True,False,20,43779.52984829019,36.603935366926535,105,0.03818908599998849,CONVERGENCE: NORM OF PROJECTED GRADIENT <= PGTOL
2.5,2.0,0.0,100,16,mle,2.504619181244392,1.1790763745114128,True,False,20,43779.52984829019,508.91759352123574,93,0.005017944000087482,CONVERGENCE: RELATIVE REDUCTION OF F <= FACTR*EPSMCH
2.5,2.0,0.0,100,16,qlog,nan,nan,False,False,20,43779.52984829019,nan,0,0.003237553000076332,ningun candidato q-log valido
2.5,2.0,0.0,100,16,cdf,2.5262905910889466,1.2392013864229985,True,False,20,43779.52984829019,0.00034620216583622083,123,0.011957452000046942,CONVERGENCE: NORM OF PROJECTED GRADIENT <= PGTOL
2.5,2.0,0.0,100,17,pdf,2.404256923959228,0.6240484835139316,True,False,27,6784481.2715155305,47.40997206676084,102,0.01607826000008572,CONVERGENCE: NORM OF PROJECTED GRADIENT <= PGTOL
2.5,2.0,0.0,100,17,mle,2.4593946034787826,2.0124575636132023,True,False,27,6784481.2715155305,440.5112066686293,99,0.003390073999980814,CONVERGENCE: RELATIVE REDUCTION OF F <= FACTR*EPSMCH
2.5,2.0,0.0,100,17,qlog,nan,nan,False,False,27,6784481.2715155305,nan,0,0.003590286999951786,ningun candidato q-log valido
2.5,2.0,0.0,100,17,cdf,2.476386737440742,2.19630231896415,True,False,27,6784481.2715155305,0.00045967080841524156,102,0.010104431000058867,CONVERGENCE: NORM OF PROJECTED GRADIENT <= PGTOL
2.5,2.0,0.0,100,18,pdf,2.52768387919377,2.846666283175366,True,False,19,9049619.24411353,40.627317157635474,111,0.01614178600004834,CONVERGENCE: NORM OF PROJECTED GRADIENT <= PGTOL
2.5,2.0,0.0,100,18,mle,2.4888429504275305,1.6891832305930463,True,False,19,9049619.24411353,475.636529882258,102,0.003668334000053619,CONVERGENCE: NORM OF PROJECTED GRADIENT <= PGTOL
2.5,2.0,0.0,100,18,qlog,nan,nan,False,False,19,9049619.24411353,nan,0,0.003327860000013061,ningun candidato q-log valido
2.5,2.0,0.0,100,18,cdf,2.4673896528079102,1.6685407187107812,True,False,19,9049619.24411353,0.0004031853385779636,102,0.027803710999933173,CONVERGENCE: NORM OF PROJECTED GRADIENT <= PGTOL
2.5,2.0,0.0,100,19,pdf,2.579591875335447,10.798825891250997,True,False,20,937165.2064772786,40.63193646815857,207,0.030531945000007,CONVERGENCE: NORM OF PROJECTED GRADIENT <= PGTOL
2.5,2.0,0.0,100,19,mle,2.5088990067498083,2.0587666017518176,True,False,20,937165.2064772786,485.3565471037244,99,0.003615794999973332,CONVERGENCE: RELATIVE REDUCTION OF F <= FACTR*EPSMCH
2.5,2.0,0.0,100,19,qlog,nan,nan,False,False,20,937165.2064772786,nan,0,0.0038657129999819517,ningun candidato q-log valido
2.5,2.0,0.0,100,19,cdf,2.520045254875439,2.3265691649462763,True,False,20,937165.2064772786,0.0013981811371162475,111,0.012330544999940685,CONVERGENCE: NORM OF PROJECTED GRADIENT <= PGTOL
2.5,2.0,0.0,100,20,pdf,2.3262797937621125,0.5041397356413905,True,False,25,64650.933397441164,45.32653271657763,111,0.015552496000054816,CONVERGENCE: NORM OF PROJECTED GRADIENT <= PGTOL
2.5,2.0,0.0,100,20,mle,2.33583763354755,0.6711525901077227,True,False,25,64650.933397441164,408.34334368564714,84,0.0027598010000247086,CONVERGENCE: NORM OF PROJECTED GRADIENT <= PGTOL
2.5,2.0,0.0,100,20,qlog,nan,nan,False,False,25,64650.933397441164,nan,0,0.003027896000048713,ningun candidato q-log valido
2.5,2.0,0.0,100,20,cdf,2.3443366807786306,0.6810152666202343,True,False,25,64650.933397441164,0.0001029491786155047,123,0.03457747799996014,CONVERGENCE: NORM OF PROJECTED GRADIENT <= PGTOL
2.5,2.0,0.0,100,21,pdf,2.5197567002330525,3.132339807575199,True,False,18,8320.694776444172,42.91650895736501,120,0.020845904999987397,CONVERGENCE: NORM OF PROJECTED GRADIENT <= PGTOL
2.5,2.0,0.0,100,21,mle,2.4375060207759414,1.4296843141902489,True,False,18,8320.694776444172,439.6489293532327,93,0.004782096999974783,CONVERGENCE: NORM OF PROJECTED GRADIENT <= PGTOL
2.5,2.0,0.0,100,21,qlog,nan,nan,False,False,18,8320.694776444172,nan,0,0.0041639230000782845,ningun candidato q-log valido
2.5,2.0,0.0,100,21,cdf,2.4295558736963074,1.1356977320845711,True,False,18,8320.694776444172,0.0006044637613825296,120,0.013505451000014546,CONVERGENCE: NORM OF PROJECTED GRADIENT <= PGTOL
2.5,2.0,0.0,100,22,pdf,2.6063177202256615,50.0,True,True,22,1721413.3109939056,44.707259811856005,243,0.05385754700000689,CONVERGENCE: RELATIVE REDUCTION OF F <= FACTR*EPSMCH
2.5,2.0,0.0,100,22,mle,2.474329589110908,1.3924662744560412,True,False,22,1721413.3109939056,471.9606661971915,93,0.0039979819999871324,CONVERGENCE: RELATIVE REDUCTION OF F <= FACTR*EPSMCH
2.5,2.0,0.0,100,22,qlog,nan,nan,False,False,22,1721413.3109939056,nan,0,0.004089681000095879,ningun candidato q-log valido
2.5,2.0,0.0,100,22,cdf,2.449479011886327,1.3461278645248262,True,False,22,1721413.3109939056,0.0023013593947488194,111,0.012856290000058834,CONVERGENCE: NORM OF PROJECTED GRADIENT <= PGTOL
2.5,2.0,0.0,100,23,pdf,2.504380817088701,2.199415642928185,True,False,22,14562800.785970688,54.879067753502326,120,0.021755620000021736,CONVERGENCE: RELATIVE REDUCTION OF F <= FACTR*EPSMCH
2.5,2.0,0.0,100,23,mle,2.4671190382327293,0.9451036764848944,True,False,22,14562800.785970688,484.9605385721529,90,0.0039031579999573296,CONVERGENCE: RELATIVE REDUCTION OF F <= FACTR*EPSMCH
2.5,2.0,0.0,100,23,qlog,nan,nan,False,False,22,14562800.785970688,nan,0,0.0040993549999939205,ningun candidato q-log valido
2.5,2.0,0.0,100,23,cdf,2.4256740657684275,0.5793168446838943,True,False,22,14562800.785970688,0.001687395688109995,135,0.015191589999972166,CONVERGENCE: NORM OF PROJECTED GRADIENT <= PGTOL
2.5,2.0,0.0,100,24,pdf,2.5393300275057427,2.4477928251031607,True,False,23,4024508.4475905444,40.91191727928123,144,0.048936318999949435,CONVERGENCE: RELATIVE REDUCTION OF F <= FACTR*EPSMCH
2.5,2.0,0.0,100,24,mle,2.5198922123864333,1.6785576458716962,True,False,23,4024508.4475905444,506.9523664429969,96,0.0037418150000121386,CONVERGENCE: RELATIVE REDUCTION OF F <= FACTR*EPSMCH
2.5,2.0,0.0,100,24,qlog,nan,nan,False,False,23,4024508.4475905444,nan,0,0.0037914499999942564,ningun candidato q-log valido
2.5,2.0,0.0,100,24,cdf,2.5287664957592884,1.8210073978005692,True,False,23,4024508.4475905444,0.0003699672082904967,117,0.012051494000047569,CONVERGENCE: NORM OF PROJECTED GRADIENT <= PGTOL
2.5,2.0,0.0,100,25,pdf,2.3894318391593936,0.9594499323747204,True,False,23,31665.70096717432,46.06174404153992,102,0.0172946080000429,CONVERGENCE: NORM OF PROJECTED GRADIENT <= PGTOL
2.5,2.0,0.0,100,25,mle,2.383818802633977,1.329934192987669,True,False,23,31665.70096717432,404.180378405867,81,0.003255409999951553,CONVERGENCE: RELATIVE REDUCTION OF F <= FACTR*EPSMCH
2.5,2.0,0.0,100,25,qlog,nan,nan,False,False,23,31665.70096717432,nan,0,0.0036567359999253313,ningun candidato q-log valido
2.5,2.0,0.0,100,25,cdf,2.415996159186096,1.3919278046159418,True,False,23,31665.70096717432,0.0008359595294891102,102,0.03320833899999798,CONVERGENCE: NORM OF PROJECTED GRADIENT <= PGTOL
2.5,2.0,0.0,100,26,pdf,2.5806916879648742,50.0,True,True,19,1152418.872716306,32.4027007392199,183,0.03144234999990658,CONVERGENCE: NORM OF PROJECTED GRADIENT <= PGTOL
2.5,2.0,0.0,100,26,mle,2.482449258532292,2.334183233122329,True,False,19,1152418.872716306,453.50680926938855,105,0.00441655500003435,CONVERGENCE: RELATIVE REDUCTION OF F <= FACTR*EPSMCH
2.5,2.0,0.0,100,26,qlog,nan,nan,False,False,19,1152418.872716306,nan,0,0.004281811999931051,ningun candidato q-log valido
2.5,2.0,0.0,100,26,cdf,2.553739066516358,4.414169175502591,True,False,19,1152418.872716306,0.004063531227556155,129,0.01418591899994226,CONVERGENCE: NORM OF PROJECTED GRADIENT <= PGTOL
2.5,2.0,0.0,100,27,pdf,2.608138495288079,50.0,True,True,16,465376.4200520033,28.968244816145557,150,0.0485265500000196,CONVERGENCE: NORM OF PROJECTED GRADIENT <= PGTOL
2.5,2.0,0.0,100,27,mle,2.499038676593485,2.791282894122968,True,False,16,465376.4200520033,460.314083181061,120,0.005056562999925518,CONVERGENCE: RELATIVE REDUCTION OF F <= FACTR*EPSMCH
2.5,2.0,0.0,100,27,qlog,nan,nan,False,False,16,465376.4200520033,nan,0,0.0040269959999932325,ningun candidato q-log valido
2.5,2.0,0.0,100,27,cdf,2.5045985670679194,2.987458623205217,True,False,16,465376.4200520033,0.0015369413196324358,111,0.015944517000093583,CONVERGENCE: NORM OF PROJECTED GRADIENT <= PGTOL
2.5,2.0,0.0,100,28,pdf,2.594592850555283,10.303469759811332,True,False,18,4922676.260259515,39.20951999157174,165,0.03477797000005012,CONVERGENCE: RELATIVE REDUCTION OF F <= FACTR*EPSMCH
2.5,2.0,0.0,100,28,mle,2.536947907574714,2.1721570567125434,True,False,18,4922676.260259515,512.7129229309407,120,0.005000036999945223,CONVERGENCE: RELATIVE REDUCTION OF F <= FACTR*EPSMCH
2.5,2.0,0.0,100,28,qlog,nan,nan,False,False,18,4922676.260259515,nan,0,0.00404485299998214,ningun candidato q-log valido
2.5,2.0,0.0,100,28,cdf,2.5468296699841217,2.3556137020546872,True,False,18,4922676.260259515,0.00035770679867768216,117,0.03423362900002758,CONVERGENCE: NORM OF PROJECTED GRADIENT <= PGTOL
2.5,2.0,0.0,100,29,pdf,2.534741716487209,6.704625988220984,True,False,17,3211545.820911002,29.203124155761017,150,0.025893735000067863,CONVERGENCE: NORM OF PROJECTED GRADIENT <= PGTOL
2.5,2.0,0.0,100,29,mle,2.469419161229575,1.9153998865316875,True,False,17,3211545.820911002,451.6581727410246,90,0.0038248010000643262,CONVERGENCE: NORM OF PROJECTED GRADIENT <= PGTOL
2.5,2.0,0.0,100,29,qlog,nan,nan,False,False,17,3211545.820911002,nan,0,0.004225245000043287,ningun candidato q-log valido
2.5,2.0,0.0,100,29,cdf,2.4349480251996924,1.5882773088222757,True,False,17,3211545.820911002,0.0002574508801368906,102,0.012147908999963875,CONVERGENCE: NORM OF PROJECTED GRADIENT <= PGTOL
2.5,2.0,0.0,100,30,pdf,2.5340593193060643,3.242648539171613,True,False,19,9755329.897632305,40.72876703071598,132,0.04320028999995884,CONVERGENCE: RELATIVE REDUCTION OF F <= FACTR*EPSMCH
2.5,2.0,0.0,100,30,mle,2.4897859605745074,1.9810431398957584,True,False,19,9755329.897632305,468.55802662979977,99,0.004170501999965381,CONVERGENCE: RELATIVE REDUCTION OF F <= FACTR*EPSMCH
2.5,2.0,0.0,100,30,qlog,nan,nan,False,False,19,9755329.897632305,nan,0,0.004493982999974833,ningun candidato q-log valido
2.5,2.0,0.0,100,30,cdf,2.4689838198836256,1.999687475228775,True,False,19,9755329.897632305,0.00032885630860428756,78,0.009164280000049985,CONVERGENCE: NORM OF PROJECTED GRADIENT <= PGTOL
2.5,2.0,0.0,100,31,pdf,2.5301723358282704,4.254192246065723,True,False,20,155438.34872327853,49.70312414769788,147,0.025742610999941462,CONVERGENCE: RELATIVE REDUCTION OF F <= FACTR*EPSMCH
2.5,2.0,0.0,100,31,mle,2.481624897786627,2.8338714917704717,True,False,20,155438.34872327853,443.0493967295068,111,0.004327018999902066,CONVERGENCE: RELATIVE REDUCTION OF F <= FACTR*EPSMCH
2.5,2.0,0.0,100,31,qlog,nan,nan,False,False,20,155438.34872327853,nan,0,0.0033877009999514485,ningun candidato q-log valido
2.5,2.0,0.0,100,31,cdf,2.512649409218026,3.070418018437171,True,False,20,155438.34872327853,0.002736850921782721,108,0.012834777000080067,CONVERGENCE: NORM OF PROJECTED GRADIENT <= PGTOL
2.5,2.0,0.0,100,32,pdf,2.5151004864353483,4.014040895897021,True,False,20,4533530.359815809,34.26734835979031,126,0.03745115200001692,CONVERGENCE: NORM OF PROJECTED GRADIENT <= PGTOL
2.5,2.0,0.0,100,32,mle,2.5038705608504563,2.4710206186810466,True,False,20,4533530.359815809,471.1761561536704,111,0.005046568000011575,CONVERGENCE: NORM OF PROJECTED GRADIENT <= PGTOL
2.5,2.0,0.0,100,32,qlog,nan,nan,False,False,20,4533530.359815809,nan,0,0.0040937170000461265,ningun candidato q-log valido
2.5,2.0,0.0,100,32,cdf,2.4861805757418605,1.7609751813102072,True,False,20,4533530.359815809,0.00038013762653741864,90,0.010529194000014286,CONVERGENCE: NORM OF PROJECTED GRADIENT <= PGTOL
2.5,2.0,0.0,100,33,pdf,2.5650060831846218,3.1110352245006467,True,False,20,57742.909108446496,33.41537355730571,147,0.03003008600001067,CONVERGENCE: NORM OF PROJECTED GRADIENT <= PGTOL
2.5,2.0,0.0,100,33,mle,2.502478485771721,2.658788640866927,True,False,20,57742.909108446496,466.13166075952574,105,0.00436777099992014,CONVERGENCE: RELATIVE REDUCTION OF F <= FACTR*EPSMCH
2.5,2.0,0.0,100,33,qlog,nan,nan,False,False,20,57742.909108446496,nan,0,0.004120867999972688,ningun candidato q-log valido
2.5,2.0,0.0,100,33,cdf,2.5261765357754093,2.9967107390089853,True,False,20,57742.909108446496,0.0023184235784974696,105,0.013791663999995762,CONVERGENCE: NORM OF PROJECTED GRADIENT <= PGTOL
2.5,2.0,0.0,100,34,pdf,2.627577275915477,23.54097083645704,True,False,20,95470097.11391984,44.37640071906746,207,0.0672707230000924,CONVERGENCE: NORM OF PROJECTED GRADIENT <= PGTOL
2.5,2.0,0.0,100,34,mle,2.548308785510004,1.7253782258197805,True,False,20,95470097.11391984,537.3678204678133,99,0.02259118300003138,CONVERGENCE: RELATIVE REDUCTION OF F <= FACTR*EPSMCH
2.5,2.0,0.0,100,34,qlog,nan,nan,False,False,20,95470097.11391984,nan,0,0.0032308730000067953,ningun candidato q-log valido
2.5,2.0,0.0,100,34,cdf,2.489831729447091,0.828324251534714,True,False,20,95470097.11391984,0.0030031802187227186,129,0.036483209000039096,CONVERGENCE: NORM OF PROJECTED GRADIENT <= PGTOL
2.5,2.0,0.0,100,35,pdf,2.596951719430126,50.0,True,True,14,663257011.4135402,31.635456842729937,144,0.036436517999959506,CONVERGENCE: NORM OF PROJECTED GRADIENT <= PGTOL
2.5,2.0,0.0,100,35,mle,2.5175491231543385,2.1704761514850834,True,False,14,663257011.4135402,491.634845631036,93,0.004357154999979684,CONVERGENCE: NORM OF PROJECTED GRADIENT <= PGTOL
2.5,2.0,0.0,100,35,qlog,nan,nan,False,False,14,663257011.4135402,nan,0,0.0041091900000083115,ningun candidato q-log valido
2.5,2.0,0.0,100,35,cdf,2.4443555338128706,1.5528436317686156,True,False,14,663257011.4135402,0.0006790336078694685,99,0.011398307000035857,CONVERGENCE: NORM OF PROJECTED GRADIENT <= PGTOL
2.5,2.0,0.0,100,36,pdf,2.5071524175183733,6.083288604074302,True,False,23,4876.4029447376715,32.024613928816045,129,0.04044560700003785,CONVERGENCE: RELATIVE REDUCTION OF F <= FACTR*EPSMCH
2.5,2.0,0.0,100,36,mle,2.360287538950547,0.9586852337374667,True,False,23,4876.4029447376715,405.3069553964734,81,0.0037120000000641085,CONVERGENCE: NORM OF PROJECTED GRADIENT <= PGTOL
2.5,2.0,0.0,100,36,qlog,nan,nan,False,False,23,4876.4029447376715,nan,0,0.004069780999998329,ningun candidato q-log valido
2.5,2.0,0.0,100,36,cdf,2.3830193026118347,1.098650449640023,True,False,23,4876.4029447376715,0.00031583385524014537,105,0.012187318999963281,CONVERGENCE: NORM OF PROJECTED GRADIENT <= PGTOL
2.5,2.0,0.0,100,37,pdf,2.4960296580369574,0.7956009408162369,True,False,21,692918.0052622883,37.27577055238038,105,0.01967731900003855,CONVERGENCE: NORM OF PROJECTED GRADIENT <= PGTOL
2.5,2.0,0.0,100,37,mle,2.508637893496637,2.17925676234422,True,False,21,692918.0052622883,482.2477348481251,111,0.0045166359999484484,CONVERGENCE: RELATIVE REDUCTION OF F <= FACTR*EPSMCH
2.5,2.0,0.0,100,37,qlog,nan,nan,False,False,21,692918.0052622883,nan,0,0.004107207999936691,ningun candidato q-log valido
2.5,2.0,0.0,100,37,cdf,2.5283074516634736,2.2801607279137692,True,False,21,692918.0052622883,0.0007953346210844927,117,0.01364482200006023,CONVERGENCE: NORM OF PROJECTED GRADIENT <= PGTOL
2.5,2.0,0.0,100,38,pdf,2.5310167204956007,7.941367934234251,True,False,19,39613397.68919176,41.081445110052165,183,0.046480418000101054,CONVERGENCE: RELATIVE REDUCTION OF F <= FACTR*EPSMCH
2.5,2.0,0.0,100,38,mle,2.47889991655703,2.1968990539161517,True,False,19,39613397.68919176,453.28787044588626,102,0.004563387999951374,CONVERGENCE: RELATIVE REDUCTION OF F <= FACTR*EPSMCH
2.5,2.0,0.0,100,38,qlog,nan,nan,False,False,19,39613397.68919176,nan,0,0.004359168000064528,ningun candidato q-log valido
2.5,2.0,0.0,100,38,cdf,2.507046960156738,3.2157201316870028,True,False,19,39613397.68919176,0.0021319171575939254,114,0.013526293000040823,CONVERGENCE: NORM OF PROJECTED GRADIENT <= PGTOL
2.5,2.0,0.0,100,39,pdf,2.420920388789439,0.761933579917333,True,False,21,5154935.852943015,46.57111586958318,105,0.02367280800001481,CONVERGENCE: NORM OF PROJECTED GRADIENT <= PGTOL
2.5,2.0,0.0,100,39,mle,2.4542952350884275,1.551691678085768,True,False,21,5154935.852943015,449.2106389530751,90,0.03611830700003793,CONVERGENCE: RELATIVE REDUCTION OF F <= FACTR*EPSMCH
2.5,2.0,0.0,100,39,qlog,nan,nan,False,False,21,5154935.852943015,nan,0,0.004232036000075823,ningun candidato q-log valido
2.5,2.0,0.0,100,39,cdf,2.4535646736376306,1.488797499911221,True,False,21,5154935.852943015,0.0004678403408189528,102,0.012201010000012502,CONVERGENCE: NORM OF PROJECTED GRADIENT <= PGTOL
2.5,2.0,0.0,100,40,pdf,2.4967517079399677,1.5595755800323672,True,False,19,1857261104.4932666,46.468498895905704,105,0.01869089800004531,CONVERGENCE: NORM OF PROJECTED GRADIENT <= PGTOL
2.5,2.0,0.0,100,40,mle,2.514056730265284,2.3848802081813965,True,False,19,1857261104.4932666,483.2881196175772,102,0.004462835000026644,CONVERGENCE: RELATIVE REDUCTION OF F <= FACTR*EPSMCH
2.5,2.0,0.0,100,40,qlog,nan,nan,False,False,19,1857261104.4932666,nan,0,0.004037992000007762,ningun candidato q-log valido
2.5,2.0,0.0,100,40,cdf,2.4846114424705825,2.036229910612194,True,False,19,1857261104.4932666,0.00013489383171871267,81,0.009797416999958841,CONVERGENCE: NORM OF PROJECTED GRADIENT <= PGTOL
2.5,2.0,0.0,100,41,pdf,2.5795457449002814,7.375288991696738,True,False,20,13284004.536302028,33.978279903911556,198,0.05284424499996021,CONVERGENCE: RELATIVE REDUCTION OF F <= FACTR*EPSMCH
2.5,2.0,0.0,100,41,mle,2.5542987205649523,3.599354740582854,True,False,20,13284004.536302028,507.77951762013663,111,0.004956731999982367,CONVERGENCE: RELATIVE REDUCTION OF F <= FACTR*EPSMCH
2.5,2.0,0.0,100,41,qlog,nan,nan,False,False,20,13284004.536302028,nan,0,0.004347510999991755,ningun candidato q-log valido
2.5,2.0,0.0,100,41,cdf,2.55587128611026,3.428462272380114,True,False,20,13284004.536302028,0.00033760563881291624,120,0.014304569000046286,CONVERGENCE: NORM OF PROJECTED GRADIENT <= PGTOL
2.5,2.0,0.0,100,42,pdf,2.620449853702274,50.0,True,True,17,299397674.42228925,34.96727558612077,153,0.027085103999979765,CONVERGENCE: NORM OF PROJECTED GRADIENT <= PGTOL
2.5,2.0,0.0,100,42,mle,2.5325788190286835,2.45871126687502,True,False,17,299397674.42228925,501.62035556311,99,0.004283623999981501,CONVERGENCE: NORM OF PROJECTED GRADIENT <= PGTOL
2.5,2.0,0.0,100,42,qlog,nan,nan,False,False,17,299397674.42228925,nan,0,0.004069550000053823,ningun candidato q-log valido
2.5,2.0,0.0,100,42,cdf,2.5231223608002074,1.9244951511710886,True,False,17,299397674.42228925,0.003839873883628807,81,0.039254958000014994,CONVERGENCE: NORM OF PROJECTED GRADIENT <= PGTOL
2.5,2.0,0.0,100,43,pdf,2.641312974454167,50.0,True,True,15,126557.00308127752,40.9053469975897,147,0.09465206100003343,CONVERGENCE: NORM OF PROJECTED GRADIENT <= PGTOL
2.5,2.0,0.0,100,43,mle,2.508047057391055,2.6407710321100497,True,False,15,126557.00308127752,472.0452539758197,108,0.040088488000037614,CONVERGENCE: NORM OF PROJECTED GRADIENT <= PGTOL
2.5,2.0,0.0,100,43,qlog,nan,nan,False,False,15,126557.00308127752,nan,0,0.004031122000014875,ningun candidato q-log valido
2.5,2.0,0.0,100,43,cdf,2.518396309095766,3.0793644018513917,True,False,15,126557.00308127752,0.0018660771832736637,108,0.016548870999940846,CONVERGENCE: NORM OF PROJECTED GRADIENT <= PGTOL
2.5,2.0,0.0,100,44,pdf,2.5235897576790673,3.353325173192316,True,False,20,6981340.69891167,32.10753210069096,129,0.039186715000028016,CONVERGENCE: RELATIVE REDUCTION OF F <= FACTR*EPSMCH
2.5,2.0,0.0,100,44,mle,2.4717188205762377,1.2160368354807158,True,False,20,6981340.69891167,476.40729410106064,90,0.003814586000089548,CONVERGENCE: RELATIVE REDUCTION OF F <= FACTR*EPSMCH
2.5,2.0,0.0,100,44,qlog,nan,nan,False,False,20,6981340.69891167,nan,0,0.004150753000089935,ningun candidato q-log valido
2.5,2.0,0.0,100,44,cdf,2.4995750063370803,1.6454010566714126,True,False,20,6981340.69891167,0.0031998070651581756,108,0.01295718299991222,CONVERGENCE: NORM OF PROJECTED GRADIENT <= PGTOL
2.5,2.0,0.0,100,45,pdf,2.531642146263342,3.2470654337783555,True,False,20,2870040.2659790274,47.198127715671156,162,0.030543910999995205,CONVERGENCE: RELATIVE REDUCTION OF F <= FACTR*EPSMCH
2.5,2.0,0.0,100,45,mle,2.488270523331235,1.6931616166704775,True,False,20,2870040.2659790274,474.97987059443335,102,0.004376715000034892,CONVERGENCE: NORM OF PROJECTED GRADIENT <= PGTOL
2.5,2.0,0.0,100,45,qlog,nan,nan,False,False,20,2870040.2659790274,nan,0,0.004073927000035837,ningun candidato q-log valido
2.5,2.0,0.0,100,45,cdf,2.470644891520688,1.5712044334377506,True,False,20,2870040.2659790274,0.0005227313675272357,108,0.01247459399996842,CONVERGENCE: NORM OF PROJECTED GRADIENT <= PGTOL
2.5,2.0,0.0,100,46,pdf,2.6873997310421225,25.944948701835816,True,False,18,192619.35864748486,34.64346247355994,267,0.06665496300001905,CONVERGENCE: NORM OF PROJECTED GRADIENT <= PGTOL
2.5,2.0,0.0,100,46,mle,2.5537125002529364,2.0444040151229452,True,False,18,192619.35864748486,535.3518033879704,120,0.004333389000066745,CONVERGENCE: RELATIVE REDUCTION OF F <= FACTR*EPSMCH
2.5,2.0,0.0,100,46,qlog,nan,nan,False,False,18,192619.35864748486,nan,0,0.0036396009999180023,ningun candidato q-log valido
2.5,2.0,0.0,100,46,cdf,2.548165959916465,1.8336351862534888,True,False,18,192619.35864748486,0.0009310235519443609,117,0.012635517000035179,CONVERGENCE: NORM OF PROJECTED GRADIENT <= PGTOL
2.5,2.0,0.0,100,47,pdf,2.515203966983048,3.2308176927511068,True,False,27,472370.879060052,54.79341364279538,162,0.04871856099998695,CONVERGENCE: NORM OF PROJECTED GRADIENT <= PGTOL
2.5,2.0,0.0,100,47,mle,2.4954532843948334,3.405488081298534,True,False,27,472370.879060052,446.88548650240364,123,0.006822880999948211,CONVERGENCE: NORM OF PROJECTED GRADIENT <= PGTOL
2.5,2.0,0.0,100,47,qlog,nan,nan,False,False,27,472370.879060052,nan,0,0.0040411770000901015,ningun candidato q-log valido
2.5,2.0,0.0,100,47,cdf,2.5562686265762595,5.826084124816826,True,False,27,472370.879060052,0.003836674856974654,129,0.01540430100010326,CONVERGENCE: NORM OF PROJECTED GRADIENT <= PGTOL
2.5,2.0,0.0,100,48,pdf,2.555102635333779,3.017966726312413,True,False,15,186920570.3224402,50.603576307065545,174,0.03217669000002843,CONVERGENCE: RELATIVE REDUCTION OF F <= FACTR*EPSMCH
2.5,2.0,0.0,100,48,mle,2.529114678210715,2.079700956451922,True,False,15,186920570.3224402,506.1679915911843,105,0.006063665000056062,CONVERGENCE: RELATIVE REDUCTION OF F <= FACTR*EPSMCH
2.5,2.0,0.0,100,48,qlog,nan,nan,False,False,15,186920570.3224402,nan,0,0.004071082999985265,ningun candidato q-log valido
2.5,2.0,0.0,100,48,cdf,2.4985172671584372,1.513487885176877,True,False,15,186920570.3224402,0.001496039951350617,105,0.039102726999999504,CONVERGENCE: NORM OF PROJECTED GRADIENT <= PGTOL
2.5,2.0,0.0,100,49,pdf,2.5006306629896575,0.9387149343110929,True,False,19,244643.5704647662,44.4097700093342,102,0.01971302200001901,CONVERGENCE: RELATIVE REDUCTION OF F <= FACTR*EPSMCH
2.5,2.0,0.0,100,49,mle,2.492431922417416,1.6740746908499458,True,False,19,244643.5704647662,479.49096328904693,99,0.004905644000018583,CONVERGENCE: RELATIVE REDUCTION OF F <= FACTR*EPSMCH
2.5,2.0,0.0,100,49,qlog,nan,nan,False,False,19,244643.5704647662,nan,0,0.0040837520000422955,ningun candidato q-log valido
2.5,2.0,0.0,100,49,cdf,2.5252825141188673,2.2383190809696845,True,False,19,244643.5704647662,0.0006932977947621732,108,0.012840276000019912,CONVERGENCE: NORM OF PROJECTED GRADIENT <= PGTOL
2.5,2.0,0.0,100,50,pdf,2.5532365212395014,3.8430968167197257,True,False,21,230015547.70317397,28.217513683369134,144,0.039922726999975566,CONVERGENCE: RELATIVE REDUCTION OF F <= FACTR*EPSMCH
2.5,2.0,0.0,100,50,mle,2.5537479300528143,2.8716503760682426,True,False,21,230015547.70317397,518.4055353621407,108,0.004572560999918096,CONVERGENCE: RELATIVE REDUCTION OF F <= FACTR*EPSMCH
2.5,2.0,0.0,100,50,qlog,nan,nan,False,False,21,230015547.70317397,nan,0,0.0041153800000302,ningun candidato q-log valido
2.5,2.0,0.0,100,50,cdf,2.5497369023501566,2.095732993475587,True,False,21,230015547.70317397,0.00045420122481674876,84,0.009508449999998447,CONVERGENCE: NORM OF PROJECTED GRADIENT <= PGTOL
2.5,2.0,0.0,100,51,pdf,2.5930563405787543,17.77942500556666,True,False,19,1177401.6471483845,41.50546442786582,183,0.03292488100009905,CONVERGENCE: RELATIVE REDUCTION OF F <= FACTR*EPSMCH
2.5,2.0,0.0,100,51,mle,2.520104876690383,2.6956700095055193,True,False,19,1177401.6471483845,483.49206565618556,108,0.004636527999991813,CONVERGENCE: RELATIVE REDUCTION OF F <= FACTR*EPSMCH
2.5,2.0,0.0,100,51,qlog,nan,nan,False,False,19,1177401.6471483845,nan,0,0.004030210999985684,ningun candidato q-log valido
2.5,2.0,0.0,100,51,cdf,2.5015160931815266,2.105585771327629,True,False,19,1177401.6471483845,0.0007285846283404472,108,0.012025024999957168,CONVERGENCE: NORM OF PROJECTED GRADIENT <= PGTOL
2.5,2.0,0.0,100,52,pdf,2.6431835025423656,19.015804088684717,True,False,21,16486.3366332317,47.06783581441898,219,0.057713404000082846,CONVERGENCE: RELATIVE REDUCTION OF F <= FACTR*EPSMCH
2.5,2.0,0.0,100,52,mle,2.4746594571386584,1.1302742240187333,True,False,21,16486.3366332317,482.6870262808688,93,0.00441892900005314,CONVERGENCE: NORM OF PROJECTED GRADIENT <= PGTOL
2.5,2.0,0.0,100,52,qlog,nan,nan,False,False,21,16486.3366332317,nan,0,0.004303193999930954,ningun candidato q-log valido
2.5,2.0,0.0,100,52,cdf,2.5065399835045086,1.2445811417652015,True,False,21,16486.3366332317,0.003967117360051266,120,0.014945337000085601,CONVERGENCE: NORM OF PROJECTED GRADIENT <= PGTOL
2.5,2.0,0.0,100,53,pdf,2.6407589337211883,50.0,True,True,17,28374395.61551454,40.048748977751664,165,0.049265166000054705,CONVERGENCE: NORM OF PROJECTED GRADIENT <= PGTOL
2.5,2.0,0.0,100,53,mle,2.5579538975238423,1.7754756656673636,True,False,17,28374395.61551454,547.5814933615779,99,0.0033844650000673937,CONVERGENCE: RELATIVE REDUCTION OF F <= FACTR*EPSMCH
2.5,2.0,0.0,100,53,qlog,nan,nan,False,False,17,28374395.61551454,nan,0,0.003235479999943891,ningun candidato q-log valido
2.5,2.0,0.0,100,53,cdf,2.5235967413899454,1.1166170004985316,True,False,17,28374395.61551454,0.0009829757287724806,126,0.01957069299999148,CONVERGENCE: NORM OF PROJECTED GRADIENT <= PGTOL
2.5,2.0,0.0,100,54,pdf,2.4484727964547583,1.2583418208250177,True,False,21,9468904.856764792,43.421440115502485,102,0.01979915300000812,CONVERGENCE: RELATIVE REDUCTION OF F <= FACTR*EPSMCH
2.5,2.0,0.0,100,54,mle,2.4786368187453016,2.67885546714167,True,False,21,9468904.856764792,443.1312774246601,114,0.0047734539999737535,CONVERGENCE: RELATIVE REDUCTION OF F <= FACTR*EPSMCH
2.5,2.0,0.0,100,54,qlog,nan,nan,False,False,21,9468904.856764792,nan,0,0.0031372710000141524,ningun candidato q-log valido
2.5,2.0,0.0,100,54,cdf,2.5635147152812072,5.258853479620388,True,False,21,9468904.856764792,0.005079996954842663,123,0.012255843000048117,CONVERGENCE: NORM OF PROJECTED GRADIENT <= PGTOL
2.5,2.0,0.0,100,55,pdf,2.625077418878134,40.4535400583071,True,False,18,6523067.8112836275,30.933684453733616,219,0.21519324899998082,CONVERGENCE: RELATIVE REDUCTION OF F <= FACTR*EPSMCH
2.5,2.0,0.0,100,55,mle,2.556600136541835,2.977607627060852,True,False,18,6523067.8112836275,520.0663118139274,108,0.005010232000017822,CONVERGENCE: RELATIVE REDUCTION OF F <= FACTR*EPSMCH
2.5,2.0,0.0,100,55,qlog,nan,nan,False,False,18,6523067.8112836275,nan,0,0.0041110539999635876,ningun candidato q-log valido
2.5,2.0,0.0,100,55,cdf,2.565028346551107,2.9324918721745754,True,False,18,6523067.8112836275,0.00024128839720260486,123,0.013865484999996625,CONVERGENCE: NORM OF PROJECTED GRADIENT <= PGTOL
2.5,2.0,0.0,100,56,pdf,2.627086934935055,24.00723961529422,True,False,22,6023226.921895485,34.99297107671309,255,0.044026698999914515,CONVERGENCE: RELATIVE REDUCTION OF F <= FACTR*EPSMCH
2.5,2.0,0.0,100,56,mle,2.5579474649336027,2.08445277904637,True,False,22,6023226.921895485,539.5517576787214,105,0.004100407000009909,CONVERGENCE: RELATIVE REDUCTION OF F <= FACTR*EPSMCH
2.5,2.0,0.0,100,56,qlog,nan,nan,False,False,22,6023226.921895485,nan,0,0.0034704650000776383,ningun candidato q-log valido
2.5,2.0,0.0,100,56,cdf,2.5415978716535554,1.0796796069997547,True,False,22,6023226.921895485,0.0030652135713921135,120,0.014446824000060587,CONVERGENCE: NORM OF PROJECTED GRADIENT <= PGTOL
2.5,2.0,0.0,100,57,pdf,2.5892383161866213,27.540265234050715,True,False,16,5222571845.641589,37.96621543290975,234,0.05068988400000762,CONVERGENCE: RELATIVE REDUCTION OF F <= FACTR*EPSMCH
2.5,2.0,0.0,100,57,mle,2.5023224709559178,1.0063007949034017,True,False,16,5222571845.641589,514.5565673085521,99,0.005015490000005229,CONVERGENCE: RELATIVE REDUCTION OF F <= FACTR*EPSMCH
2.5,2.0,0.0,100,57,qlog,nan,nan,False,False,16,5222571845.641589,nan,0,0.004011392000052183,ningun candidato q-log valido
2.5,2.0,0.0,100,57,cdf,2.4785833011215828,0.8611096570332105,True,False,16,5222571845.641589,0.0004622140501116445,135,0.0388544230000889,CONVERGENCE: NORM OF PROJECTED GRADIENT <= PGTOL
2.5,2.0,0.0,100,58,pdf,2.6611286316710676,50.0,True,True,18,835616.9969283609,39.64041732045627,147,0.04322855299994899,CONVERGENCE: NORM OF PROJECTED GRADIENT <= PGTOL
2.5,2.0,0.0,100,58,mle,2.563938134793083,4.150198110691648,True,False,18,835616.9969283609,512.590899350176,114,0.0059168129999989105,CONVERGENCE: RELATIVE REDUCTION OF F <= FACTR*EPSMCH
2.5,2.0,0.0,100,58,qlog,nan,nan,False,False,18,835616.9969283609,nan,0,0.00486287999990509,ningun candidato q-log valido
2.5,2.0,0.0,100,58,cdf,2.5771241697402436,4.69787154519784,True,False,18,835616.9969283609,0.0013159824746990807,132,0.016573487999949066,CONVERGENCE: NORM OF PROJECTED GRADIENT <= PGTOL
2.5,2.0,0.0,100,59,pdf,2.5268257133223218,0.6851118450348391,True,False,24,1463589.8540637502,44.23205724258835,111,0.022651384000027974,CONVERGENCE: NORM OF PROJECTED GRADIENT <= PGTOL
2.5,2.0,0.0,100,59,mle,2.502896962413719,0.8949911612960625,True,False,24,1463589.8540637502,520.9870931506048,93,0.006441385000016453,CONVERGENCE: NORM OF PROJECTED GRADIENT <= PGTOL
2.5,2.0,0.0,100,59,qlog,nan,nan,False,False,24,1463589.8540637502,nan,0,0.004538589999924625,ningun candidato q-log valido
2.5,2.0,0.0,100,59,cdf,2.5251979517081296,1.2024460281509668,True,False,24,1463589.8540637502,0.0008445336875745633,114,0.02602836699998079,CONVERGENCE: NORM OF PROJECTED GRADIENT <= PGTOL
2.5,2.0,0.0,100,60,pdf,2.5595039582513013,46.98906588020643,True,False,19,108842.73209956144,34.5366439763632,216,0.043972918000008576,CONVERGENCE: RELATIVE REDUCTION OF F <= FACTR*EPSMCH
2.5,2.0,0.0,100,60,mle,2.433797017058106,2.3925276974182896,True,False,19,108842.73209956144,410.9870956592117,99,0.005447343000014371,CONVERGENCE: RELATIVE REDUCTION OF F <= FACTR*EPSMCH
2.5,2.0,0.0,100,60,qlog,nan,nan,False,False,19,108842.73209956144,nan,0,0.00414140899999893,ningun candidato q-log valido
2.5,2.0,0.0,100,60,cdf,2.4176854897849527,2.0504391635709815,True,False,19,108842.73209956144,0.0003494804232313348,72,0.00944125000000895,CONVERGENCE: NORM OF PROJECTED GRADIENT <= PGTOL
2.5,2.0,0.0,100,61,pdf,2.4581666372335813,1.2546992216440758,True,False,24,47340.83395267385,47.50630158594781,99,0.045346884000082355,CONVERGENCE: NORM OF PROJECTED GRADIENT <= PGTOL
2.5,2.0,0.0,100,61,mle,2.4320807483659013,1.3075450729658775,True,False,24,47340.83395267385,439.85901865992963,108,0.006570399999986876,CONVERGENCE: RELATIVE REDUCTION OF F <= FACTR*EPSMCH
2.5,2.0,0.0,100,61,qlog,nan,nan,False,False,24,47340.83395267385,nan,0,0.00427866699999413,ningun candidato q-log valido
2.5,2.0,0.0,100,61,cdf,2.4853860808333943,1.5853123283906039,True,False,24,47340.83395267385,0.004860926172343377,105,0.028845985999964796,CONVERGENCE: NORM OF PROJECTED GRADIENT <= PGTOL
2.5,2.0,0.0,100,62,pdf,2.4216855104237656,0.5387430307045764,True,False,16,232853.9460208826,37.82823485832018,105,0.024475532000110434,CONVERGENCE: NORM OF PROJECTED GRADIENT <= PGTOL
2.5,2.0,0.0,100,62,mle,2.5409299610434863,10.636487153036693,True,False,16,232853.9460208826,437.82225063849774,138,0.020496748000027765,CONVERGENCE: NORM OF PROJECTED GRADIENT <= PGTOL
2.5,2.0,0.0,100,62,qlog,nan,nan,False,False,16,232853.9460208826,nan,0,0.004202522000014142,ningun candidato q-log valido
2.5,2.0,0.0,100,62,cdf,2.597557838022671,10.842258782077435,True,False,16,232853.9460208826,0.004414655821006462,144,0.01620380000008481,CONVERGENCE: NORM OF PROJECTED GRADIENT <= PGTOL
2.5,2.0,0.0,100,63,pdf,2.4900204149055534,2.6778263043389936,True,False,16,356560104.34940356,42.96342965908747,141,0.024977089000003616,CONVERGENCE: RELATIVE REDUCTION OF F <= FACTR*EPSMCH
2.5,2.0,0.0,100,63,mle,2.477942647112937,2.620488181195441,True,False,16,356560104.34940356,443.60241696814245,108,0.004967206999936025,CONVERGENCE: RELATIVE REDUCTION OF F <= FACTR*EPSMCH
2.5,2.0,0.0,100,63,qlog,nan,nan,False,False,16,356560104.34940356,nan,0,0.004064663000008295,ningun candidato q-log valido
2.5,2.0,0.0,100,63,cdf,2.451153219824796,2.5558981647192507,True,False,16,356560104.34940356,0.0005082870776889344,102,0.015301776000001155,CONVERGENCE: NORM OF PROJECTED GRADIENT <= PGTOL
2.5,2.0,0.0,100,64,pdf,2.354479582105796,0.4106357250119725,True,False,29,942962.8072205184,51.95739788899339,111,0.040034906000073534,CONVERGENCE: RELATIVE REDUCTION OF F <= FACTR*EPSMCH
2.5,2.0,0.0,100,64,mle,2.4147361932658438,1.0968344912813126,True,False,29,942962.8072205184,435.52577732319435,90,0.0037341040000455905,CONVERGENCE: RELATIVE REDUCTION OF F <= FACTR*EPSMCH
2.5,2.0,0.0,100,64,qlog,nan,nan,False,False,29,942962.8072205184,nan,0,0.004018263000034494,ningun candidato q-log valido
2.5,2.0,0.0,100,64,cdf,2.4776218519103335,1.5900023030412294,True,False,29,942962.8072205184,0.0009916674022999398,117,0.013791253000022152,CONVERGENCE: NORM OF PROJECTED GRADIENT <= PGTOL
2.5,2.0,0.0,100,65,pdf,2.45313201527951,5.734884343824199,True,False,24,63685.057599021085,36.73019372196122,117,0.02138565200004905,CONVERGENCE: RELATIVE REDUCTION OF F <= FACTR*EPSMCH
2.5,2.0,0.0,100,65,mle,2.412148240145142,3.9841658737432812,True,False,24,63685.057599021085,369.13377935450796,99,0.004043670999976712,CONVERGENCE: RELATIVE REDUCTION OF F <= FACTR*EPSMCH
2.5,2.0,0.0,100,65,qlog,nan,nan,False,False,24,63685.057599021085,nan,0,0.0039941859999999,ningun candidato q-log valido
2.5,2.0,0.0,100,65,cdf,2.420757287028771,4.044713278492784,True,False,24,63685.057599021085,0.0011123982956595941,114,0.013466211999912048,CONVERGENCE: NORM OF PROJECTED GRADIENT <= PGTOL
2.5,2.0,0.0,100,66,pdf,2.440861931523648,0.8041655195592673,True,False,20,90108.4727651285,45.77465191751005,105,0.0356882430000951,CONVERGENCE: RELATIVE REDUCTION OF F <= FACTR*EPSMCH
2.5,2.0,0.0,100,66,mle,2.4033155144793947,0.5295631387091895,True,False,20,90108.4727651285,463.6741324837272,99,0.004533040999945115,CONVERGENCE: RELATIVE REDUCTION OF F <= FACTR*EPSMCH
2.5,2.0,0.0,100,66,qlog,nan,nan,False,False,20,90108.4727651285,nan,0,0.004350115000079313,ningun candidato q-log valido
2.5,2.0,0.0,100,66,cdf,2.4156536494705785,0.5640317306005497,True,False,20,90108.4727651285,0.00019815941296000096,129,0.015019079000012425,CONVERGENCE: NORM OF PROJECTED GRADIENT <= PGTOL
2.5,2.0,0.0,100,67,pdf,2.4933974939486685,2.895331128384235,True,False,19,13463242497.34741,42.78699247641138,126,0.022885817999963365,CONVERGENCE: NORM OF PROJECTED GRADIENT <= PGTOL
2.5,2.0,0.0,100,67,mle,2.4904401307022703,2.4089914279745916,True,False,19,13463242497.34741,459.3983025868638,108,0.004513741999971899,CONVERGENCE: NORM OF PROJECTED GRADIENT <= PGTOL
2.5,2.0,0.0,100,67,qlog,nan,nan,False,False,19,13463242497.34741,nan,0,0.003979964999984986,ningun candidato q-log valido
2.5,2.0,0.0,100,67,cdf,2.4242356585281675,1.2858673229328883,True,False,19,13463242497.34741,0.001003764731654575,111,0.012740955999902326,CONVERGENCE: NORM OF PROJECTED GRADIENT <= PGTOL
2.5,2.0,0.0,100,68,pdf,2.547735824730252,2.394434679958127,True,False,23,70745961.20663056,44.970317276322014,174,0.04426696199993785,CONVERGENCE: NORM OF PROJECTED GRADIENT <= PGTOL
2.5,2.0,0.0,100,68,mle,2.5532197475539653,3.82866620472841,True,False,23,70745961.20663056,503.3854663823721,114,0.006058897999992041,CONVERGENCE: RELATIVE REDUCTION OF F <= FACTR*EPSMCH
2.5,2.0,0.0,100,68,qlog,nan,nan,False,False,23,70745961.20663056,nan,0,0.004177663999939796,ningun candidato q-log valido
2.5,2.0,0.0,100,68,cdf,2.5740003253320656,4.251767729671839,True,False,23,70745961.20663056,0.0016713864051967214,123,0.013892336000026262,CONVERGENCE: NORM OF PROJECTED GRADIENT <= PGTOL
2.5,2.0,0.0,100,69,pdf,2.645435929249249,50.0,True,True,16,1340194.9499834483,46.28954773429684,231,0.054498856000009255,CONVERGENCE: RELATIVE REDUCTION OF F <= FACTR*EPSMCH
2.5,2.0,0.0,100,69,mle,2.55062728642449,3.417133389242246,True,False,16,1340194.9499834483,505.9571035049864,117,0.005649167999990823,CONVERGENCE: RELATIVE REDUCTION OF F <= FACTR*EPSMCH
2.5,2.0,0.0,100,69,qlog,nan,nan,False,False,16,1340194.9499834483,nan,0,0.004084093000074063,ningun candidato q-log valido
2.5,2.0,0.0,100,69,cdf,2.5396311037850205,3.3052933422507484,True,False,16,1340194.9499834483,0.00026291249505202717,114,0.013400012000033712,CONVERGENCE: NORM OF PROJECTED GRADIENT <= PGTOL
2.5,2.0,0.0,100,70,pdf,2.569889057468737,17.203690360216605,True,False,16,22978024.64813478,33.619722493237234,222,0.03913053000007949,CONVERGENCE: RELATIVE REDUCTION OF F <= FACTR*EPSMCH
2.5,2.0,0.0,100,70,mle,2.516595633670303,2.823120190276312,True,False,16,22978024.64813478,477.4923364316612,108,0.004739734000054341,CONVERGENCE: RELATIVE REDUCTION OF F <= FACTR*EPSMCH
2.5,2.0,0.0,100,70,qlog,nan,nan,False,False,16,22978024.64813478,nan,0,0.004021258000079797,ningun candidato q-log valido
2.5,2.0,0.0,100,70,cdf,2.4896007672168783,2.1224084175401603,True,False,16,22978024.64813478,0.0006877590955031976,111,0.03197722899994915,CONVERGENCE: NORM OF PROJECTED GRADIENT <= PGTOL
2.5,2.0,0.0,100,71,pdf,2.5490108359326187,14.724092287144758,True,False,20,37258.196582730336,33.908670028146446,180,0.03233787299996038,CONVERGENCE: RELATIVE REDUCTION OF F <= FACTR*EPSMCH
2.5,2.0,0.0,100,71,mle,2.4285553449276813,1.8340357615996399,True,False,20,37258.196582730336,420.2152553110856,90,0.003778821000082644,CONVERGENCE: NORM OF PROJECTED GRADIENT <= PGTOL
2.5,2.0,0.0,100,71,qlog,nan,nan,False,False,20,37258.196582730336,nan,0,0.004008108000107313,ningun candidato q-log valido
2.5,2.0,0.0,100,71,cdf,2.4087123850464325,1.4648369907949261,True,False,20,37258.196582730336,0.0012717151639763606,102,0.012737070000071071,CONVERGENCE: NORM OF PROJECTED GRADIENT <= PGTOL
2.5,2.0,0.0,100,72,pdf,2.5196444953854806,2.9811257346355307,True,False,20,139147827.482293,35.082757044536834,129,0.04124922099993,CONVERGENCE: RELATIVE REDUCTION OF F <= FACTR*EPSMCH
2.5,2.0,0.0,100,72,mle,2.4825666778022595,1.005745968510608,True,False,20,139147827.482293,495.7117737325043,90,0.0038724820000197724,CONVERGENCE: NORM OF PROJECTED GRADIENT <= PGTOL
2.5,2.0,0.0,100,72,qlog,nan,nan,False,False,20,139147827.482293,nan,0,0.0039890489999834244,ningun candidato q-log valido
2.5,2.0,0.0,100,72,cdf,2.456511200640712,0.7600758191071271,True,False,20,139147827.482293,0.004009799060279821,120,0.014124658000014279,CONVERGENCE: NORM OF PROJECTED GRADIENT <= PGTOL
2.5,2.0,0.0,100,73,pdf,2.4823868841568144,3.3262195382474724,True,False,26,577333.1201156715,46.186497335208294,138,0.027111864999938007,CONVERGENCE: RELATIVE REDUCTION OF F <= FACTR*EPSMCH
2.5,2.0,0.0,100,73,mle,2.4530965478531046,2.2444126693674398,True,False,26,577333.1201156715,429.7554969151637,117,0.00488728599998467,CONVERGENCE: RELATIVE REDUCTION OF F <= FACTR*EPSMCH
2.5,2.0,0.0,100,73,qlog,nan,nan,False,False,26,577333.1201156715,nan,0,0.004097072000035951,ningun candidato q-log valido
2.5,2.0,0.0,100,73,cdf,2.491248203516088,2.794732280140019,True,False,26,577333.1201156715,0.002709832146401926,105,0.012640003999990768,CONVERGENCE: NORM OF PROJECTED GRADIENT <= PGTOL
2.5,2.0,0.0,100,74,pdf,2.598772688137252,50.0,True,True,18,1581882.4755743316,31.256601898205865,183,0.041652551000083804,CONVERGENCE: NORM OF PROJECTED GRADIENT <= PGTOL
2.5,2.0,0.0,100,74,mle,2.4954163859547567,2.8926914719364416,True,False,18,1581882.4755743316,455.009927762144,129,0.004437947000042186,CONVERGENCE: RELATIVE REDUCTION OF F <= FACTR*EPSMCH
2.5,2.0,0.0,100,74,qlog,nan,nan,False,False,18,1581882.4755743316,nan,0,0.003052774000025238,ningun candidato q-log valido
2.5,2.0,0.0,100,74,cdf,2.490653272179602,2.8890950836146643,True,False,18,1581882.4755743316,0.001539726450396987,108,0.011774475000038365,CONVERGENCE: NORM OF PROJECTED GRADIENT <= PGTOL
2.5,2.0,0.0,100,75,pdf,2.5250338184632817,1.6659751024192755,True,False,21,80465682.90338905,43.88061303421349,108,0.01554284100006953,CONVERGENCE: RELATIVE REDUCTION OF F <= FACTR*EPSMCH
2.5,2.0,0.0,100,75,mle,2.5164086023413303,1.9656626913659003,True,False,21,80465682.90338905,495.39754105804616,111,0.004868368000074952,CONVERGENCE: RELATIVE REDUCTION OF F <= FACTR*EPSMCH
2.5,2.0,0.0,100,75,qlog,nan,nan,False,False,21,80465682.90338905,nan,0,0.004064342999981818,ningun candidato q-log valido
2.5,2.0,0.0,100,75,cdf,2.5096671429290627,1.9653741176818447,True,False,21,80465682.90338905,0.00020331949786258233,78,0.00972120200003701,CONVERGENCE: NORM OF PROJECTED GRADIENT <= PGTOL
2.5,2.0,0.0,100,76,pdf,2.57879337848995,50.0,True,True,16,2105050107.9234104,38.57133969113271,156,0.043111036000027525,CONVERGENCE: NORM OF PROJECTED GRADIENT <= PGTOL
2.5,2.0,0.0,100,76,mle,2.5171320410238507,2.961120526080571,True,False,16,2105050107.9234104,475.66696226734143,120,0.005487803999926655,CONVERGENCE: RELATIVE REDUCTION OF F <= FACTR*EPSMCH
2.5,2.0,0.0,100,76,qlog,nan,nan,False,False,16,2105050107.9234104,nan,0,0.004066635999947721,ningun candidato q-log valido
2.5,2.0,0.0,100,76,cdf,2.4603122132893396,2.192882463702983,True,False,16,2105050107.9234104,0.0002780737401858967,105,0.013855680000006032,CONVERGENCE: NORM OF PROJECTED GRADIENT <= PGTOL
2.5,2.0,0.0,100,77,pdf,2.654051553154017,50.0,True,True,20,3413329.0080644414,36.16515876516269,168,0.04513747800001511,CONVERGENCE: NORM OF PROJECTED GRADIENT <= PGTOL
2.5,2.0,0.0,100,77,mle,2.569775833092463,2.3586547426698012,True,False,20,3413329.0080644414,548.3099788343445,111,0.01928249299999152,CONVERGENCE: NORM OF PROJECTED GRADIENT <= PGTOL
2.5,2.0,0.0,100,77,qlog,nan,nan,False,False,20,3413329.0080644414,nan,0,0.004035179000084099,ningun candidato q-log valido
2.5,2.0,0.0,100,77,cdf,2.5885383323878313,2.3736510842457306,True,False,20,3413329.0080644414,0.0014608339039211809,123,0.013839555999993536,CONVERGENCE: NORM OF PROJECTED GRADIENT <= PGTOL
2.5,2.0,0.0,100,78,pdf,2.54446688258955,5.8978612493597575,True,False,21,86421.81347562672,36.791773615922224,153,0.027159367000081147,CONVERGENCE: RELATIVE REDUCTION OF F <= FACTR*EPSMCH
2.5,2.0,0.0,100,78,mle,2.447162200688189,1.3317123081230238,True,False,21,86421.81347562672,450.9600551813361,90,0.003702043999965099,CONVERGENCE: NORM OF PROJECTED GRADIENT <= PGTOL
2.5,2.0,0.0,100,78,qlog,nan,nan,False,False,21,86421.81347562672,nan,0,0.004178685999931986,ningun candidato q-log valido
2.5,2.0,0.0,100,78,cdf,2.438415696569654,1.3735887218246166,True,False,21,86421.81347562672,0.00034901994979261413,105,0.013472160999981497,CONVERGENCE: NORM OF PROJECTED GRADIENT <= PGTOL
2.5,2.0,0.0,100,79,pdf,2.4672414660679216,1.0540333358094283,True,False,19,85878.01417635882,47.38193473938412,99,0.03183780699998806,CONVERGENCE: NORM OF PROJECTED GRADIENT <= PGTOL
2.5,2.0,0.0,100,79,mle,2.409487328814223,0.5561309942756514,True,False,19,85878.01417635882,465.65321592890393,96,0.004031191999956718,CONVERGENCE: RELATIVE REDUCTION OF F <= FACTR*EPSMCH
2.5,2.0,0.0,100,79,qlog,nan,nan,False,False,19,85878.01417635882,nan,0,0.005270204999987982,ningun candidato q-log valido
2.5,2.0,0.0,100,79,cdf,2.3906828418865476,0.4522781902305756,True,False,19,85878.01417635882,0.0012117695058529883,138,0.01685215899999548,CONVERGENCE: NORM OF PROJECTED GRADIENT <= PGTOL
2.5,2.0,0.0,100,80,pdf,2.5275618729758524,1.1880870949395996,True,False,24,6630.733930826953,40.67670846305917,108,0.021346020999999382,CONVERGENCE: RELATIVE REDUCTION OF F <= FACTR*EPSMCH
2.5,2.0,0.0,100,80,mle,2.451824725551187,1.205671962106119,True,False,24,6630.733930826953,459.7686174602681,90,0.005716249999977663,CONVERGENCE: NORM OF PROJECTED GRADIENT <= PGTOL
2.5,2.0,0.0,100,80,qlog,nan,nan,False,False,24,6630.733930826953,nan,0,0.004437145999986569,ningun candidato q-log valido
2.5,2.0,0.0,100,80,cdf,2.478430298558751,1.2366980443260391,True,False,24,6630.733930826953,0.0013292785473239341,114,0.010712520000083714,CONVERGENCE: NORM OF PROJECTED GRADIENT <= PGTOL
2.5,2.0,0.0,100,81,pdf,2.5071548348864274,0.3807156400252168,True,False,17,1658084.2399304898,33.340917842273925,114,0.033249682000018765,CONVERGENCE: NORM OF PROJECTED GRADIENT <= PGTOL
2.5,2.0,0.0,100,81,mle,2.532926152961993,1.7215730601013681,True,False,17,1658084.2399304898,519.8265530839939,111,0.005016781999984232,CONVERGENCE: RELATIVE REDUCTION OF F <= FACTR*EPSMCH
2.5,2.0,0.0,100,81,qlog,nan,nan,False,False,17,1658084.2399304898,nan,0,0.0031159290000459805,ningun candidato q-log valido
2.5,2.0,0.0,100,81,cdf,2.558785804501901,2.239677291667501,True,False,17,1658084.2399304898,0.0006260226107826996,123,0.014516339000010703,CONVERGENCE: NORM OF PROJECTED GRADIENT <= PGTOL
2.5,2.0,0.0,100,82,pdf,2.5246853869823536,2.1394164731772403,True,False,20,3578412.7159144217,40.59887387790588,117,0.018817039000055047,CONVERGENCE: RELATIVE REDUCTION OF F <= FACTR*EPSMCH
2.5,2.0,0.0,100,82,mle,2.527599350042607,3.0991763670943273,True,False,20,3578412.7159144217,484.5662642965057,111,0.007674007999980859,CONVERGENCE: RELATIVE REDUCTION OF F <= FACTR*EPSMCH
2.5,2.0,0.0,100,82,qlog,nan,nan,False,False,20,3578412.7159144217,nan,0,0.003401161000056163,ningun candidato q-log valido
2.5,2.0,0.0,100,82,cdf,2.5413302162250844,3.1350037101295056,True,False,20,3578412.7159144217,0.000490657894100453,117,0.015346192000038172,CONVERGENCE: NORM OF PROJECTED GRADIENT <= PGTOL
2.5,2.0,0.0,100,83,pdf,2.4832664066811674,0.2736877241896184,True,False,25,218646.87549429972,62.33983649570226,117,0.035351357999957145,CONVERGENCE: NORM OF PROJECTED GRADIENT <= PGTOL
2.5,2.0,0.0,100,83,mle,2.551265893030645,3.2869421403610435,True,False,25,218646.87549429972,508.6634437216274,117,0.005998466000050939,CONVERGENCE: RELATIVE REDUCTION OF F <= FACTR*EPSMCH
2.5,2.0,0.0,100,83,qlog,nan,nan,False,False,25,218646.87549429972,nan,0,0.0038433689999237686,ningun candidato q-log valido
2.5,2.0,0.0,100,83,cdf,2.6100378496868446,4.280466323161044,True,False,25,218646.87549429972,0.0043940622891172065,132,0.015791897000099198,CONVERGENCE: NORM OF PROJECTED GRADIENT <= PGTOL
2.5,2.0,0.0,100,84,pdf,2.522036868756681,0.27277680645838337,True,False,18,34051.9112010805,43.74611596097051,111,0.01953403300001355,CONVERGENCE: RELATIVE REDUCTION OF F <= FACTR*EPSMCH
2.5,2.0,0.0,100,84,mle,2.5237877368280897,3.3497889367237885,True,False,18,34051.9112010805,476.55557001891236,126,0.004841736999992463,CONVERGENCE: RELATIVE REDUCTION OF F <= FACTR*EPSMCH
2.5,2.0,0.0,100,84,qlog,nan,nan,False,False,18,34051.9112010805,nan,0,0.0042444550000482195,ningun candidato q-log valido
2.5,2.0,0.0,100,84,cdf,2.555021619627216,4.42480737573002,True,False,18,34051.9112010805,0.00042902663659089864,123,0.013638312000011865,CONVERGENCE: NORM OF PROJECTED GRADIENT <= PGTOL
2.5,2.0,0.0,100,85,pdf,2.591516571355943,37.10243322254365,True,False,22,2055968.8326640627,52.65535174071507,213,0.05534916199997042,CONVERGENCE: RELATIVE REDUCTION OF F <= FACTR*EPSMCH
2.5,2.0,0.0,100,85,mle,2.476300867480363,1.9413453130279723,True,False,22,2055968.8326640627,457.11678964673064,99,0.0042381849999628685,CONVERGENCE: NORM OF PROJECTED GRADIENT <= PGTOL
2.5,2.0,0.0,100,85,qlog,nan,nan,False,False,22,2055968.8326640627,nan,0,0.004083261000005223,ningun candidato q-log valido
2.5,2.0,0.0,100,85,cdf,2.461298909342237,2.0887349086333593,True,False,22,2055968.8326640627,0.0012311633147710783,102,0.011740424000095118,CONVERGENCE: NORM OF PROJECTED GRADIENT <= PGTOL
2.5,2.0,0.0,100,86,pdf,2.5307921256774253,5.438623074732981,True,False,20,1360617.6030205928,31.105213190772258,171,0.03022765499997604,CONVERGENCE: RELATIVE REDUCTION OF F <= FACTR*EPSMCH
2.5,2.0,0.0,100,86,mle,2.4679214979409982,2.0671791149432246,True,False,20,1360617.6030205928,446.5301384264574,99,0.018989488999977766,CONVERGENCE: NORM OF PROJECTED GRADIENT <= PGTOL
2.5,2.0,0.0,100,86,qlog,nan,nan,False,False,20,1360617.6030205928,nan,0,0.004026885999905971,ningun candidato q-log valido
2.5,2.0,0.0,100,86,cdf,2.464024937116811,2.2748957947557087,True,False,20,1360617.6030205928,0.0004406676045088822,102,0.011618910999914078,CONVERGENCE: NORM OF PROJECTED GRADIENT <= PGTOL
2.5,2.0,0.0,100,87,pdf,2.515519152333692,3.0088097468319517,True,False,24,92881.38984579049,38.53318591448334,153,0.026253086999986408,CONVERGENCE: RELATIVE REDUCTION OF F <= FACTR*EPSMCH
2.5,2.0,0.0,100,87,mle,2.4261377886467774,0.8300400366189489,True,False,24,92881.38984579049,458.0039684947536,93,0.0042767239999648154,CONVERGENCE: RELATIVE REDUCTION OF F <= FACTR*EPSMCH
2.5,2.0,0.0,100,87,qlog,nan,nan,False,False,24,92881.38984579049,nan,0,0.004039664999936576,ningun candidato q-log valido
2.5,2.0,0.0,100,87,cdf,2.425705777154723,0.866393206429854,True,False,24,92881.38984579049,0.00021771061715831187,117,0.01478843000006691,CONVERGENCE: NORM OF PROJECTED GRADIENT <= PGTOL
2.5,2.0,0.0,100,88,pdf,2.54447306418383,0.8436552483799116,True,False,18,85083060.38006629,40.89260559903792,114,0.037938528000040606,CONVERGENCE: NORM OF PROJECTED GRADIENT <= PGTOL
2.5,2.0,0.0,100,88,mle,2.5566432843719813,1.9573602895073308,True,False,18,85083060.38006629,541.0947445622803,102,0.0049327450000191675,CONVERGENCE: RELATIVE REDUCTION OF F <= FACTR*EPSMCH
2.5,2.0,0.0,100,88,qlog,nan,nan,False,False,18,85083060.38006629,nan,0,0.004074266999964493,ningun candidato q-log valido
2.5,2.0,0.0,100,88,cdf,2.5449757389667407,1.6830352543393199,True,False,18,85083060.38006629,0.00045673672617322443,93,0.011013684999966245,CONVERGENCE: NORM OF PROJECTED GRADIENT <= PGTOL
2.5,2.0,0.0,100,89,pdf,2.4230665382889973,2.266373701847838,True,False,24,5271.475121721434,53.513154935035686,129,0.023125230000005104,CONVERGENCE: RELATIVE REDUCTION OF F <= FACTR*EPSMCH
2.5,2.0,0.0,100,89,mle,2.327807001878619,0.9180604160975736,True,False,24,5271.475121721434,388.03497328580585,78,0.003299747000028219,CONVERGENCE: NORM OF PROJECTED GRADIENT <= PGTOL
2.5,2.0,0.0,100,89,qlog,nan,nan,False,False,24,5271.475121721434,nan,0,0.004123832000004768,ningun candidato q-log valido
2.5,2.0,0.0,100,89,cdf,2.2727913612023616,0.5396039565767671,True,False,24,5271.475121721434,0.003637553039000567,135,0.015876144000003478,CONVERGENCE: NORM OF PROJECTED GRADIENT <= PGTOL
2.5,2.0,0.0,100,90,pdf,2.4413115407004313,2.0344887087342163,True,False,22,102793.34498723752,41.30129260035521,162,0.042423445999929754,CONVERGENCE: NORM OF PROJECTED GRADIENT <= PGTOL
2.5,2.0,0.0,100,90,mle,2.421761913799496,2.3028145502999995,True,False,22,102793.34498723752,403.6683390169802,96,0.004312086000027193,CONVERGENCE: NORM OF PROJECTED GRADIENT <= PGTOL
2.5,2.0,0.0,100,90,qlog,nan,nan,False,False,22,102793.34498723752,nan,0,0.004059675000007701,ningun candidato q-log valido
2.5,2.0,0.0,100,90,cdf,2.4708427932406427,2.957965859248906,True,False,22,102793.34498723752,0.004025173593708537,99,0.012396044000070106,CONVERGENCE: NORM OF PROJECTED GRADIENT <= PGTOL
2.5,2.0,0.0,100,91,pdf,2.459939906577753,1.25670560848668,True,False,20,6160.039604338592,49.384777021140124,111,0.019968569000070602,CONVERGENCE: RELATIVE REDUCTION OF F <= FACTR*EPSMCH
2.5,2.0,0.0,100,91,mle,2.4478231494314575,2.536886868473281,True,False,20,6160.039604338592,419.2767209749549,99,0.004579290000037872,CONVERGENCE: RELATIVE REDUCTION OF F <= FACTR*EPSMCH
2.5,2.0,0.0,100,91,qlog,nan,nan,False,False,20,6160.039604338592,nan,0,0.004013585999928182,ningun candidato q-log valido
2.5,2.0,0.0,100,91,cdf,2.484794014033009,2.7831318156385607,True,False,20,6160.039604338592,0.00044407043495401006,117,0.014940349999960745,CONVERGENCE: NORM OF PROJECTED GRADIENT <= PGTOL
2.5,2.0,0.0,100,92,pdf,2.5559499823179648,9.048555337925444,True,False,21,46556.936170385015,46.31870495563288,174,0.04559561100006704,CONVERGENCE: RELATIVE REDUCTION OF F <= FACTR*EPSMCH
2.5,2.0,0.0,100,92,mle,2.4416256994945464,1.354164628967722,True,False,21,46556.936170385015,445.6438042001407,90,0.005026877999966928,CONVERGENCE: RELATIVE REDUCTION OF F <= FACTR*EPSMCH
2.5,2.0,0.0,100,92,qlog,nan,nan,False,False,21,46556.936170385015,nan,0,0.004034546999946542,ningun candidato q-log valido
2.5,2.0,0.0,100,92,cdf,2.4684321672808425,1.5571586279059066,True,False,21,46556.936170385015,0.0011993945172994584,102,0.01483291800002462,CONVERGENCE: NORM OF PROJECTED GRADIENT <= PGTOL
2.5,2.0,0.0,100,93,pdf,2.6204712565076678,16.10129212360925,True,False,17,172985863.46556035,42.64829914794631,186,0.03270400700000664,CONVERGENCE: RELATIVE REDUCTION OF F <= FACTR*EPSMCH
2.5,2.0,0.0,100,93,mle,2.606449721530948,6.832265982275923,True,False,17,172985863.46556035,546.7033299306324,141,0.020547102999898925,CONVERGENCE: RELATIVE REDUCTION OF F <= FACTR*EPSMCH
2.5,2.0,0.0,100,93,qlog,nan,nan,False,False,17,172985863.46556035,nan,0,0.004059595000057925,ningun candidato q-log valido
2.5,2.0,0.0,100,93,cdf,2.6307590980756688,7.134178073725339,True,False,17,172985863.46556035,0.00260777603146087,135,0.0149677319999455,CONVERGENCE: NORM OF PROJECTED GRADIENT <= PGTOL
2.5,2.0,0.0,100,94,pdf,2.6339303769343623,26.390161102781697,True,False,12,4834164486.136491,47.189381085155595,216,0.038819448999902306,CONVERGENCE: RELATIVE REDUCTION OF F <= FACTR*EPSMCH
2.5,2.0,0.0,100,94,mle,2.5820706454625286,3.9491795710456503,True,False,12,4834164486.136491,538.8929108878165,114,0.004810230000089177,CONVERGENCE: RELATIVE REDUCTION OF F <= FACTR*EPSMCH
2.5,2.0,0.0,100,94,qlog,nan,nan,False,False,12,4834164486.136491,nan,0,0.004108108000082211,ningun candidato q-log valido
2.5,2.0,0.0,100,94,cdf,2.624236122332278,3.856399476843987,True,False,12,4834164486.136491,0.01100209666022864,132,0.03193934199998694,CONVERGENCE: NORM OF PROJECTED GRADIENT <= PGTOL
2.5,2.0,0.0,100,95,pdf,2.3914994133655725,1.0761140995365956,True,False,23,1106697.0849071008,43.236424720868534,102,0.018749327000023186,CONVERGENCE: NORM OF PROJECTED GRADIENT <= PGTOL
2.5,2.0,0.0,100,95,mle,2.412969773273708,1.6522077782116449,True,False,23,1106697.0849071008,413.7451359176851,87,0.003787675000012314,CONVERGENCE: RELATIVE REDUCTION OF F <= FACTR*EPSMCH
2.5,2.0,0.0,100,95,qlog,nan,nan,False,False,23,1106697.0849071008,nan,0,0.004039194000029056,ningun candidato q-log valido
2.5,2.0,0.0,100,95,cdf,2.3743476301453046,1.3516763367891287,True,False,23,1106697.0849071008,0.0003571038146621022,102,0.013594656999998733,CONVERGENCE: NORM OF PROJECTED GRADIENT <= PGTOL
2.5,2.0,0.0,100,96,pdf,2.47918123779838,1.4174452452778807,True,False,25,486557.0812748959,43.89611316841096,102,0.01960325700008525,CONVERGENCE: NORM OF PROJECTED GRADIENT <= PGTOL
2.5,2.0,0.0,100,96,mle,2.487241140861168,2.3710137408213057,True,False,25,486557.0812748959,457.176972509258,105,0.004802137999945444,CONVERGENCE: RELATIVE REDUCTION OF F <= FACTR*EPSMCH
2.5,2.0,0.0,100,96,qlog,nan,nan,False,False,25,486557.0812748959,nan,0,0.004069780999998329,ningun candidato q-log valido
2.5,2.0,0.0,100,96,cdf,2.4906521053426585,2.1210695136312694,True,False,25,486557.0812748959,0.0002750623329796655,114,0.02862622400004966,CONVERGENCE: NORM OF PROJECTED GRADIENT <= PGTOL
2.5,2.0,0.0,100,97,pdf,2.6092071029677038,50.0,True,True,14,452624201.91782296,46.17089788081984,147,0.02743839899994782,CONVERGENCE: RELATIVE REDUCTION OF F <= FACTR*EPSMCH
2.5,2.0,0.0,100,97,mle,2.5249312058993483,2.036314036933895,True,False,14,452624201.91782296,502.6735343310556,96,0.004063721999955305,CONVERGENCE: RELATIVE REDUCTION OF F <= FACTR*EPSMCH
2.5,2.0,0.0,100,97,qlog,nan,nan,False,False,14,452624201.91782296,nan,0,0.0048836510000001,ningun candidato q-log valido
2.5,2.0,0.0,100,97,cdf,2.479915795363801,1.4418557361801954,True,False,14,452624201.91782296,0.0020427430914981945,108,0.014064807000067958,CONVERGENCE: NORM OF PROJECTED GRADIENT <= PGTOL
2.5,2.0,0.0,100,98,pdf,2.4756870099896124,4.027051126781142,True,False,21,17748.750639925645,45.85311028255708,156,0.06888036199995895,CONVERGENCE: RELATIVE REDUCTION OF F <= FACTR*EPSMCH
2.5,2.0,0.0,100,98,mle,2.385546958720242,1.354671058375846,True,False,21,17748.750639925645,404.41986411037493,84,0.019131860000015877,CONVERGENCE: RELATIVE REDUCTION OF F <= FACTR*EPSMCH
2.5,2.0,0.0,100,98,qlog,nan,nan,False,False,21,17748.750639925645,nan,0,0.0037584499999638865,ningun candidato q-log valido
2.5,2.0,0.0,100,98,cdf,2.3990801949631897,1.4500073909783124,True,False,21,17748.750639925645,0.00023873768700206053,102,0.013195668999969712,CONVERGENCE: NORM OF PROJECTED GRADIENT <= PGTOL
2.5,2.0,0.0,100,99,pdf,2.553223601178006,4.192555696621756,True,False,20,2133421.575140249,36.27686236453905,159,0.05296080199991593,CONVERGENCE: RELATIVE REDUCTION OF F <= FACTR*EPSMCH
2.5,2.0,0.0,100,99,mle,2.524686791672901,2.8688285965462037,True,False,20,2133421.575140249,485.2723743138894,111,0.005534023999985038,CONVERGENCE: RELATIVE REDUCTION OF F <= FACTR*EPSMCH
2.5,2.0,0.0,100,99,qlog,nan,nan,False,False,20,2133421.575140249,nan,0,0.007506916000011188,ningun candidato q-log valido
2.5,2.0,0.0,100,99,cdf,2.5415512766584363,3.2869325878452904,True,False,20,2133421.575140249,0.00031938034025899895,129,0.024535752000019784,CONVERGENCE: NORM OF PROJECTED GRADIENT <= PGTOL
2.5,2.0,0.0,2000,0,pdf,2.493845598848692,1.6487768652926407,True,False,46,1759908872061.0364,55.4022719241459,126,0.042971384999987094,CONVERGENCE: RELATIVE REDUCTION OF F <= FACTR*EPSMCH
2.5,2.0,0.0,2000,0,mle,2.5023136964892894,2.144635008122287,True,False,46,1759908872061.0364,9534.272277677746,96,0.01340493999998671,CONVERGENCE: RELATIVE REDUCTION OF F <= FACTR*EPSMCH
2.5,2.0,0.0,2000,0,qlog,2.68,0.05689439440640167,True,False,46,1759908872061.0364,1386.7498547307168,0,0.008485264000000825,barrido q-log; q por deviance de bins
2.5,2.0,0.0,2000,0,cdf,2.512849232803144,2.2758574813316907,True,False,46,1759908872061.0364,0.0001527828453575769,114,0.12287431599997944,CONVERGENCE: NORM OF PROJECTED GRADIENT <= PGTOL
2.5,2.0,0.0,2000,1,pdf,2.5062577235846546,2.0348257219975747,True,False,46,52194651487.508514,49.006989491199185,138,0.045655952000061006,CONVERGENCE: RELATIVE REDUCTION OF F <= FACTR*EPSMCH
2.5,2.0,0.0,2000,1,mle,2.51306902136507,2.5394894887250947,True,False,46,52194651487.508514,9582.552693538422,105,0.005556877999993048,CONVERGENCE: RELATIVE REDUCTION OF F <= FACTR*EPSMCH
2.5,2.0,0.0,2000,1,qlog,2.64,0.22981994843540848,True,False,46,52194651487.508514,629.7409696238636,0,0.006977484999993067,barrido q-log; q por deviance de bins
2.5,2.0,0.0,2000,1,cdf,2.516379866412963,2.537944658919342,True,False,46,52194651487.508514,6.145949754078226e-05,111,0.05196541800000887,CONVERGENCE: NORM OF PROJECTED GRADIENT <= PGTOL
2.5,2.0,0.0,2000,2,pdf,2.4884812050746192,1.4749747727967157,True,False,48,31514102597.12528,49.8389740029676,111,0.035589146999996046,CONVERGENCE: RELATIVE REDUCTION OF F <= FACTR*EPSMCH
2.5,2.0,0.0,2000,2,mle,2.502049249286747,1.9961298366021536,True,False,48,31514102597.12528,9600.795907652831,99,0.004775577000032172,CONVERGENCE: RELATIVE REDUCTION OF F <= FACTR*EPSMCH
2.5,2.0,0.0,2000,2,qlog,2.62,0.13544955630005565,True,False,48,31514102597.12528,698.8042355213444,0,0.0067082079999636335,barrido q-log; q por deviance de bins
2.5,2.0,0.0,2000,2,cdf,2.5061931633301744,1.983585433190124,True,False,48,31514102597.12528,3.398482884572419e-05,84,0.0418025490000673,CONVERGENCE: NORM OF PROJECTED GRADIENT <= PGTOL
2.5,2.0,0.0,2000,3,pdf,2.490936982732584,2.249424476362476,True,False,47,831155457.2625312,43.42520382058972,117,0.037208485000064684,CONVERGENCE: RELATIVE REDUCTION OF F <= FACTR*EPSMCH
2.5,2.0,0.0,2000,3,mle,2.4841661833829867,1.8786262087071093,True,False,47,831155457.2625312,9318.996745232505,96,0.0046445699999821954,CONVERGENCE: NORM OF PROJECTED GRADIENT <= PGTOL
2.5,2.0,0.0,2000,3,qlog,2.62,0.5416997653679869,True,False,47,831155457.2625312,436.6895148992332,0,0.005586643000015101,barrido q-log; q por deviance de bins
2.5,2.0,0.0,2000,3,cdf,2.488137602642643,1.8741927922349892,True,False,47,831155457.2625312,0.00011227270845613929,108,0.045519194999997126,CONVERGENCE: NORM OF PROJECTED GRADIENT <= PGTOL
2.5,2.0,0.0,2000,4,pdf,2.48188068872824,1.618412081104021,True,False,49,24521182522.613472,38.59561135886312,108,0.016560307999952784,CONVERGENCE: NORM OF PROJECTED GRADIENT <= PGTOL
2.5,2.0,0.0,2000,4,mle,2.487341806841898,1.928479184714557,True,False,49,24521182522.613472,9352.018877718852,99,0.022374685999920985,CONVERGENCE: NORM OF PROJECTED GRADIENT <= PGTOL
2.5,2.0,0.0,2000,4,qlog,2.62,0.21898170565410338,True,False,49,24521182522.613472,624.509430284564,0,0.0049180729999989126,barrido q-log; q por deviance de bins
2.5,2.0,0.0,2000,4,cdf,2.487298101773445,1.9424620679010982,True,False,49,24521182522.613472,2.0282392356393967e-05,78,0.03009659700001066,CONVERGENCE: NORM OF PROJECTED GRADIENT <= PGTOL
2.5,2.0,0.0,2000,5,pdf,2.520537252998419,2.9175866953425174,True,False,49,1116931061.9042563,40.367155019904814,156,0.021842862000085006,CONVERGENCE: RELATIVE REDUCTION OF F <= FACTR*EPSMCH
2.5,2.0,0.0,2000,5,mle,2.5064462421260276,1.961108117791372,True,False,49,1116931061.9042563,9706.184913489426,99,0.004764800999964791,CONVERGENCE: RELATIVE REDUCTION OF F <= FACTR*EPSMCH
2.5,2.0,0.0,2000,5,qlog,2.6,0.3846320700250051,True,False,49,1116931061.9042563,331.3057747055831,0,0.005338908999988234,barrido q-log; q por deviance de bins
2.5,2.0,0.0,2000,5,cdf,2.5022500468417315,1.9218838749643175,True,False,49,1116931061.9042563,2.8344438226826424e-05,81,0.04406530799997199,CONVERGENCE: NORM OF PROJECTED GRADIENT <= PGTOL
2.5,2.0,0.0,2000,6,pdf,2.5330405666578635,3.2904098469194576,True,False,48,1589836522.618262,67.92488214753797,141,0.020459921999986364,CONVERGENCE: NORM OF PROJECTED GRADIENT <= PGTOL
2.5,2.0,0.0,2000,6,mle,2.513551497366249,1.9573794707056105,True,False,48,1589836522.618262,9852.864082820763,108,0.006544771999983823,CONVERGENCE: RELATIVE REDUCTION OF F <= FACTR*EPSMCH
2.5,2.0,0.0,2000,6,qlog,2.6,0.12449675454302427,True,False,48,1589836522.618262,539.0324530540648,0,0.005681457000036971,barrido q-log; q por deviance de bins
2.5,2.0,0.0,2000,6,cdf,2.508890233010378,1.9141289086570914,True,False,48,1589836522.618262,1.967313219092604e-05,84,0.05563951499993891,CONVERGENCE: NORM OF PROJECTED GRADIENT <= PGTOL
2.5,2.0,0.0,2000,7,pdf,2.509096670634873,2.716872180693952,True,False,45,621332667485.7867,71.78357551340733,120,0.023193674000026476,CONVERGENCE: RELATIVE REDUCTION OF F <= FACTR*EPSMCH
2.5,2.0,0.0,2000,7,mle,2.495590392842576,1.9906827987128208,True,False,45,621332667485.7867,9477.267508323157,108,0.005582257000014579,CONVERGENCE: RELATIVE REDUCTION OF F <= FACTR*EPSMCH
2.5,2.0,0.0,2000,7,qlog,2.68,0.06850946500743584,True,False,45,621332667485.7867,1323.481242296824,0,0.006028550999985782,barrido q-log; q por deviance de bins
2.5,2.0,0.0,2000,7,cdf,2.4893650328729677,1.987304974397932,True,False,45,621332667485.7867,4.6657069084173526e-05,78,0.06875199900002826,CONVERGENCE: NORM OF PROJECTED GRADIENT <= PGTOL
2.5,2.0,0.0,2000,8,pdf,2.509068516564055,2.1421441246282567,True,False,45,11059723486522.047,57.043099629311065,129,0.025229480000007243,CONVERGENCE: RELATIVE REDUCTION OF F <= FACTR*EPSMCH
2.5,2.0,0.0,2000,8,mle,2.510071162483324,2.1136405034587447,True,False,45,11059723486522.047,9704.65968992752,96,0.004676066999991235,CONVERGENCE: RELATIVE REDUCTION OF F <= FACTR*EPSMCH
2.5,2.0,0.0,2000,8,qlog,2.7,0.03767199305311314,True,False,45,11059723486522.047,1657.098636163433,0,0.0064996629999996,barrido q-log; q por deviance de bins
2.5,2.0,0.0,2000,8,cdf,2.515318510958095,2.1879752127167347,True,False,45,11059723486522.047,2.0568098495452646e-05,99,0.0617274810000481,CONVERGENCE: NORM OF PROJECTED GRADIENT <= PGTOL
2.5,2.0,0.0,2000,9,pdf,2.5010471605893603,1.9325931881268026,True,False,47,66414522840.00932,45.18720201637273,123,0.021702980999975807,CONVERGENCE: NORM OF PROJECTED GRADIENT <= PGTOL
2.5,2.0,0.0,2000,9,mle,2.49737214161955,1.6947385765037797,True,False,47,66414522840.00932,9672.749965622666,96,0.0057508620000135124,CONVERGENCE: NORM OF PROJECTED GRADIENT <= PGTOL
2.5,2.0,0.0,2000,9,qlog,2.66,0.11899215417152502,True,False,47,66414522840.00932,907.3053095267647,0,0.006546193000076528,barrido q-log; q por deviance de bins
2.5,2.0,0.0,2000,9,cdf,2.499402891218834,1.7060931225775215,True,False,47,66414522840.00932,3.372051710078534e-05,84,0.08934009899996909,CONVERGENCE: NORM OF PROJECTED GRADIENT <= PGTOL
2.5,2.0,0.0,2000,10,pdf,2.482059694652539,1.3367273291292752,True,False,49,6817366323.816465,42.71907067827833,108,0.019030831999998554,CONVERGENCE: RELATIVE REDUCTION OF F <= FACTR*EPSMCH
2.5,2.0,0.0,2000,10,mle,2.4891261643415583,1.7620490316542061,True,False,49,6817366323.816465,9475.840510190537,90,0.005926165999994737,CONVERGENCE: RELATIVE REDUCTION OF F <= FACTR*EPSMCH
2.5,2.0,0.0,2000,10,qlog,2.6,0.18390455658015228,True,False,49,6817366323.816465,517.4269809298199,0,0.006562608999956865,barrido q-log; q por deviance de bins
2.5,2.0,0.0,2000,10,cdf,2.4896193685914354,1.7695796074446952,True,False,49,6817366323.816465,2.6590555441083123e-05,111,0.0691867049999928,CONVERGENCE: NORM OF PROJECTED GRADIENT <= PGTOL
2.5,2.0,0.0,2000,11,pdf,2.5124596015858325,2.524012974462877,True,False,50,235205593.74611935,47.16490570312457,117,0.020365459999993618,CONVERGENCE: RELATIVE REDUCTION OF F <= FACTR*EPSMCH
2.5,2.0,0.0,2000,11,mle,2.4994529742691802,1.9807866301095716,True,False,50,235205593.74611935,9557.3964989837,99,0.004827726000030452,CONVERGENCE: RELATIVE REDUCTION OF F <= FACTR*EPSMCH
2.5,2.0,0.0,2000,11,qlog,2.6,0.6101108106070712,True,False,50,235205593.74611935,287.6391429098653,0,0.0066670159999375755,barrido q-log; q por deviance de bins
2.5,2.0,0.0,2000,11,cdf,2.496103525204468,1.9252042941891014,True,False,50,235205593.74611935,7.392803415323761e-06,81,0.05324679499995,CONVERGENCE: NORM OF PROJECTED GRADIENT <= PGTOL
2.5,2.0,0.0,2000,12,pdf,2.5035645720432997,2.8864055485771174,True,False,45,2581415908.0944614,69.49189403203806,132,0.023043035999990025,CONVERGENCE: RELATIVE REDUCTION OF F <= FACTR*EPSMCH
2.5,2.0,0.0,2000,12,mle,2.4804730088729197,1.641282235020067,True,False,45,2581415908.0944614,9386.031459744294,90,0.004238716000031673,CONVERGENCE: NORM OF PROJECTED GRADIENT <= PGTOL
2.5,2.0,0.0,2000,12,qlog,2.6,0.2572203567584784,True,False,45,2581415908.0944614,517.1392860257006,0,0.006793146999939381,barrido q-log; q por deviance de bins
2.5,2.0,0.0,2000,12,cdf,2.475541855118828,1.6014898304027463,True,False,45,2581415908.0944614,0.00012438941645568217,105,0.07324568000001364,CONVERGENCE: NORM OF PROJECTED GRADIENT <= PGTOL
2.5,2.0,0.0,2000,13,pdf,2.5228016060571647,3.995414863574962,True,False,49,41203749.65324552,45.11266377861554,144,0.025011701000039466,CONVERGENCE: RELATIVE REDUCTION OF F <= FACTR*EPSMCH
2.5,2.0,0.0,2000,13,mle,2.4880668962553223,1.7328441521356015,True,False,49,41203749.65324552,9472.600118830083,99,0.004730450000010933,CONVERGENCE: RELATIVE REDUCTION OF F <= FACTR*EPSMCH
2.5,2.0,0.0,2000,13,qlog,2.6,0.9077252464141183,True,False,49,41203749.65324552,245.00173014076069,0,0.007065237999995588,barrido q-log; q por deviance de bins
2.5,2.0,0.0,2000,13,cdf,2.4859183575110215,1.7541670591319183,True,False,49,41203749.65324552,0.00017872483358661375,81,0.05728231299997333,CONVERGENCE: NORM OF PROJECTED GRADIENT <= PGTOL
2.5,2.0,0.0,2000,14,pdf,2.5021642458983533,1.4280292114346629,True,False,47,11895306416955.564,54.83479720143211,120,0.021470198000088203,CONVERGENCE: RELATIVE REDUCTION OF F <= FACTR*EPSMCH
2.5,2.0,0.0,2000,14,mle,2.506265436037087,1.8553152368781793,True,False,47,11895306416955.564,9758.005585407476,111,0.004689527999971688,CONVERGENCE: RELATIVE REDUCTION OF F <= FACTR*EPSMCH
2.5,2.0,0.0,2000,14,qlog,2.7,0.0498613823426602,True,False,47,11895306416955.564,1471.9285978980708,0,0.004966666000086661,barrido q-log; q por deviance de bins
2.5,2.0,0.0,2000,14,cdf,2.506301751512808,1.8332347646243585,True,False,47,11895306416955.564,0.0001225769950037844,114,0.06728830600002311,CONVERGENCE: NORM OF PROJECTED GRADIENT <= PGTOL
2.5,2.0,0.0,2000,15,pdf,2.5184867483128093,2.6845900465005235,True,False,47,12355283114.481255,46.94625206729927,135,0.023619446999987304,CONVERGENCE: RELATIVE REDUCTION OF F <= FACTR*EPSMCH
2.5,2.0,0.0,2000,15,mle,2.5087299951923265,2.392217378192303,True,False,47,12355283114.481255,9553.586475942904,99,0.00497959599999831,CONVERGENCE: RELATIVE REDUCTION OF F <= FACTR*EPSMCH
2.5,2.0,0.0,2000,15,qlog,2.66,0.5523346625504142,True,False,47,12355283114.481255,526.8763469934804,0,0.0067642540000179,barrido q-log; q por deviance de bins
2.5,2.0,0.0,2000,15,cdf,2.5110532129895478,2.513891676786345,True,False,47,12355283114.481255,7.18214927853705e-05,105,0.06993466499989154,CONVERGENCE: NORM OF PROJECTED GRADIENT <= PGTOL
2.5,2.0,0.0,2000,16,pdf,2.4914341637206703,1.4461445708812681,True,False,49,566908732.2990537,37.20681588944585,114,0.02022917299996152,CONVERGENCE: RELATIVE REDUCTION OF F <= FACTR*EPSMCH
2.5,2.0,0.0,2000,16,mle,2.49792657132803,1.9789128421057327,True,False,49,566908732.2990537,9528.519374235711,99,0.004858042000023488,CONVERGENCE: RELATIVE REDUCTION OF F <= FACTR*EPSMCH
2.5,2.0,0.0,2000,16,qlog,2.58,0.34008066379853075,True,False,49,566908732.2990537,288.8809335821672,0,0.006920429000047079,barrido q-log; q por deviance de bins
2.5,2.0,0.0,2000,16,cdf,2.5014917573563724,2.029085241197173,True,False,49,566908732.2990537,3.5267517246752286e-05,78,0.05054843600009917,CONVERGENCE: NORM OF PROJECTED GRADIENT <= PGTOL
2.5,2.0,0.0,2000,17,pdf,2.503775942622649,1.7237014238387862,True,False,43,405322493091567.3,65.89528828371886,120,0.029025747000105184,CONVERGENCE: RELATIVE REDUCTION OF F <= FACTR*EPSMCH
2.5,2.0,0.0,2000,17,mle,2.5042698581543936,1.770594818603314,True,False,43,405322493091567.3,9764.796360301021,99,0.00534041100002014,CONVERGENCE: RELATIVE REDUCTION OF F <= FACTR*EPSMCH
2.5,2.0,0.0,2000,17,qlog,2.74,0.010240029296417466,True,False,43,405322493091567.3,2710.9055733214664,0,0.0051281600000265826,barrido q-log; q por deviance de bins
2.5,2.0,0.0,2000,17,cdf,2.4991213855004317,1.668885456685694,True,False,43,405322493091567.3,0.000135493685299911,84,0.05482117399992603,CONVERGENCE: NORM OF PROJECTED GRADIENT <= PGTOL
2.5,2.0,0.0,2000,18,pdf,2.5123769563644793,3.369442066022755,True,False,49,3671548494.4110947,30.627334307519874,147,0.02537862600001972,CONVERGENCE: RELATIVE REDUCTION OF F <= FACTR*EPSMCH
2.5,2.0,0.0,2000,18,mle,2.5031988745481737,2.369827052082212,True,False,49,3671548494.4110947,9451.976747319497,102,0.004879203999962556,CONVERGENCE: RELATIVE REDUCTION OF F <= FACTR*EPSMCH
2.5,2.0,0.0,2000,18,qlog,2.62,0.594392885639108,True,False,49,3671548494.4110947,384.61992958096283,0,0.006878105999930995,barrido q-log; q por deviance de bins
2.5,2.0,0.0,2000,18,cdf,2.503127095485241,2.2755513466053143,True,False,49,3671548494.4110947,2.7731783619993123e-05,111,0.0711953210000047,CONVERGENCE: NORM OF PROJECTED GRADIENT <= PGTOL
2.5,2.0,0.0,2000,19,pdf,2.502203439781247,1.7053410806771807,True,False,47,387881087.89835465,41.0061166171575,111,0.022260153000047467,CONVERGENCE: RELATIVE REDUCTION OF F <= FACTR*EPSMCH
2.5,2.0,0.0,2000,19,mle,2.507871270764058,2.405898089916299,True,False,47,387881087.89835465,9530.498365802443,105,0.005013126999983797,CONVERGENCE: RELATIVE REDUCTION OF F <= FACTR*EPSMCH
2.5,2.0,0.0,2000,19,qlog,2.58,0.3866990716683152,True,False,47,387881087.89835465,257.18795810301646,0,0.007138148000080946,barrido q-log; q por deviance de bins
2.5,2.0,0.0,2000,19,cdf,2.514417731143346,2.5799039028499022,True,False,47,387881087.89835465,1.8043225406591422e-05,105,0.07281767300003139,CONVERGENCE: NORM OF PROJECTED GRADIENT <= PGTOL
2.5,2.0,0.0,2000,20,pdf,2.5175802720956524,3.2578762008371536,True,False,49,110962935.50556417,34.550692039102444,144,0.037097686999914004,CONVERGENCE: RELATIVE REDUCTION OF F <= FACTR*EPSMCH
2.5,2.0,0.0,2000,20,mle,2.4934176001679598,1.895106072354833,True,False,49,110962935.50556417,9484.663654529662,102,0.004962519999935466,CONVERGENCE: RELATIVE REDUCTION OF F <= FACTR*EPSMCH
2.5,2.0,0.0,2000,20,qlog,2.58,0.5060554077853178,True,False,49,110962935.50556417,244.5831156637775,0,0.007385072000033688,barrido q-log; q por deviance de bins
2.5,2.0,0.0,2000,20,cdf,2.4900175581800483,1.9013759388028366,True,False,49,110962935.50556417,5.2239156599986395e-05,105,0.07840636900004938,CONVERGENCE: NORM OF PROJECTED GRADIENT <= PGTOL
2.5,2.0,0.0,2000,21,pdf,2.4854927247953325,1.2189677723416878,True,False,48,5783544037599.826,45.46101057062746,162,0.02775136200000361,CONVERGENCE: RELATIVE REDUCTION OF F <= FACTR*EPSMCH
2.5,2.0,0.0,2000,21,mle,2.5009224700923136,1.9164582158926733,True,False,48,5783544037599.826,9619.284122600098,108,0.01998674700007541,CONVERGENCE: NORM OF PROJECTED GRADIENT <= PGTOL
2.5,2.0,0.0,2000,21,qlog,2.68,0.040971375902816215,True,False,48,5783544037599.826,1507.1040499452424,0,0.00569785100003628,barrido q-log; q por deviance de bins
2.5,2.0,0.0,2000,21,cdf,2.5085699768206853,2.044488082190909,True,False,48,5783544037599.826,0.0002537960415931373,78,0.038465094000002864,CONVERGENCE: NORM OF PROJECTED GRADIENT <= PGTOL
2.5,2.0,0.0,2000,22,pdf,2.5008112047899065,1.2032576255226133,True,False,47,3220025308.364346,49.22742794758878,120,0.021617061000029025,CONVERGENCE: RELATIVE REDUCTION OF F <= FACTR*EPSMCH
2.5,2.0,0.0,2000,22,mle,2.518763853273583,2.2782710741496426,True,False,47,3220025308.364346,9809.75207275271,102,0.004822629000045708,CONVERGENCE: RELATIVE REDUCTION OF F <= FACTR*EPSMCH
2.5,2.0,0.0,2000,22,qlog,2.62,0.22289238460565708,True,False,47,3220025308.364346,444.1649818921041,0,0.006806007000022873,barrido q-log; q por deviance de bins
2.5,2.0,0.0,2000,22,cdf,2.5264988538144206,2.3253641485098786,True,False,47,3220025308.364346,9.776736790801654e-05,114,0.06937260600000172,CONVERGENCE: NORM OF PROJECTED GRADIENT <= PGTOL
2.5,2.0,0.0,2000,23,pdf,2.5041498717345574,2.0533586473783845,True,False,46,475982375667.42834,39.809240610518884,129,0.02416746599999442,CONVERGENCE: RELATIVE REDUCTION OF F <= FACTR*EPSMCH
2.5,2.0,0.0,2000,23,mle,2.5063771453633223,2.1752665854672864,True,False,46,475982375667.42834,9601.1521953266,102,0.005714045999980044,CONVERGENCE: RELATIVE REDUCTION OF F <= FACTR*EPSMCH
2.5,2.0,0.0,2000,23,qlog,2.66,0.18191320416185924,True,False,46,475982375667.42834,822.8275289122023,0,0.021222264000016366,barrido q-log; q por deviance de bins
2.5,2.0,0.0,2000,23,cdf,2.5082698807642774,2.185928478299411,True,False,46,475982375667.42834,5.691675304614296e-05,108,0.05049837100000332,CONVERGENCE: NORM OF PROJECTED GRADIENT <= PGTOL
2.5,2.0,0.0,2000,24,pdf,2.479680318525108,1.3162457917642971,True,False,48,2149858001.4435024,61.41309175696418,129,0.022841992000053324,CONVERGENCE: RELATIVE REDUCTION OF F <= FACTR*EPSMCH
2.5,2.0,0.0,2000,24,mle,2.4924761452670086,1.9179820253155315,True,False,48,2149858001.4435024,9454.644437733295,108,0.005124936000015623,CONVERGENCE: RELATIVE REDUCTION OF F <= FACTR*EPSMCH
2.5,2.0,0.0,2000,24,qlog,2.6,0.12228359566179263,True,False,48,2149858001.4435024,639.2924933408046,0,0.02164896899989799,barrido q-log; q por deviance de bins
2.5,2.0,0.0,2000,24,cdf,2.5038087365345767,2.047993903155808,True,False,48,2149858001.4435024,1.5711186563490645e-05,81,0.04021553999996286,CONVERGENCE: NORM OF PROJECTED GRADIENT <= PGTOL
2.5,2.0,0.0,2000,25,pdf,2.497827462640716,2.257806040169893,True,False,47,6131303740878.261,38.5918850079448,120,0.021856433000039033,CONVERGENCE: RELATIVE REDUCTION OF F <= FACTR*EPSMCH
2.5,2.0,0.0,2000,25,mle,2.5001039230444957,2.206555992128973,True,False,47,6131303740878.261,9462.229764923275,102,0.005236674000002495,CONVERGENCE: RELATIVE REDUCTION OF F <= FACTR*EPSMCH
2.5,2.0,0.0,2000,25,qlog,2.7,0.1280168255099184,True,False,47,6131303740878.261,1314.902148294223,0,0.005901349000055234,barrido q-log; q por deviance de bins
2.5,2.0,0.0,2000,25,cdf,2.4976346657356245,2.133388032774836,True,False,47,6131303740878.261,5.467250496617432e-05,108,0.06932979100008652,CONVERGENCE: NORM OF PROJECTED GRADIENT <= PGTOL
2.5,2.0,0.0,2000,26,pdf,2.4901388327119305,1.143983023111913,True,False,49,7345498875.569874,36.00716430936761,117,0.02156665500001509,CONVERGENCE: RELATIVE REDUCTION OF F <= FACTR*EPSMCH
2.5,2.0,0.0,2000,26,mle,2.5029216629223274,1.8252708747037534,True,False,49,7345498875.569874,9707.561688123593,96,0.004568104000099993,CONVERGENCE: RELATIVE REDUCTION OF F <= FACTR*EPSMCH
2.5,2.0,0.0,2000,26,qlog,2.64,0.24693694831114157,True,False,49,7345498875.569874,546.5888127401466,0,0.006979527999988022,barrido q-log; q por deviance de bins
2.5,2.0,0.0,2000,26,cdf,2.5050899816981045,1.8702299030476162,True,False,49,7345498875.569874,3.8139992780851114e-05,108,0.06737471700000697,CONVERGENCE: NORM OF PROJECTED GRADIENT <= PGTOL
2.5,2.0,0.0,2000,27,pdf,2.478990356292026,1.0674572227497912,True,False,47,4105729664590.4214,41.04097112312996,114,0.028094200000055025,CONVERGENCE: RELATIVE REDUCTION OF F <= FACTR*EPSMCH
2.5,2.0,0.0,2000,27,mle,2.500175792377945,2.113769554922991,True,False,47,4105729664590.4214,9506.601174693555,99,0.004068438999979662,CONVERGENCE: NORM OF PROJECTED GRADIENT <= PGTOL
2.5,2.0,0.0,2000,27,qlog,2.7,0.031656668273913044,True,False,47,4105729664590.4214,1740.3847500967902,0,0.004105555000023742,barrido q-log; q por deviance de bins
2.5,2.0,0.0,2000,27,cdf,2.511502010405478,2.2426272465337505,True,False,47,4105729664590.4214,7.939575502070083e-05,108,0.05807102599999325,CONVERGENCE: NORM OF PROJECTED GRADIENT <= PGTOL
2.5,2.0,0.0,2000,28,pdf,2.478663381851981,1.2742994209429324,True,False,49,634725055.0895885,51.49731542842696,129,0.01966195499994683,CONVERGENCE: RELATIVE REDUCTION OF F <= FACTR*EPSMCH
2.5,2.0,0.0,2000,28,mle,2.4877484997373847,1.7858317703382875,True,False,49,634725055.0895885,9436.498172502592,90,0.005177385000024515,CONVERGENCE: RELATIVE REDUCTION OF F <= FACTR*EPSMCH
2.5,2.0,0.0,2000,28,qlog,2.56,0.1435000617348559,True,False,49,634725055.0895885,435.89308215858466,0,0.012539592000052835,barrido q-log; q por deviance de bins
2.5,2.0,0.0,2000,28,cdf,2.4934791724118806,1.822107344873557,True,False,49,634725055.0895885,3.627482311116575e-05,111,0.07392627799993079,CONVERGENCE: NORM OF PROJECTED GRADIENT <= PGTOL
2.5,2.0,0.0,2000,29,pdf,2.5181041038582297,3.6922912372824674,True,False,49,1293765888.6663625,54.498031289001446,147,0.029534226000009767,CONVERGENCE: RELATIVE REDUCTION OF F <= FACTR*EPSMCH
2.5,2.0,0.0,2000,29,mle,2.4926479205600285,1.7124060514765573,True,False,49,1293765888.6663625,9571.304326466721,96,0.02211263999993207,CONVERGENCE: RELATIVE REDUCTION OF F <= FACTR*EPSMCH
2.5,2.0,0.0,2000,29,qlog,2.62,0.5396016753060922,True,False,49,1293765888.6663625,417.59096240436617,0,0.006001350000019556,barrido q-log; q por deviance de bins
2.5,2.0,0.0,2000,29,cdf,2.4848720328179854,1.65435388277119,True,False,49,1293765888.6663625,2.023583643221376e-05,105,0.04536190800001805,CONVERGENCE: NORM OF PROJECTED GRADIENT <= PGTOL
2.5,2.0,0.0,2000,30,pdf,2.524590511082126,4.891491079044086,True,False,44,16232823620736.605,58.336786969723335,177,0.05709223099995597,CONVERGENCE: RELATIVE REDUCTION OF F <= FACTR*EPSMCH
2.5,2.0,0.0,2000,30,mle,2.497520000026327,2.289992688926788,True,False,44,16232823620736.605,9374.60546592714,99,0.0077842350000310034,CONVERGENCE: RELATIVE REDUCTION OF F <= FACTR*EPSMCH
2.5,2.0,0.0,2000,30,qlog,2.7199999999999998,0.07959362250481894,True,False,44,16232823620736.605,1651.6988651556105,0,0.005962771999975303,barrido q-log; q por deviance de bins
2.5,2.0,0.0,2000,30,cdf,2.4827113808570305,2.10236715588382,True,False,44,16232823620736.605,0.00014588268281594518,108,0.05325742100001207,CONVERGENCE: NORM OF PROJECTED GRADIENT <= PGTOL
2.5,2.0,0.0,2000,31,pdf,2.5356943104147343,4.194425700223633,True,False,45,533667836979.0633,70.42906945736632,141,0.03986158400005024,CONVERGENCE: RELATIVE REDUCTION OF F <= FACTR*EPSMCH
2.5,2.0,0.0,2000,31,mle,2.5146454012794073,2.202180988734591,True,False,45,533667836979.0633,9757.653888194609,123,0.0058997959999942395,CONVERGENCE: RELATIVE REDUCTION OF F <= FACTR*EPSMCH
2.5,2.0,0.0,2000,31,qlog,2.68,0.18896142435580357,True,False,45,533667836979.0633,895.6449041377249,0,0.007828530999972827,barrido q-log; q por deviance de bins
2.5,2.0,0.0,2000,31,cdf,2.5047989638604906,2.068830653335528,True,False,45,533667836979.0633,1.623532063483092e-05,78,0.04622249799990641,CONVERGENCE: NORM OF PROJECTED GRADIENT <= PGTOL
2.5,2.0,0.0,2000,32,pdf,2.51824047116143,3.88079082021925,True,False,47,72154811188.80272,51.548475244958254,156,0.0425339939999958,CONVERGENCE: RELATIVE REDUCTION OF F <= FACTR*EPSMCH
2.5,2.0,0.0,2000,32,mle,2.497988845077496,1.9920839111529338,True,False,47,72154811188.80272,9523.104431246711,102,0.005194089999918106,CONVERGENCE: RELATIVE REDUCTION OF F <= FACTR*EPSMCH
2.5,2.0,0.0,2000,32,qlog,2.66,0.30800932617356,True,False,47,72154811188.80272,744.0817371262133,0,0.006438400999968508,barrido q-log; q por deviance de bins
2.5,2.0,0.0,2000,32,cdf,2.488937267193267,1.9112564918628492,True,False,47,72154811188.80272,6.243583636487949e-05,105,0.06680280199998379,CONVERGENCE: NORM OF PROJECTED GRADIENT <= PGTOL
2.5,2.0,0.0,2000,33,pdf,2.4969205584491156,1.7706938916299466,True,False,44,140437450.47779486,63.03661014120944,132,0.02337424600000304,CONVERGENCE: RELATIVE REDUCTION OF F <= FACTR*EPSMCH
2.5,2.0,0.0,2000,33,mle,2.4929963124712113,1.7525664261265312,True,False,44,140437450.47779486,9554.786316128464,90,0.004218404999960512,CONVERGENCE: RELATIVE REDUCTION OF F <= FACTR*EPSMCH
2.5,2.0,0.0,2000,33,qlog,2.58,0.26978477348254504,True,False,44,140437450.47779486,346.4227650041036,0,0.008559286000036082,barrido q-log; q por deviance de bins
2.5,2.0,0.0,2000,33,cdf,2.498674891569925,1.8168557243803771,True,False,44,140437450.47779486,3.450698627279109e-05,108,0.06272156399995765,CONVERGENCE: NORM OF PROJECTED GRADIENT <= PGTOL
2.5,2.0,0.0,2000,34,pdf,2.506697139829066,2.4665488790273473,True,False,49,2989339696.747969,75.90719284773799,129,0.020479202000046826,CONVERGENCE: RELATIVE REDUCTION OF F <= FACTR*EPSMCH
2.5,2.0,0.0,2000,34,mle,2.498558624445512,2.2333752078952283,True,False,49,2989339696.747969,9419.88498010738,105,0.008077117999960137,CONVERGENCE: NORM OF PROJECTED GRADIENT <= PGTOL
2.5,2.0,0.0,2000,34,qlog,2.6,0.11217298164519955,True,False,49,2989339696.747969,697.2446948416073,0,0.005709037999963584,barrido q-log; q por deviance de bins
2.5,2.0,0.0,2000,34,cdf,2.4923918524478075,2.188025718466936,True,False,49,2989339696.747969,0.0001517916053225464,105,0.07136860299999626,CONVERGENCE: NORM OF PROJECTED GRADIENT <= PGTOL
2.5,2.0,0.0,2000,35,pdf,2.481035282142466,2.168539950020835,True,False,47,887312034.7280209,51.58893478913533,123,0.021709490999910486,CONVERGENCE: RELATIVE REDUCTION OF F <= FACTR*EPSMCH
2.5,2.0,0.0,2000,35,mle,2.4732960726207347,1.8483375652978962,True,False,47,887312034.7280209,9137.52701222754,105,0.005805293999969763,CONVERGENCE: RELATIVE REDUCTION OF F <= FACTR*EPSMCH
2.5,2.0,0.0,2000,35,qlog,2.6,0.5015332321358559,True,False,47,887312034.7280209,420.1750911754709,0,0.006729320000090411,barrido q-log; q por deviance de bins
2.5,2.0,0.0,2000,35,cdf,2.4737092087882644,1.8247846556032237,True,False,47,887312034.7280209,0.0005040176489062363,108,0.0671298109999725,CONVERGENCE: NORM OF PROJECTED GRADIENT <= PGTOL
2.5,2.0,0.0,2000,36,pdf,2.51858764453664,2.8056316589407486,True,False,47,2464671380.558896,57.59174340496027,132,0.022679586999970525,CONVERGENCE: RELATIVE REDUCTION OF F <= FACTR*EPSMCH
2.5,2.0,0.0,2000,36,mle,2.5126390150147713,2.5191465420829813,True,False,47,2464671380.558896,9581.738091220674,102,0.005233128999975634,CONVERGENCE: RELATIVE REDUCTION OF F <= FACTR*EPSMCH
2.5,2.0,0.0,2000,36,qlog,2.64,0.3250931174779881,True,False,47,2464671380.558896,537.4931084169025,0,0.006779726999980085,barrido q-log; q por deviance de bins
2.5,2.0,0.0,2000,36,cdf,2.518514136330782,2.59468822813791,True,False,47,2464671380.558896,2.431419933518434e-05,108,0.0609244329999683,CONVERGENCE: NORM OF PROJECTED GRADIENT <= PGTOL
2.5,2.0,0.0,2000,37,pdf,2.5043455765351945,1.8202190712529012,True,False,48,16278496260.976318,46.329186012290705,126,0.019558240000037586,CONVERGENCE: RELATIVE REDUCTION OF F <= FACTR*EPSMCH
2.5,2.0,0.0,2000,37,mle,2.508048004638507,2.0112043279563525,True,False,48,16278496260.976318,9713.261609572319,99,0.003965652999909253,CONVERGENCE: RELATIVE REDUCTION OF F <= FACTR*EPSMCH
2.5,2.0,0.0,2000,37,qlog,2.64,0.18895732791829847,True,False,48,16278496260.976318,639.4701373482116,0,0.00593551099996148,barrido q-log; q por deviance de bins
2.5,2.0,0.0,2000,37,cdf,2.510888423613031,1.9580216907678103,True,False,48,16278496260.976318,0.00026323039293852496,84,0.03288391900002807,CONVERGENCE: NORM OF PROJECTED GRADIENT <= PGTOL
2.5,2.0,0.0,2000,38,pdf,2.5046080164717512,1.544467182609654,True,False,49,29691534585.80123,45.75786979161705,111,0.034368873000062194,CONVERGENCE: RELATIVE REDUCTION OF F <= FACTR*EPSMCH
2.5,2.0,0.0,2000,38,mle,2.5123832670929818,2.061266143970822,True,False,49,29691534585.80123,9777.076797918431,102,0.003687643999910506,CONVERGENCE: RELATIVE REDUCTION OF F <= FACTR*EPSMCH
2.5,2.0,0.0,2000,38,qlog,2.64,0.16699973282164082,True,False,49,29691534585.80123,647.4749175542854,0,0.005781988999956411,barrido q-log; q por deviance de bins
2.5,2.0,0.0,2000,38,cdf,2.5174421568576157,2.0881974922356488,True,False,49,29691534585.80123,2.85517995180975e-05,117,0.0546518380000407,CONVERGENCE: NORM OF PROJECTED GRADIENT <= PGTOL
2.5,2.0,0.0,2000,39,pdf,2.5103496660462343,2.623370635346139,True,False,45,173102987.99781588,49.26233502539621,147,0.03579341599993313,CONVERGENCE: RELATIVE REDUCTION OF F <= FACTR*EPSMCH
2.5,2.0,0.0,2000,39,mle,2.496312239061107,1.754496211112385,True,False,45,173102987.99781588,9617.52884820454,99,0.004836699999941629,CONVERGENCE: RELATIVE REDUCTION OF F <= FACTR*EPSMCH
2.5,2.0,0.0,2000,39,qlog,2.58,0.3885974335107702,True,False,45,173102987.99781588,289.8669869320773,0,0.006355334999966544,barrido q-log; q por deviance de bins
2.5,2.0,0.0,2000,39,cdf,2.4973821873481956,1.7540354996875378,True,False,45,173102987.99781588,0.00010134945733861408,81,0.03051298599996244,CONVERGENCE: NORM OF PROJECTED GRADIENT <= PGTOL
2.5,2.0,0.0,2000,40,pdf,2.489809026545229,1.9230046192862535,True,False,49,228095911.96605974,47.93137659509945,135,0.02865101199995479,CONVERGENCE: RELATIVE REDUCTION OF F <= FACTR*EPSMCH
2.5,2.0,0.0,2000,40,mle,2.4943308730511577,2.353384078579843,True,False,49,228095911.96605974,9285.615415816632,135,0.025099844000010307,CONVERGENCE: NORM OF PROJECTED GRADIENT <= PGTOL
2.5,2.0,0.0,2000,40,qlog,2.58,0.3158714294186499,True,False,49,228095911.96605974,362.7781238768507,0,0.0091041089999635,barrido q-log; q por deviance de bins
2.5,2.0,0.0,2000,40,cdf,2.5007280463803556,2.490301730118821,True,False,49,228095911.96605974,4.016357377608228e-05,102,0.03983415300001525,CONVERGENCE: NORM OF PROJECTED GRADIENT <= PGTOL
2.5,2.0,0.0,2000,41,pdf,2.5211937949386583,3.401100757597039,True,False,45,7658049941.396822,58.443611877524006,138,0.019247168999982023,CONVERGENCE: RELATIVE REDUCTION OF F <= FACTR*EPSMCH
2.5,2.0,0.0,2000,41,mle,2.501298777653825,1.9570321156400559,True,False,45,7658049941.396822,9605.752624888297,102,0.004191134999928181,CONVERGENCE: RELATIVE REDUCTION OF F <= FACTR*EPSMCH
2.5,2.0,0.0,2000,41,qlog,2.64,0.34950217036484277,True,False,45,7658049941.396822,556.4723088391728,0,0.0053094639999926585,barrido q-log; q por deviance de bins
2.5,2.0,0.0,2000,41,cdf,2.492477023264333,1.8753436225000386,True,False,45,7658049941.396822,2.02882007084745e-05,102,0.05081258600000638,CONVERGENCE: NORM OF PROJECTED GRADIENT <= PGTOL
2.5,2.0,0.0,2000,42,pdf,2.514131661680367,1.763464168175574,True,False,46,2439989018.007035,57.28135661482552,126,0.018511156999920786,CONVERGENCE: RELATIVE REDUCTION OF F <= FACTR*EPSMCH
2.5,2.0,0.0,2000,42,mle,2.5183245770049565,2.015730504891942,True,False,46,2439989018.007035,9922.943178112335,105,0.004395543999976326,CONVERGENCE: RELATIVE REDUCTION OF F <= FACTR*EPSMCH
2.5,2.0,0.0,2000,42,qlog,2.62,0.11017436894922342,True,False,46,2439989018.007035,593.6300818068103,0,0.0057172799999989365,barrido q-log; q por deviance de bins
2.5,2.0,0.0,2000,42,cdf,2.5211002961433477,1.970361162693347,True,False,46,2439989018.007035,7.689398187250154e-05,87,0.0472716040000023,CONVERGENCE: NORM OF PROJECTED GRADIENT <= PGTOL
2.5,2.0,0.0,2000,43,pdf,2.5036672318478006,2.2922673732230674,True,False,47,331293656.02365416,67.50424862799743,126,0.017704007000020283,CONVERGENCE: RELATIVE REDUCTION OF F <= FACTR*EPSMCH
2.5,2.0,0.0,2000,43,mle,2.4999926038810476,2.1129963734314363,True,False,47,331293656.02365416,9503.369994507613,102,0.004244575000029727,CONVERGENCE: RELATIVE REDUCTION OF F <= FACTR*EPSMCH
2.5,2.0,0.0,2000,43,qlog,2.6,0.44967204025586466,True,False,47,331293656.02365416,370.4166472261004,0,0.005903161999981421,barrido q-log; q por deviance de bins
2.5,2.0,0.0,2000,43,cdf,2.502202016967893,2.083708788803479,True,False,47,331293656.02365416,3.785823389791149e-05,102,0.03736858700005996,CONVERGENCE: NORM OF PROJECTED GRADIENT <= PGTOL
2.5,2.0,0.0,2000,44,pdf,2.4859639767637987,1.4657261186116426,True,False,46,29532406824.20983,71.7803680613272,117,0.03693057999998928,CONVERGENCE: RELATIVE REDUCTION OF F <= FACTR*EPSMCH
2.5,2.0,0.0,2000,44,mle,2.4872993403279184,1.7139767252373668,True,False,46,29532406824.20983,9469.139065503256,96,0.004835507999928268,CONVERGENCE: RELATIVE REDUCTION OF F <= FACTR*EPSMCH
2.5,2.0,0.0,2000,44,qlog,2.62,0.1460337492187642,True,False,46,29532406824.20983,715.2444610939052,0,0.005852024999967398,barrido q-log; q por deviance de bins
2.5,2.0,0.0,2000,44,cdf,2.49167330757425,1.7807769841317724,True,False,46,29532406824.20983,3.0344473386809816e-05,78,0.0351441599999589,CONVERGENCE: NORM OF PROJECTED GRADIENT <= PGTOL
2.5,2.0,0.0,2000,45,pdf,2.4993083680364796,1.687934373985963,True,False,46,570150188.6109564,58.15937207346435,105,0.014931366000041635,CONVERGENCE: RELATIVE REDUCTION OF F <= FACTR*EPSMCH
2.5,2.0,0.0,2000,45,mle,2.4880116040230313,1.3504040645702007,True,False,46,570150188.6109564,9720.921927845175,99,0.003544056000009732,CONVERGENCE: RELATIVE REDUCTION OF F <= FACTR*EPSMCH
2.5,2.0,0.0,2000,45,qlog,2.6,0.2967567692206469,True,False,46,570150188.6109564,387.77465976766655,0,0.0243355640000118,barrido q-log; q por deviance de bins
2.5,2.0,0.0,2000,45,cdf,2.4876286543155226,1.3679347051098187,True,False,46,570150188.6109564,2.5554062747914703e-05,114,0.04749551199995494,CONVERGENCE: NORM OF PROJECTED GRADIENT <= PGTOL
2.5,2.0,0.0,2000,46,pdf,2.4781182857485122,1.170152701870895,True,False,50,15803638865.71198,42.15444673979788,129,0.01945122800009358,CONVERGENCE: RELATIVE REDUCTION OF F <= FACTR*EPSMCH
2.5,2.0,0.0,2000,46,mle,2.4890328609204984,1.7133792738689066,True,False,50,15803638865.71198,9502.090964835403,129,0.0047325120000323295,CONVERGENCE: RELATIVE REDUCTION OF F <= FACTR*EPSMCH
2.5,2.0,0.0,2000,46,qlog,2.6,0.09204544125654027,True,False,50,15803638865.71198,712.084638836849,0,0.006164698000020508,barrido q-log; q por deviance de bins
2.5,2.0,0.0,2000,46,cdf,2.498183480658904,1.8149829511612736,True,False,50,15803638865.71198,3.243298939521148e-05,108,0.06259446700005356,CONVERGENCE: NORM OF PROJECTED GRADIENT <= PGTOL
2.5,2.0,0.0,2000,47,pdf,2.5273648551214483,2.5975001396411903,True,False,47,4400089796464.731,52.903814795700576,144,0.027452581000034115,CONVERGENCE: RELATIVE REDUCTION OF F <= FACTR*EPSMCH
2.5,2.0,0.0,2000,47,mle,2.5186881951008573,2.182557900129045,True,False,47,4400089796464.731,9851.078259811356,117,0.005376675999968938,CONVERGENCE: NORM OF PROJECTED GRADIENT <= PGTOL
2.5,2.0,0.0,2000,47,qlog,2.7199999999999998,0.023323282629507454,True,False,47,4400089796464.731,1840.7414658293499,0,0.0053060389999473045,barrido q-log; q por deviance de bins
2.5,2.0,0.0,2000,47,cdf,2.5190390827859237,2.291157573415847,True,False,47,4400089796464.731,6.121506018390968e-05,102,0.06004272600000604,CONVERGENCE: NORM OF PROJECTED GRADIENT <= PGTOL
2.5,2.0,0.0,2000,48,pdf,2.505384269018699,2.048219055570672,True,False,49,217650036793.60034,63.49819453725438,141,0.05985908700006348,CONVERGENCE: RELATIVE REDUCTION OF F <= FACTR*EPSMCH
2.5,2.0,0.0,2000,48,mle,2.5032042063476996,1.8569077597267962,True,False,49,217650036793.60034,9695.983264508606,108,0.005080938999981299,CONVERGENCE: RELATIVE REDUCTION OF F <= FACTR*EPSMCH
2.5,2.0,0.0,2000,48,qlog,2.66,0.07304546942666791,True,False,49,217650036793.60034,1112.5529774896063,0,0.0061007000000472544,barrido q-log; q por deviance de bins
2.5,2.0,0.0,2000,48,cdf,2.50456839832435,1.8509003131894752,True,False,49,217650036793.60034,0.00019118653271883563,111,0.05074375100002726,CONVERGENCE: NORM OF PROJECTED GRADIENT <= PGTOL
2.5,2.0,0.0,2000,49,pdf,2.4729966022511176,0.7836409314090986,True,False,47,833247535.6867106,47.356503590717296,108,0.037537962999977026,CONVERGENCE: RELATIVE REDUCTION OF F <= FACTR*EPSMCH
2.5,2.0,0.0,2000,49,mle,2.4948455885301866,1.4650439841754965,True,False,47,833247535.6867106,9769.49164580148,105,0.00482436200002212,CONVERGENCE: RELATIVE REDUCTION OF F <= FACTR*EPSMCH
2.5,2.0,0.0,2000,49,qlog,2.58,0.1112077172040424,True,False,47,833247535.6867106,459.8183953738028,0,0.006891436000046269,barrido q-log; q por deviance de bins
2.5,2.0,0.0,2000,49,cdf,2.5049834864345444,1.5543417077813988,True,False,47,833247535.6867106,1.2491321517210323e-05,111,0.04715334000002258,CONVERGENCE: NORM OF PROJECTED GRADIENT <= PGTOL
2.5,2.0,0.0,2000,50,pdf,2.508931601015152,2.920780916214486,True,False,46,9202227286.393318,71.62918050634087,153,0.042674290999912046,CONVERGENCE: RELATIVE REDUCTION OF F <= FACTR*EPSMCH
2.5,2.0,0.0,2000,50,mle,2.4987725098838256,2.1536675312839804,True,False,46,9202227286.393318,9460.405234079884,96,0.004671841000003951,CONVERGENCE: NORM OF PROJECTED GRADIENT <= PGTOL
2.5,2.0,0.0,2000,50,qlog,2.64,0.5514188284344346,True,False,46,9202227286.393318,545.5343057267802,0,0.00617724599999292,barrido q-log; q por deviance de bins
2.5,2.0,0.0,2000,50,cdf,2.488081904466214,1.980979624594002,True,False,46,9202227286.393318,1.006863039588922e-05,78,0.038410721999980524,CONVERGENCE: NORM OF PROJECTED GRADIENT <= PGTOL
2.5,2.0,0.0,2000,51,pdf,2.510498715174135,2.1322956446596213,True,False,47,493134026912.8895,34.349342488831226,138,0.025827845000094385,CONVERGENCE: RELATIVE REDUCTION OF F <= FACTR*EPSMCH
2.5,2.0,0.0,2000,51,mle,2.504364150050984,1.8156984866535677,True,False,47,493134026912.8895,9741.522743304402,96,0.004560622999974839,CONVERGENCE: NORM OF PROJECTED GRADIENT <= PGTOL
2.5,2.0,0.0,2000,51,qlog,2.68,0.0993196702673976,True,False,47,493134026912.8895,1045.112755187394,0,0.020852494999985538,barrido q-log; q por deviance de bins
2.5,2.0,0.0,2000,51,cdf,2.502468626001831,1.7946150040268083,True,False,47,493134026912.8895,4.9197265364429585e-05,108,0.04384530499999073,CONVERGENCE: NORM OF PROJECTED GRADIENT <= PGTOL
2.5,2.0,0.0,2000,52,pdf,2.4736208100256163,1.4680912557489472,True,False,48,688672727.4820939,43.25348856829673,123,0.017797839000081694,CONVERGENCE: RELATIVE REDUCTION OF F <= FACTR*EPSMCH
2.5,2.0,0.0,2000,52,mle,2.4841981735417966,2.0032999522777533,True,False,48,688672727.4820939,9255.335299061968,99,0.0041151090000539625,CONVERGENCE: RELATIVE REDUCTION OF F <= FACTR*EPSMCH
2.5,2.0,0.0,2000,52,qlog,2.58,0.26584934651027176,True,False,48,688672727.4820939,414.63353492589033,0,0.0053841580000835165,barrido q-log; q por deviance de bins
2.5,2.0,0.0,2000,52,cdf,2.4894737211353237,2.021733946415665,True,False,48,688672727.4820939,6.365541346344947e-05,78,0.05216087799999514,CONVERGENCE: NORM OF PROJECTED GRADIENT <= PGTOL
2.5,2.0,0.0,2000,53,pdf,2.4701741517942097,1.2618476793880473,True,False,47,3314862463.6518188,43.085908762838535,114,0.019298246999937874,CONVERGENCE: RELATIVE REDUCTION OF F <= FACTR*EPSMCH
2.5,2.0,0.0,2000,53,mle,2.479047784472364,1.5202523172989644,True,False,47,3314862463.6518188,9436.61837134802,96,0.004435593000039262,CONVERGENCE: RELATIVE REDUCTION OF F <= FACTR*EPSMCH
2.5,2.0,0.0,2000,53,qlog,2.6,0.20833420302213398,True,False,47,3314862463.6518188,549.8460822975086,0,0.006698093000068184,barrido q-log; q por deviance de bins
2.5,2.0,0.0,2000,53,cdf,2.4856393964085655,1.5590316286910813,True,False,47,3314862463.6518188,4.357575687929832e-05,108,0.06410692800000106,CONVERGENCE: NORM OF PROJECTED GRADIENT <= PGTOL
2.5,2.0,0.0,2000,54,pdf,2.484424063890541,1.0203198668006461,True,False,47,18075671719.52505,47.68112969261264,120,0.020675298000014664,CONVERGENCE: RELATIVE REDUCTION OF F <= FACTR*EPSMCH
2.5,2.0,0.0,2000,54,mle,2.5014740486864793,1.871374607960864,True,False,47,18075671719.52505,9653.968657779613,102,0.004678710999996838,CONVERGENCE: RELATIVE REDUCTION OF F <= FACTR*EPSMCH
2.5,2.0,0.0,2000,54,qlog,2.62,0.08748198993622736,True,False,47,18075671719.52505,724.0407553134218,0,0.006422197000006236,barrido q-log; q por deviance de bins
2.5,2.0,0.0,2000,54,cdf,2.5050431766737384,1.9121063329676793,True,False,47,18075671719.52505,1.718590749737517e-05,114,0.06994750000001204,CONVERGENCE: NORM OF PROJECTED GRADIENT <= PGTOL
2.5,2.0,0.0,2000,55,pdf,2.5542564118274864,5.3039989503717875,True,False,49,7764689695.402638,67.0142294092761,174,0.03334749400005421,CONVERGENCE: RELATIVE REDUCTION OF F <= FACTR*EPSMCH
2.5,2.0,0.0,2000,55,mle,2.537669060752557,2.897645520718006,True,False,49,7764689695.402638,9982.410221372313,105,0.00497230500002388,CONVERGENCE: RELATIVE REDUCTION OF F <= FACTR*EPSMCH
2.5,2.0,0.0,2000,55,qlog,2.64,0.29744170216768406,True,False,49,7764689695.402638,499.7007428373013,0,0.006448696000006748,barrido q-log; q por deviance de bins
2.5,2.0,0.0,2000,55,cdf,2.5324489170417346,2.6667836001568155,True,False,49,7764689695.402638,0.0001121439851807856,120,0.06861032500000874,CONVERGENCE: NORM OF PROJECTED GRADIENT <= PGTOL
2.5,2.0,0.0,2000,56,pdf,2.5177472201785416,3.1250510164738463,True,False,47,6070554124.607484,52.602309018721215,147,0.026573571999961132,CONVERGENCE: RELATIVE REDUCTION OF F <= FACTR*EPSMCH
2.5,2.0,0.0,2000,56,mle,2.5028739070527015,1.9576764549160324,True,False,47,6070554124.607484,9636.587830498665,102,0.00535732600008032,CONVERGENCE: RELATIVE REDUCTION OF F <= FACTR*EPSMCH
2.5,2.0,0.0,2000,56,qlog,2.64,0.23783239665887293,True,False,47,6070554124.607484,634.5736389827982,0,0.0066217470000538015,barrido q-log; q por deviance de bins
2.5,2.0,0.0,2000,56,cdf,2.5013046913737753,1.934588665278116,True,False,47,6070554124.607484,4.204566934519284e-05,81,0.046557763999999224,CONVERGENCE: NORM OF PROJECTED GRADIENT <= PGTOL
2.5,2.0,0.0,2000,57,pdf,2.4973728693883346,1.338473487821075,True,False,45,5.62889201031326e+19,35.614674059351955,138,0.019814186000076006,CONVERGENCE: RELATIVE REDUCTION OF F <= FACTR*EPSMCH
2.5,2.0,0.0,2000,57,mle,2.512240765339314,2.2641770448808303,True,False,45,5.62889201031326e+19,9680.256676376186,120,0.004645140000093306,CONVERGENCE: RELATIVE REDUCTION OF F <= FACTR*EPSMCH
2.5,2.0,0.0,2000,57,qlog,nan,nan,False,False,45,5.62889201031326e+19,nan,0,0.0029372689999718204,ningun candidato q-log valido
2.5,2.0,0.0,2000,57,cdf,2.515923429890431,2.340616921840278,True,False,45,5.62889201031326e+19,2.102672991268977e-05,108,0.0629906320000373,CONVERGENCE: NORM OF PROJECTED GRADIENT <= PGTOL
2.5,2.0,0.0,2000,58,pdf,2.473562067937573,1.3829657568084257,True,False,49,1577560868.592698,39.8300686540409,111,0.020736830999908307,CONVERGENCE: RELATIVE REDUCTION OF F <= FACTR*EPSMCH
2.5,2.0,0.0,2000,58,mle,2.4796814011420563,1.7746610266796252,True,False,49,1577560868.592698,9293.434805051209,90,0.004714144999979908,CONVERGENCE: RELATIVE REDUCTION OF F <= FACTR*EPSMCH
2.5,2.0,0.0,2000,58,qlog,2.58,0.31146745984747276,True,False,49,1577560868.592698,374.7047152807839,0,0.006183004000035908,barrido q-log; q por deviance de bins
2.5,2.0,0.0,2000,58,cdf,2.4827155310400246,1.8296852836840243,True,False,49,1577560868.592698,1.78401174517825e-05,105,0.0627745539999296,CONVERGENCE: NORM OF PROJECTED GRADIENT <= PGTOL
2.5,2.0,0.0,2000,59,pdf,2.5083325666176917,1.8849001222727528,True,False,50,13125262746.0901,32.43577777295418,129,0.017954725999970833,CONVERGENCE: RELATIVE REDUCTION OF F <= FACTR*EPSMCH
2.5,2.0,0.0,2000,59,mle,2.5086523059685297,2.003414818501103,True,False,50,13125262746.0901,9729.376403799131,96,0.00898766800003159,CONVERGENCE: RELATIVE REDUCTION OF F <= FACTR*EPSMCH
2.5,2.0,0.0,2000,59,qlog,2.62,0.19534576476361487,True,False,50,13125262746.0901,518.7512046639685,0,0.006774948999918706,barrido q-log; q por deviance de bins
2.5,2.0,0.0,2000,59,cdf,2.506944875291147,2.0351044906978184,True,False,50,13125262746.0901,6.728450243985596e-05,78,0.03814466900007574,CONVERGENCE: NORM OF PROJECTED GRADIENT <= PGTOL
2.5,2.0,0.0,2000,60,pdf,2.4729292763725614,1.2250894833320682,True,False,47,16333604651.789335,47.36527545252795,117,0.022517722999964462,CONVERGENCE: RELATIVE REDUCTION OF F <= FACTR*EPSMCH
2.5,2.0,0.0,2000,60,mle,2.4952382097844255,2.128418152094968,True,False,47,16333604651.789335,9403.567598351476,99,0.008051749000060227,CONVERGENCE: NORM OF PROJECTED GRADIENT <= PGTOL
2.5,2.0,0.0,2000,60,qlog,2.62,0.1768675727514728,True,False,47,16333604651.789335,663.8433240510368,0,0.006909091000011358,barrido q-log; q por deviance de bins
2.5,2.0,0.0,2000,60,cdf,2.502289738785544,2.1325230673511544,True,False,47,16333604651.789335,2.7870989014059942e-05,111,0.06800988200006941,CONVERGENCE: NORM OF PROJECTED GRADIENT <= PGTOL
2.5,2.0,0.0,2000,61,pdf,2.5110939152792895,2.8580448862027166,True,False,47,25027212172.831978,45.92740288748995,126,0.02229330199998003,CONVERGENCE: RELATIVE REDUCTION OF F <= FACTR*EPSMCH
2.5,2.0,0.0,2000,61,mle,2.508088174684825,2.452167291004002,True,False,47,25027212172.831978,9515.834630291934,99,0.004574934000061148,CONVERGENCE: RELATIVE REDUCTION OF F <= FACTR*EPSMCH
2.5,2.0,0.0,2000,61,qlog,2.68,0.17980221480658845,True,False,47,25027212172.831978,936.4244470517908,0,0.006614898000066205,barrido q-log; q por deviance de bins
2.5,2.0,0.0,2000,61,cdf,2.510172403403089,2.4698420383963966,True,False,47,25027212172.831978,0.0001031617013945223,114,0.07170199699999102,CONVERGENCE: NORM OF PROJECTED GRADIENT <= PGTOL
2.5,2.0,0.0,2000,62,pdf,2.4887571442346195,1.2370308395749827,True,False,46,12028548213.660252,56.44565280295989,114,0.024867964000009124,CONVERGENCE: RELATIVE REDUCTION OF F <= FACTR*EPSMCH
2.5,2.0,0.0,2000,62,mle,2.501644291905028,1.7534854316208048,True,False,46,12028548213.660252,9722.396732151521,90,0.0045651299999462935,CONVERGENCE: RELATIVE REDUCTION OF F <= FACTR*EPSMCH
2.5,2.0,0.0,2000,62,qlog,2.62,0.21069158061297444,True,False,46,12028548213.660252,541.5150991119704,0,0.006956734000027609,barrido q-log; q por deviance de bins
2.5,2.0,0.0,2000,62,cdf,2.507155601752244,1.77591719971348,True,False,46,12028548213.660252,5.207530984544223e-05,87,0.058592463999957545,CONVERGENCE: NORM OF PROJECTED GRADIENT <= PGTOL
2.5,2.0,0.0,2000,63,pdf,2.514385363711038,2.4904067715125424,True,False,47,115416485260.84712,60.983661847243134,132,0.023591204000013022,CONVERGENCE: RELATIVE REDUCTION OF F <= FACTR*EPSMCH
2.5,2.0,0.0,2000,63,mle,2.5071873799603552,2.039919387260363,True,False,47,115416485260.84712,9681.70305376215,99,0.0052600100000290695,CONVERGENCE: RELATIVE REDUCTION OF F <= FACTR*EPSMCH
2.5,2.0,0.0,2000,63,qlog,2.66,0.2163144246757327,True,False,47,115416485260.84712,760.5256067870257,0,0.006599102999985007,barrido q-log; q por deviance de bins
2.5,2.0,0.0,2000,63,cdf,2.505004115691063,2.0296332574088853,True,False,47,115416485260.84712,1.882274816048208e-05,81,0.03763229499998033,CONVERGENCE: NORM OF PROJECTED GRADIENT <= PGTOL
2.5,2.0,0.0,2000,64,pdf,2.5368637436801826,3.2063387373580308,True,False,48,1191681259.62917,48.05489439417503,168,0.04410307500006638,CONVERGENCE: RELATIVE REDUCTION OF F <= FACTR*EPSMCH
2.5,2.0,0.0,2000,64,mle,2.519023079425267,2.123298578882124,True,False,48,1191681259.62917,9885.660141766384,117,0.006355976000008923,CONVERGENCE: RELATIVE REDUCTION OF F <= FACTR*EPSMCH
2.5,2.0,0.0,2000,64,qlog,2.62,0.38287336977721087,True,False,48,1191681259.62917,346.0772213253097,0,0.0067010569999865766,barrido q-log; q por deviance de bins
2.5,2.0,0.0,2000,64,cdf,2.5164851469314793,2.1433843610791206,True,False,48,1191681259.62917,1.693020325836685e-05,108,0.06512821199999053,CONVERGENCE: NORM OF PROJECTED GRADIENT <= PGTOL
2.5,2.0,0.0,2000,65,pdf,2.492812166136329,1.4666384524536606,True,False,48,454376654.95127785,32.88923838781207,117,0.022839519000058317,CONVERGENCE: RELATIVE REDUCTION OF F <= FACTR*EPSMCH
2.5,2.0,0.0,2000,65,mle,2.501969018661593,2.026069719220323,True,False,48,454376654.95127785,9584.326013628752,99,0.0046071130000200355,CONVERGENCE: RELATIVE REDUCTION OF F <= FACTR*EPSMCH
2.5,2.0,0.0,2000,65,qlog,2.6,0.5034885862397905,True,False,48,454376654.95127785,283.51685897667653,0,0.007155605000093601,barrido q-log; q por deviance de bins
2.5,2.0,0.0,2000,65,cdf,2.5093188311925165,2.0619608720939677,True,False,48,454376654.95127785,3.3076097395148065e-05,78,0.03871766600002502,CONVERGENCE: NORM OF PROJECTED GRADIENT <= PGTOL
2.5,2.0,0.0,2000,66,pdf,2.515129492917781,2.922095253212479,True,False,47,5054342552.548721,40.37639346306827,141,0.045177528999943206,CONVERGENCE: RELATIVE REDUCTION OF F <= FACTR*EPSMCH
2.5,2.0,0.0,2000,66,mle,2.4951632490238,1.8361781319645198,True,False,47,5054342552.548721,9549.81227368004,117,0.005633663999901728,CONVERGENCE: RELATIVE REDUCTION OF F <= FACTR*EPSMCH
2.5,2.0,0.0,2000,66,qlog,2.64,0.3716581906705316,True,False,47,5054342552.548721,521.6158243058807,0,0.006774417999963589,barrido q-log; q por deviance de bins
2.5,2.0,0.0,2000,66,cdf,2.486831568705677,1.8091984724103738,True,False,47,5054342552.548721,2.552562709167214e-05,81,0.039944279999986065,CONVERGENCE: NORM OF PROJECTED GRADIENT <= PGTOL
2.5,2.0,0.0,2000,67,pdf,2.490201321800134,1.1217490595726738,True,False,48,2508660304.551176,55.3405822497873,156,0.04247988200006603,CONVERGENCE: RELATIVE REDUCTION OF F <= FACTR*EPSMCH
2.5,2.0,0.0,2000,67,mle,2.5056346587204397,1.9050164894738828,True,False,48,2508660304.551176,9718.910830036819,99,0.004970050999986597,CONVERGENCE: RELATIVE REDUCTION OF F <= FACTR*EPSMCH
2.5,2.0,0.0,2000,67,qlog,2.6,0.167244972304097,True,False,48,2508660304.551176,464.7200606799139,0,0.006687488000011399,barrido q-log; q por deviance de bins
2.5,2.0,0.0,2000,67,cdf,2.510793627547327,1.949545510742651,True,False,48,2508660304.551176,4.4489892321497597e-05,84,0.03968018099999426,CONVERGENCE: NORM OF PROJECTED GRADIENT <= PGTOL
2.5,2.0,0.0,2000,68,pdf,2.47609126550413,1.1482975816116172,True,False,48,1001914723.7387278,50.79848293707217,108,0.03426377499999944,CONVERGENCE: NORM OF PROJECTED GRADIENT <= PGTOL
2.5,2.0,0.0,2000,68,mle,2.4876614023234205,1.6836498109896902,True,False,48,1001914723.7387278,9493.781891364735,96,0.004587582999988626,CONVERGENCE: RELATIVE REDUCTION OF F <= FACTR*EPSMCH
2.5,2.0,0.0,2000,68,qlog,2.58,0.2819118891863755,True,False,48,1001914723.7387278,353.3480886135915,0,0.006737903000043843,barrido q-log; q por deviance de bins
2.5,2.0,0.0,2000,68,cdf,2.491420855607375,1.7031403341477305,True,False,48,1001914723.7387278,8.040134268768078e-05,87,0.041078063000099974,CONVERGENCE: NORM OF PROJECTED GRADIENT <= PGTOL
2.5,2.0,0.0,2000,69,pdf,2.493039560069147,2.2491017995306257,True,False,48,157307619.47900966,30.951613421372173,135,0.043645773999969606,CONVERGENCE: RELATIVE REDUCTION OF F <= FACTR*EPSMCH
2.5,2.0,0.0,2000,69,mle,2.4836168068982216,1.9238963676362262,True,False,48,157307619.47900966,9285.009435206815,99,0.007208114000036403,CONVERGENCE: NORM OF PROJECTED GRADIENT <= PGTOL
2.5,2.0,0.0,2000,69,qlog,2.58,0.627247611515378,True,False,48,157307619.47900966,242.88639610523455,0,0.0071385779999673105,barrido q-log; q por deviance de bins
2.5,2.0,0.0,2000,69,cdf,2.482161745852006,1.912003815690423,True,False,48,157307619.47900966,6.026333801902491e-05,105,0.05087452399993708,CONVERGENCE: NORM OF PROJECTED GRADIENT <= PGTOL
2.5,2.0,0.0,2000,70,pdf,2.4891785519129717,2.164159835990807,True,False,44,304684634.72033346,79.00262151283238,114,0.037632245000054354,CONVERGENCE: RELATIVE REDUCTION OF F <= FACTR*EPSMCH
2.5,2.0,0.0,2000,70,mle,2.4834357706798023,1.9087615454550555,True,False,44,304684634.72033346,9289.55767151512,99,0.004351146999965749,CONVERGENCE: RELATIVE REDUCTION OF F <= FACTR*EPSMCH
2.5,2.0,0.0,2000,70,qlog,2.6,0.5103042312249181,True,False,44,304684634.72033346,404.60316841234123,0,0.006596028999979353,barrido q-log; q por deviance de bins
2.5,2.0,0.0,2000,70,cdf,2.483294277582643,1.9180880268129317,True,False,44,304684634.72033346,1.4706959023919168e-05,102,0.042748257999960515,CONVERGENCE: NORM OF PROJECTED GRADIENT <= PGTOL
2.5,2.0,0.0,2000,71,pdf,2.460661748406272,0.8526854150427746,True,False,46,13848894313376.475,42.380674398239705,105,0.016121225000006234,CONVERGENCE: NORM OF PROJECTED GRADIENT <= PGTOL
2.5,2.0,0.0,2000,71,mle,2.4879979316708316,1.596174301495871,True,False,46,13848894313376.475,9553.459457064753,93,0.02476773700004742,CONVERGENCE: RELATIVE REDUCTION OF F <= FACTR*EPSMCH
2.5,2.0,0.0,2000,71,qlog,2.68,0.026267969301993585,True,False,46,13848894313376.475,1833.8671798452974,0,0.005486711999992622,barrido q-log; q por deviance de bins
2.5,2.0,0.0,2000,71,cdf,2.4947346001866877,1.6375786262399523,True,False,46,13848894313376.475,1.1289082330929986e-05,111,0.05036724299998241,CONVERGENCE: NORM OF PROJECTED GRADIENT <= PGTOL
2.5,2.0,0.0,2000,72,pdf,2.538695589525816,2.52000821954999,True,False,48,71115555791.6893,45.566614570267156,189,0.04674034599997867,CONVERGENCE: RELATIVE REDUCTION OF F <= FACTR*EPSMCH
2.5,2.0,0.0,2000,72,mle,2.5359512418902295,2.29068825098088,True,False,48,71115555791.6893,10178.638508854605,111,0.012286528999993607,CONVERGENCE: RELATIVE REDUCTION OF F <= FACTR*EPSMCH
2.5,2.0,0.0,2000,72,qlog,2.66,0.17034903335336318,True,False,48,71115555791.6893,623.7296451845737,0,0.0049063550000028044,barrido q-log; q por deviance de bins
2.5,2.0,0.0,2000,72,cdf,2.536668858039933,2.3098506067013607,True,False,48,71115555791.6893,1.2844009303449122e-05,117,0.04936433699992904,CONVERGENCE: NORM OF PROJECTED GRADIENT <= PGTOL
2.5,2.0,0.0,2000,73,pdf,2.4995565203884342,2.020898473130147,True,False,47,680308781.1900122,54.280852854119324,120,0.03520190300002923,CONVERGENCE: RELATIVE REDUCTION OF F <= FACTR*EPSMCH
2.5,2.0,0.0,2000,73,mle,2.496229759408327,2.029008688437444,True,False,47,680308781.1900122,9470.56285789048,96,0.0046059009999908085,CONVERGENCE: RELATIVE REDUCTION OF F <= FACTR*EPSMCH
2.5,2.0,0.0,2000,73,qlog,2.58,0.19158075558778626,True,False,47,680308781.1900122,447.3970167109269,0,0.006864683999992849,barrido q-log; q por deviance de bins
2.5,2.0,0.0,2000,73,cdf,2.5016659385224984,2.1199052593039647,True,False,47,680308781.1900122,4.614330431258297e-05,105,0.04812663600000633,CONVERGENCE: NORM OF PROJECTED GRADIENT <= PGTOL
2.5,2.0,0.0,2000,74,pdf,2.518623416885869,3.1271723825674704,True,False,43,52393103656167.92,59.13109327001765,141,0.03964581900004305,CONVERGENCE: RELATIVE REDUCTION OF F <= FACTR*EPSMCH
2.5,2.0,0.0,2000,74,mle,2.5062212531599615,1.9856080613132272,True,False,43,52393103656167.92,9689.24556004459,105,0.004857161000018095,CONVERGENCE: RELATIVE REDUCTION OF F <= FACTR*EPSMCH
2.5,2.0,0.0,2000,74,qlog,2.74,0.027251426601961264,True,False,43,52393103656167.92,2202.824556896152,0,0.005115510999985418,barrido q-log; q por deviance de bins
2.5,2.0,0.0,2000,74,cdf,2.5063302706952615,1.9388233424880592,True,False,43,52393103656167.92,0.00025773264417642644,81,0.03665391599997747,CONVERGENCE: NORM OF PROJECTED GRADIENT <= PGTOL
2.5,2.0,0.0,2000,75,pdf,2.5090260481841167,2.048128676442731,True,False,47,527348908974.8039,55.88448230875212,144,0.026529344999971727,CONVERGENCE: RELATIVE REDUCTION OF F <= FACTR*EPSMCH
2.5,2.0,0.0,2000,75,mle,2.4991957916870873,1.6056957739862787,True,False,47,527348908974.8039,9762.301629195888,96,0.023639187000071615,CONVERGENCE: RELATIVE REDUCTION OF F <= FACTR*EPSMCH
2.5,2.0,0.0,2000,75,qlog,2.66,0.13523321760280005,True,False,47,527348908974.8039,909.0622733047925,0,0.0077872199999546865,barrido q-log; q por deviance de bins
2.5,2.0,0.0,2000,75,cdf,2.4916000327342025,1.5227197235711625,True,False,47,527348908974.8039,8.942073384675313e-05,111,0.05037728699994659,CONVERGENCE: NORM OF PROJECTED GRADIENT <= PGTOL
2.5,2.0,0.0,2000,76,pdf,2.521122376730217,3.4861785150813196,True,False,46,262113185.37713414,63.65181116500662,171,0.04302248200008307,CONVERGENCE: RELATIVE REDUCTION OF F <= FACTR*EPSMCH
2.5,2.0,0.0,2000,76,mle,2.5008858454810143,2.060170659014109,True,False,46,262113185.37713414,9546.246928189048,96,0.0039753079998945395,CONVERGENCE: RELATIVE REDUCTION OF F <= FACTR*EPSMCH
2.5,2.0,0.0,2000,76,qlog,2.6,0.29148545530528913,True,False,46,262113185.37713414,402.73207535181496,0,0.005844883000008849,barrido q-log; q por deviance de bins
2.5,2.0,0.0,2000,76,cdf,2.500854665950645,2.0104599856594088,True,False,46,262113185.37713414,0.00021184811924097508,78,0.03046876799999154,CONVERGENCE: NORM OF PROJECTED GRADIENT <= PGTOL
2.5,2.0,0.0,2000,77,pdf,2.5327970198368996,3.2803430832277773,True,False,48,50219543.99385158,51.9417757449819,141,0.02059768999993139,CONVERGENCE: RELATIVE REDUCTION OF F <= FACTR*EPSMCH
2.5,2.0,0.0,2000,77,mle,2.5046285555592624,1.6883425788552466,True,False,48,50219543.99385158,9819.52389665091,96,0.006669649999935245,CONVERGENCE: RELATIVE REDUCTION OF F <= FACTR*EPSMCH
2.5,2.0,0.0,2000,77,qlog,2.6,0.4507207472845187,True,False,48,50219543.99385158,270.2921322099703,0,0.006678362999991805,barrido q-log; q por deviance de bins
2.5,2.0,0.0,2000,77,cdf,2.5042428491621,1.682631929721169,True,False,48,50219543.99385158,0.00014140052730201872,84,0.05015821200004211,CONVERGENCE: NORM OF PROJECTED GRADIENT <= PGTOL
2.5,2.0,0.0,2000,78,pdf,2.4826505480967254,1.4537256172296387,True,False,48,114086747003.26892,42.501108382651985,111,0.020500574000038796,CONVERGENCE: RELATIVE REDUCTION OF F <= FACTR*EPSMCH
2.5,2.0,0.0,2000,78,mle,2.493601767556794,1.97818779146786,True,False,48,114086747003.26892,9445.286467151038,99,0.004452710000009574,CONVERGENCE: RELATIVE REDUCTION OF F <= FACTR*EPSMCH
2.5,2.0,0.0,2000,78,qlog,2.64,0.15396633232503795,True,False,48,114086747003.26892,805.3268355302991,0,0.006236384999965594,barrido q-log; q por deviance de bins
2.5,2.0,0.0,2000,78,cdf,2.4947549866355763,1.995805190367306,True,False,48,114086747003.26892,7.745152429059466e-06,75,0.04850527899998269,CONVERGENCE: NORM OF PROJECTED GRADIENT <= PGTOL
2.5,2.0,0.0,2000,79,pdf,2.5385079717544334,3.999293757313995,True,False,48,1856669904.294251,48.999068423169504,177,0.03054620699992938,CONVERGENCE: RELATIVE REDUCTION OF F <= FACTR*EPSMCH
2.5,2.0,0.0,2000,79,mle,2.521110194234878,2.5144404204483073,True,False,48,1856669904.294251,9760.759889919364,102,0.00434725000002345,CONVERGENCE: RELATIVE REDUCTION OF F <= FACTR*EPSMCH
2.5,2.0,0.0,2000,79,qlog,2.62,0.22573983586265367,True,False,48,1856669904.294251,456.526125307199,0,0.005994990999965921,barrido q-log; q por deviance de bins
2.5,2.0,0.0,2000,79,cdf,2.5202468197570655,2.472994615435387,True,False,48,1856669904.294251,8.261438964387608e-06,111,0.061435160999963045,CONVERGENCE: NORM OF PROJECTED GRADIENT <= PGTOL
2.5,2.0,0.0,2000,80,pdf,2.4876617930891256,1.509673381739143,True,False,48,16120499237.68079,56.25860620276458,108,0.01606143499998325,CONVERGENCE: RELATIVE REDUCTION OF F <= FACTR*EPSMCH
2.5,2.0,0.0,2000,80,mle,2.4945952087538625,2.0164344261262714,True,False,48,16120499237.68079,9445.224641617031,99,0.0039591830000063055,CONVERGENCE: RELATIVE REDUCTION OF F <= FACTR*EPSMCH
2.5,2.0,0.0,2000,80,qlog,2.62,0.09918929314570021,True,False,48,16120499237.68079,802.0267062310932,0,0.005329856000003019,barrido q-log; q por deviance de bins
2.5,2.0,0.0,2000,80,cdf,2.5016685244931574,2.0705283961944225,True,False,48,16120499237.68079,0.0002702032748518385,75,0.029302886999971633,CONVERGENCE: NORM OF PROJECTED GRADIENT <= PGTOL
2.5,2.0,0.0,2000,81,pdf,2.5289506946475715,4.730721817639565,True,False,47,273890084259.98398,64.02575331462528,153,0.04221931899996889,CONVERGENCE: RELATIVE REDUCTION OF F <= FACTR*EPSMCH
2.5,2.0,0.0,2000,81,mle,2.5093404028366493,2.2878104291423456,True,False,47,273890084259.98398,9610.603903241921,105,0.0058235720000539,CONVERGENCE: NORM OF PROJECTED GRADIENT <= PGTOL
2.5,2.0,0.0,2000,81,qlog,2.68,0.21327809543188686,True,False,47,273890084259.98398,955.28163013159,0,0.0053153640000118685,barrido q-log; q por deviance de bins
2.5,2.0,0.0,2000,81,cdf,2.5042798577654293,2.144916266831868,True,False,47,273890084259.98398,8.638766363619901e-05,108,0.044241489999990335,CONVERGENCE: NORM OF PROJECTED GRADIENT <= PGTOL
2.5,2.0,0.0,2000,82,pdf,2.49661086996149,2.8242535593370657,True,False,47,450932238126.62256,29.083927106531096,150,0.04596001199990951,CONVERGENCE: RELATIVE REDUCTION OF F <= FACTR*EPSMCH
2.5,2.0,0.0,2000,82,mle,2.479239615630159,1.8076055039479875,True,False,47,450932238126.62256,9266.985786575045,93,0.00437229799990746,CONVERGENCE: RELATIVE REDUCTION OF F <= FACTR*EPSMCH
2.5,2.0,0.0,2000,82,qlog,2.68,0.39029149848972333,True,False,47,450932238126.62256,871.8218084146739,0,0.006488246000003528,barrido q-log; q por deviance de bins
2.5,2.0,0.0,2000,82,cdf,2.4735734679633996,1.7529971063732548,True,False,47,450932238126.62256,1.705146772222439e-05,84,0.041039937000050486,CONVERGENCE: NORM OF PROJECTED GRADIENT <= PGTOL
2.5,2.0,0.0,2000,83,pdf,2.5314460808252535,3.664802154838511,True,False,48,915209411.2669564,53.957477720214925,153,0.03934571000002052,CONVERGENCE: RELATIVE REDUCTION OF F <= FACTR*EPSMCH
2.5,2.0,0.0,2000,83,mle,2.504875831481645,1.8629457245878416,True,False,48,915209411.2669564,9726.052629611138,99,0.0050433229999953255,CONVERGENCE: RELATIVE REDUCTION OF F <= FACTR*EPSMCH
2.5,2.0,0.0,2000,83,qlog,2.62,0.5010859740074212,True,False,48,915209411.2669564,363.61330192349783,0,0.006484810999950241,barrido q-log; q por deviance de bins
2.5,2.0,0.0,2000,83,cdf,2.4955198929509357,1.8049973262987302,True,False,48,915209411.2669564,3.4241725664486284e-05,81,0.040401832000043214,CONVERGENCE: NORM OF PROJECTED GRADIENT <= PGTOL
2.5,2.0,0.0,2000,84,pdf,2.5069834781455054,1.7146581060976387,True,False,48,327912259.31854635,40.79516206633822,111,0.016876217000003635,CONVERGENCE: RELATIVE REDUCTION OF F <= FACTR*EPSMCH
2.5,2.0,0.0,2000,84,mle,2.5104712860302913,2.0046947560745947,True,False,48,327912259.31854635,9765.739718442655,108,0.005234862000065732,CONVERGENCE: RELATIVE REDUCTION OF F <= FACTR*EPSMCH
2.5,2.0,0.0,2000,84,qlog,2.6,0.5427377322064263,True,False,48,327912259.31854635,257.48590564588545,0,0.020683169999983875,barrido q-log; q por deviance de bins
2.5,2.0,0.0,2000,84,cdf,2.5132724461841307,1.9850195291646868,True,False,48,327912259.31854635,2.8654772739603785e-05,84,0.03589833600005932,CONVERGENCE: NORM OF PROJECTED GRADIENT <= PGTOL
2.5,2.0,0.0,2000,85,pdf,2.5188197483469303,2.788206434329154,True,False,48,112933441.82924539,64.03523850092037,129,0.02691741199998887,CONVERGENCE: RELATIVE REDUCTION OF F <= FACTR*EPSMCH
2.5,2.0,0.0,2000,85,mle,2.505173058468996,2.0257556628451447,True,False,48,112933441.82924539,9648.213150920608,99,0.003962298999908853,CONVERGENCE: RELATIVE REDUCTION OF F <= FACTR*EPSMCH
2.5,2.0,0.0,2000,85,qlog,2.58,0.21097723509884314,True,False,48,112933441.82924539,390.383087239197,0,0.006073048999951425,barrido q-log; q por deviance de bins
2.5,2.0,0.0,2000,85,cdf,2.5078103117834956,2.0414046788373224,True,False,48,112933441.82924539,5.596650983077035e-05,84,0.04733658300006027,CONVERGENCE: NORM OF PROJECTED GRADIENT <= PGTOL
2.5,2.0,0.0,2000,86,pdf,2.470351481076111,1.3456624824527235,True,False,49,65152913.34520219,51.276493836963915,102,0.024005070000043816,CONVERGENCE: RELATIVE REDUCTION OF F <= FACTR*EPSMCH
2.5,2.0,0.0,2000,86,mle,2.4768669531689067,1.6904928231439038,True,False,49,65152913.34520219,9290.915467923129,90,0.0038591830000314076,CONVERGENCE: RELATIVE REDUCTION OF F <= FACTR*EPSMCH
2.5,2.0,0.0,2000,86,qlog,2.56,0.3734452250150646,True,False,49,65152913.34520219,292.5791362513323,0,0.005668176999961361,barrido q-log; q por deviance de bins
2.5,2.0,0.0,2000,86,cdf,2.4800259863521807,1.7044306939329843,True,False,49,65152913.34520219,3.7218346832520855e-05,81,0.05017915400003403,CONVERGENCE: NORM OF PROJECTED GRADIENT <= PGTOL
2.5,2.0,0.0,2000,87,pdf,2.5224511508641103,4.25002233651335,True,False,47,134730760.2749541,48.84993872720787,183,0.027700826000000234,CONVERGENCE: RELATIVE REDUCTION OF F <= FACTR*EPSMCH
2.5,2.0,0.0,2000,87,mle,2.486325955865213,1.653561127695682,True,False,47,134730760.2749541,9486.803884961932,93,0.00450040100008664,CONVERGENCE: RELATIVE REDUCTION OF F <= FACTR*EPSMCH
2.5,2.0,0.0,2000,87,qlog,2.6,1.1463444300603558,True,False,47,134730760.2749541,230.11078222181345,0,0.00576891900004739,barrido q-log; q por deviance de bins
2.5,2.0,0.0,2000,87,cdf,2.475549180742146,1.5360702038012684,True,False,47,134730760.2749541,0.00015274511624430314,111,0.05898472800004129,CONVERGENCE: NORM OF PROJECTED GRADIENT <= PGTOL
2.5,2.0,0.0,2000,88,pdf,2.51651513795042,2.523157474823616,True,False,49,2637004579.0646486,43.90049312164132,126,0.01720292100003462,CONVERGENCE: RELATIVE REDUCTION OF F <= FACTR*EPSMCH
2.5,2.0,0.0,2000,88,mle,2.5112740511304086,2.623607197702717,True,False,49,2637004579.0646486,9513.092146548039,105,0.0037895179999622997,CONVERGENCE: RELATIVE REDUCTION OF F <= FACTR*EPSMCH
2.5,2.0,0.0,2000,88,qlog,2.62,0.43883110515021817,True,False,49,2637004579.0646486,381.35941536109505,0,0.005961129999946024,barrido q-log; q por deviance de bins
2.5,2.0,0.0,2000,88,cdf,2.511628854963305,2.655547240561487,True,False,49,2637004579.0646486,3.445291080102372e-05,108,0.041411137999944,CONVERGENCE: NORM OF PROJECTED GRADIENT <= PGTOL
2.5,2.0,0.0,2000,89,pdf,2.523348581088223,2.4697877765242295,True,False,48,634279421.9527822,60.49607643775549,162,0.04222041100001661,CONVERGENCE: RELATIVE REDUCTION OF F <= FACTR*EPSMCH
2.5,2.0,0.0,2000,89,mle,2.5090373347501704,1.765311801497083,True,False,48,634279421.9527822,9863.715419596658,99,0.004045234000045639,CONVERGENCE: NORM OF PROJECTED GRADIENT <= PGTOL
2.5,2.0,0.0,2000,89,qlog,2.58,0.04669142698590125,True,False,48,634279421.9527822,698.6480867573664,0,0.005798744999992778,barrido q-log; q por deviance de bins
2.5,2.0,0.0,2000,89,cdf,2.5086896215125902,1.7426404918442293,True,False,48,634279421.9527822,8.246827834896898e-05,84,0.04165904100000262,CONVERGENCE: NORM OF PROJECTED GRADIENT <= PGTOL
2.5,2.0,0.0,2000,90,pdf,2.51242109497405,3.3639830850870482,True,False,47,4357576527660.357,63.48861886756627,147,0.054271242999902825,CONVERGENCE: RELATIVE REDUCTION OF F <= FACTR*EPSMCH
2.5,2.0,0.0,2000,90,mle,2.4973242591672977,2.220517586671349,True,False,47,4357576527660.357,9401.607207640565,126,0.010306917000093563,CONVERGENCE: RELATIVE REDUCTION OF F <= FACTR*EPSMCH
2.5,2.0,0.0,2000,90,qlog,2.68,0.0852133355913425,True,False,47,4357576527660.357,1326.484392120817,0,0.005811403000052451,barrido q-log; q por deviance de bins
2.5,2.0,0.0,2000,90,cdf,2.4880480476086966,2.1034493905215434,True,False,47,4357576527660.357,1.6023099518921772e-05,102,0.06299052099996061,CONVERGENCE: NORM OF PROJECTED GRADIENT <= PGTOL
2.5,2.0,0.0,2000,91,pdf,2.5124903754527295,2.0557203610400254,True,False,48,980470199.8754656,71.56881536832555,117,0.02615726299995913,CONVERGENCE: RELATIVE REDUCTION OF F <= FACTR*EPSMCH
2.5,2.0,0.0,2000,91,mle,2.5004934178663882,1.9050938541700262,True,False,48,980470199.8754656,9616.786232865377,99,0.004663277999952697,CONVERGENCE: RELATIVE REDUCTION OF F <= FACTR*EPSMCH
2.5,2.0,0.0,2000,91,qlog,2.58,0.06323035918045072,True,False,48,980470199.8754656,648.1764819016469,0,0.006348774999992202,barrido q-log; q por deviance de bins
2.5,2.0,0.0,2000,91,cdf,2.5008837124874033,2.0173323464185247,True,False,48,980470199.8754656,0.0001660701576059225,75,0.038090098999987276,CONVERGENCE: NORM OF PROJECTED GRADIENT <= PGTOL
2.5,2.0,0.0,2000,92,pdf,2.496622376394437,2.1808498451159557,True,False,46,24973458373.668537,40.493841948777536,129,0.03683853600000475,CONVERGENCE: RELATIVE REDUCTION OF F <= FACTR*EPSMCH
2.5,2.0,0.0,2000,92,mle,2.498828027829115,2.3494615114875996,True,False,46,24973458373.668537,9374.476668508261,105,0.00482266900007744,CONVERGENCE: NORM OF PROJECTED GRADIENT <= PGTOL
2.5,2.0,0.0,2000,92,qlog,2.64,0.2410043226164782,True,False,46,24973458373.668537,680.4058525220008,0,0.006536379000067427,barrido q-log; q por deviance de bins
2.5,2.0,0.0,2000,92,cdf,2.501797499780723,2.351878306718799,True,False,46,24973458373.668537,1.2788994134200308e-05,111,0.039436163000004854,CONVERGENCE: NORM OF PROJECTED GRADIENT <= PGTOL
2.5,2.0,0.0,2000,93,pdf,2.487401179792156,0.9974619990963824,True,False,49,5094756077.540085,41.29227702759602,180,0.06014225699993858,CONVERGENCE: NORM OF PROJECTED GRADIENT <= PGTOL
2.5,2.0,0.0,2000,93,mle,2.5092224480480874,1.9091433725332951,True,False,49,5094756077.540085,9789.144362439514,102,0.004064894000066488,CONVERGENCE: RELATIVE REDUCTION OF F <= FACTR*EPSMCH
2.5,2.0,0.0,2000,93,qlog,2.6,0.11321112810670127,True,False,49,5094756077.540085,534.581618178851,0,0.006360548000088784,barrido q-log; q por deviance de bins
2.5,2.0,0.0,2000,93,cdf,2.5174415414014346,1.989874250035746,True,False,49,5094756077.540085,7.292928786295841e-05,87,0.041731390999984797,CONVERGENCE: NORM OF PROJECTED GRADIENT <= PGTOL
2.5,2.0,0.0,2000,94,pdf,2.5155082246151754,3.0412228638556607,True,False,48,91033423514.2304,58.8651098046422,159,0.041988800000012816,CONVERGENCE: RELATIVE REDUCTION OF F <= FACTR*EPSMCH
2.5,2.0,0.0,2000,94,mle,2.5029566720091254,1.9918644383595954,True,False,48,91033423514.2304,9620.918728585522,105,0.00513713399993776,CONVERGENCE: RELATIVE REDUCTION OF F <= FACTR*EPSMCH
2.5,2.0,0.0,2000,94,qlog,2.66,0.14844877502581838,True,False,48,91033423514.2304,893.4018456391599,0,0.006187180999972952,barrido q-log; q por deviance de bins
2.5,2.0,0.0,2000,94,cdf,2.497290339794492,1.8978339697908926,True,False,48,91033423514.2304,2.6061910022162105e-05,108,0.04973122199999125,CONVERGENCE: NORM OF PROJECTED GRADIENT <= PGTOL
2.5,2.0,0.0,2000,95,pdf,2.5416172594325825,5.91458049223594,True,False,48,104455476.8027847,61.380723193513404,138,0.03987226199990346,CONVERGENCE: NORM OF PROJECTED GRADIENT <= PGTOL
2.5,2.0,0.0,2000,95,mle,2.504112697720897,2.0960473927161964,True,False,48,104455476.8027847,9592.925030518647,96,0.004521163999925193,CONVERGENCE: RELATIVE REDUCTION OF F <= FACTR*EPSMCH
2.5,2.0,0.0,2000,95,qlog,2.6,0.7361504769516268,True,False,48,104455476.8027847,269.42956666332054,0,0.007035493999978826,barrido q-log; q por deviance de bins
2.5,2.0,0.0,2000,95,cdf,2.49776938432817,2.0567046283419836,True,False,48,104455476.8027847,6.088305213265822e-05,78,0.04315776700002516,CONVERGENCE: NORM OF PROJECTED GRADIENT <= PGTOL
2.5,2.0,0.0,2000,96,pdf,2.5009980473208127,2.3197566655284954,True,False,49,103512800918.44852,53.8764993930876,132,0.055562435000069854,CONVERGENCE: RELATIVE REDUCTION OF F <= FACTR*EPSMCH
2.5,2.0,0.0,2000,96,mle,2.504936588233403,2.521151096463688,True,False,49,103512800918.44852,9424.710315717997,102,0.005147510000028888,CONVERGENCE: NORM OF PROJECTED GRADIENT <= PGTOL
2.5,2.0,0.0,2000,96,qlog,2.64,0.1756599152384104,True,False,49,103512800918.44852,799.0634313994484,0,0.00614851299997099,barrido q-log; q por deviance de bins
2.5,2.0,0.0,2000,96,cdf,2.5035163507220024,2.4300726686475556,True,False,49,103512800918.44852,1.4059829259850985e-05,111,0.07135989200003223,CONVERGENCE: NORM OF PROJECTED GRADIENT <= PGTOL
2.5,2.0,0.0,2000,97,pdf,2.5079080363990567,2.778108767770373,True,False,45,18786208844.466045,51.03787858750325,123,0.021593787000028897,CONVERGENCE: RELATIVE REDUCTION OF F <= FACTR*EPSMCH
2.5,2.0,0.0,2000,97,mle,2.496814970147052,1.9795083918342602,True,False,45,18786208844.466045,9506.609384083895,102,0.004913715999919077,CONVERGENCE: RELATIVE REDUCTION OF F <= FACTR*EPSMCH
2.5,2.0,0.0,2000,97,qlog,2.64,0.4194174692168845,True,False,45,18786208844.466045,553.4291369253025,0,0.006887179000045762,barrido q-log; q por deviance de bins
2.5,2.0,0.0,2000,97,cdf,2.4917582454667935,1.9024596769529443,True,False,45,18786208844.466045,1.8589460397601178e-05,105,0.06227297300006285,CONVERGENCE: NORM OF PROJECTED GRADIENT <= PGTOL
2.5,2.0,0.0,2000,98,pdf,2.502617610325223,2.143967766323389,True,False,46,703156702612.1248,67.40792406096591,159,0.027964573999952336,CONVERGENCE: RELATIVE REDUCTION OF F <= FACTR*EPSMCH
2.5,2.0,0.0,2000,98,mle,2.499771460824866,2.162083109111176,True,False,46,703156702612.1248,9476.062665449372,117,0.0057590349999827595,CONVERGENCE: RELATIVE REDUCTION OF F <= FACTR*EPSMCH
2.5,2.0,0.0,2000,98,qlog,2.66,0.08611973455057599,True,False,46,703156702612.1248,1088.8405604741733,0,0.006047699999953693,barrido q-log; q por deviance de bins
2.5,2.0,0.0,2000,98,cdf,2.4975265314396844,2.149794407720037,True,False,46,703156702612.1248,6.505197270424961e-06,105,0.0632582769999317,CONVERGENCE: NORM OF PROJECTED GRADIENT <= PGTOL
2.5,2.0,0.0,2000,99,pdf,2.499761012164612,1.584125173593831,True,False,46,41444313082.32142,69.80886684869718,132,0.023709283000016512,CONVERGENCE: RELATIVE REDUCTION OF F <= FACTR*EPSMCH
2.5,2.0,0.0,2000,99,mle,2.5154920037186628,2.552089338733577,True,False,46,41444313082.32142,9627.772025793001,99,0.0038205650000691094,CONVERGENCE: RELATIVE REDUCTION OF F <= FACTR*EPSMCH
2.5,2.0,0.0,2000,99,qlog,2.64,0.23737093359672215,True,False,46,41444313082.32142,634.4279636491888,0,0.0050049139999828185,barrido q-log; q por deviance de bins
2.5,2.0,0.0,2000,99,cdf,2.519578894597751,2.5288433508845567,True,False,46,41444313082.32142,0.0001173319099250904,111,0.06845251200002167,CONVERGENCE: NORM OF PROJECTED GRADIENT <= PGTOL
