q_true,b_true,mu_true,n,rep,method,q_hat,b_hat,success,at_bound,at_start,occupied_bins,objective,nfev,seconds,message
1.4,2.0,0.0,100,0,pdf,1.6185304694015759,1.0448358537310949,True,False,False,32,0.7083433377628918,39,0.009766289000253892,CONVERGENCE: NORM OF PROJECTED GRADIENT <= PGTOL
1.4,2.0,0.0,100,0,mle,1.1755179780025287,1.348320647878688,True,False,False,32,106.7219042922934,42,0.00535306399979163,CONVERGENCE: RELATIVE REDUCTION OF F <= FACTR*EPSMCH
1.4,2.0,0.0,100,0,qlog,1.01,0.5681261007167929,True,True,False,32,1.1430167031249652,39,0.005791240000689868,CONVERGENCE: NORM OF PROJECTED GRADIENT <= PGTOL
1.4,2.0,0.0,100,0,cdf,1.01,1.0389899119687924,True,True,False,32,0.0009978820409068385,45,0.025755292999747326,CONVERGENCE: NORM OF PROJECTED GRADIENT <= PGTOL
1.4,2.0,0.0,100,1,pdf,2.1077521464746267,5.285619610373856,True,False,False,33,0.565717953551021,42,0.0042484269997657975,CONVERGENCE: NORM OF PROJECTED GRADIENT <= PGTOL
1.4,2.0,0.0,100,1,mle,1.4838173980416887,2.0188562132141517,True,False,False,33,119.8352857031112,30,0.0031158419988059904,CONVERGENCE: NORM OF PROJECTED GRADIENT <= PGTOL
1.4,2.0,0.0,100,1,qlog,1.1718855477752201,0.592980704342275,True,False,False,33,1.2056681327267957,54,0.00938007100012328,CONVERGENCE: NORM OF PROJECTED GRADIENT <= PGTOL
1.4,2.0,0.0,100,1,cdf,1.6934687110528504,3.150156975573361,True,False,False,33,0.0002567101216122305,45,0.010525719999350258,CONVERGENCE: NORM OF PROJECTED GRADIENT <= PGTOL
1.4,2.0,0.0,100,2,pdf,1.3802599558711726,0.8693611102482695,True,False,False,33,0.5169658754384235,36,0.003205119999620365,CONVERGENCE: NORM OF PROJECTED GRADIENT <= PGTOL
1.4,2.0,0.0,100,2,mle,1.121770710952584,1.1216863642685346,True,False,False,33,111.21935902273103,48,0.0041068739992624614,CONVERGENCE: RELATIVE REDUCTION OF F <= FACTR*EPSMCH
1.4,2.0,0.0,100,2,qlog,1.01,0.5855910090382224,True,True,False,33,0.7310024797939372,39,0.004685162999521708,CONVERGENCE: NORM OF PROJECTED GRADIENT <= PGTOL
1.4,2.0,0.0,100,2,cdf,1.0329338146046356,0.9956042343614856,True,False,False,33,0.0004266031611585908,72,0.01775445800012676,CONVERGENCE: RELATIVE REDUCTION OF F <= FACTR*EPSMCH
1.4,2.0,0.0,100,3,pdf,1.9128914867628286,3.0078276662642933,True,False,False,25,0.7444342516152805,30,0.006069171000490314,CONVERGENCE: NORM OF PROJECTED GRADIENT <= PGTOL
1.4,2.0,0.0,100,3,mle,1.4490861562290955,2.2714837968105517,True,False,False,25,109.54839863752909,30,0.0024617109993414488,CONVERGENCE: RELATIVE REDUCTION OF F <= FACTR*EPSMCH
1.4,2.0,0.0,100,3,qlog,1.01,0.43407993343431595,False,True,False,25,2.0008870685033138,144,0.020182225000098697,ABNORMAL: 
1.4,2.0,0.0,100,3,cdf,1.4367780553112133,2.0498613455085617,True,False,False,25,0.0032790780745575996,15,0.003539708999596769,CONVERGENCE: NORM OF PROJECTED GRADIENT <= PGTOL
1.4,2.0,0.0,100,4,pdf,2.065457840304895,3.8643763653850765,True,False,False,29,1.0250001332774892,33,0.007263184999828809,CONVERGENCE: NORM OF PROJECTED GRADIENT <= PGTOL
1.4,2.0,0.0,100,4,mle,1.453564573918319,3.5225583406897782,True,False,False,29,88.16637574012876,36,0.00237426799867535,CONVERGENCE: NORM OF PROJECTED GRADIENT <= PGTOL
1.4,2.0,0.0,100,4,qlog,1.01,0.7390679358758302,True,True,False,29,1.8028940679451784,81,0.021933002000878332,CONVERGENCE: NORM OF PROJECTED GRADIENT <= PGTOL
1.4,2.0,0.0,100,4,cdf,1.1916553428505914,2.4024547163524175,True,False,False,29,0.0008100715393803122,39,0.01658030900034646,CONVERGENCE: NORM OF PROJECTED GRADIENT <= PGTOL
1.4,2.0,0.0,100,5,pdf,2.0446459884423533,5.016641027257881,True,False,False,33,0.5889484935685457,36,0.007380775999990874,CONVERGENCE: NORM OF PROJECTED GRADIENT <= PGTOL
1.4,2.0,0.0,100,5,mle,1.556056187442194,3.5542596382063554,True,False,False,33,101.33316501544041,36,0.005686046000846545,CONVERGENCE: NORM OF PROJECTED GRADIENT <= PGTOL
1.4,2.0,0.0,100,5,qlog,1.2712969651373758,0.9692207942044693,True,False,False,33,1.3028563725247841,60,0.01327154000136943,CONVERGENCE: NORM OF PROJECTED GRADIENT <= PGTOL
1.4,2.0,0.0,100,5,cdf,1.6470355503691156,4.321447967028841,True,False,False,33,0.0001493172780599113,54,0.018604528000651044,CONVERGENCE: NORM OF PROJECTED GRADIENT <= PGTOL
1.4,2.0,0.0,100,6,pdf,2.2392180300336166,8.063193288930396,True,False,False,30,0.7248037319421737,42,0.004504452999753994,CONVERGENCE: NORM OF PROJECTED GRADIENT <= PGTOL
1.4,2.0,0.0,100,6,mle,1.409318251032865,1.6326801821978003,True,False,False,30,121.25663095215147,42,0.006968264999159146,CONVERGENCE: NORM OF PROJECTED GRADIENT <= PGTOL
1.4,2.0,0.0,100,6,qlog,1.01,0.42293738323381197,True,True,False,30,1.360450345340819,72,0.008112314999380033,CONVERGENCE: NORM OF PROJECTED GRADIENT <= PGTOL
1.4,2.0,0.0,100,6,cdf,1.7013240575086264,2.8426490715008303,True,False,False,30,0.0014221354131997276,42,0.011419923001085408,CONVERGENCE: NORM OF PROJECTED GRADIENT <= PGTOL
1.4,2.0,0.0,100,7,pdf,2.1472391602535073,9.278212744349672,True,False,False,31,0.554264009708582,48,0.006372021000061068,CONVERGENCE: NORM OF PROJECTED GRADIENT <= PGTOL
1.4,2.0,0.0,100,7,mle,1.4466842226281822,2.952902833386378,True,False,False,31,96.13387487219538,39,0.005616456999632646,CONVERGENCE: NORM OF PROJECTED GRADIENT <= PGTOL
1.4,2.0,0.0,100,7,qlog,1.01,0.45923983896242726,True,True,False,31,2.15771869296097,144,0.01828274899889948,CONVERGENCE: NORM OF PROJECTED GRADIENT <= PGTOL
1.4,2.0,0.0,100,7,cdf,1.7649961066589888,5.805326609996223,True,False,False,31,0.0005981691353189216,60,0.017552954001075705,CONVERGENCE: NORM OF PROJECTED GRADIENT <= PGTOL
1.4,2.0,0.0,100,8,pdf,1.7018125079189361,1.7018504351293144,True,False,False,30,0.47403125006845037,30,0.0043244010012131184,CONVERGENCE: NORM OF PROJECTED GRADIENT <= PGTOL
1.4,2.0,0.0,100,8,mle,1.3415321589869067,1.4950986682510468,True,False,False,30,117.9861856407705,39,0.0030842500000289874,CONVERGENCE: NORM OF PROJECTED GRADIENT <= PGTOL
1.4,2.0,0.0,100,8,qlog,1.01,0.39519705533198374,True,True,False,30,1.325785136293441,51,0.0233252790003462,CONVERGENCE: NORM OF PROJECTED GRADIENT <= PGTOL
1.4,2.0,0.0,100,8,cdf,1.4576576014983578,1.798941487445936,True,False,False,30,0.0007105079408753387,33,0.05528125400087447,CONVERGENCE: NORM OF PROJECTED GRADIENT <= PGTOL
1.4,2.0,0.0,100,9,pdf,1.01,0.5120364516869603,True,True,False,39,0.6362579785580386,45,0.008241944000474177,CONVERGENCE: NORM OF PROJECTED GRADIENT <= PGTOL
1.4,2.0,0.0,100,9,mle,1.01,1.1485015785168224,True,True,False,39,100.99203618023472,57,0.006314330999884987,CONVERGENCE: RELATIVE REDUCTION OF F <= FACTR*EPSMCH
1.4,2.0,0.0,100,9,qlog,1.01,0.8313988087361129,True,True,False,39,0.8577643515403682,24,0.0037507460001506843,CONVERGENCE: NORM OF PROJECTED GRADIENT <= PGTOL
1.4,2.0,0.0,100,9,cdf,1.370178969637273,1.5794498457985517,True,False,False,39,0.0022493648561514013,45,0.029326120999030536,CONVERGENCE: NORM OF PROJECTED GRADIENT <= PGTOL
1.4,2.0,0.0,100,10,pdf,1.8998248587476074,3.0141810310913013,True,False,False,32,0.5510930239440466,33,0.05016269299994747,CONVERGENCE: NORM OF PROJECTED GRADIENT <= PGTOL
1.4,2.0,0.0,100,10,mle,1.443531418493458,2.000257862341184,True,False,False,32,115.22130137253029,33,0.0050469630004954524,CONVERGENCE: NORM OF PROJECTED GRADIENT <= PGTOL
1.4,2.0,0.0,100,10,qlog,1.01,0.4703498175080144,True,True,False,32,1.2182586221233198,45,0.015854146999117802,CONVERGENCE: NORM OF PROJECTED GRADIENT <= PGTOL
1.4,2.0,0.0,100,10,cdf,1.518562203054173,2.3197330911033958,True,False,False,32,0.00028632255426622616,36,0.015226464000079432,CONVERGENCE: NORM OF PROJECTED GRADIENT <= PGTOL
1.4,2.0,0.0,100,11,pdf,1.3969368372287256,0.558816896268004,True,False,False,37,0.5621929150321743,48,0.007669752998481272,CONVERGENCE: NORM OF PROJECTED GRADIENT <= PGTOL
1.4,2.0,0.0,100,11,mle,1.01,0.6933585304069123,True,True,False,37,126.28841757960873,54,0.003942690998883336,CONVERGENCE: RELATIVE REDUCTION OF F <= FACTR*EPSMCH
1.4,2.0,0.0,100,11,qlog,1.01,0.4657348450401248,True,True,False,37,0.8418538760202279,36,0.0038484569995489437,CONVERGENCE: NORM OF PROJECTED GRADIENT <= PGTOL
1.4,2.0,0.0,100,11,cdf,1.01,0.6337106282987847,True,True,False,37,0.0024731070522392303,48,0.01314244700006384,CONVERGENCE: NORM OF PROJECTED GRADIENT <= PGTOL
1.4,2.0,0.0,100,12,pdf,2.118466501942239,3.250483006719582,True,False,False,31,0.7357383055923911,42,0.030670890000692452,CONVERGENCE: NORM OF PROJECTED GRADIENT <= PGTOL
1.4,2.0,0.0,100,12,mle,1.5454317850475225,1.8007264840997008,True,False,False,31,133.8350209416991,36,0.0029313750001165317,CONVERGENCE: NORM OF PROJECTED GRADIENT <= PGTOL
1.4,2.0,0.0,100,12,qlog,1.01,0.3243292336686513,True,True,False,31,1.6453759840178988,96,0.01730516299903684,CONVERGENCE: NORM OF PROJECTED GRADIENT <= PGTOL
1.4,2.0,0.0,100,12,cdf,1.6785016870761815,2.383889073274243,True,False,False,31,0.0003981749660477051,30,0.011580878001041128,CONVERGENCE: NORM OF PROJECTED GRADIENT <= PGTOL
1.4,2.0,0.0,100,13,pdf,1.4208189495843495,0.5523904477255748,True,False,False,35,0.8217540251856241,48,0.005532844001209014,CONVERGENCE: NORM OF PROJECTED GRADIENT <= PGTOL
1.4,2.0,0.0,100,13,mle,1.122370678791612,1.2462355437446941,True,False,False,35,106.00566671419836,42,0.004290851999030565,CONVERGENCE: NORM OF PROJECTED GRADIENT <= PGTOL
1.4,2.0,0.0,100,13,qlog,1.01,0.6724892597852058,True,True,False,35,1.0170742970919944,39,0.008796858001005603,CONVERGENCE: NORM OF PROJECTED GRADIENT <= PGTOL
1.4,2.0,0.0,100,13,cdf,1.01,1.0334181861870397,True,True,False,35,0.0011043879033590977,48,0.02015399000083562,CONVERGENCE: NORM OF PROJECTED GRADIENT <= PGTOL
1.4,2.0,0.0,100,14,pdf,1.7955982514892879,1.411288643369508,True,False,False,29,0.8607277625351067,33,0.003445905000262428,CONVERGENCE: NORM OF PROJECTED GRADIENT <= PGTOL
1.4,2.0,0.0,100,14,mle,1.3879232616777741,1.813057513179094,True,False,False,29,113.5280401209553,36,0.004774053999426542,CONVERGENCE: NORM OF PROJECTED GRADIENT <= PGTOL
1.4,2.0,0.0,100,14,qlog,1.01,0.44176756806826006,True,True,False,29,1.5285127029170074,66,0.009013504999529687,CONVERGENCE: RELATIVE REDUCTION OF F <= FACTR*EPSMCH
1.4,2.0,0.0,100,14,cdf,1.1975661394168253,1.3430687510834658,True,False,False,29,0.0015154914097537376,42,0.014640370998677099,CONVERGENCE: NORM OF PROJECTED GRADIENT <= PGTOL
1.4,2.0,0.0,100,15,pdf,1.3653741779423005,0.7903191467453241,True,False,False,38,0.47424419995626693,39,0.008713416998944012,CONVERGENCE: NORM OF PROJECTED GRADIENT <= PGTOL
1.4,2.0,0.0,100,15,mle,1.01,0.9423534729299066,True,True,False,38,110.93694485168001,57,0.00801369600048929,CONVERGENCE: RELATIVE REDUCTION OF F <= FACTR*EPSMCH
1.4,2.0,0.0,100,15,qlog,1.01,0.6439461443255624,True,True,False,38,0.6719304934374989,27,0.009517043999949237,CONVERGENCE: NORM OF PROJECTED GRADIENT <= PGTOL
1.4,2.0,0.0,100,15,cdf,1.01,0.8384026686386996,True,True,False,38,0.002596622533086825,45,0.009960221001165337,CONVERGENCE: NORM OF PROJECTED GRADIENT <= PGTOL
1.4,2.0,0.0,100,16,pdf,1.1693690747739036,0.5063883251202798,True,False,False,38,0.6298971934187355,51,0.007822969999324414,CONVERGENCE: NORM OF PROJECTED GRADIENT <= PGTOL
1.4,2.0,0.0,100,16,mle,1.0400229642816714,0.93616819248408,True,False,False,38,113.59759023744004,48,0.0209549369992601,CONVERGENCE: RELATIVE REDUCTION OF F <= FACTR*EPSMCH
1.4,2.0,0.0,100,16,qlog,1.01,0.5778118380105871,True,True,False,38,0.9043213319342488,27,0.011590268999498221,CONVERGENCE: NORM OF PROJECTED GRADIENT <= PGTOL
1.4,2.0,0.0,100,16,cdf,1.0286595872584934,0.9415104557538494,True,False,False,38,0.0012628174786937178,48,0.037832305000847555,CONVERGENCE: NORM OF PROJECTED GRADIENT <= PGTOL
1.4,2.0,0.0,100,17,pdf,1.7210823340901538,2.439219996395054,True,False,False,32,0.5952425289717551,33,0.006646400001045549,CONVERGENCE: NORM OF PROJECTED GRADIENT <= PGTOL
1.4,2.0,0.0,100,17,mle,1.4489525369960734,2.9280298682486077,True,False,False,32,96.83705194648643,39,0.006750255000952166,CONVERGENCE: NORM OF PROJECTED GRADIENT <= PGTOL
1.4,2.0,0.0,100,17,qlog,1.01,0.7256623377066718,True,True,False,32,1.4688973090808943,36,0.004805735999980243,CONVERGENCE: NORM OF PROJECTED GRADIENT <= PGTOL
1.4,2.0,0.0,100,17,cdf,1.7269227080013922,5.1478786418719205,True,False,False,32,0.0008149543187188133,57,0.04332914600126969,CONVERGENCE: NORM OF PROJECTED GRADIENT <= PGTOL
1.4,2.0,0.0,100,18,pdf,2.2039167182053654,3.324033678771292,True,False,False,30,1.0726153207533595,42,0.006222863999937545,CONVERGENCE: NORM OF PROJECTED GRADIENT <= PGTOL
1.4,2.0,0.0,100,18,mle,1.4327874893926733,1.963045710236988,True,False,False,30,114.84864803552753,33,0.006817344999944908,CONVERGENCE: NORM OF PROJECTED GRADIENT <= PGTOL
1.4,2.0,0.0,100,18,qlog,1.01,0.4224563639441455,True,True,False,30,2.094263271540642,51,0.006512563999422127,CONVERGENCE: NORM OF PROJECTED GRADIENT <= PGTOL
1.4,2.0,0.0,100,18,cdf,1.314332208975643,1.5163272021906895,True,False,False,30,0.003012513913990652,45,0.014456392000283813,CONVERGENCE: NORM OF PROJECTED GRADIENT <= PGTOL
1.4,2.0,0.0,100,19,pdf,1.9648068775693268,3.6641642380682677,True,False,False,26,0.724393240629959,30,0.0062150100002327235,CONVERGENCE: NORM OF PROJECTED GRADIENT <= PGTOL
1.4,2.0,0.0,100,19,mle,1.4080242798894897,2.3410512036453834,True,False,False,26,103.0854049333308,33,0.0022006290000717854,CONVERGENCE: NORM OF PROJECTED GRADIENT <= PGTOL
1.4,2.0,0.0,100,19,qlog,1.01,0.3692563643668147,True,True,False,26,2.58144934143391,66,0.019908860998839373,CONVERGENCE: NORM OF PROJECTED GRADIENT <= PGTOL
1.4,2.0,0.0,100,19,cdf,1.2709141494802727,1.814317201011834,True,False,False,26,0.0012930122288148213,39,0.02964047000023129,CONVERGENCE: NORM OF PROJECTED GRADIENT <= PGTOL
1.4,2.0,0.0,100,20,pdf,2.0305864053353844,5.58265184994513,True,False,False,28,0.5209961626497425,30,0.006319280999377952,CONVERGENCE: NORM OF PROJECTED GRADIENT <= PGTOL
1.4,2.0,0.0,100,20,mle,1.5021241687286995,2.3658493283060644,True,False,False,28,114.29816939205503,30,0.008279001000119024,CONVERGENCE: RELATIVE REDUCTION OF F <= FACTR*EPSMCH
1.4,2.0,0.0,100,20,qlog,1.516019027060823,0.9186095361898119,True,False,False,28,1.5318829647490806,42,0.009373998000228312,CONVERGENCE: NORM OF PROJECTED GRADIENT <= PGTOL
1.4,2.0,0.0,100,20,cdf,1.6024687982474703,2.8748961241353808,True,False,False,28,0.00033116984638810443,42,0.01861427400035609,CONVERGENCE: NORM OF PROJECTED GRADIENT <= PGTOL
1.4,2.0,0.0,100,21,pdf,2.186426216859517,4.271330654307251,True,False,False,30,0.9749314914841161,36,0.012310653999520582,CONVERGENCE: NORM OF PROJECTED GRADIENT <= PGTOL
1.4,2.0,0.0,100,21,mle,1.5065582467338028,2.383713030361899,True,False,False,30,114.51014755244572,30,0.030911250998542528,CONVERGENCE: NORM OF PROJECTED GRADIENT <= PGTOL
1.4,2.0,0.0,100,21,qlog,1.01,0.45472714518071344,True,True,False,30,2.1209760304160272,57,0.030909245000657393,CONVERGENCE: NORM OF PROJECTED GRADIENT <= PGTOL
1.4,2.0,0.0,100,21,cdf,1.342986311831725,1.6232318938269892,True,False,False,30,0.00507334266900503,42,0.012972335000085877,CONVERGENCE: NORM OF PROJECTED GRADIENT <= PGTOL
1.4,2.0,0.0,100,22,pdf,2.1222313626303766,6.42870342372053,True,False,False,33,0.6589684574524945,42,0.005867498999577947,CONVERGENCE: NORM OF PROJECTED GRADIENT <= PGTOL
1.4,2.0,0.0,100,22,mle,1.6126107320077745,4.035979975097173,True,False,False,33,103.30455627848377,33,0.003408466000109911,CONVERGENCE: NORM OF PROJECTED GRADIENT <= PGTOL
1.4,2.0,0.0,100,22,qlog,1.01,0.6635604817821086,True,True,False,33,1.8282835993474724,45,0.009189644999423763,CONVERGENCE: NORM OF PROJECTED GRADIENT <= PGTOL
1.4,2.0,0.0,100,22,cdf,1.85792167251069,7.395680821759783,True,False,False,33,0.0005983971318387439,57,0.06712967000021308,CONVERGENCE: NORM OF PROJECTED GRADIENT <= PGTOL
1.4,2.0,0.0,100,23,pdf,1.9270037332916194,2.6998725491415216,True,False,False,25,0.7397735444010984,36,0.048918065998805105,CONVERGENCE: NORM OF PROJECTED GRADIENT <= PGTOL
1.4,2.0,0.0,100,23,mle,1.4584280501756572,1.6912916439525287,True,False,False,25,125.45809229772587,36,0.019593769999119104,CONVERGENCE: NORM OF PROJECTED GRADIENT <= PGTOL
1.4,2.0,0.0,100,23,qlog,1.287389289746787,0.47237443527112033,True,False,False,25,1.8814283319590683,57,0.013381380998907844,CONVERGENCE: NORM OF PROJECTED GRADIENT <= PGTOL
1.4,2.0,0.0,100,23,cdf,1.330427263463003,1.3681878746752791,True,False,False,25,0.0005173035380211423,39,0.027307966998705524,CONVERGENCE: NORM OF PROJECTED GRADIENT <= PGTOL
1.4,2.0,0.0,100,24,pdf,1.5484052627646232,2.045599506567921,True,False,False,21,0.6077504262716683,21,0.004726686000140035,CONVERGENCE: NORM OF PROJECTED GRADIENT <= PGTOL
1.4,2.0,0.0,100,24,mle,1.3830902387307653,2.349614362130504,True,False,False,21,100.01278222940407,30,0.00810654999986582,CONVERGENCE: NORM OF PROJECTED GRADIENT <= PGTOL
1.4,2.0,0.0,100,24,qlog,1.01,0.28202679143051773,True,True,False,21,3.384707317273304,84,0.04461534400070377,CONVERGENCE: NORM OF PROJECTED GRADIENT <= PGTOL
1.4,2.0,0.0,100,24,cdf,1.01,1.348173082318318,True,True,False,21,0.0013457292705239094,30,0.02710583400039468,CONVERGENCE: NORM OF PROJECTED GRADIENT <= PGTOL
1.4,2.0,0.0,100,25,pdf,1.4983551224241647,1.4798290826226883,True,False,False,34,0.4527799323151401,30,0.006606402001125389,CONVERGENCE: NORM OF PROJECTED GRADIENT <= PGTOL
1.4,2.0,0.0,100,25,mle,1.2960277073976771,1.6478611818042546,True,False,False,34,108.30527635861793,39,0.009755574001246714,CONVERGENCE: NORM OF PROJECTED GRADIENT <= PGTOL
1.4,2.0,0.0,100,25,qlog,1.01,0.6207843651555769,True,True,False,34,0.875864465350329,48,0.014018988000316313,CONVERGENCE: NORM OF PROJECTED GRADIENT <= PGTOL
1.4,2.0,0.0,100,25,cdf,1.3436396548505587,1.7310438728103799,True,False,False,34,0.0017972480632372021,39,0.05067440499988152,CONVERGENCE: NORM OF PROJECTED GRADIENT <= PGTOL
1.4,2.0,0.0,100,26,pdf,1.1811576778954302,0.7791858969480354,True,False,False,38,0.5992602924356937,48,0.026563349998468766,CONVERGENCE: NORM OF PROJECTED GRADIENT <= PGTOL
1.4,2.0,0.0,100,26,mle,1.01,1.222299741604952,True,True,False,38,97.93304419572901,66,0.060609639000176685,CONVERGENCE: RELATIVE REDUCTION OF F <= FACTR*EPSMCH
1.4,2.0,0.0,100,26,qlog,1.01,0.8318573591075509,True,True,False,38,0.9322538144616369,21,0.0032574420001765247,CONVERGENCE: NORM OF PROJECTED GRADIENT <= PGTOL
1.4,2.0,0.0,100,26,cdf,1.3807383094687873,2.07005624847155,True,False,False,38,0.00033262687960384905,15,0.006525619999592891,CONVERGENCE: NORM OF PROJECTED GRADIENT <= PGTOL
1.4,2.0,0.0,100,27,pdf,1.821101856760362,1.8370332091251176,True,False,False,30,0.8553981913736994,27,0.002737872000579955,CONVERGENCE: NORM OF PROJECTED GRADIENT <= PGTOL
1.4,2.0,0.0,100,27,mle,1.438678878867772,3.0845585248955536,True,False,False,30,92.97014285747719,33,0.004130265999265248,CONVERGENCE: NORM OF PROJECTED GRADIENT <= PGTOL
1.4,2.0,0.0,100,27,qlog,1.01,0.720229650529104,True,True,False,30,1.792743490298387,51,0.07870920200002729,CONVERGENCE: NORM OF PROJECTED GRADIENT <= PGTOL
1.4,2.0,0.0,100,27,cdf,1.6302248746375314,4.439338511360955,True,False,False,30,0.0003422810802185242,57,0.018312819998755003,CONVERGENCE: NORM OF PROJECTED GRADIENT <= PGTOL
1.4,2.0,0.0,100,28,pdf,1.785998678060182,1.873622255706754,True,False,False,22,0.8898944684008092,33,0.002964924000480096,CONVERGENCE: NORM OF PROJECTED GRADIENT <= PGTOL
1.4,2.0,0.0,100,28,mle,1.3410294727051746,1.7079746761690877,True,False,False,22,111.27577320891162,36,0.013475480000124662,CONVERGENCE: NORM OF PROJECTED GRADIENT <= PGTOL
1.4,2.0,0.0,100,28,qlog,1.01,0.3651591154129724,True,True,False,22,2.253876424639883,81,0.03688870800033328,CONVERGENCE: NORM OF PROJECTED GRADIENT <= PGTOL
1.4,2.0,0.0,100,28,cdf,1.01,1.0186463826220518,True,True,False,22,0.0018663656205220023,102,0.04853655899933074,CONVERGENCE: NORM OF PROJECTED GRADIENT <= PGTOL
1.4,2.0,0.0,100,29,pdf,1.7552612488583312,2.1929165533512083,True,False,False,32,0.35891974706342855,30,0.0062040280008659465,CONVERGENCE: NORM OF PROJECTED GRADIENT <= PGTOL
1.4,2.0,0.0,100,29,mle,1.2650187774200372,1.403054105833418,True,False,False,32,113.20616957584278,42,0.00394711599983566,CONVERGENCE: NORM OF PROJECTED GRADIENT <= PGTOL
1.4,2.0,0.0,100,29,qlog,1.070985729555501,0.4607770011198263,True,False,False,32,0.9791158372546744,57,0.012652591998630669,CONVERGENCE: NORM OF PROJECTED GRADIENT <= PGTOL
1.4,2.0,0.0,100,29,cdf,1.2980864636434482,1.4526427089608247,True,False,False,32,0.00012899931804599934,39,0.010668285998690408,CONVERGENCE: NORM OF PROJECTED GRADIENT <= PGTOL
1.4,2.0,0.0,100,30,pdf,1.6663808040566535,1.730727641528375,True,False,False,37,0.5194391757654722,36,0.0063883319999149535,CONVERGENCE: NORM OF PROJECTED GRADIENT <= PGTOL
1.4,2.0,0.0,100,30,mle,1.279088564904583,1.9193901876894743,True,False,False,37,98.9495144594132,42,0.00412528600099904,CONVERGENCE: NORM OF PROJECTED GRADIENT <= PGTOL
1.4,2.0,0.0,100,30,qlog,1.01,0.8167429052054258,True,True,False,37,0.7923797414320835,39,0.00910017699970922,CONVERGENCE: NORM OF PROJECTED GRADIENT <= PGTOL
1.4,2.0,0.0,100,30,cdf,1.5703006285368324,3.271153577413591,True,False,False,37,0.00018426423567009922,39,0.02835340799902042,CONVERGENCE: NORM OF PROJECTED GRADIENT <= PGTOL
1.4,2.0,0.0,100,31,pdf,1.4186095211718774,1.7157594075684937,True,False,False,21,0.5083825823757316,33,0.005345298999600345,CONVERGENCE: NORM OF PROJECTED GRADIENT <= PGTOL
1.4,2.0,0.0,100,31,mle,1.4399998509805274,2.1135325020293627,True,False,False,21,112.03402484232112,30,0.002331153998966329,CONVERGENCE: NORM OF PROJECTED GRADIENT <= PGTOL
1.4,2.0,0.0,100,31,qlog,1.5502133007503034,0.8040470992184675,True,False,False,21,2.658968482570507,48,0.006420546998924692,CONVERGENCE: NORM OF PROJECTED GRADIENT <= PGTOL
1.4,2.0,0.0,100,31,cdf,1.01,1.1689919545032255,True,True,False,21,0.0004201267424198154,45,0.015159766000579111,CONVERGENCE: NORM OF PROJECTED GRADIENT <= PGTOL
1.4,2.0,0.0,100,32,pdf,1.654372094908412,2.109677099852983,True,False,False,25,0.40100294970751704,24,0.0046692089999851305,CONVERGENCE: NORM OF PROJECTED GRADIENT <= PGTOL
1.4,2.0,0.0,100,32,mle,1.4016502404798015,1.8589581502426011,True,False,False,25,113.86750105639564,36,0.006428282000342733,CONVERGENCE: NORM OF PROJECTED GRADIENT <= PGTOL
1.4,2.0,0.0,100,32,qlog,1.3808321057814372,0.5883610898574086,True,False,False,25,1.713803464147429,51,0.010186244999204064,CONVERGENCE: NORM OF PROJECTED GRADIENT <= PGTOL
1.4,2.0,0.0,100,32,cdf,1.2571541997357862,1.4869759860871705,True,False,False,25,0.0002220633743133939,45,0.026096486999449553,CONVERGENCE: NORM OF PROJECTED GRADIENT <= PGTOL
1.4,2.0,0.0,100,33,pdf,1.71795163798658,3.194515824469568,True,False,False,35,0.39572889038839465,36,0.018569125000794884,CONVERGENCE: NORM OF PROJECTED GRADIENT <= PGTOL
1.4,2.0,0.0,100,33,mle,1.3227155997652553,2.3713729007278745,True,False,False,35,92.89965521831984,39,0.002926218001448433,CONVERGENCE: NORM OF PROJECTED GRADIENT <= PGTOL
1.4,2.0,0.0,100,33,qlog,1.01,0.8431600189373554,True,True,False,35,0.8538947079346931,39,0.007011929999862332,CONVERGENCE: NORM OF PROJECTED GRADIENT <= PGTOL
1.4,2.0,0.0,100,33,cdf,1.6107177758737243,4.11496559772524,True,False,False,35,0.00021782075162749323,51,0.010954377001326066,CONVERGENCE: NORM OF PROJECTED GRADIENT <= PGTOL
1.4,2.0,0.0,100,34,pdf,1.8247875214842588,2.562650028179302,True,False,False,24,0.7412144603065202,30,0.005156361999979708,CONVERGENCE: NORM OF PROJECTED GRADIENT <= PGTOL
1.4,2.0,0.0,100,34,mle,1.4448142614286237,2.2741520060340408,True,False,False,24,108.96251967747908,30,0.0019619270005932776,CONVERGENCE: NORM OF PROJECTED GRADIENT <= PGTOL
1.4,2.0,0.0,100,34,qlog,1.01,0.37739041164286846,True,True,False,24,1.9747908606646118,84,0.05523990700021386,CONVERGENCE: NORM OF PROJECTED GRADIENT <= PGTOL
1.4,2.0,0.0,100,34,cdf,1.069667124187307,1.3193973689282357,True,False,False,24,0.0010044433356852277,51,0.05666898100025719,CONVERGENCE: NORM OF PROJECTED GRADIENT <= PGTOL
1.4,2.0,0.0,100,35,pdf,1.8632220276950784,2.861806044894104,True,False,False,28,0.7700986705422161,33,0.004074109998327913,CONVERGENCE: NORM OF PROJECTED GRADIENT <= PGTOL
1.4,2.0,0.0,100,35,mle,1.4749347532790151,2.556097550327031,True,False,False,28,106.89630276335059,27,0.0023076070010574767,CONVERGENCE: NORM OF PROJECTED GRADIENT <= PGTOL
1.4,2.0,0.0,100,35,qlog,1.01,0.44054940493700856,True,True,False,28,2.208348994777032,51,0.007721677000517957,CONVERGENCE: NORM OF PROJECTED GRADIENT <= PGTOL
1.4,2.0,0.0,100,35,cdf,1.2272597377165821,1.7803843689666448,True,False,False,28,0.000860245401055141,39,0.017101580000598915,CONVERGENCE: NORM OF PROJECTED GRADIENT <= PGTOL
1.4,2.0,0.0,100,36,pdf,2.035404303116341,4.28534900056447,True,False,False,29,0.7483582295550147,36,0.004604792000463931,CONVERGENCE: NORM OF PROJECTED GRADIENT <= PGTOL
1.4,2.0,0.0,100,36,mle,1.4025825733062678,2.5304960796939997,True,False,False,29,98.55645530909852,39,0.02028283899926464,CONVERGENCE: NORM OF PROJECTED GRADIENT <= PGTOL
1.4,2.0,0.0,100,36,qlog,1.01,0.583104010560918,True,True,False,29,1.9163209092277205,39,0.004111680000278284,CONVERGENCE: NORM OF PROJECTED GRADIENT <= PGTOL
1.4,2.0,0.0,100,36,cdf,1.5600271554587604,3.282175423049938,True,False,False,29,0.0007919693594187971,39,0.008883704998879693,CONVERGENCE: NORM OF PROJECTED GRADIENT <= PGTOL
1.4,2.0,0.0,100,37,pdf,1.8669733696922026,1.9157141466125311,True,False,False,26,0.7371689624244351,33,0.003094458999839844,CONVERGENCE: NORM OF PROJECTED GRADIENT <= PGTOL
1.4,2.0,0.0,100,37,mle,1.4805480442044494,1.8121238083858946,True,False,False,26,124.8152690999777,33,0.002277075000165496,CONVERGENCE: NORM OF PROJECTED GRADIENT <= PGTOL
1.4,2.0,0.0,100,37,qlog,1.01,0.3095084482906222,True,True,False,26,1.9841780529770623,60,0.006305412998699467,CONVERGENCE: NORM OF PROJECTED GRADIENT <= PGTOL
1.4,2.0,0.0,100,37,cdf,1.2719513802219358,1.3118924166665387,True,False,False,26,0.0005676701453783646,42,0.009403920999830007,CONVERGENCE: NORM OF PROJECTED GRADIENT <= PGTOL
1.4,2.0,0.0,100,38,pdf,1.9309062059980717,1.8518211810865046,True,False,False,29,1.0974738472336945,36,0.0057339070008310955,CONVERGENCE: NORM OF PROJECTED GRADIENT <= PGTOL
1.4,2.0,0.0,100,38,mle,1.4819611586498047,2.9056208720508083,True,False,False,29,101.3899037306146,36,0.004299132999221911,CONVERGENCE: NORM OF PROJECTED GRADIENT <= PGTOL
1.4,2.0,0.0,100,38,qlog,1.01,0.6083737612986684,True,True,False,29,1.8997199199424633,45,0.005852691001564381,CONVERGENCE: NORM OF PROJECTED GRADIENT <= PGTOL
1.4,2.0,0.0,100,38,cdf,1.3987013136202957,2.5557064613337364,True,False,False,29,0.0003374785320818384,45,0.011965820998739218,CONVERGENCE: NORM OF PROJECTED GRADIENT <= PGTOL
1.4,2.0,0.0,100,39,pdf,1.8294609378499251,2.807335652987776,True,False,False,29,0.5046026849080165,27,0.004255203000866459,CONVERGENCE: NORM OF PROJECTED GRADIENT <= PGTOL
1.4,2.0,0.0,100,39,mle,1.6043916555165434,2.8722668949130044,True,False,False,29,119.06243430026078,30,0.0031354239999927813,CONVERGENCE: NORM OF PROJECTED GRADIENT <= PGTOL
1.4,2.0,0.0,100,39,qlog,1.01,0.32479843349622806,True,True,False,29,2.0927266436956304,75,0.030455210000582156,CONVERGENCE: NORM OF PROJECTED GRADIENT <= PGTOL
1.4,2.0,0.0,100,39,cdf,1.5381467024817412,2.415794763283047,True,False,False,29,0.0022782967727579726,33,0.006258009998418856,CONVERGENCE: NORM OF PROJECTED GRADIENT <= PGTOL
1.4,2.0,0.0,100,40,pdf,2.1689566632414925,5.126782726515528,True,False,False,27,0.889995321514279,36,0.002941311000540736,CONVERGENCE: NORM OF PROJECTED GRADIENT <= PGTOL
1.4,2.0,0.0,100,40,mle,1.469150325603483,2.027575401906146,True,False,False,27,117.74187590847247,30,0.0018166850004490698,CONVERGENCE: NORM OF PROJECTED GRADIENT <= PGTOL
1.4,2.0,0.0,100,40,qlog,1.01,0.26309528881214805,True,True,False,27,2.452033289893299,78,0.008011157000510138,CONVERGENCE: NORM OF PROJECTED GRADIENT <= PGTOL
1.4,2.0,0.0,100,40,cdf,1.338947109116417,1.6379025966203418,True,False,False,27,0.00013283554351569874,48,0.010191657000177656,CONVERGENCE: NORM OF PROJECTED GRADIENT <= PGTOL
1.4,2.0,0.0,100,41,pdf,1.9109661155106217,1.6626055738283176,True,False,False,34,0.8913152695275001,36,0.003793215999394306,CONVERGENCE: NORM OF PROJECTED GRADIENT <= PGTOL
1.4,2.0,0.0,100,41,mle,1.4857332593178905,2.596158248789341,True,False,False,34,107.50807048048202,27,0.002240593999886187,CONVERGENCE: NORM OF PROJECTED GRADIENT <= PGTOL
1.4,2.0,0.0,100,41,qlog,1.01,0.5874807862405925,True,True,False,34,1.5217512640935844,51,0.0062640060004923726,CONVERGENCE: NORM OF PROJECTED GRADIENT <= PGTOL
1.4,2.0,0.0,100,41,cdf,1.5981083132485538,3.014686176992573,True,False,False,34,0.0030141465952586975,42,0.012627262998648803,CONVERGENCE: NORM OF PROJECTED GRADIENT <= PGTOL
1.4,2.0,0.0,100,42,pdf,1.4833794467350832,0.5701945874970854,True,False,False,36,0.7017939173507112,42,0.004231151000567479,CONVERGENCE: NORM OF PROJECTED GRADIENT <= PGTOL
1.4,2.0,0.0,100,42,mle,1.0869446130863039,0.8256709019127734,True,False,False,36,123.63155807122934,45,0.004924365999613656,CONVERGENCE: RELATIVE REDUCTION OF F <= FACTR*EPSMCH
1.4,2.0,0.0,100,42,qlog,1.01,0.4947408959072326,True,True,False,36,0.8975945413891443,48,0.00930851599878224,CONVERGENCE: NORM OF PROJECTED GRADIENT <= PGTOL
1.4,2.0,0.0,100,42,cdf,1.01,0.7288677977569112,True,True,False,36,0.001794395695040797,45,0.03858082199985802,CONVERGENCE: NORM OF PROJECTED GRADIENT <= PGTOL
1.4,2.0,0.0,100,43,pdf,1.4827143345297897,1.3020309613008778,True,False,False,33,0.5910413736262824,36,0.0067329820012673736,CONVERGENCE: NORM OF PROJECTED GRADIENT <= PGTOL
1.4,2.0,0.0,100,43,mle,1.158369072272123,1.5744853503502383,True,False,False,33,97.43799006190947,39,0.017730313000356546,CONVERGENCE: NORM OF PROJECTED GRADIENT <= PGTOL
1.4,2.0,0.0,100,43,qlog,1.01,0.7383993020879664,True,True,False,33,0.9324625813586847,36,0.0044091809995734366,CONVERGENCE: NORM OF PROJECTED GRADIENT <= PGTOL
1.4,2.0,0.0,100,43,cdf,1.01,1.2638201886034308,True,True,False,33,0.0007623180181380827,30,0.007379443999525392,CONVERGENCE: NORM OF PROJECTED GRADIENT <= PGTOL
1.4,2.0,0.0,100,44,pdf,1.4616707492021541,0.4236544923928871,True,False,False,31,1.138565805775109,69,0.007534960999691975,CONVERGENCE: NORM OF PROJECTED GRADIENT <= PGTOL
1.4,2.0,0.0,100,44,mle,1.1853402924940835,1.2660704593303935,True,False,False,31,110.75857125810492,42,0.0028489930009527598,CONVERGENCE: RELATIVE REDUCTION OF F <= FACTR*EPSMCH
1.4,2.0,0.0,100,44,qlog,1.01,0.5320812583249295,True,True,False,31,1.6790368055523786,33,0.00584737999997742,CONVERGENCE: NORM OF PROJECTED GRADIENT <= PGTOL
1.4,2.0,0.0,100,44,cdf,1.1614007870288792,1.1501953700236043,True,False,False,31,0.0021687010953917547,51,0.030454149000433972,CONVERGENCE: NORM OF PROJECTED GRADIENT <= PGTOL
1.4,2.0,0.0,100,45,pdf,1.6632843256411614,1.5119260561223422,True,False,False,34,0.38282676835131807,33,0.003712069001267082,CONVERGENCE: NORM OF PROJECTED GRADIENT <= PGTOL
1.4,2.0,0.0,100,45,mle,1.3258719729045567,1.4277967506466684,True,False,False,34,118.60268098395218,42,0.0036643980001827003,CONVERGENCE: NORM OF PROJECTED GRADIENT <= PGTOL
1.4,2.0,0.0,100,45,qlog,1.01,0.45498444002963595,True,True,False,34,0.8161193827624175,45,0.006832465000115917,CONVERGENCE: NORM OF PROJECTED GRADIENT <= PGTOL
1.4,2.0,0.0,100,45,cdf,1.2778538169183806,1.342045903948112,True,False,False,34,0.0002836783992481828,42,0.007875096000134363,CONVERGENCE: NORM OF PROJECTED GRADIENT <= PGTOL
1.4,2.0,0.0,100,46,pdf,1.8544915326141183,1.422298763800344,True,False,False,37,0.5557624480254031,39,0.004393393999635009,CONVERGENCE: NORM OF PROJECTED GRADIENT <= PGTOL
1.4,2.0,0.0,100,46,mle,1.2333261022261905,1.1182889116582033,True,False,False,37,121.45114556211236,48,0.003659981999589945,CONVERGENCE: NORM OF PROJECTED GRADIENT <= PGTOL
1.4,2.0,0.0,100,46,qlog,1.01,0.512747779150318,True,True,False,37,0.8090533997471695,45,0.00939200399989204,CONVERGENCE: NORM OF PROJECTED GRADIENT <= PGTOL
1.4,2.0,0.0,100,46,cdf,1.2246495133272242,1.101302133633549,True,False,False,37,0.0009551574258101099,45,0.19345470199914416,CONVERGENCE: NORM OF PROJECTED GRADIENT <= PGTOL
1.4,2.0,0.0,100,47,pdf,1.3456869703185204,0.25413727641128814,True,False,False,30,1.2095047884612844,54,0.06505919900155277,CONVERGENCE: NORM OF PROJECTED GRADIENT <= PGTOL
1.4,2.0,0.0,100,47,mle,1.2034073695076235,1.071004717753725,True,False,False,30,120.78605574291203,42,0.012464960000215797,CONVERGENCE: RELATIVE REDUCTION OF F <= FACTR*EPSMCH
1.4,2.0,0.0,100,47,qlog,1.01,0.42370473994641306,True,True,False,30,1.7237863499150132,63,0.007402232000458753,CONVERGENCE: NORM OF PROJECTED GRADIENT <= PGTOL
1.4,2.0,0.0,100,47,cdf,1.01,0.810657978120285,True,True,False,30,0.0003286213134294361,48,0.009061149999979534,CONVERGENCE: NORM OF PROJECTED GRADIENT <= PGTOL
1.4,2.0,0.0,100,48,pdf,1.7815739422061332,1.3898130033174287,True,False,False,35,0.7276077898588057,39,0.006488191998869297,CONVERGENCE: NORM OF PROJECTED GRADIENT <= PGTOL
1.4,2.0,0.0,100,48,mle,1.0992141711715988,1.004740411380031,True,False,False,35,114.82933689883063,39,0.004120264999073697,CONVERGENCE: RELATIVE REDUCTION OF F <= FACTR*EPSMCH
1.4,2.0,0.0,100,48,qlog,1.01,0.567559309580665,True,True,False,35,1.055364283664274,36,0.12805469200066,CONVERGENCE: NORM OF PROJECTED GRADIENT <= PGTOL
1.4,2.0,0.0,100,48,cdf,1.451558473504478,1.7006754763530272,True,False,False,35,0.0012720509276410409,39,0.03213425499961886,CONVERGENCE: NORM OF PROJECTED GRADIENT <= PGTOL
1.4,2.0,0.0,100,49,pdf,1.8071411411432157,2.8205915636606873,True,False,False,22,0.5120431304924105,30,0.0030927640000300016,CONVERGENCE: NORM OF PROJECTED GRADIENT <= PGTOL
1.4,2.0,0.0,100,49,mle,1.453139431058287,2.0865722508689517,True,False,False,22,114.29672940562847,30,0.0020962569997209357,CONVERGENCE: NORM OF PROJECTED GRADIENT <= PGTOL
1.4,2.0,0.0,100,49,qlog,1.6778827721045253,0.9852724123620301,True,False,False,22,2.592753898823659,51,0.007723955999608734,CONVERGENCE: NORM OF PROJECTED GRADIENT <= PGTOL
1.4,2.0,0.0,100,49,cdf,1.225355067685667,1.4113371818237568,True,False,False,22,0.0013750552667545273,48,0.008206176999010495,CONVERGENCE: NORM OF PROJECTED GRADIENT <= PGTOL
1.4,2.0,0.0,100,50,pdf,1.345910007675705,2.3554100001079585,True,False,False,16,1.069460113728711,30,0.0028936609996890184,CONVERGENCE: NORM OF PROJECTED GRADIENT <= PGTOL
1.4,2.0,0.0,100,50,mle,1.5775698958813256,3.3673811850561495,True,False,False,16,107.12767214561066,33,0.004788946000189753,CONVERGENCE: NORM OF PROJECTED GRADIENT <= PGTOL
1.4,2.0,0.0,100,50,qlog,1.7438349762037502,0.8920825426792371,True,False,False,16,6.8941410107265275,51,0.27132598200114444,CONVERGENCE: NORM OF PROJECTED GRADIENT <= PGTOL
1.4,2.0,0.0,100,50,cdf,1.0692863953404315,1.6022393662640595,True,False,False,16,0.0003928894933400195,57,0.052401331000510254,CONVERGENCE: NORM OF PROJECTED GRADIENT <= PGTOL
1.4,2.0,0.0,100,51,pdf,1.9928772951265123,4.873229314246537,True,False,False,23,0.7848027506915302,39,0.008567193999624578,CONVERGENCE: NORM OF PROJECTED GRADIENT <= PGTOL
1.4,2.0,0.0,100,51,mle,1.5933673944143705,3.362506567288735,True,False,False,23,109.52874329555588,36,0.029454057001203182,CONVERGENCE: NORM OF PROJECTED GRADIENT <= PGTOL
1.4,2.0,0.0,100,51,qlog,1.01,0.21174040981682582,True,True,False,23,4.661542206010417,93,0.010374976000093739,CONVERGENCE: RELATIVE REDUCTION OF F <= FACTR*EPSMCH
1.4,2.0,0.0,100,51,cdf,1.6519889347839711,3.7644069403285263,True,False,False,23,0.00038255065547792866,51,0.02050903700001072,CONVERGENCE: NORM OF PROJECTED GRADIENT <= PGTOL
1.4,2.0,0.0,100,52,pdf,2.064506730512915,5.895018333506079,True,False,False,23,0.7437147903956784,33,0.00356087500040303,CONVERGENCE: NORM OF PROJECTED GRADIENT <= PGTOL
1.4,2.0,0.0,100,52,mle,1.5545924901052324,2.9469658857941425,True,False,False,23,110.49437714651158,33,0.006860770999992383,CONVERGENCE: NORM OF PROJECTED GRADIENT <= PGTOL
1.4,2.0,0.0,100,52,qlog,1.6232657195502547,0.9404017339694943,True,False,False,23,3.8978648679868426,51,0.02055689799999527,CONVERGENCE: NORM OF PROJECTED GRADIENT <= PGTOL
1.4,2.0,0.0,100,52,cdf,1.6520061671878055,3.55100937362052,True,False,False,23,0.00060075173331655,54,0.04110245399897394,CONVERGENCE: NORM OF PROJECTED GRADIENT <= PGTOL
1.4,2.0,0.0,100,53,pdf,1.8987813700361544,3.5802869943542204,True,False,False,27,0.5171026759168742,33,0.005767496000771644,CONVERGENCE: NORM OF PROJECTED GRADIENT <= PGTOL
1.4,2.0,0.0,100,53,mle,1.4765512774106073,2.7296422437192907,True,False,False,27,103.81865637242215,27,0.001911217001179466,CONVERGENCE: NORM OF PROJECTED GRADIENT <= PGTOL
1.4,2.0,0.0,100,53,qlog,1.4893816585361943,1.1025481169976186,True,False,False,27,1.561057259508932,42,0.006973044000915252,CONVERGENCE: NORM OF PROJECTED GRADIENT <= PGTOL
1.4,2.0,0.0,100,53,cdf,1.3928201156935731,2.300805095368749,True,False,False,27,0.0014312628531576881,36,0.011266701998465578,CONVERGENCE: NORM OF PROJECTED GRADIENT <= PGTOL
1.4,2.0,0.0,100,54,pdf,2.4057906705846976,14.047428182493135,True,False,False,26,1.23047795657949,51,0.004999177999707172,CONVERGENCE: NORM OF PROJECTED GRADIENT <= PGTOL
1.4,2.0,0.0,100,54,mle,1.517676943004341,3.1515404352966776,True,False,False,26,102.03790780679346,30,0.0021894780002185144,CONVERGENCE: NORM OF PROJECTED GRADIENT <= PGTOL
1.4,2.0,0.0,100,54,qlog,1.5598713759038485,1.2761616220411152,True,False,False,26,2.727382613986123,48,0.006682884000838385,CONVERGENCE: NORM OF PROJECTED GRADIENT <= PGTOL
1.4,2.0,0.0,100,54,cdf,1.6559471664188314,3.974107597572675,True,False,False,26,0.001770583875135465,54,0.016367448999517364,CONVERGENCE: NORM OF PROJECTED GRADIENT <= PGTOL
1.4,2.0,0.0,100,55,pdf,1.82178209049849,1.4547984843304596,True,False,False,28,0.858928246585519,39,0.004110003999812761,CONVERGENCE: NORM OF PROJECTED GRADIENT <= PGTOL
1.4,2.0,0.0,100,55,mle,1.3288190732867637,1.7725950221996665,True,False,False,28,108.10210186709122,36,0.007175812001150916,CONVERGENCE: NORM OF PROJECTED GRADIENT <= PGTOL
1.4,2.0,0.0,100,55,qlog,1.01,0.48098655147164204,True,True,False,28,1.4511342803335983,51,0.02979608100031328,CONVERGENCE: NORM OF PROJECTED GRADIENT <= PGTOL
1.4,2.0,0.0,100,55,cdf,1.3252394618356613,1.7378565313821683,True,False,False,28,0.0003336224930515471,42,0.00934953500109259,CONVERGENCE: NORM OF PROJECTED GRADIENT <= PGTOL
1.4,2.0,0.0,100,56,pdf,2.198758319054645,5.487853737624613,True,False,False,32,0.8537492473932745,45,0.008480635999148944,CONVERGENCE: NORM OF PROJECTED GRADIENT <= PGTOL
1.4,2.0,0.0,100,56,mle,1.4635739490160296,2.312086680079568,True,False,False,32,110.47140632694448,30,0.004913856000712258,CONVERGENCE: NORM OF PROJECTED GRADIENT <= PGTOL
1.4,2.0,0.0,100,56,qlog,1.01,0.5738055591335665,True,True,False,32,1.6038594652998381,78,0.010223250999843003,CONVERGENCE: NORM OF PROJECTED GRADIENT <= PGTOL
1.4,2.0,0.0,100,56,cdf,1.7592088900878464,4.274013741480882,True,False,False,32,0.0012429681598074103,54,0.011515913998664473,CONVERGENCE: NORM OF PROJECTED GRADIENT <= PGTOL
1.4,2.0,0.0,100,57,pdf,1.3895009014635777,1.053473912428833,True,False,False,26,0.6720847202086733,36,0.0037279749994922895,CONVERGENCE: NORM OF PROJECTED GRADIENT <= PGTOL
1.4,2.0,0.0,100,57,mle,1.3335762324147062,1.8993902470091168,True,False,False,26,105.15849957578804,39,0.0030516850001731655,CONVERGENCE: NORM OF PROJECTED GRADIENT <= PGTOL
1.4,2.0,0.0,100,57,qlog,1.01,0.3494297169268373,True,True,False,26,2.1318743391068797,54,0.007417382001221995,CONVERGENCE: NORM OF PROJECTED GRADIENT <= PGTOL
1.4,2.0,0.0,100,57,cdf,1.01,1.1766095407884685,True,True,False,26,0.0006362245246387229,33,0.007196638998721028,CONVERGENCE: NORM OF PROJECTED GRADIENT <= PGTOL
1.4,2.0,0.0,100,58,pdf,1.4697222123769864,0.7073438139592452,True,False,False,36,0.6990543889397247,48,0.006227853000382311,CONVERGENCE: NORM OF PROJECTED GRADIENT <= PGTOL
1.4,2.0,0.0,100,58,mle,1.0485685600449808,1.044076631011577,True,False,False,36,108.8132393107308,51,0.03216330199938966,CONVERGENCE: RELATIVE REDUCTION OF F <= FACTR*EPSMCH
1.4,2.0,0.0,100,58,qlog,1.01,0.6834257948885759,True,True,False,36,0.9307378192193774,36,0.014952528001231258,CONVERGENCE: NORM OF PROJECTED GRADIENT <= PGTOL
1.4,2.0,0.0,100,58,cdf,1.01,0.9905046611240457,True,True,False,36,0.00042142948075883093,102,0.03439236900157994,CONVERGENCE: NORM OF PROJECTED GRADIENT <= PGTOL
1.4,2.0,0.0,100,59,pdf,1.7257272517539215,1.5668307105209454,True,False,False,28,0.6136428959778472,33,0.0035778860001300927,CONVERGENCE: NORM OF PROJECTED GRADIENT <= PGTOL
1.4,2.0,0.0,100,59,mle,1.3967123798333474,1.769178199704043,True,False,False,28,115.76773143878077,36,0.003919359998690197,CONVERGENCE: NORM OF PROJECTED GRADIENT <= PGTOL
1.4,2.0,0.0,100,59,qlog,1.01,0.4204396067764895,True,True,False,28,1.5404715901407726,60,0.00840334400163556,CONVERGENCE: NORM OF PROJECTED GRADIENT <= PGTOL
1.4,2.0,0.0,100,59,cdf,1.3811245656713973,1.6990442163813408,True,False,False,28,0.0006316106339861747,36,0.02578933399854577,CONVERGENCE: NORM OF PROJECTED GRADIENT <= PGTOL
1.4,2.0,0.0,100,60,pdf,1.4799332109217,1.5193851501861495,True,False,False,25,0.8368085013363384,33,0.008874305000063032,CONVERGENCE: NORM OF PROJECTED GRADIENT <= PGTOL
1.4,2.0,0.0,100,60,mle,1.5424101504065073,3.3930845890945007,True,False,False,25,101.73587132818781,33,0.024489005998475477,CONVERGENCE: NORM OF PROJECTED GRADIENT <= PGTOL
1.4,2.0,0.0,100,60,qlog,1.01,0.47373342079999387,True,True,False,25,3.2170761149742013,48,0.008347126999069587,CONVERGENCE: NORM OF PROJECTED GRADIENT <= PGTOL
1.4,2.0,0.0,100,60,cdf,1.19256044236657,1.7658933134701815,True,False,False,25,0.005375093263468149,39,0.009180924000247614,CONVERGENCE: NORM OF PROJECTED GRADIENT <= PGTOL
1.4,2.0,0.0,100,61,pdf,1.4342833991834494,0.7723440829797246,True,False,False,36,0.63046625297591,45,0.007452851999914856,CONVERGENCE: NORM OF PROJECTED GRADIENT <= PGTOL
1.4,2.0,0.0,100,61,mle,1.094297030878801,1.159388456767729,True,False,False,36,107.26393980624303,45,0.003516980999847874,CONVERGENCE: RELATIVE REDUCTION OF F <= FACTR*EPSMCH
1.4,2.0,0.0,100,61,qlog,1.01,0.6865301905016074,True,True,False,36,0.8244668807961695,33,0.005439020000267192,CONVERGENCE: NORM OF PROJECTED GRADIENT <= PGTOL
1.4,2.0,0.0,100,61,cdf,1.2391889199879873,1.4182930482041867,True,False,False,36,0.00028390262907681174,45,0.010005617999922833,CONVERGENCE: NORM OF PROJECTED GRADIENT <= PGTOL
1.4,2.0,0.0,100,62,pdf,1.691962992181643,2.878162695764862,True,False,False,21,0.45508008227839786,33,0.019507643000906683,CONVERGENCE: NORM OF PROJECTED GRADIENT <= PGTOL
1.4,2.0,0.0,100,62,mle,1.4599006407175963,2.61197170934487,True,False,False,21,103.91195628145255,30,0.002685883000594913,CONVERGENCE: NORM OF PROJECTED GRADIENT <= PGTOL
1.4,2.0,0.0,100,62,qlog,1.01,0.1839752482145382,True,True,False,21,4.789442157864237,66,0.010454932000357076,CONVERGENCE: NORM OF PROJECTED GRADIENT <= PGTOL
1.4,2.0,0.0,100,62,cdf,1.2408459989393374,1.8069155472837302,True,False,False,21,0.0009058004548629085,39,0.011592868000661838,CONVERGENCE: NORM OF PROJECTED GRADIENT <= PGTOL
1.4,2.0,0.0,100,63,pdf,2.0109301771095076,2.012859025319445,True,False,False,35,0.6721956454630291,33,0.0030272860003606183,CONVERGENCE: NORM OF PROJECTED GRADIENT <= PGTOL
1.4,2.0,0.0,100,63,mle,1.3881307666501763,1.2578009727436819,True,False,False,35,131.83436169729174,45,0.002613820999613381,CONVERGENCE: NORM OF PROJECTED GRADIENT <= PGTOL
1.4,2.0,0.0,100,63,qlog,1.01,0.3185163730744278,True,True,False,35,1.3658951741629017,48,0.004611722999470658,CONVERGENCE: NORM OF PROJECTED GRADIENT <= PGTOL
1.4,2.0,0.0,100,63,cdf,1.4603957603641808,1.4181380354502784,True,False,False,35,0.0004319293655990011,48,0.012457927001378266,CONVERGENCE: NORM OF PROJECTED GRADIENT <= PGTOL
1.4,2.0,0.0,100,64,pdf,1.7189865179918375,1.0973803497835468,True,False,False,22,1.2161345262304941,39,0.004449269999895478,CONVERGENCE: NORM OF PROJECTED GRADIENT <= PGTOL
1.4,2.0,0.0,100,64,mle,1.3312631369237102,1.6146531424161261,True,False,False,22,113.03039762429998,39,0.004566478999549872,CONVERGENCE: NORM OF PROJECTED GRADIENT <= PGTOL
1.4,2.0,0.0,100,64,qlog,1.01,0.2505350000449785,True,True,False,22,3.3398264247930416,72,0.011555794000742026,CONVERGENCE: RELATIVE REDUCTION OF F <= FACTR*EPSMCH
1.4,2.0,0.0,100,64,cdf,1.01,0.9961728320438097,True,True,False,22,0.0004516979560109099,48,0.029268047999721603,CONVERGENCE: NORM OF PROJECTED GRADIENT <= PGTOL
1.4,2.0,0.0,100,65,pdf,1.3283885908434168,0.86625589124648,True,False,False,28,0.42188192463771435,36,0.0032155669996427605,CONVERGENCE: NORM OF PROJECTED GRADIENT <= PGTOL
1.4,2.0,0.0,100,65,mle,1.2420914890402253,1.1159950977553226,True,False,False,28,122.39951703923046,39,0.006426412001019344,CONVERGENCE: NORM OF PROJECTED GRADIENT <= PGTOL
1.4,2.0,0.0,100,65,qlog,1.01,0.4022978368298405,True,True,False,28,1.0209137880506725,51,0.007930312000098638,CONVERGENCE: NORM OF PROJECTED GRADIENT <= PGTOL
1.4,2.0,0.0,100,65,cdf,1.01,0.7900835295696852,True,True,False,28,0.0007744446453177339,51,0.010394348999398062,CONVERGENCE: NORM OF PROJECTED GRADIENT <= PGTOL
1.4,2.0,0.0,100,66,pdf,1.25682324604267,0.7825796056313048,True,False,False,30,0.7748961767475985,54,0.004121314999792958,CONVERGENCE: NORM OF PROJECTED GRADIENT <= PGTOL
1.4,2.0,0.0,100,66,mle,1.1943741548599414,1.4599235071977001,True,False,False,30,104.4618939152167,45,0.0026614190010150196,CONVERGENCE: RELATIVE REDUCTION OF F <= FACTR*EPSMCH
1.4,2.0,0.0,100,66,qlog,1.01,0.6634374931118869,True,True,False,30,1.0029099980247191,24,0.006130811001639813,CONVERGENCE: NORM OF PROJECTED GRADIENT <= PGTOL
1.4,2.0,0.0,100,66,cdf,1.2837615477161803,1.6203587292520116,True,False,False,30,0.0008876879715762565,42,0.01546398299979046,CONVERGENCE: NORM OF PROJECTED GRADIENT <= PGTOL
1.4,2.0,0.0,100,67,pdf,2.2975892751902034,10.062526853544625,True,False,False,34,0.9046902210086458,45,0.005190417001358583,CONVERGENCE: NORM OF PROJECTED GRADIENT <= PGTOL
1.4,2.0,0.0,100,67,mle,1.5557840763072137,3.893098914040416,True,False,False,34,96.74166013207326,36,0.002822358999765129,CONVERGENCE: NORM OF PROJECTED GRADIENT <= PGTOL
1.4,2.0,0.0,100,67,qlog,1.01,0.7714902736412298,True,True,False,34,1.5797736280475152,36,0.004476713000258314,CONVERGENCE: NORM OF PROJECTED GRADIENT <= PGTOL
1.4,2.0,0.0,100,67,cdf,1.8242192457616386,7.1372349229436,True,False,False,34,0.0015307236669526959,57,0.009320757000750746,CONVERGENCE: NORM OF PROJECTED GRADIENT <= PGTOL
1.4,2.0,0.0,100,68,pdf,1.4758862194721911,1.0241190037535164,True,False,False,34,0.40261767336579224,39,0.019647074999738834,CONVERGENCE: NORM OF PROJECTED GRADIENT <= PGTOL
1.4,2.0,0.0,100,68,mle,1.1408054417112738,0.9503739211655461,True,False,False,34,121.14096048689836,45,0.003206351999324397,CONVERGENCE: NORM OF PROJECTED GRADIENT <= PGTOL
1.4,2.0,0.0,100,68,qlog,1.01,0.47254021269928936,True,True,False,34,0.7241553025470895,57,0.007871513000281993,CONVERGENCE: NORM OF PROJECTED GRADIENT <= PGTOL
1.4,2.0,0.0,100,68,cdf,1.030953512801151,0.8255497850278201,True,False,False,34,0.00024072039649163267,48,0.014097203998971963,CONVERGENCE: NORM OF PROJECTED GRADIENT <= PGTOL
1.4,2.0,0.0,100,69,pdf,1.7584754885765257,3.0135324847528917,True,False,False,31,0.5488298813730826,30,0.002703394000491244,CONVERGENCE: NORM OF PROJECTED GRADIENT <= PGTOL
1.4,2.0,0.0,100,69,mle,1.3339847647125753,2.1387008729501282,True,False,False,31,99.26921157051632,39,0.0026703250005084556,CONVERGENCE: NORM OF PROJECTED GRADIENT <= PGTOL
1.4,2.0,0.0,100,69,qlog,1.01,0.6523685438410638,True,True,False,31,1.3344861093244906,39,0.003963404000387527,CONVERGENCE: NORM OF PROJECTED GRADIENT <= PGTOL
1.4,2.0,0.0,100,69,cdf,1.5216389543283544,2.7490276086595076,True,False,False,31,0.0026548997564041494,33,0.00917099800062715,CONVERGENCE: NORM OF PROJECTED GRADIENT <= PGTOL
1.4,2.0,0.0,100,70,pdf,1.7114064459549065,2.0056116371366643,True,False,False,29,0.5601180164856179,30,0.0029096029993525008,CONVERGENCE: NORM OF PROJECTED GRADIENT <= PGTOL
1.4,2.0,0.0,100,70,mle,1.4808960045055906,2.4479878387520997,True,False,False,29,109.82170939133619,27,0.0023834370003896765,CONVERGENCE: NORM OF PROJECTED GRADIENT <= PGTOL
1.4,2.0,0.0,100,70,qlog,1.01,0.3538165794365476,True,True,False,29,2.0669134541768357,54,0.00672163399940473,CONVERGENCE: NORM OF PROJECTED GRADIENT <= PGTOL
1.4,2.0,0.0,100,70,cdf,1.6130199770207865,3.055679679398277,True,False,False,29,0.0010775788513764277,51,0.009817535001275246,CONVERGENCE: NORM OF PROJECTED GRADIENT <= PGTOL
1.4,2.0,0.0,100,71,pdf,1.8811707877753772,2.8111584616979126,True,False,False,33,0.6452202015128587,39,0.006133397999292356,CONVERGENCE: NORM OF PROJECTED GRADIENT <= PGTOL
1.4,2.0,0.0,100,71,mle,1.3412274398230655,2.1830949337288033,True,False,False,33,99.02550133173443,39,0.0028089699990232475,CONVERGENCE: NORM OF PROJECTED GRADIENT <= PGTOL
1.4,2.0,0.0,100,71,qlog,1.01,0.5790671005026512,True,True,False,33,1.2471361549614197,54,0.022536544000104186,CONVERGENCE: NORM OF PROJECTED GRADIENT <= PGTOL
1.4,2.0,0.0,100,71,cdf,1.33120947419977,2.091635432568272,True,False,False,33,0.0008421277962803769,15,0.0035781009992206236,CONVERGENCE: NORM OF PROJECTED GRADIENT <= PGTOL
1.4,2.0,0.0,100,72,pdf,2.036892148171311,2.830781874336272,True,False,False,27,0.970755334547211,36,0.006838657998741837,CONVERGENCE: NORM OF PROJECTED GRADIENT <= PGTOL
1.4,2.0,0.0,100,72,mle,1.355279860746555,1.896630348113789,True,False,False,27,107.59816554211861,39,0.005829977999383118,CONVERGENCE: NORM OF PROJECTED GRADIENT <= PGTOL
1.4,2.0,0.0,100,72,qlog,1.01,0.48799796180395066,True,True,False,27,1.7858680390950912,51,0.01228989299852401,CONVERGENCE: NORM OF PROJECTED GRADIENT <= PGTOL
1.4,2.0,0.0,100,72,cdf,1.0551860073103687,1.2383139419062859,True,False,False,27,0.000845159988341905,60,0.01749199299956672,CONVERGENCE: NORM OF PROJECTED GRADIENT <= PGTOL
1.4,2.0,0.0,100,73,pdf,2.126530157000822,5.710889481706213,True,False,False,36,0.6414343274592365,42,0.007227602000057232,CONVERGENCE: NORM OF PROJECTED GRADIENT <= PGTOL
1.4,2.0,0.0,100,73,mle,1.3585849384649236,2.304826841158953,True,False,False,36,98.21762750198012,39,0.004311934000725159,CONVERGENCE: NORM OF PROJECTED GRADIENT <= PGTOL
1.4,2.0,0.0,100,73,qlog,1.01,0.7912385291926435,True,True,False,36,0.9428275191878376,42,0.005162203999134363,CONVERGENCE: NORM OF PROJECTED GRADIENT <= PGTOL
1.4,2.0,0.0,100,73,cdf,1.6981470148289832,4.614651302362599,True,False,False,36,0.00019519881767164022,54,0.011873993998960941,CONVERGENCE: NORM OF PROJECTED GRADIENT <= PGTOL
1.4,2.0,0.0,100,74,pdf,1.7693008419775094,3.3509741330422207,True,False,False,21,0.8196588670489572,33,0.002773586000330397,CONVERGENCE: NORM OF PROJECTED GRADIENT <= PGTOL
1.4,2.0,0.0,100,74,mle,1.455729906440916,2.910398099450165,True,False,False,21,97.9810399185447,36,0.02085471700047492,CONVERGENCE: NORM OF PROJECTED GRADIENT <= PGTOL
1.4,2.0,0.0,100,74,qlog,1.01,0.231537240084356,True,True,False,21,4.997104083009826,108,0.02838981799868634,CONVERGENCE: NORM OF PROJECTED GRADIENT <= PGTOL
1.4,2.0,0.0,100,74,cdf,1.01,1.5172616740996272,True,True,False,21,0.0014651251975226639,39,0.022832874999949127,CONVERGENCE: NORM OF PROJECTED GRADIENT <= PGTOL
1.4,2.0,0.0,100,75,pdf,2.032227900084663,2.865854886428862,True,False,False,32,0.7025938636679133,36,0.00595876099941961,CONVERGENCE: NORM OF PROJECTED GRADIENT <= PGTOL
1.4,2.0,0.0,100,75,mle,1.4914994554952337,1.6837131607312896,True,False,False,32,129.90927189380537,39,0.0033154080010717735,CONVERGENCE: NORM OF PROJECTED GRADIENT <= PGTOL
1.4,2.0,0.0,100,75,qlog,1.01,0.3653263586005312,True,True,False,32,1.5150628090946132,48,0.005250770998827647,CONVERGENCE: NORM OF PROJECTED GRADIENT <= PGTOL
1.4,2.0,0.0,100,75,cdf,1.5479889741189983,1.8863784280069456,True,False,False,32,0.000473757820131116,30,0.04135991600014677,CONVERGENCE: NORM OF PROJECTED GRADIENT <= PGTOL
1.4,2.0,0.0,100,76,pdf,1.9533622356330151,4.043671027943693,True,False,False,19,0.6538614825981113,36,0.006407028000467108,CONVERGENCE: NORM OF PROJECTED GRADIENT <= PGTOL
1.4,2.0,0.0,100,76,mle,1.5359262122910022,2.456009457061917,True,False,False,19,116.99663937723759,27,0.004002107998530846,CONVERGENCE: NORM OF PROJECTED GRADIENT <= PGTOL
1.4,2.0,0.0,100,76,qlog,1.2754256741306875,0.23947720356719668,True,False,False,19,6.672581504688947,99,0.10607740500017826,CONVERGENCE: RELATIVE REDUCTION OF F <= FACTR*EPSMCH
1.4,2.0,0.0,100,76,cdf,1.8070960337529725,4.281992391922129,True,False,False,19,0.0017738880361376141,51,0.04866705099993851,CONVERGENCE: NORM OF PROJECTED GRADIENT <= PGTOL
1.4,2.0,0.0,100,77,pdf,1.7015640443727436,2.5316886570409407,True,False,False,30,0.59168088887797,24,0.002453253999192384,CONVERGENCE: NORM OF PROJECTED GRADIENT <= PGTOL
1.4,2.0,0.0,100,77,mle,1.4565060280634992,2.717609764609342,True,False,False,30,101.50477201132378,39,0.022411511999962386,CONVERGENCE: NORM OF PROJECTED GRADIENT <= PGTOL
1.4,2.0,0.0,100,77,qlog,1.01,0.5933268080750073,True,True,False,30,1.6090017584833807,48,0.0273371129987936,CONVERGENCE: NORM OF PROJECTED GRADIENT <= PGTOL
1.4,2.0,0.0,100,77,cdf,1.629605780583883,3.6013140576078864,True,False,False,30,0.002339348185978137,45,0.012415379998856224,CONVERGENCE: NORM OF PROJECTED GRADIENT <= PGTOL
1.4,2.0,0.0,100,78,pdf,1.440908341898343,0.9176064751071391,True,False,False,28,0.5910910106061209,42,0.004351096000391408,CONVERGENCE: NORM OF PROJECTED GRADIENT <= PGTOL
1.4,2.0,0.0,100,78,mle,1.266036345445167,1.2354316988555047,True,False,False,28,119.66901462239139,42,0.0038914609995117644,CONVERGENCE: NORM OF PROJECTED GRADIENT <= PGTOL
1.4,2.0,0.0,100,78,qlog,1.01,0.4073140041113598,True,True,False,28,1.2733715699641603,45,0.00979985400044825,CONVERGENCE: NORM OF PROJECTED GRADIENT <= PGTOL
1.4,2.0,0.0,100,78,cdf,1.01,0.8745414363999262,True,True,False,28,0.0005739101208882505,39,0.018993649999174522,CONVERGENCE: NORM OF PROJECTED GRADIENT <= PGTOL
1.4,2.0,0.0,100,79,pdf,1.9169892788938043,1.7354201215825404,True,False,False,29,0.9559511222559556,39,0.020532847000140464,CONVERGENCE: NORM OF PROJECTED GRADIENT <= PGTOL
1.4,2.0,0.0,100,79,mle,1.3865441761626502,1.6342122154902352,True,False,False,29,118.56247957704122,42,0.003476013998806593,CONVERGENCE: NORM OF PROJECTED GRADIENT <= PGTOL
1.4,2.0,0.0,100,79,qlog,1.01,0.44227589036036596,True,True,False,29,1.5366682741185371,48,0.0087688010007696,CONVERGENCE: NORM OF PROJECTED GRADIENT <= PGTOL
1.4,2.0,0.0,100,79,cdf,1.5541618939215138,2.2177237792395688,True,False,False,29,0.00026984046649310416,36,0.055361919999995735,CONVERGENCE: NORM OF PROJECTED GRADIENT <= PGTOL
1.4,2.0,0.0,100,80,pdf,1.5543739507082954,1.186286350974525,True,False,False,30,0.5870555459395516,33,0.005713178999940283,CONVERGENCE: NORM OF PROJECTED GRADIENT <= PGTOL
1.4,2.0,0.0,100,80,mle,1.3453537895624206,1.6679920952328582,True,False,False,30,112.93104454916977,36,0.002855826000086381,CONVERGENCE: NORM OF PROJECTED GRADIENT <= PGTOL
1.4,2.0,0.0,100,80,qlog,1.01,0.4956525836255466,True,True,False,30,1.3646127826774868,57,0.022448752999480348,CONVERGENCE: NORM OF PROJECTED GRADIENT <= PGTOL
1.4,2.0,0.0,100,80,cdf,1.4818454382594668,2.0346318738319633,True,False,False,30,0.0007524088197298248,15,0.007798221000484773,CONVERGENCE: NORM OF PROJECTED GRADIENT <= PGTOL
1.4,2.0,0.0,100,81,pdf,1.8179773660024932,1.6898955364768171,True,False,False,23,0.8325018848028477,30,0.011489112999697682,CONVERGENCE: NORM OF PROJECTED GRADIENT <= PGTOL
1.4,2.0,0.0,100,81,mle,1.4917602502973537,1.9143671397834394,True,False,False,23,123.52403260136008,81,0.032578626998656546,CONVERGENCE: NORM OF PROJECTED GRADIENT <= PGTOL
1.4,2.0,0.0,100,81,qlog,1.3170874507593662,0.47086893834842725,True,False,False,23,2.5155010207237187,57,0.047149932001048,CONVERGENCE: NORM OF PROJECTED GRADIENT <= PGTOL
1.4,2.0,0.0,100,81,cdf,1.1267808770591103,1.1229303340725227,True,False,False,23,0.0007252556430258374,42,0.014166751001539524,CONVERGENCE: NORM OF PROJECTED GRADIENT <= PGTOL
1.4,2.0,0.0,100,82,pdf,1.372033679530735,0.7050456997185451,True,False,False,33,0.7357759258445049,45,0.013186889000280644,CONVERGENCE: NORM OF PROJECTED GRADIENT <= PGTOL
1.4,2.0,0.0,100,82,mle,1.0877390849792679,1.1853087108789657,True,False,False,33,105.61857927831636,45,0.004758155999297742,CONVERGENCE: RELATIVE REDUCTION OF F <= FACTR*EPSMCH
1.4,2.0,0.0,100,82,qlog,1.01,0.6745996011475682,True,True,False,33,0.9628685029981001,27,0.007279790001121,CONVERGENCE: NORM OF PROJECTED GRADIENT <= PGTOL
1.4,2.0,0.0,100,82,cdf,1.0963217400889325,1.1987020714027354,True,False,False,33,0.00017822472804384512,51,0.025151727999400464,CONVERGENCE: NORM OF PROJECTED GRADIENT <= PGTOL
1.4,2.0,0.0,100,83,pdf,2.392677357166032,19.372827063414714,True,False,False,34,0.7794207602578321,57,0.014207330999852275,CONVERGENCE: NORM OF PROJECTED GRADIENT <= PGTOL
1.4,2.0,0.0,100,83,mle,1.628251497323532,3.009954849216251,True,False,False,34,120.3873671089964,36,0.01984919399910723,CONVERGENCE: NORM OF PROJECTED GRADIENT <= PGTOL
1.4,2.0,0.0,100,83,qlog,1.01,0.45763531891027487,True,True,False,34,1.9916830113918547,54,0.009768294999958016,CONVERGENCE: NORM OF PROJECTED GRADIENT <= PGTOL
1.4,2.0,0.0,100,83,cdf,1.9507173144298393,7.347021581859732,True,False,False,34,0.0006144058805405764,54,0.016785847999926773,CONVERGENCE: NORM OF PROJECTED GRADIENT <= PGTOL
1.4,2.0,0.0,100,84,pdf,1.821962108280495,2.849981026035748,True,False,False,35,0.5047699277261378,33,0.004835657000512583,CONVERGENCE: NORM OF PROJECTED GRADIENT <= PGTOL
1.4,2.0,0.0,100,84,mle,1.1707121274718566,1.6920963495904926,True,False,False,35,94.93472355372926,36,0.002703717000258621,CONVERGENCE: NORM OF PROJECTED GRADIENT <= PGTOL
1.4,2.0,0.0,100,84,qlog,1.01,0.7841973328234363,True,True,False,35,0.8766283343331096,33,0.004778241000167327,CONVERGENCE: NORM OF PROJECTED GRADIENT <= PGTOL
1.4,2.0,0.0,100,84,cdf,1.3611915093019875,2.231298763492361,True,False,False,35,0.0004809755509294844,36,0.01828170899898396,CONVERGENCE: NORM OF PROJECTED GRADIENT <= PGTOL
1.4,2.0,0.0,100,85,pdf,1.763242199093884,2.336587317818141,True,False,False,20,0.34133828973441693,30,0.0050139989998569945,CONVERGENCE: NORM OF PROJECTED GRADIENT <= PGTOL
1.4,2.0,0.0,100,85,mle,1.5358995222890868,2.0087941506117026,True,False,False,20,127.04310271079535,33,0.002671446000022115,CONVERGENCE: NORM OF PROJECTED GRADIENT <= PGTOL
1.4,2.0,0.0,100,85,qlog,1.8336809726173353,0.7539332116716824,True,False,False,20,5.817953547076652,48,0.029626605999510502,CONVERGENCE: NORM OF PROJECTED GRADIENT <= PGTOL
1.4,2.0,0.0,100,85,cdf,1.4171073409559267,1.61794224818647,True,False,False,20,0.0002675574236071106,36,0.007021614001132548,CONVERGENCE: NORM OF PROJECTED GRADIENT <= PGTOL
1.4,2.0,0.0,100,86,pdf,1.8831686560999443,1.936714268109963,True,False,False,29,0.8391136765727049,33,0.0042943560001731385,CONVERGENCE: NORM OF PROJECTED GRADIENT <= PGTOL
1.4,2.0,0.0,100,86,mle,1.3338406601381998,1.9115706920025828,True,False,False,29,104.86735132091357,39,0.0029426669989334187,CONVERGENCE: NORM OF PROJECTED GRADIENT <= PGTOL
1.4,2.0,0.0,100,86,qlog,1.01,0.4450752091758478,True,True,False,29,2.007494365310774,108,0.020657230001233984,CONVERGENCE: NORM OF PROJECTED GRADIENT <= PGTOL
1.4,2.0,0.0,100,86,cdf,1.1270015781307288,1.396277922541756,True,False,False,29,0.0012980288880450636,69,0.013694526000108453,CONVERGENCE: NORM OF PROJECTED GRADIENT <= PGTOL
1.4,2.0,0.0,100,87,pdf,1.5828518419537514,1.318889456745335,True,False,False,33,0.5087928826819045,36,0.003159313999276492,CONVERGENCE: NORM OF PROJECTED GRADIENT <= PGTOL
1.4,2.0,0.0,100,87,mle,1.2950682466048948,1.547567475117156,True,False,False,33,111.34612448405116,36,0.0038665529991703806,CONVERGENCE: NORM OF PROJECTED GRADIENT <= PGTOL
1.4,2.0,0.0,100,87,qlog,1.01,0.5686401505739287,True,True,False,33,0.8823642241053185,45,0.005365468001400586,CONVERGENCE: NORM OF PROJECTED GRADIENT <= PGTOL
1.4,2.0,0.0,100,87,cdf,1.1517915584227838,1.2841693893619583,True,False,False,33,0.00038182048236912213,45,0.013649223999891547,CONVERGENCE: NORM OF PROJECTED GRADIENT <= PGTOL
1.4,2.0,0.0,100,88,pdf,2.030083922630361,2.8055240631855325,True,False,False,38,0.6183614628652038,45,0.004077648000020417,CONVERGENCE: NORM OF PROJECTED GRADIENT <= PGTOL
1.4,2.0,0.0,100,88,mle,1.1577741561890993,1.0745528864255958,True,False,False,38,116.48657982282373,48,0.0196059879999666,CONVERGENCE: NORM OF PROJECTED GRADIENT <= PGTOL
1.4,2.0,0.0,100,88,qlog,1.01,0.6003299976761548,True,True,False,38,0.8990475233018261,30,0.0030558930011466146,CONVERGENCE: NORM OF PROJECTED GRADIENT <= PGTOL
1.4,2.0,0.0,100,88,cdf,1.5441255762758201,2.014288701463165,True,False,False,38,0.0008035817825167168,12,0.003385231999345706,CONVERGENCE: NORM OF PROJECTED GRADIENT <= PGTOL
1.4,2.0,0.0,100,89,pdf,2.1365844863738843,7.223161026068889,True,False,False,24,0.7715050355528267,39,0.005442937001134851,CONVERGENCE: NORM OF PROJECTED GRADIENT <= PGTOL
1.4,2.0,0.0,100,89,mle,1.4991836741484423,2.105082845367771,True,False,False,24,119.74914807956512,30,0.0026962640004057903,CONVERGENCE: NORM OF PROJECTED GRADIENT <= PGTOL
1.4,2.0,0.0,100,89,qlog,1.1742329418705186,0.3964101869685192,True,False,False,24,2.446214384752235,78,0.01650799900016864,CONVERGENCE: RELATIVE REDUCTION OF F <= FACTR*EPSMCH
1.4,2.0,0.0,100,89,cdf,1.7203610444801456,3.224751917489333,True,False,False,24,0.0015469717771198085,48,0.015619820000210893,CONVERGENCE: NORM OF PROJECTED GRADIENT <= PGTOL
1.4,2.0,0.0,100,90,pdf,1.6504716504789754,1.7185822793449688,True,False,False,32,0.5240677809222691,33,0.004338808999818866,CONVERGENCE: NORM OF PROJECTED GRADIENT <= PGTOL
1.4,2.0,0.0,100,90,mle,1.2586770477661455,1.5366332852572862,True,False,False,32,108.03032206432712,39,0.0566695229990728,CONVERGENCE: NORM OF PROJECTED GRADIENT <= PGTOL
1.4,2.0,0.0,100,90,qlog,1.01,0.5561133879982355,True,True,False,32,1.1008698884208885,30,0.028519174000393832,CONVERGENCE: NORM OF PROJECTED GRADIENT <= PGTOL
1.4,2.0,0.0,100,90,cdf,1.2410659234326045,1.4746379965137657,True,False,False,32,0.0008061976424862785,45,0.02661791200080188,CONVERGENCE: NORM OF PROJECTED GRADIENT <= PGTOL
1.4,2.0,0.0,100,91,pdf,1.9700194717575903,3.024357085455454,True,False,False,38,0.48938376614455636,39,0.046991961000458105,CONVERGENCE: NORM OF PROJECTED GRADIENT <= PGTOL
1.4,2.0,0.0,100,91,mle,1.16669175423314,1.2726804387657038,True,False,False,38,108.8173809458875,42,0.041466123000645894,CONVERGENCE: NORM OF PROJECTED GRADIENT <= PGTOL
1.4,2.0,0.0,100,91,qlog,1.0706590792184916,0.7111275234730694,True,False,False,38,0.5939541746580366,42,0.005889202000616933,CONVERGENCE: NORM OF PROJECTED GRADIENT <= PGTOL
1.4,2.0,0.0,100,91,cdf,1.371164473943279,1.7306545411526622,True,False,False,38,0.0002136988382098687,39,0.036794147999898996,CONVERGENCE: NORM OF PROJECTED GRADIENT <= PGTOL
1.4,2.0,0.0,100,92,pdf,1.9383834885395084,2.214640236110718,True,False,False,34,0.5825602244869909,30,0.011546030000317842,CONVERGENCE: NORM OF PROJECTED GRADIENT <= PGTOL
1.4,2.0,0.0,100,92,mle,1.3095928462671602,1.3055980562675171,True,False,False,34,121.35545312787556,42,0.007086129000526853,CONVERGENCE: NORM OF PROJECTED GRADIENT <= PGTOL
1.4,2.0,0.0,100,92,qlog,1.01,0.43655556795663936,True,True,False,34,0.984422459769845,48,0.02659293000033358,CONVERGENCE: NORM OF PROJECTED GRADIENT <= PGTOL
1.4,2.0,0.0,100,92,cdf,1.4042782176538326,1.4990983899391432,True,False,False,34,0.0006771043644339827,30,0.028766415000063716,CONVERGENCE: NORM OF PROJECTED GRADIENT <= PGTOL
1.4,2.0,0.0,100,93,pdf,2.0124697296526235,2.852289790884292,True,False,False,28,0.8638436614605185,36,0.0041251379989262205,CONVERGENCE: NORM OF PROJECTED GRADIENT <= PGTOL
1.4,2.0,0.0,100,93,mle,1.4804508271789254,1.9519864499048898,True,False,False,28,121.08535559361931,30,0.002430608999929973,CONVERGENCE: NORM OF PROJECTED GRADIENT <= PGTOL
1.4,2.0,0.0,100,93,qlog,1.01,0.4074069283875792,True,True,False,28,1.5513052807323835,66,0.01975192200006859,CONVERGENCE: NORM OF PROJECTED GRADIENT <= PGTOL
1.4,2.0,0.0,100,93,cdf,1.4034829836228557,1.7120689316366375,True,False,False,28,0.000749890021633618,42,0.015616298000168172,CONVERGENCE: NORM OF PROJECTED GRADIENT <= PGTOL
1.4,2.0,0.0,100,94,pdf,1.9724054051421636,3.292430621187381,True,False,False,32,0.568277713693772,36,0.006698188999507693,CONVERGENCE: NORM OF PROJECTED GRADIENT <= PGTOL
1.4,2.0,0.0,100,94,mle,1.4868811017580577,2.046344233221743,True,False,False,32,119.55575630452816,30,0.0030763319991820026,CONVERGENCE: NORM OF PROJECTED GRADIENT <= PGTOL
1.4,2.0,0.0,100,94,qlog,1.01,0.4502310766572616,True,True,False,32,1.3016553305945195,51,0.008194071000616532,CONVERGENCE: NORM OF PROJECTED GRADIENT <= PGTOL
1.4,2.0,0.0,100,94,cdf,1.6370759502298298,2.7758751270526187,True,False,False,32,0.0006483250144545856,36,0.015546003000054043,CONVERGENCE: NORM OF PROJECTED GRADIENT <= PGTOL
1.4,2.0,0.0,100,95,pdf,1.7012960973109355,1.4233253310708613,True,False,False,35,0.834249549421806,36,0.008964089000073727,CONVERGENCE: NORM OF PROJECTED GRADIENT <= PGTOL
1.4,2.0,0.0,100,95,mle,1.2449509465153392,1.8701482371937692,True,False,False,35,96.86363829889734,42,0.00498879500082694,CONVERGENCE: NORM OF PROJECTED GRADIENT <= PGTOL
1.4,2.0,0.0,100,95,qlog,1.01,0.8793338875141969,True,True,False,35,1.3392519733764605,36,0.00774934699984442,CONVERGENCE: NORM OF PROJECTED GRADIENT <= PGTOL
1.4,2.0,0.0,100,95,cdf,1.560575034238225,3.2779872371688272,True,False,False,35,0.0005768207100850073,45,0.02782980200026941,CONVERGENCE: NORM OF PROJECTED GRADIENT <= PGTOL
1.4,2.0,0.0,100,96,pdf,1.764838052781219,1.8981581609906628,True,False,False,31,0.6204567322314726,33,0.006759305999366916,CONVERGENCE: NORM OF PROJECTED GRADIENT <= PGTOL
1.4,2.0,0.0,100,96,mle,1.2619192311381016,1.6374559054102618,True,False,False,31,105.17369870785998,39,0.00229011199917295,CONVERGENCE: NORM OF PROJECTED GRADIENT <= PGTOL
1.4,2.0,0.0,100,96,qlog,1.01,0.5602625016729249,True,True,False,31,1.328453425156539,39,0.005723717000364559,CONVERGENCE: RELATIVE REDUCTION OF F <= FACTR*EPSMCH
1.4,2.0,0.0,100,96,cdf,1.01,1.100822895895617,True,True,False,31,0.0035973598137949135,48,0.020293170000513783,CONVERGENCE: NORM OF PROJECTED GRADIENT <= PGTOL
1.4,2.0,0.0,100,97,pdf,1.5590517426116266,0.9919086580720108,True,False,False,32,0.6279464657670026,39,0.009571091000907472,CONVERGENCE: NORM OF PROJECTED GRADIENT <= PGTOL
1.4,2.0,0.0,100,97,mle,1.2407550818642232,1.3642826183569745,True,False,False,32,112.22592365578345,45,0.05755592099922069,CONVERGENCE: NORM OF PROJECTED GRADIENT <= PGTOL
1.4,2.0,0.0,100,97,qlog,1.01,0.49740266554697204,True,True,False,32,1.1340911901588793,48,0.01921062399924267,CONVERGENCE: NORM OF PROJECTED GRADIENT <= PGTOL
1.4,2.0,0.0,100,97,cdf,1.0641303362025754,1.0772242408943846,True,False,False,32,0.0001644071542098389,54,0.018609662000017124,CONVERGENCE: NORM OF PROJECTED GRADIENT <= PGTOL
1.4,2.0,0.0,100,98,pdf,1.5773461258276043,0.7771561112563568,True,False,False,40,0.628104643775124,48,0.005293443000482512,CONVERGENCE: NORM OF PROJECTED GRADIENT <= PGTOL
1.4,2.0,0.0,100,98,mle,1.01,0.9449165247506787,True,True,False,40,110.80027428157757,60,0.003589695999835385,CONVERGENCE: RELATIVE REDUCTION OF F <= FACTR*EPSMCH
1.4,2.0,0.0,100,98,qlog,1.01,0.6250759647866502,True,True,False,40,0.8503573792930077,24,0.0037795680000272114,CONVERGENCE: NORM OF PROJECTED GRADIENT <= PGTOL
1.4,2.0,0.0,100,98,cdf,1.1459385457212885,1.0606335304359815,True,False,False,40,0.002506298781945472,51,0.02028420299939171,CONVERGENCE: NORM OF PROJECTED GRADIENT <= PGTOL
1.4,2.0,0.0,100,99,pdf,1.9555648627986602,2.516042929424254,True,False,False,31,0.672625563285356,33,0.026798000999406213,CONVERGENCE: NORM OF PROJECTED GRADIENT <= PGTOL
1.4,2.0,0.0,100,99,mle,1.3854626657223703,1.364249158265622,True,False,False,31,127.46639606608039,36,0.03913032899981772,CONVERGENCE: NORM OF PROJECTED GRADIENT <= PGTOL
1.4,2.0,0.0,100,99,qlog,1.01,0.33334692980220193,True,True,False,31,1.3896557572670671,51,0.017146768001111923,CONVERGENCE: NORM OF PROJECTED GRADIENT <= PGTOL
1.4,2.0,0.0,100,99,cdf,1.470933471437237,1.5096407346382383,True,False,False,31,0.0020885180548597068,36,0.01605512199967052,CONVERGENCE: NORM OF PROJECTED GRADIENT <= PGTOL
1.4,2.0,0.0,2000,0,pdf,1.397799756207587,1.9672262857162157,True,False,False,28,1.1078181193580376,42,0.01658022700030415,CONVERGENCE: NORM OF PROJECTED GRADIENT <= PGTOL
1.4,2.0,0.0,2000,0,mle,1.4558444536017645,2.119262041406428,True,False,False,28,2277.1286347035984,36,0.0036504130002867896,CONVERGENCE: RELATIVE REDUCTION OF F <= FACTR*EPSMCH
1.4,2.0,0.0,2000,0,qlog,1.7511457215206334,2.8362722315666087,True,False,False,28,2.2953524617435397,51,0.008946002000811859,CONVERGENCE: NORM OF PROJECTED GRADIENT <= PGTOL
1.4,2.0,0.0,2000,0,cdf,1.4400147203977274,2.048785060871321,True,False,False,28,0.0001071037884288432,15,0.017285529000218958,CONVERGENCE: NORM OF PROJECTED GRADIENT <= PGTOL
1.4,2.0,0.0,2000,1,pdf,1.4610038127322362,2.3876174326223136,True,False,False,25,0.4726155369676237,39,0.03242146599950502,CONVERGENCE: NORM OF PROJECTED GRADIENT <= PGTOL
1.4,2.0,0.0,2000,1,mle,1.455228020268779,2.402962619750801,True,False,False,25,2149.956350395165,33,0.004297503999623586,CONVERGENCE: RELATIVE REDUCTION OF F <= FACTR*EPSMCH
1.4,2.0,0.0,2000,1,qlog,1.7536754425846457,3.277274366507589,True,False,False,25,2.790593369298386,42,0.020737540999107296,CONVERGENCE: NORM OF PROJECTED GRADIENT <= PGTOL
1.4,2.0,0.0,2000,1,cdf,1.3944343960450027,2.1632976959103,True,False,False,25,0.00011462140027096104,36,0.037421487000756315,CONVERGENCE: NORM OF PROJECTED GRADIENT <= PGTOL
1.4,2.0,0.0,2000,2,pdf,1.443130094994221,2.073238536156564,True,False,False,39,0.5836286183915664,36,0.003914122999049141,CONVERGENCE: NORM OF PROJECTED GRADIENT <= PGTOL
1.4,2.0,0.0,2000,2,mle,1.414627987355671,1.9474815087063797,True,False,False,39,2261.3739564411208,39,0.0035013079996133456,CONVERGENCE: RELATIVE REDUCTION OF F <= FACTR*EPSMCH
1.4,2.0,0.0,2000,2,qlog,1.568093749884987,2.329321532864529,True,False,False,39,0.7313841571452138,33,0.0033753309999156045,CONVERGENCE: NORM OF PROJECTED GRADIENT <= PGTOL
1.4,2.0,0.0,2000,2,cdf,1.4447162650515508,2.0468368691652725,True,False,False,39,5.909849645805809e-05,15,0.013109404000715585,CONVERGENCE: NORM OF PROJECTED GRADIENT <= PGTOL
1.4,2.0,0.0,2000,3,pdf,1.3955535497608043,2.0528315747973584,True,False,False,31,0.6620268894767624,39,0.0041819240013865056,CONVERGENCE: NORM OF PROJECTED GRADIENT <= PGTOL
1.4,2.0,0.0,2000,3,mle,1.4265929035382459,2.148394982460423,True,False,False,31,2191.781264702134,36,0.006326292999801808,CONVERGENCE: RELATIVE REDUCTION OF F <= FACTR*EPSMCH
1.4,2.0,0.0,2000,3,qlog,1.611550638032816,2.590383001115989,True,False,False,31,0.868591748835884,36,0.006211502000951441,CONVERGENCE: NORM OF PROJECTED GRADIENT <= PGTOL
1.4,2.0,0.0,2000,3,cdf,1.4038133935806532,2.063424704162124,True,False,False,31,3.140154281995263e-05,15,0.031004062000647536,CONVERGENCE: NORM OF PROJECTED GRADIENT <= PGTOL
1.4,2.0,0.0,2000,4,pdf,1.3745710152145978,1.8835421472485323,True,False,False,40,1.2990112760737529,36,0.003817191000052844,CONVERGENCE: NORM OF PROJECTED GRADIENT <= PGTOL
1.4,2.0,0.0,2000,4,mle,1.35511308155357,1.8042998448384855,True,False,False,40,2201.501151849999,42,0.004291014000045834,CONVERGENCE: RELATIVE REDUCTION OF F <= FACTR*EPSMCH
1.4,2.0,0.0,2000,4,qlog,1.523443042085309,2.1892814197365165,True,False,False,40,1.2834596721694835,36,0.006069934001061483,CONVERGENCE: NORM OF PROJECTED GRADIENT <= PGTOL
1.4,2.0,0.0,2000,4,cdf,1.3938240574590361,1.9224135753436697,True,False,False,40,0.00011437274843071315,33,0.03693430200110015,CONVERGENCE: NORM OF PROJECTED GRADIENT <= PGTOL
1.4,2.0,0.0,2000,5,pdf,1.3430256706815205,2.046589578325524,True,False,False,41,0.8865374738337204,39,0.0033445460012444528,CONVERGENCE: NORM OF PROJECTED GRADIENT <= PGTOL
1.4,2.0,0.0,2000,5,mle,1.3791978175469992,2.087584826539958,True,False,False,41,2109.631777766381,36,0.0040111459984473186,CONVERGENCE: RELATIVE REDUCTION OF F <= FACTR*EPSMCH
1.4,2.0,0.0,2000,5,qlog,1.5850198176854073,2.5817950262343627,True,False,False,41,1.0078692041817578,33,0.004274208999049733,CONVERGENCE: NORM OF PROJECTED GRADIENT <= PGTOL
1.4,2.0,0.0,2000,5,cdf,1.3757212687140536,2.0729061510894633,True,False,False,41,2.2874735049650526e-05,15,0.027340582999386243,CONVERGENCE: NORM OF PROJECTED GRADIENT <= PGTOL
1.4,2.0,0.0,2000,6,pdf,1.4152934669897612,2.160203718216393,True,False,False,24,0.8970816065754371,45,0.014051244999791379,CONVERGENCE: NORM OF PROJECTED GRADIENT <= PGTOL
1.4,2.0,0.0,2000,6,mle,1.40658137607721,2.1154792778938565,True,False,False,24,2159.6344269410733,36,0.0030156270004226826,CONVERGENCE: RELATIVE REDUCTION OF F <= FACTR*EPSMCH
1.4,2.0,0.0,2000,6,qlog,1.74759401242779,2.9818107955272946,True,False,False,24,3.0128841750836717,39,0.005590648999714176,CONVERGENCE: NORM OF PROJECTED GRADIENT <= PGTOL
1.4,2.0,0.0,2000,6,cdf,1.416741903721124,2.142288570844903,True,False,False,24,0.00011950011430493857,33,0.0327290000004723,CONVERGENCE: NORM OF PROJECTED GRADIENT <= PGTOL
1.4,2.0,0.0,2000,7,pdf,1.4234795208488242,2.1161270305805995,True,False,False,39,0.9811438509094709,33,0.0029957699989608955,CONVERGENCE: NORM OF PROJECTED GRADIENT <= PGTOL
1.4,2.0,0.0,2000,7,mle,1.4214136039595455,2.0352342527055036,True,False,False,39,2233.463444594433,36,0.0028867559994978365,CONVERGENCE: RELATIVE REDUCTION OF F <= FACTR*EPSMCH
1.4,2.0,0.0,2000,7,qlog,1.574646576038129,2.3839262100723153,True,False,False,39,0.8801681010310083,33,0.00359688400021696,CONVERGENCE: NORM OF PROJECTED GRADIENT <= PGTOL
1.4,2.0,0.0,2000,7,cdf,1.3944816955215935,1.9543360360613535,True,False,False,39,5.8375690925469984e-05,36,0.05879958700097632,CONVERGENCE: NORM OF PROJECTED GRADIENT <= PGTOL
1.4,2.0,0.0,2000,8,pdf,1.454557713830842,2.2571081602619296,True,False,False,27,1.1396013589683034,36,0.007240971001010621,CONVERGENCE: NORM OF PROJECTED GRADIENT <= PGTOL
1.4,2.0,0.0,2000,8,mle,1.427734217140208,2.1892218909470413,True,False,False,27,2175.705361671873,33,0.006409702000382822,CONVERGENCE: RELATIVE REDUCTION OF F <= FACTR*EPSMCH
1.4,2.0,0.0,2000,8,qlog,1.6462317239509867,2.7880053756134155,True,False,False,27,1.718106496396514,36,0.0043538170011743205,CONVERGENCE: NORM OF PROJECTED GRADIENT <= PGTOL
1.4,2.0,0.0,2000,8,cdf,1.4681173537200727,2.353976414907568,True,False,False,27,2.8422093802106294e-05,36,0.5254211040009977,CONVERGENCE: NORM OF PROJECTED GRADIENT <= PGTOL
1.4,2.0,0.0,2000,9,pdf,1.334534339573321,1.9530442022316392,True,False,False,37,0.7052138538433554,45,0.08266998500039335,CONVERGENCE: NORM OF PROJECTED GRADIENT <= PGTOL
1.4,2.0,0.0,2000,9,mle,1.3815952674382772,2.0534746330812608,True,False,False,37,2131.5625340567117,36,0.010638359000950004,CONVERGENCE: RELATIVE REDUCTION OF F <= FACTR*EPSMCH
1.4,2.0,0.0,2000,9,qlog,1.5339695831572477,2.399679087186,True,False,False,37,0.9269719444272145,36,0.007060804999127868,CONVERGENCE: NORM OF PROJECTED GRADIENT <= PGTOL
1.4,2.0,0.0,2000,9,cdf,1.33250593507964,1.8992530560594671,True,False,False,37,3.7936775895463124e-05,36,0.04946118600128102,CONVERGENCE: NORM OF PROJECTED GRADIENT <= PGTOL
1.4,2.0,0.0,2000,10,pdf,1.4438838520764123,2.246496657012724,True,False,False,34,0.6024127526504275,36,0.007630262000020593,CONVERGENCE: NORM OF PROJECTED GRADIENT <= PGTOL
1.4,2.0,0.0,2000,10,mle,1.4191573105562503,2.1542825825204424,True,False,False,34,2171.2273516914356,36,0.00450973300030455,CONVERGENCE: NORM OF PROJECTED GRADIENT <= PGTOL
1.4,2.0,0.0,2000,10,qlog,1.6884433024482155,2.859816787200187,True,False,False,34,1.5314958691290155,39,0.00916188900009729,CONVERGENCE: NORM OF PROJECTED GRADIENT <= PGTOL
1.4,2.0,0.0,2000,10,cdf,1.3932635876240484,2.0669052967381027,True,False,False,34,1.9059792542683636e-05,15,0.01340609500039136,CONVERGENCE: NORM OF PROJECTED GRADIENT <= PGTOL
1.4,2.0,0.0,2000,11,pdf,1.4261357201162406,2.1680181205043407,True,False,False,35,0.6055148287184162,36,0.0028979609996895306,CONVERGENCE: NORM OF PROJECTED GRADIENT <= PGTOL
1.4,2.0,0.0,2000,11,mle,1.4042152321947905,2.079428583606749,True,False,False,35,2171.271726425857,36,0.002606430998639553,CONVERGENCE: RELATIVE REDUCTION OF F <= FACTR*EPSMCH
1.4,2.0,0.0,2000,11,qlog,1.5913947283517436,2.581643977996574,True,False,False,35,0.825682396853624,30,0.004863620999458362,CONVERGENCE: NORM OF PROJECTED GRADIENT <= PGTOL
1.4,2.0,0.0,2000,11,cdf,1.4421696717958534,2.2173160023406857,True,False,False,35,0.0001837591111531261,36,0.050586377999934484,CONVERGENCE: NORM OF PROJECTED GRADIENT <= PGTOL
1.4,2.0,0.0,2000,12,pdf,1.4021535261847975,2.181642805925869,True,False,False,30,1.0183557384119046,42,0.011823165999885532,CONVERGENCE: NORM OF PROJECTED GRADIENT <= PGTOL
1.4,2.0,0.0,2000,12,mle,1.4146896743807733,2.2044743700328286,True,False,False,30,2137.5680825973304,33,0.003812226001173258,CONVERGENCE: NORM OF PROJECTED GRADIENT <= PGTOL
1.4,2.0,0.0,2000,12,qlog,1.6195971065112793,2.767194742933614,True,False,False,30,1.0687921361321926,33,0.006831237998994766,CONVERGENCE: NORM OF PROJECTED GRADIENT <= PGTOL
1.4,2.0,0.0,2000,12,cdf,1.3775223635300973,2.073918471815655,True,False,False,30,6.493128437344332e-05,15,0.013983000000735046,CONVERGENCE: NORM OF PROJECTED GRADIENT <= PGTOL
1.4,2.0,0.0,2000,13,pdf,1.3869212891677414,2.007593630213442,True,False,False,32,0.540822662493194,39,0.0030878590005158912,CONVERGENCE: NORM OF PROJECTED GRADIENT <= PGTOL
1.4,2.0,0.0,2000,13,mle,1.4066658256011155,2.065243347439815,True,False,False,32,2183.8658050314802,36,0.0032219010008702753,CONVERGENCE: RELATIVE REDUCTION OF F <= FACTR*EPSMCH
1.4,2.0,0.0,2000,13,qlog,1.5872359640101028,2.4961533561761984,True,False,False,32,0.9131408523397777,33,0.00410121000095387,CONVERGENCE: NORM OF PROJECTED GRADIENT <= PGTOL
1.4,2.0,0.0,2000,13,cdf,1.3780679534213092,1.9705460196664215,True,False,False,32,2.7148487934292656e-05,36,0.04748608000045351,CONVERGENCE: NORM OF PROJECTED GRADIENT <= PGTOL
1.4,2.0,0.0,2000,14,pdf,1.3674278366550598,2.1458904432347725,True,False,False,32,0.8281834640636285,45,0.0037280609994922997,CONVERGENCE: NORM OF PROJECTED GRADIENT <= PGTOL
1.4,2.0,0.0,2000,14,mle,1.4164531991867062,2.2863120993756585,True,False,False,32,2105.3053338977966,33,0.002197832998717786,CONVERGENCE: RELATIVE REDUCTION OF F <= FACTR*EPSMCH
1.4,2.0,0.0,2000,14,qlog,1.622855737582525,2.722078916272885,True,False,False,32,1.7341035801007727,30,0.00460394199944858,CONVERGENCE: NORM OF PROJECTED GRADIENT <= PGTOL
1.4,2.0,0.0,2000,14,cdf,1.3277756745204439,1.9682831267610537,True,False,False,32,9.428086304550931e-05,36,0.03640242099936586,CONVERGENCE: NORM OF PROJECTED GRADIENT <= PGTOL
1.4,2.0,0.0,2000,15,pdf,1.327871466685912,1.7510200424302431,True,False,False,31,1.0403356578152008,42,0.0036890690007567173,CONVERGENCE: NORM OF PROJECTED GRADIENT <= PGTOL
1.4,2.0,0.0,2000,15,mle,1.3760742670522514,1.8714700515906948,True,False,False,31,2211.8280656029506,39,0.0036807480009883875,CONVERGENCE: RELATIVE REDUCTION OF F <= FACTR*EPSMCH
1.4,2.0,0.0,2000,15,qlog,1.623666732959302,2.4005115706446873,True,False,False,31,1.7084316466404832,33,0.02213224600018293,CONVERGENCE: NORM OF PROJECTED GRADIENT <= PGTOL
1.4,2.0,0.0,2000,15,cdf,1.3715871751859103,1.8541786997488439,True,False,False,31,5.7014235854338785e-05,36,0.12024081699928502,CONVERGENCE: NORM OF PROJECTED GRADIENT <= PGTOL
1.4,2.0,0.0,2000,16,pdf,1.3918256271492413,2.123826488057983,True,False,False,42,0.9304245558667417,39,0.0038844310001877602,CONVERGENCE: NORM OF PROJECTED GRADIENT <= PGTOL
1.4,2.0,0.0,2000,16,mle,1.4265468361748863,2.161287726594385,True,False,False,42,2185.6872613094056,36,0.0024165869999706047,CONVERGENCE: RELATIVE REDUCTION OF F <= FACTR*EPSMCH
1.4,2.0,0.0,2000,16,qlog,1.5763705456950863,2.468265445009075,True,False,False,42,0.9386676098987382,33,0.01801185000113037,CONVERGENCE: NORM OF PROJECTED GRADIENT <= PGTOL
1.4,2.0,0.0,2000,16,cdf,1.4243687881422704,2.1570160651988926,True,False,False,42,5.1524574681692746e-05,36,0.05510648199924617,CONVERGENCE: NORM OF PROJECTED GRADIENT <= PGTOL
1.4,2.0,0.0,2000,17,pdf,1.3090556912412792,1.8526181023000294,True,False,False,39,0.8287641371597684,45,0.00639432800016948,CONVERGENCE: NORM OF PROJECTED GRADIENT <= PGTOL
1.4,2.0,0.0,2000,17,mle,1.3709207294393584,1.9676417672312214,True,False,False,39,2150.082600463967,39,0.006275403999097762,CONVERGENCE: RELATIVE REDUCTION OF F <= FACTR*EPSMCH
1.4,2.0,0.0,2000,17,qlog,1.5094054516118627,2.2376493813149496,True,False,False,39,0.7493858123683405,33,0.004416626999955042,CONVERGENCE: NORM OF PROJECTED GRADIENT <= PGTOL
1.4,2.0,0.0,2000,17,cdf,1.3568583972764654,1.920645942349968,True,False,False,39,6.797960463437843e-05,36,0.04059939299986581,CONVERGENCE: NORM OF PROJECTED GRADIENT <= PGTOL
1.4,2.0,0.0,2000,18,pdf,1.3650181930244987,1.9533662355061499,True,False,False,26,0.9926202437452124,45,0.00667171200075245,CONVERGENCE: NORM OF PROJECTED GRADIENT <= PGTOL
1.4,2.0,0.0,2000,18,mle,1.4045788118248097,2.0547328417940682,True,False,False,26,2184.071275863871,39,0.004485084000407369,CONVERGENCE: RELATIVE REDUCTION OF F <= FACTR*EPSMCH
1.4,2.0,0.0,2000,18,qlog,1.6925007259254654,2.818266892925979,True,False,False,26,1.62265747879059,33,0.004037733999211923,CONVERGENCE: NORM OF PROJECTED GRADIENT <= PGTOL
1.4,2.0,0.0,2000,18,cdf,1.4307530759194313,2.156721579920814,True,False,False,26,1.0534127644063636e-05,36,0.0453751730001386,CONVERGENCE: NORM OF PROJECTED GRADIENT <= PGTOL
1.4,2.0,0.0,2000,19,pdf,1.3916523675822399,1.9068239982928845,True,False,False,44,0.6057672938139694,33,0.0031048309992911527,CONVERGENCE: NORM OF PROJECTED GRADIENT <= PGTOL
1.4,2.0,0.0,2000,19,mle,1.354123999337601,1.765384003140877,True,False,False,44,2221.1221138376195,45,0.0034185759996034903,CONVERGENCE: RELATIVE REDUCTION OF F <= FACTR*EPSMCH
1.4,2.0,0.0,2000,19,qlog,1.4768828739789035,1.9940101962763597,True,False,False,44,0.6154895694968899,30,0.003309559000626905,CONVERGENCE: NORM OF PROJECTED GRADIENT <= PGTOL
1.4,2.0,0.0,2000,19,cdf,1.3813049578308345,1.8501149004085176,True,False,False,44,1.0246962971745828e-05,36,0.04047022899976582,CONVERGENCE: NORM OF PROJECTED GRADIENT <= PGTOL
1.4,2.0,0.0,2000,20,pdf,1.365164528044619,1.737288094217987,True,False,False,33,0.7858995107338851,36,0.003726955001184251,CONVERGENCE: NORM OF PROJECTED GRADIENT <= PGTOL
1.4,2.0,0.0,2000,20,mle,1.384414876968893,1.7855218428559083,True,False,False,33,2277.823431299773,39,0.0026700899998104433,CONVERGENCE: RELATIVE REDUCTION OF F <= FACTR*EPSMCH
1.4,2.0,0.0,2000,20,qlog,1.5657398924601507,2.1546568459506785,True,False,False,33,1.1282307369295503,33,0.020137072999204975,CONVERGENCE: NORM OF PROJECTED GRADIENT <= PGTOL
1.4,2.0,0.0,2000,20,cdf,1.3449082661471485,1.6686693573353206,True,False,False,33,0.00025780622462720927,36,0.03810125000018161,CONVERGENCE: NORM OF PROJECTED GRADIENT <= PGTOL
1.4,2.0,0.0,2000,21,pdf,1.4239507726209124,1.9253726693207367,True,False,False,46,0.522923394148712,33,0.026529191000008723,CONVERGENCE: NORM OF PROJECTED GRADIENT <= PGTOL
1.4,2.0,0.0,2000,21,mle,1.3622495143273334,1.757888288308281,True,False,False,46,2243.389859382386,39,0.0040029489991866285,CONVERGENCE: RELATIVE REDUCTION OF F <= FACTR*EPSMCH
1.4,2.0,0.0,2000,21,qlog,1.488053569057948,2.0189243795903753,True,False,False,46,0.643770436372674,36,0.0045085450001352,CONVERGENCE: NORM OF PROJECTED GRADIENT <= PGTOL
1.4,2.0,0.0,2000,21,cdf,1.3627227443118213,1.7698551604338233,True,False,False,46,2.747409967963542e-05,39,0.04314121899915335,CONVERGENCE: NORM OF PROJECTED GRADIENT <= PGTOL
1.4,2.0,0.0,2000,22,pdf,1.4300990958974344,2.2053308294647755,True,False,False,36,0.8233912869724098,39,0.0041764760007936275,CONVERGENCE: NORM OF PROJECTED GRADIENT <= PGTOL
1.4,2.0,0.0,2000,22,mle,1.4084156860344765,2.091092521203371,True,False,False,36,2175.5426302744613,36,0.003697948999615619,CONVERGENCE: RELATIVE REDUCTION OF F <= FACTR*EPSMCH
1.4,2.0,0.0,2000,22,qlog,1.548119846657824,2.392382297473625,True,False,False,36,0.960794932583005,33,0.00448798999968858,CONVERGENCE: NORM OF PROJECTED GRADIENT <= PGTOL
1.4,2.0,0.0,2000,22,cdf,1.436391645246825,2.1921960009788215,True,False,False,36,9.40410244225342e-05,36,0.0787709280011768,CONVERGENCE: NORM OF PROJECTED GRADIENT <= PGTOL
1.4,2.0,0.0,2000,23,pdf,1.3425520628179832,1.8725112519248308,True,False,False,40,0.6301209941308725,36,0.004585733000567416,CONVERGENCE: NORM OF PROJECTED GRADIENT <= PGTOL
1.4,2.0,0.0,2000,23,mle,1.3423959685156917,1.8464648806616895,True,False,False,40,2150.52163681557,45,0.003406883000934613,CONVERGENCE: RELATIVE REDUCTION OF F <= FACTR*EPSMCH
1.4,2.0,0.0,2000,23,qlog,1.52469578354682,2.1661898653891867,True,False,False,40,1.0077462081967283,33,0.0037777319994347636,CONVERGENCE: NORM OF PROJECTED GRADIENT <= PGTOL
1.4,2.0,0.0,2000,23,cdf,1.326022927911168,1.7942080025514129,True,False,False,40,3.667985777434712e-05,39,0.15420328300024266,CONVERGENCE: NORM OF PROJECTED GRADIENT <= PGTOL
1.4,2.0,0.0,2000,24,pdf,1.3354362256515233,1.7976268339015036,True,False,False,33,0.9972948994162271,39,0.009682939999038354,CONVERGENCE: NORM OF PROJECTED GRADIENT <= PGTOL
1.4,2.0,0.0,2000,24,mle,1.367241935012036,1.8459414751718122,True,False,False,33,2205.667451362767,39,0.011455013000158942,CONVERGENCE: RELATIVE REDUCTION OF F <= FACTR*EPSMCH
1.4,2.0,0.0,2000,24,qlog,1.5586089684708644,2.1398105600146375,True,False,False,33,1.6649557104728872,36,0.006395142001565546,CONVERGENCE: NORM OF PROJECTED GRADIENT <= PGTOL
1.4,2.0,0.0,2000,24,cdf,1.2732549029534295,1.5918053238282115,True,False,False,33,6.068577622505135e-05,39,0.042621096999937436,CONVERGENCE: NORM OF PROJECTED GRADIENT <= PGTOL
1.4,2.0,0.0,2000,25,pdf,1.388456704597591,2.0475512685357775,True,False,False,35,0.7289414129618644,36,0.007168389000071329,CONVERGENCE: NORM OF PROJECTED GRADIENT <= PGTOL
1.4,2.0,0.0,2000,25,mle,1.3685334062892893,1.970501240293281,True,False,False,35,2143.265068889439,45,0.005987749998894287,CONVERGENCE: NORM OF PROJECTED GRADIENT <= PGTOL
1.4,2.0,0.0,2000,25,qlog,1.5108142336764097,2.2454717521773566,True,False,False,35,0.7854517611544523,33,0.004870934000791749,CONVERGENCE: NORM OF PROJECTED GRADIENT <= PGTOL
1.4,2.0,0.0,2000,25,cdf,1.3691186371728215,1.9757758082284502,True,False,False,35,9.636576160908367e-06,36,0.041050487001484726,CONVERGENCE: NORM OF PROJECTED GRADIENT <= PGTOL
1.4,2.0,0.0,2000,26,pdf,1.332303488603493,1.8172038226010085,True,False,False,37,0.8402136034944749,48,0.006376448000082746,CONVERGENCE: NORM OF PROJECTED GRADIENT <= PGTOL
1.4,2.0,0.0,2000,26,mle,1.3929711357728034,1.9175979401238625,True,False,False,37,2226.131544353174,39,0.0037523939990933286,CONVERGENCE: NORM OF PROJECTED GRADIENT <= PGTOL
1.4,2.0,0.0,2000,26,qlog,1.5864421429957971,2.353857953287098,True,False,False,37,0.8075639976454123,33,0.0037055369994050125,CONVERGENCE: NORM OF PROJECTED GRADIENT <= PGTOL
1.4,2.0,0.0,2000,26,cdf,1.433561816950213,2.0520961928285053,True,False,False,37,4.434534282036914e-05,15,0.012489541999457288,CONVERGENCE: NORM OF PROJECTED GRADIENT <= PGTOL
1.4,2.0,0.0,2000,27,pdf,1.4222262593028134,1.9889862416089958,True,False,False,28,0.4572947308421885,36,0.005698113998732879,CONVERGENCE: NORM OF PROJECTED GRADIENT <= PGTOL
1.4,2.0,0.0,2000,27,mle,1.43679453538438,2.06660247711425,True,False,False,28,2255.307063352286,36,0.004406768000990269,CONVERGENCE: RELATIVE REDUCTION OF F <= FACTR*EPSMCH
1.4,2.0,0.0,2000,27,qlog,1.6804306653576309,2.67571642862506,True,False,False,28,1.4077839789582216,36,0.01138365199949476,CONVERGENCE: NORM OF PROJECTED GRADIENT <= PGTOL
1.4,2.0,0.0,2000,27,cdf,1.4345961158221823,2.050577228820111,True,False,False,28,1.596126334579103e-05,15,0.01501810099944123,CONVERGENCE: NORM OF PROJECTED GRADIENT <= PGTOL
1.4,2.0,0.0,2000,28,pdf,1.31198670217475,1.8574270008239306,True,False,False,34,0.6624558979936562,45,0.004882892000750871,CONVERGENCE: NORM OF PROJECTED GRADIENT <= PGTOL
1.4,2.0,0.0,2000,28,mle,1.3712932238384086,2.006553774187163,True,False,False,34,2131.338114816013,39,0.019745817000512034,CONVERGENCE: RELATIVE REDUCTION OF F <= FACTR*EPSMCH
1.4,2.0,0.0,2000,28,qlog,1.5775857264701738,2.47543606611909,True,False,False,34,1.0973140597856097,33,0.0038675550003972603,CONVERGENCE: NORM OF PROJECTED GRADIENT <= PGTOL
1.4,2.0,0.0,2000,28,cdf,1.3606824204313004,1.9669885089379695,True,False,False,34,1.3634681517335496e-05,36,0.10574244700001145,CONVERGENCE: NORM OF PROJECTED GRADIENT <= PGTOL
1.4,2.0,0.0,2000,29,pdf,1.3967651530585845,2.088329597438159,True,False,False,36,0.6159380681998077,36,0.008796262000032584,CONVERGENCE: NORM OF PROJECTED GRADIENT <= PGTOL
1.4,2.0,0.0,2000,29,mle,1.41247920297402,2.1173382130514886,True,False,False,36,2172.66047095426,36,0.0062548780006181914,CONVERGENCE: NORM OF PROJECTED GRADIENT <= PGTOL
1.4,2.0,0.0,2000,29,qlog,1.5658420659142318,2.446528374292354,True,False,False,36,0.7317238598217163,36,0.008132979999572854,CONVERGENCE: NORM OF PROJECTED GRADIENT <= PGTOL
1.4,2.0,0.0,2000,29,cdf,1.3970376766097579,2.064544998957022,True,False,False,36,3.63373993752444e-05,15,0.016981045999273192,CONVERGENCE: NORM OF PROJECTED GRADIENT <= PGTOL
1.4,2.0,0.0,2000,30,pdf,1.3586842476402736,1.686622662310787,True,False,False,22,0.4176374502742295,42,0.0057324219997099135,CONVERGENCE: NORM OF PROJECTED GRADIENT <= PGTOL
1.4,2.0,0.0,2000,30,mle,1.4086608181992994,1.8853440815250704,True,False,False,22,2279.6961184445686,36,0.003927223999198759,CONVERGENCE: RELATIVE REDUCTION OF F <= FACTR*EPSMCH
1.4,2.0,0.0,2000,30,qlog,1.7540394301079025,2.5788614641459247,True,False,False,22,3.684574130714185,42,0.005332523000106448,CONVERGENCE: NORM OF PROJECTED GRADIENT <= PGTOL
1.4,2.0,0.0,2000,30,cdf,1.364281513224022,1.7459591098061429,True,False,False,22,1.3575546319514426e-05,39,0.05398313300065638,CONVERGENCE: NORM OF PROJECTED GRADIENT <= PGTOL
1.4,2.0,0.0,2000,31,pdf,1.359338969463904,1.8822666827147512,True,False,False,35,0.6007103995684796,36,0.003072258999964106,CONVERGENCE: NORM OF PROJECTED GRADIENT <= PGTOL
1.4,2.0,0.0,2000,31,mle,1.3576020844817798,1.867611953096734,True,False,False,35,2172.518866921073,42,0.0030350110009749187,CONVERGENCE: NORM OF PROJECTED GRADIENT <= PGTOL
1.4,2.0,0.0,2000,31,qlog,1.5198017093558933,2.1989897753455745,True,False,False,35,0.7764122610956239,33,0.003422448999117478,CONVERGENCE: NORM OF PROJECTED GRADIENT <= PGTOL
1.4,2.0,0.0,2000,31,cdf,1.3506878432972909,1.8476138379988731,True,False,False,35,5.182188197200466e-05,39,0.03955395299999509,CONVERGENCE: NORM OF PROJECTED GRADIENT <= PGTOL
1.4,2.0,0.0,2000,32,pdf,1.3563080576396125,1.7654947888022958,True,False,False,37,0.7781489905112138,39,0.004546743000901188,CONVERGENCE: NORM OF PROJECTED GRADIENT <= PGTOL
1.4,2.0,0.0,2000,32,mle,1.4011511534974992,1.8571194741938906,True,False,False,37,2277.1744009275144,39,0.0033790449997468386,CONVERGENCE: RELATIVE REDUCTION OF F <= FACTR*EPSMCH
1.4,2.0,0.0,2000,32,qlog,1.6134690288500846,2.2843021148889893,True,False,False,37,1.1160365020602323,33,0.020827776999794878,CONVERGENCE: NORM OF PROJECTED GRADIENT <= PGTOL
1.4,2.0,0.0,2000,32,cdf,1.4169206589330923,1.8982688342534249,True,False,False,37,4.473306911816299e-05,36,0.028719931999148685,CONVERGENCE: NORM OF PROJECTED GRADIENT <= PGTOL
1.4,2.0,0.0,2000,33,pdf,1.439387619779763,2.2770348963550218,True,False,False,27,0.5436607644935372,39,0.0035583440003392752,CONVERGENCE: NORM OF PROJECTED GRADIENT <= PGTOL
1.4,2.0,0.0,2000,33,mle,1.4280612433689182,2.272185042479575,True,False,False,27,2139.298079387416,96,0.009591850999640883,CONVERGENCE: RELATIVE REDUCTION OF F <= FACTR*EPSMCH
1.4,2.0,0.0,2000,33,qlog,1.7167654963309231,3.1450840469593206,True,False,False,27,1.7570224882577767,36,0.0073441700005787425,CONVERGENCE: NORM OF PROJECTED GRADIENT <= PGTOL
1.4,2.0,0.0,2000,33,cdf,1.43579691062614,2.310095520574303,True,False,False,27,2.265025068963115e-05,36,0.05177967800045735,CONVERGENCE: NORM OF PROJECTED GRADIENT <= PGTOL
1.4,2.0,0.0,2000,34,pdf,1.3863106041760287,1.9139108260915327,True,False,False,41,0.6261701845248248,36,0.0039006829993013525,CONVERGENCE: NORM OF PROJECTED GRADIENT <= PGTOL
1.4,2.0,0.0,2000,34,mle,1.3725487177026787,1.8401697492324,True,False,False,41,2220.7278128685207,39,0.003287207000539638,CONVERGENCE: RELATIVE REDUCTION OF F <= FACTR*EPSMCH
1.4,2.0,0.0,2000,34,qlog,1.5043830988597067,2.1338539299338697,True,False,False,41,0.620564618990372,33,0.004488865999519476,CONVERGENCE: NORM OF PROJECTED GRADIENT <= PGTOL
1.4,2.0,0.0,2000,34,cdf,1.3879122863389877,1.8917152657423986,True,False,False,41,1.5266623485564856e-05,36,0.040294274000189034,CONVERGENCE: NORM OF PROJECTED GRADIENT <= PGTOL
1.4,2.0,0.0,2000,35,pdf,1.385437331397531,1.8627539490709044,True,False,False,29,1.107212524421767,39,0.006581542000276386,CONVERGENCE: NORM OF PROJECTED GRADIENT <= PGTOL
1.4,2.0,0.0,2000,35,mle,1.4210211620695172,1.9531241377324864,True,False,False,29,2273.7054208355753,36,0.0033662149999145186,CONVERGENCE: RELATIVE REDUCTION OF F <= FACTR*EPSMCH
1.4,2.0,0.0,2000,35,qlog,1.6206868381316073,2.3908675639053576,True,False,False,29,1.2215723285654312,33,0.0069043560015416006,CONVERGENCE: NORM OF PROJECTED GRADIENT <= PGTOL
1.4,2.0,0.0,2000,35,cdf,1.4296978248827112,1.981826660262178,True,False,False,29,2.128344647709135e-05,36,0.04685969300044235,CONVERGENCE: NORM OF PROJECTED GRADIENT <= PGTOL
1.4,2.0,0.0,2000,36,pdf,1.4345339095300698,1.9859242839222837,True,False,False,35,0.6374542239187719,33,0.002975233001052402,CONVERGENCE: NORM OF PROJECTED GRADIENT <= PGTOL
1.4,2.0,0.0,2000,36,mle,1.3985777549694522,1.867987490609,True,False,False,35,2265.343036760791,39,0.0026421910006320104,CONVERGENCE: RELATIVE REDUCTION OF F <= FACTR*EPSMCH
1.4,2.0,0.0,2000,36,qlog,1.5515179259150966,2.180763254290417,True,False,False,35,0.8769984929070004,36,0.005230687998846406,CONVERGENCE: NORM OF PROJECTED GRADIENT <= PGTOL
1.4,2.0,0.0,2000,36,cdf,1.3344724637923067,1.688648250759512,True,False,False,35,7.99501579726605e-05,39,0.04839314099990588,CONVERGENCE: NORM OF PROJECTED GRADIENT <= PGTOL
1.4,2.0,0.0,2000,37,pdf,1.4378174577339744,2.2662691307669998,True,False,False,37,0.5692334049779414,39,0.019732168000700767,CONVERGENCE: NORM OF PROJECTED GRADIENT <= PGTOL
1.4,2.0,0.0,2000,37,mle,1.446664510716255,2.2790224072936067,True,False,False,37,2181.6708827589796,33,0.004339183999036322,CONVERGENCE: RELATIVE REDUCTION OF F <= FACTR*EPSMCH
1.4,2.0,0.0,2000,37,qlog,1.6500761237979986,2.7921813625187495,True,False,False,37,1.298671559359175,36,0.00688557099965692,CONVERGENCE: NORM OF PROJECTED GRADIENT <= PGTOL
1.4,2.0,0.0,2000,37,cdf,1.4201461877381618,2.179726961787089,True,False,False,37,2.3775957006220864e-05,36,0.03057748600076593,CONVERGENCE: NORM OF PROJECTED GRADIENT <= PGTOL
1.4,2.0,0.0,2000,38,pdf,1.4387015183474026,2.2355375580504844,True,False,False,40,0.862949312019745,36,0.0033673480011202628,CONVERGENCE: NORM OF PROJECTED GRADIENT <= PGTOL
1.4,2.0,0.0,2000,38,mle,1.468085609570036,2.2836476401198977,True,False,False,40,2233.204643817783,39,0.004929819000608404,CONVERGENCE: NORM OF PROJECTED GRADIENT <= PGTOL
1.4,2.0,0.0,2000,38,qlog,1.6609367353634683,2.7566565923671638,True,False,False,40,0.8659546529211365,33,0.006385032000252977,CONVERGENCE: NORM OF PROJECTED GRADIENT <= PGTOL
1.4,2.0,0.0,2000,38,cdf,1.4898610296648132,2.3727571647267824,True,False,False,40,3.381877195698391e-05,36,0.06005547399945499,CONVERGENCE: NORM OF PROJECTED GRADIENT <= PGTOL
1.4,2.0,0.0,2000,39,pdf,1.3542798879517803,2.0452785361931984,True,False,False,38,1.020509636990729,39,0.01942399200015643,CONVERGENCE: NORM OF PROJECTED GRADIENT <= PGTOL
1.4,2.0,0.0,2000,39,mle,1.3730271754434404,2.039731972655895,True,False,False,38,2118.8465130031086,39,0.008448610000414192,CONVERGENCE: RELATIVE REDUCTION OF F <= FACTR*EPSMCH
1.4,2.0,0.0,2000,39,qlog,1.5163471593290319,2.3549161408130983,True,False,False,38,0.9521321215162135,36,0.07240301400088356,CONVERGENCE: NORM OF PROJECTED GRADIENT <= PGTOL
1.4,2.0,0.0,2000,39,cdf,1.3841355108047366,2.0687511934994105,True,False,False,38,0.00011543727358966247,15,0.016977846000372665,CONVERGENCE: NORM OF PROJECTED GRADIENT <= PGTOL
1.4,2.0,0.0,2000,40,pdf,1.3603848845781483,1.8474067402551624,True,False,False,35,0.5638226742043337,39,0.005574503000389086,CONVERGENCE: NORM OF PROJECTED GRADIENT <= PGTOL
1.4,2.0,0.0,2000,40,mle,1.4096012249587586,1.9968887536591895,True,False,False,35,2224.4319151510304,36,0.0069007399997644825,CONVERGENCE: RELATIVE REDUCTION OF F <= FACTR*EPSMCH
1.4,2.0,0.0,2000,40,qlog,1.5820032391513645,2.358621391369584,True,False,False,35,1.0707674233083992,36,0.008937349000916583,CONVERGENCE: NORM OF PROJECTED GRADIENT <= PGTOL
1.4,2.0,0.0,2000,40,cdf,1.3527426691591466,1.8182885306430687,True,False,False,35,1.8388714982969667e-05,39,0.042916605998470914,CONVERGENCE: NORM OF PROJECTED GRADIENT <= PGTOL
1.4,2.0,0.0,2000,41,pdf,1.4122936195264104,2.0511499943426275,True,False,False,41,0.7455665125570471,36,0.002893439999752445,CONVERGENCE: NORM OF PROJECTED GRADIENT <= PGTOL
1.4,2.0,0.0,2000,41,mle,1.4136832768747043,2.007811371531741,True,False,False,41,2228.625875285196,39,0.003069554999456159,CONVERGENCE: RELATIVE REDUCTION OF F <= FACTR*EPSMCH
1.4,2.0,0.0,2000,41,qlog,1.6054712270458238,2.4287521629325477,True,False,False,41,0.9705247803837626,33,0.003460859999904642,CONVERGENCE: NORM OF PROJECTED GRADIENT <= PGTOL
1.4,2.0,0.0,2000,41,cdf,1.4269222509506094,2.053137043530618,True,False,False,41,2.107734422009726e-05,15,0.012662384000577731,CONVERGENCE: NORM OF PROJECTED GRADIENT <= PGTOL
1.4,2.0,0.0,2000,42,pdf,1.224887056383821,1.5271907134961487,True,False,False,33,0.9862921373921272,48,0.004128847000174574,CONVERGENCE: NORM OF PROJECTED GRADIENT <= PGTOL
1.4,2.0,0.0,2000,42,mle,1.3599763041422424,1.7938371274825506,True,False,False,33,2218.0894020428045,39,0.002734801999395131,CONVERGENCE: RELATIVE REDUCTION OF F <= FACTR*EPSMCH
1.4,2.0,0.0,2000,42,qlog,1.5590587563698315,2.1439969575248266,True,False,False,33,1.296287915727834,36,0.0044824699998571305,CONVERGENCE: NORM OF PROJECTED GRADIENT <= PGTOL
1.4,2.0,0.0,2000,42,cdf,1.3552712270350762,1.7676690749478186,True,False,False,33,4.4739715886874804e-05,42,0.06124129999989236,CONVERGENCE: NORM OF PROJECTED GRADIENT <= PGTOL
1.4,2.0,0.0,2000,43,pdf,1.369083627701144,2.0844141266302283,True,False,False,37,0.9261297692713226,39,0.0065744240000640275,CONVERGENCE: NORM OF PROJECTED GRADIENT <= PGTOL
1.4,2.0,0.0,2000,43,mle,1.374081422558556,2.0598459980389925,True,False,False,37,2111.413058415736,36,0.002786066001135623,CONVERGENCE: RELATIVE REDUCTION OF F <= FACTR*EPSMCH
1.4,2.0,0.0,2000,43,qlog,1.5214949529343307,2.3855283477791898,True,False,False,37,0.9055230269658671,30,0.0030470450001303107,CONVERGENCE: NORM OF PROJECTED GRADIENT <= PGTOL
1.4,2.0,0.0,2000,43,cdf,1.3781654479534777,2.0725235445621926,True,False,False,37,5.8296920447657674e-05,15,0.013924122000389616,CONVERGENCE: NORM OF PROJECTED GRADIENT <= PGTOL
1.4,2.0,0.0,2000,44,pdf,1.422248655121707,2.1693128861929503,True,False,False,40,0.43454204685647246,36,0.0029907090010965476,CONVERGENCE: NORM OF PROJECTED GRADIENT <= PGTOL
1.4,2.0,0.0,2000,44,mle,1.3640013009755896,1.9987095169530222,True,False,False,40,2118.9077243601205,39,0.006120621999798459,CONVERGENCE: RELATIVE REDUCTION OF F <= FACTR*EPSMCH
1.4,2.0,0.0,2000,44,qlog,1.4994981004238899,2.305320149477078,True,False,False,40,0.49450427829619875,36,0.006782033000490628,CONVERGENCE: NORM OF PROJECTED GRADIENT <= PGTOL
1.4,2.0,0.0,2000,44,cdf,1.3835609414757402,2.0690807558303272,True,False,False,40,5.067867421283772e-05,15,0.017908261999764363,CONVERGENCE: NORM OF PROJECTED GRADIENT <= PGTOL
1.4,2.0,0.0,2000,45,pdf,1.3874883173934913,1.9138150510944476,True,False,False,31,0.686771503125698,36,0.004119405999517767,CONVERGENCE: NORM OF PROJECTED GRADIENT <= PGTOL
1.4,2.0,0.0,2000,45,mle,1.4020615357018549,1.9414331650320913,True,False,False,31,2234.9003916192996,39,0.004955183001584373,CONVERGENCE: NORM OF PROJECTED GRADIENT <= PGTOL
1.4,2.0,0.0,2000,45,qlog,1.5882929196563897,2.372192643711095,True,False,False,31,0.8973291093366103,33,0.005475617001138744,CONVERGENCE: NORM OF PROJECTED GRADIENT <= PGTOL
1.4,2.0,0.0,2000,45,cdf,1.436135710477329,2.050758264705748,True,False,False,31,4.271526908116196e-05,15,0.03144873800010828,CONVERGENCE: NORM OF PROJECTED GRADIENT <= PGTOL
1.4,2.0,0.0,2000,46,pdf,1.4149708306722906,2.1441778167966663,True,False,False,43,0.6085667614964066,36,0.003340552000736352,CONVERGENCE: NORM OF PROJECTED GRADIENT <= PGTOL
1.4,2.0,0.0,2000,46,mle,1.397377471547234,2.0371323628791957,True,False,False,43,2175.8712251090114,39,0.002829769000527449,CONVERGENCE: RELATIVE REDUCTION OF F <= FACTR*EPSMCH
1.4,2.0,0.0,2000,46,qlog,1.5345948268325271,2.352265191867152,True,False,False,43,0.6062735918010251,36,0.0037292030010576127,CONVERGENCE: NORM OF PROJECTED GRADIENT <= PGTOL
1.4,2.0,0.0,2000,46,cdf,1.4031131174623106,2.0620720807033,True,False,False,43,2.0433417444472265e-05,15,0.01214946399886685,CONVERGENCE: NORM OF PROJECTED GRADIENT <= PGTOL
1.4,2.0,0.0,2000,47,pdf,1.3504650547159467,1.8583329236751946,True,False,False,32,1.2830805323212404,39,0.0033274010002060095,CONVERGENCE: NORM OF PROJECTED GRADIENT <= PGTOL
1.4,2.0,0.0,2000,47,mle,1.379621846605627,1.8769296128865298,True,False,False,32,2216.96554536264,39,0.004284168000594946,CONVERGENCE: RELATIVE REDUCTION OF F <= FACTR*EPSMCH
1.4,2.0,0.0,2000,47,qlog,1.558387805941514,2.189523929128047,True,False,False,32,1.30658042067053,33,0.004125325000131852,CONVERGENCE: NORM OF PROJECTED GRADIENT <= PGTOL
1.4,2.0,0.0,2000,47,cdf,1.4365398079562197,2.049214964769658,True,False,False,32,5.20484344461879e-05,15,0.023796882000169717,CONVERGENCE: NORM OF PROJECTED GRADIENT <= PGTOL
1.4,2.0,0.0,2000,48,pdf,1.3701669620769468,2.023382382470246,True,False,False,31,0.8465393901111308,45,0.006443931999456254,CONVERGENCE: NORM OF PROJECTED GRADIENT <= PGTOL
1.4,2.0,0.0,2000,48,mle,1.4290509387458439,2.1713804413348505,True,False,False,31,2187.0649643518545,36,0.023370675999103696,CONVERGENCE: NORM OF PROJECTED GRADIENT <= PGTOL
1.4,2.0,0.0,2000,48,qlog,1.6330447645413453,2.6824358500784444,True,False,False,31,1.1056491933622599,33,0.006150653000077,CONVERGENCE: NORM OF PROJECTED GRADIENT <= PGTOL
1.4,2.0,0.0,2000,48,cdf,1.3996883483335358,2.0637344208877755,True,False,False,31,3.9511593699273556e-05,15,0.014238316000046325,CONVERGENCE: NORM OF PROJECTED GRADIENT <= PGTOL
1.4,2.0,0.0,2000,49,pdf,1.3633486210218597,1.8760723345171049,True,False,False,37,0.786023011472235,36,0.0036714360012410907,CONVERGENCE: NORM OF PROJECTED GRADIENT <= PGTOL
1.4,2.0,0.0,2000,49,mle,1.3771136830058948,1.8788073651948844,True,False,False,37,2210.2702233125506,39,0.002783900999929756,CONVERGENCE: RELATIVE REDUCTION OF F <= FACTR*EPSMCH
1.4,2.0,0.0,2000,49,qlog,1.520252867318645,2.1784068473932328,True,False,False,37,0.6974447136179146,36,0.005479774999912479,CONVERGENCE: NORM OF PROJECTED GRADIENT <= PGTOL
1.4,2.0,0.0,2000,49,cdf,1.4293779331516419,2.0536067699839067,True,False,False,37,7.239757469452169e-05,15,0.015759919000629452,CONVERGENCE: NORM OF PROJECTED GRADIENT <= PGTOL
1.4,2.0,0.0,2000,50,pdf,1.3758163966714776,2.014188374908715,True,False,False,37,0.6643728045270939,42,0.00917546799973934,CONVERGENCE: NORM OF PROJECTED GRADIENT <= PGTOL
1.4,2.0,0.0,2000,50,mle,1.3899606189190794,2.049511931977263,True,False,False,37,2152.6590175571446,39,0.006062900998585974,CONVERGENCE: RELATIVE REDUCTION OF F <= FACTR*EPSMCH
1.4,2.0,0.0,2000,50,qlog,1.5795070795234372,2.4873493362670667,True,False,False,37,1.0138678985534024,33,0.004434714999661082,CONVERGENCE: NORM OF PROJECTED GRADIENT <= PGTOL
1.4,2.0,0.0,2000,50,cdf,1.3959953530488356,2.0652432961715523,True,False,False,37,0.00019916194487914625,15,0.01603385800081014,CONVERGENCE: NORM OF PROJECTED GRADIENT <= PGTOL
1.4,2.0,0.0,2000,51,pdf,1.332545718585961,1.9016949814865773,True,False,False,36,0.9245964642480546,45,0.01737968199995521,CONVERGENCE: NORM OF PROJECTED GRADIENT <= PGTOL
1.4,2.0,0.0,2000,51,mle,1.4253703291425894,2.1383345344866767,True,False,False,36,2193.5344589280485,36,0.003145243999824743,CONVERGENCE: RELATIVE REDUCTION OF F <= FACTR*EPSMCH
1.4,2.0,0.0,2000,51,qlog,1.6123010214583415,2.4905958629162606,True,False,False,36,1.0469105650515733,30,0.0038046139998186845,CONVERGENCE: NORM OF PROJECTED GRADIENT <= PGTOL
1.4,2.0,0.0,2000,51,cdf,1.4065912732159227,2.0603410041934724,True,False,False,36,7.900853217723915e-05,15,0.013086261998978443,CONVERGENCE: NORM OF PROJECTED GRADIENT <= PGTOL
1.4,2.0,0.0,2000,52,pdf,1.3709912273292542,1.9450816057095974,True,False,False,25,0.705632534197145,45,0.004133255000851932,CONVERGENCE: NORM OF PROJECTED GRADIENT <= PGTOL
1.4,2.0,0.0,2000,52,mle,1.4331530570639057,2.1957107729740875,True,False,False,25,2185.851328132465,39,0.0025811659997998504,CONVERGENCE: RELATIVE REDUCTION OF F <= FACTR*EPSMCH
1.4,2.0,0.0,2000,52,qlog,1.6795572706017639,2.7987217494124415,True,False,False,25,1.743080729137903,30,0.0031505459992331453,CONVERGENCE: NORM OF PROJECTED GRADIENT <= PGTOL
1.4,2.0,0.0,2000,52,cdf,1.4617110078184423,2.29687137024363,True,False,False,25,0.00010707645729202661,33,0.03232730099989567,CONVERGENCE: NORM OF PROJECTED GRADIENT <= PGTOL
1.4,2.0,0.0,2000,53,pdf,1.4578630213067696,2.0988130931588067,True,False,False,32,0.48975856099102394,33,0.0026189759992121253,CONVERGENCE: NORM OF PROJECTED GRADIENT <= PGTOL
1.4,2.0,0.0,2000,53,mle,1.4598767285354863,2.1265377747755054,True,False,False,32,2283.789869574307,33,0.0027884939991054125,CONVERGENCE: RELATIVE REDUCTION OF F <= FACTR*EPSMCH
1.4,2.0,0.0,2000,53,qlog,1.6237875106558393,2.5224496741320537,True,False,False,32,0.886367145250782,33,0.006523977001052117,CONVERGENCE: NORM OF PROJECTED GRADIENT <= PGTOL
1.4,2.0,0.0,2000,53,cdf,1.439584509510532,2.0482104438963797,True,False,False,32,2.045147256122874e-05,15,0.029893220998928882,CONVERGENCE: NORM OF PROJECTED GRADIENT <= PGTOL
1.4,2.0,0.0,2000,54,pdf,1.4824582485948086,2.3019207371174875,True,False,False,39,0.6831158836599455,30,0.0029888360004406422,CONVERGENCE: NORM OF PROJECTED GRADIENT <= PGTOL
1.4,2.0,0.0,2000,54,mle,1.4598390547410158,2.210696679105774,True,False,False,39,2244.882405244025,33,0.002535868999984814,CONVERGENCE: RELATIVE REDUCTION OF F <= FACTR*EPSMCH
1.4,2.0,0.0,2000,54,qlog,1.6407650870831854,2.6359253300489534,True,False,False,39,0.9689964447559336,33,0.0037949590005155187,CONVERGENCE: NORM OF PROJECTED GRADIENT <= PGTOL
1.4,2.0,0.0,2000,54,cdf,1.4962300132084616,2.3461105348848155,True,False,False,39,0.0002267492689158471,39,0.08854711299863993,CONVERGENCE: NORM OF PROJECTED GRADIENT <= PGTOL
1.4,2.0,0.0,2000,55,pdf,1.2810644284441808,1.6496716632016633,True,False,False,25,0.8970742366505846,45,0.018172682999647805,CONVERGENCE: NORM OF PROJECTED GRADIENT <= PGTOL
1.4,2.0,0.0,2000,55,mle,1.395591116663428,1.988539763829684,True,False,False,25,2195.8678294545152,36,0.0025001239991979674,CONVERGENCE: RELATIVE REDUCTION OF F <= FACTR*EPSMCH
1.4,2.0,0.0,2000,55,qlog,1.6933727637055112,2.5345291827249943,True,False,False,25,3.107333173901976,45,0.00650977899931604,CONVERGENCE: NORM OF PROJECTED GRADIENT <= PGTOL
1.4,2.0,0.0,2000,55,cdf,1.3057222533879294,1.7190193604329187,True,False,False,25,3.247672870334429e-05,42,0.08076429500033555,CONVERGENCE: NORM OF PROJECTED GRADIENT <= PGTOL
1.4,2.0,0.0,2000,56,pdf,1.4590600882258926,2.180898431976467,True,False,False,41,1.0360548703772743,30,0.003227066999897943,CONVERGENCE: NORM OF PROJECTED GRADIENT <= PGTOL
1.4,2.0,0.0,2000,56,mle,1.426842430297734,2.012004172460752,True,False,False,41,2257.97180868462,39,0.002925524999227491,CONVERGENCE: RELATIVE REDUCTION OF F <= FACTR*EPSMCH
1.4,2.0,0.0,2000,56,qlog,1.575294813021817,2.304162567571255,True,False,False,41,0.8722327153232133,33,0.0038730209998902865,CONVERGENCE: NORM OF PROJECTED GRADIENT <= PGTOL
1.4,2.0,0.0,2000,56,cdf,1.5169576515492935,2.369401989952723,True,False,False,41,4.38820789706271e-05,39,0.03567092399862304,CONVERGENCE: NORM OF PROJECTED GRADIENT <= PGTOL
1.4,2.0,0.0,2000,57,pdf,1.3636853207378894,1.9046062876693046,True,False,False,28,1.2442127263782223,42,0.005100333999507711,CONVERGENCE: NORM OF PROJECTED GRADIENT <= PGTOL
1.4,2.0,0.0,2000,57,mle,1.401785459690557,1.9611606023029806,True,False,False,28,2224.1454240961775,39,0.010367573000621633,CONVERGENCE: RELATIVE REDUCTION OF F <= FACTR*EPSMCH
1.4,2.0,0.0,2000,57,qlog,1.652928117708724,2.546481495992172,True,False,False,28,1.4088640385017732,36,0.02514296099980129,CONVERGENCE: NORM OF PROJECTED GRADIENT <= PGTOL
1.4,2.0,0.0,2000,57,cdf,1.4285085525169308,2.0536267629530895,True,False,False,28,1.74280367060909e-05,15,0.0186673600001086,CONVERGENCE: NORM OF PROJECTED GRADIENT <= PGTOL
1.4,2.0,0.0,2000,58,pdf,1.38717187601739,2.039473438346389,True,False,False,28,0.7508978864151,42,0.005118248000144376,CONVERGENCE: NORM OF PROJECTED GRADIENT <= PGTOL
1.4,2.0,0.0,2000,58,mle,1.403578434953206,2.1042688818386757,True,False,False,28,2157.906198844396,36,0.003596147998905508,CONVERGENCE: RELATIVE REDUCTION OF F <= FACTR*EPSMCH
1.4,2.0,0.0,2000,58,qlog,1.5988585089126603,2.590119552413128,True,False,False,28,1.3616277800653658,36,0.00474408000081894,CONVERGENCE: NORM OF PROJECTED GRADIENT <= PGTOL
1.4,2.0,0.0,2000,58,cdf,1.3458647631272647,1.9232113189324724,True,False,False,28,2.721832917582459e-05,36,0.09431105800103978,CONVERGENCE: NORM OF PROJECTED GRADIENT <= PGTOL
1.4,2.0,0.0,2000,59,pdf,1.370282332573593,1.8248760619063087,True,False,False,37,0.6580295825385286,39,0.06534996499976842,CONVERGENCE: NORM OF PROJECTED GRADIENT <= PGTOL
1.4,2.0,0.0,2000,59,mle,1.4147556118707818,1.971200710831796,True,False,False,37,2249.570266902605,36,0.0029052560003037797,CONVERGENCE: RELATIVE REDUCTION OF F <= FACTR*EPSMCH
1.4,2.0,0.0,2000,59,qlog,1.5540631156928766,2.239204616931297,True,False,False,37,0.9260061741776205,36,0.004995228000552743,CONVERGENCE: NORM OF PROJECTED GRADIENT <= PGTOL
1.4,2.0,0.0,2000,59,cdf,1.3693759942111032,1.8320690346200275,True,False,False,37,4.9131140273930954e-05,39,0.03849262699986866,CONVERGENCE: NORM OF PROJECTED GRADIENT <= PGTOL
1.4,2.0,0.0,2000,60,pdf,1.3855247656056444,2.030045670971163,True,False,False,41,0.6600586440089935,36,0.007200904999990598,CONVERGENCE: NORM OF PROJECTED GRADIENT <= PGTOL
1.4,2.0,0.0,2000,60,mle,1.4019686096606196,2.0352031774476376,True,False,False,41,2187.513998032932,39,0.006676727000012761,CONVERGENCE: RELATIVE REDUCTION OF F <= FACTR*EPSMCH
1.4,2.0,0.0,2000,60,qlog,1.5897261235279105,2.4750742674238855,True,False,False,41,0.7319857705342231,36,0.004991248000806081,CONVERGENCE: NORM OF PROJECTED GRADIENT <= PGTOL
1.4,2.0,0.0,2000,60,cdf,1.463726124404139,2.261125749370357,True,False,False,41,6.166286944023887e-05,33,0.04373674599992228,CONVERGENCE: NORM OF PROJECTED GRADIENT <= PGTOL
1.4,2.0,0.0,2000,61,pdf,1.3407695875103063,1.7127940934845716,True,False,False,40,0.7451784168343811,39,0.0038427559993579052,CONVERGENCE: NORM OF PROJECTED GRADIENT <= PGTOL
1.4,2.0,0.0,2000,61,mle,1.3689531755033666,1.7609459636619629,True,False,False,40,2256.643996626366,39,0.003230612999686855,CONVERGENCE: RELATIVE REDUCTION OF F <= FACTR*EPSMCH
1.4,2.0,0.0,2000,61,qlog,1.5551100398379447,2.117636406412432,True,False,False,40,0.8975423703044256,36,0.004577724999762722,CONVERGENCE: NORM OF PROJECTED GRADIENT <= PGTOL
1.4,2.0,0.0,2000,61,cdf,1.3979021464248693,1.8427172436815178,True,False,False,40,2.1743803498048558e-05,36,0.040026756998486235,CONVERGENCE: NORM OF PROJECTED GRADIENT <= PGTOL
1.4,2.0,0.0,2000,62,pdf,1.3160638257684987,1.8138266465191095,True,False,False,38,0.8701594742581011,39,0.005644478998874547,CONVERGENCE: NORM OF PROJECTED GRADIENT <= PGTOL
1.4,2.0,0.0,2000,62,mle,1.3473390717328233,1.8414591533309486,True,False,False,38,2164.0232254499047,42,0.003946953000195208,CONVERGENCE: RELATIVE REDUCTION OF F <= FACTR*EPSMCH
1.4,2.0,0.0,2000,62,qlog,1.5590484537203124,2.313051303256845,True,False,False,38,0.8406377302417661,33,0.00494780000008177,CONVERGENCE: NORM OF PROJECTED GRADIENT <= PGTOL
1.4,2.0,0.0,2000,62,cdf,1.388825898666036,1.9670789245526916,True,False,False,38,0.00012542443725714419,36,0.032707370999560226,CONVERGENCE: NORM OF PROJECTED GRADIENT <= PGTOL
1.4,2.0,0.0,2000,63,pdf,1.3738965571768538,1.9767578266736943,True,False,False,36,0.8579894811651797,39,0.003261802999986685,CONVERGENCE: NORM OF PROJECTED GRADIENT <= PGTOL
1.4,2.0,0.0,2000,63,mle,1.4087913339194982,2.0506011316695556,True,False,False,36,2195.9803372492297,36,0.0040929130009317305,CONVERGENCE: RELATIVE REDUCTION OF F <= FACTR*EPSMCH
1.4,2.0,0.0,2000,63,qlog,1.6216727971272304,2.5274413813666583,True,False,False,36,0.9698699375365418,33,0.003557910999006708,CONVERGENCE: NORM OF PROJECTED GRADIENT <= PGTOL
1.4,2.0,0.0,2000,63,cdf,1.440294489106844,2.161357171401847,True,False,False,36,2.0915341493840095e-05,36,0.058330343999841716,CONVERGENCE: NORM OF PROJECTED GRADIENT <= PGTOL
1.4,2.0,0.0,2000,64,pdf,1.4155584171433653,2.0933355005071266,True,False,False,42,0.9015320253091366,36,0.0036837369989370927,CONVERGENCE: NORM OF PROJECTED GRADIENT <= PGTOL
1.4,2.0,0.0,2000,64,mle,1.4077684148461838,2.002395101091433,True,False,False,42,2217.3622324864236,39,0.005226299999776529,CONVERGENCE: RELATIVE REDUCTION OF F <= FACTR*EPSMCH
1.4,2.0,0.0,2000,64,qlog,1.5689394856631946,2.3052740761973345,True,False,False,42,0.8980670078330588,33,0.0045365160003711935,CONVERGENCE: NORM OF PROJECTED GRADIENT <= PGTOL
1.4,2.0,0.0,2000,64,cdf,1.4256379245877338,2.053281132349556,True,False,False,42,9.212521142988262e-05,15,0.015109640999071416,CONVERGENCE: NORM OF PROJECTED GRADIENT <= PGTOL
1.4,2.0,0.0,2000,65,pdf,1.3790554955933825,1.9582578257818173,True,False,False,32,0.6209954016855691,39,0.003875194999636733,CONVERGENCE: NORM OF PROJECTED GRADIENT <= PGTOL
1.4,2.0,0.0,2000,65,mle,1.3650628228477173,1.9217038085645344,True,False,False,32,2160.5682421265105,42,0.00413508099882165,CONVERGENCE: RELATIVE REDUCTION OF F <= FACTR*EPSMCH
1.4,2.0,0.0,2000,65,qlog,1.518115757717737,2.2012993565049737,True,False,False,32,0.9493935232170664,33,0.0041441210014454555,CONVERGENCE: NORM OF PROJECTED GRADIENT <= PGTOL
1.4,2.0,0.0,2000,65,cdf,1.3578920530445662,1.8949165148657854,True,False,False,32,4.7567175377578224e-05,33,0.03237832400009211,CONVERGENCE: NORM OF PROJECTED GRADIENT <= PGTOL
1.4,2.0,0.0,2000,66,pdf,1.3765531400436692,1.8926035941067538,True,False,False,36,0.48075126480081753,36,0.004724403999716742,CONVERGENCE: NORM OF PROJECTED GRADIENT <= PGTOL
1.4,2.0,0.0,2000,66,mle,1.3760314237990297,1.8757837857173225,True,False,False,36,2209.428720934128,39,0.020247600999937276,CONVERGENCE: RELATIVE REDUCTION OF F <= FACTR*EPSMCH
1.4,2.0,0.0,2000,66,qlog,1.5161054756579972,2.169069233769133,True,False,False,36,0.6816767967655069,33,0.005993588998535415,CONVERGENCE: NORM OF PROJECTED GRADIENT <= PGTOL
1.4,2.0,0.0,2000,66,cdf,1.3534728785212702,1.8042249895920996,True,False,False,36,2.9287146005326487e-05,39,0.03323477300000377,CONVERGENCE: NORM OF PROJECTED GRADIENT <= PGTOL
1.4,2.0,0.0,2000,67,pdf,1.4802206220881904,2.240439578968948,True,False,False,29,0.8759628424361906,33,0.003713658999913605,CONVERGENCE: NORM OF PROJECTED GRADIENT <= PGTOL
1.4,2.0,0.0,2000,67,mle,1.4409858326755913,2.118640696268789,True,False,False,29,2240.680939680246,33,0.003861843999402481,CONVERGENCE: RELATIVE REDUCTION OF F <= FACTR*EPSMCH
1.4,2.0,0.0,2000,67,qlog,1.6462557252157168,2.66654941391627,True,False,False,29,1.4890945243262719,33,0.0060000350003974745,CONVERGENCE: NORM OF PROJECTED GRADIENT <= PGTOL
1.4,2.0,0.0,2000,67,cdf,1.4220957417925282,2.0561690606887653,True,False,False,29,0.00022158759136274892,15,0.01792930200099363,CONVERGENCE: NORM OF PROJECTED GRADIENT <= PGTOL
1.4,2.0,0.0,2000,68,pdf,1.3491682956831539,1.819802542877884,True,False,False,39,1.0131832996825212,36,0.0036211999995430233,CONVERGENCE: NORM OF PROJECTED GRADIENT <= PGTOL
1.4,2.0,0.0,2000,68,mle,1.3966635371725842,1.873253640013917,True,False,False,39,2258.0795714146257,39,0.020516907999990508,CONVERGENCE: RELATIVE REDUCTION OF F <= FACTR*EPSMCH
1.4,2.0,0.0,2000,68,qlog,1.5867940716176248,2.2101271869198778,True,False,False,39,0.8014265731874365,36,0.004331218000515946,CONVERGENCE: NORM OF PROJECTED GRADIENT <= PGTOL
1.4,2.0,0.0,2000,68,cdf,1.4294889819514633,1.9772800832180983,True,False,False,39,1.1775284263705013e-05,36,0.031394028999784496,CONVERGENCE: NORM OF PROJECTED GRADIENT <= PGTOL
1.4,2.0,0.0,2000,69,pdf,1.292973908399236,1.6431827253995253,True,False,False,33,1.1213777969716587,39,0.003819214000031934,CONVERGENCE: NORM OF PROJECTED GRADIENT <= PGTOL
1.4,2.0,0.0,2000,69,mle,1.4014702374396921,1.8891972186861528,True,False,False,33,2260.7936950321596,36,0.0029676840003958205,CONVERGENCE: RELATIVE REDUCTION OF F <= FACTR*EPSMCH
1.4,2.0,0.0,2000,69,qlog,1.582620173551153,2.140321699584093,True,False,False,33,1.604053087491731,30,0.0030611390011472395,CONVERGENCE: NORM OF PROJECTED GRADIENT <= PGTOL
1.4,2.0,0.0,2000,69,cdf,1.2772564921835625,1.5550129044140901,True,False,False,33,2.2042629904774862e-05,48,0.06762271200022951,CONVERGENCE: NORM OF PROJECTED GRADIENT <= PGTOL
1.4,2.0,0.0,2000,70,pdf,1.3488410578215357,1.6427096849073743,True,False,False,23,0.9165132984172119,39,0.0038479400009236997,CONVERGENCE: NORM OF PROJECTED GRADIENT <= PGTOL
1.4,2.0,0.0,2000,70,mle,1.3404956400527432,1.658864421231619,True,False,False,23,2253.5308709791784,39,0.003277505000369274,CONVERGENCE: RELATIVE REDUCTION OF F <= FACTR*EPSMCH
1.4,2.0,0.0,2000,70,qlog,1.6774320225385653,2.272460999517876,True,False,False,23,2.798454199871466,45,0.00501342899951851,CONVERGENCE: NORM OF PROJECTED GRADIENT <= PGTOL
1.4,2.0,0.0,2000,70,cdf,1.3919997489747826,1.7914677975431488,True,False,False,23,0.00013175538457527863,39,0.044802069998695515,CONVERGENCE: NORM OF PROJECTED GRADIENT <= PGTOL
1.4,2.0,0.0,2000,71,pdf,1.4392192394776984,2.1263973560265943,True,False,False,39,0.9605908112028942,36,0.006390455000655493,CONVERGENCE: NORM OF PROJECTED GRADIENT <= PGTOL
1.4,2.0,0.0,2000,71,mle,1.4008454113838746,1.9604575334137275,True,False,False,39,2222.3098093914896,39,0.02064390600025945,CONVERGENCE: RELATIVE REDUCTION OF F <= FACTR*EPSMCH
1.4,2.0,0.0,2000,71,qlog,1.5423416223490578,2.286368502086302,True,False,False,39,0.8970012427161631,36,0.006441503999667475,CONVERGENCE: NORM OF PROJECTED GRADIENT <= PGTOL
1.4,2.0,0.0,2000,71,cdf,1.4591359968133952,2.161893669197549,True,False,False,39,0.00024292650522100636,36,0.03223758199965232,CONVERGENCE: NORM OF PROJECTED GRADIENT <= PGTOL
1.4,2.0,0.0,2000,72,pdf,1.2836045746911886,1.6164080617268157,True,False,False,42,0.8623476805327919,39,0.0036892649986839388,CONVERGENCE: NORM OF PROJECTED GRADIENT <= PGTOL
1.4,2.0,0.0,2000,72,mle,1.3057755951358414,1.6174893819898735,True,False,False,42,2204.9187360850065,39,0.0032359079996240325,CONVERGENCE: RELATIVE REDUCTION OF F <= FACTR*EPSMCH
1.4,2.0,0.0,2000,72,qlog,1.4278802468285186,1.8172934760190778,True,False,False,42,0.9753181169631434,36,0.005573976000960101,CONVERGENCE: NORM OF PROJECTED GRADIENT <= PGTOL
1.4,2.0,0.0,2000,72,cdf,1.19701715946554,1.3870913137719985,True,False,False,42,5.688748494214869e-05,48,0.08809646999907272,CONVERGENCE: NORM OF PROJECTED GRADIENT <= PGTOL
1.4,2.0,0.0,2000,73,pdf,1.384603614987703,2.0267022905836307,True,False,False,36,0.77359401329802,39,0.005626211001072079,CONVERGENCE: NORM OF PROJECTED GRADIENT <= PGTOL
1.4,2.0,0.0,2000,73,mle,1.422155298731723,2.1255585877689533,True,False,False,36,2191.8147836675676,36,0.008406335999097792,CONVERGENCE: RELATIVE REDUCTION OF F <= FACTR*EPSMCH
1.4,2.0,0.0,2000,73,qlog,1.6113857447125184,2.518664952956143,True,False,False,36,1.0059022170227927,33,0.0059893210000154795,CONVERGENCE: NORM OF PROJECTED GRADIENT <= PGTOL
1.4,2.0,0.0,2000,73,cdf,1.3795093027163312,1.9816827583125227,True,False,False,36,5.354985483637893e-05,36,0.06735512500017649,CONVERGENCE: NORM OF PROJECTED GRADIENT <= PGTOL
1.4,2.0,0.0,2000,74,pdf,1.4146200933465662,2.063341350070652,True,False,False,32,0.5424093821294858,36,0.0038464300014311448,CONVERGENCE: NORM OF PROJECTED GRADIENT <= PGTOL
1.4,2.0,0.0,2000,74,mle,1.4113506939246687,2.045260559082018,True,False,False,32,2204.626425213234,36,0.003398345999812591,CONVERGENCE: RELATIVE REDUCTION OF F <= FACTR*EPSMCH
1.4,2.0,0.0,2000,74,qlog,1.6019926349164497,2.553464607557998,True,False,False,32,1.0554317990636273,33,0.005911813999773585,CONVERGENCE: NORM OF PROJECTED GRADIENT <= PGTOL
1.4,2.0,0.0,2000,74,cdf,1.3680252769099839,1.9052882493805543,True,False,False,32,5.8600682233994593e-05,33,0.07381235499997274,CONVERGENCE: NORM OF PROJECTED GRADIENT <= PGTOL
1.4,2.0,0.0,2000,75,pdf,1.460072006604952,2.294419151784596,True,False,False,38,0.6947224400561912,30,0.0033424279990867944,CONVERGENCE: NORM OF PROJECTED GRADIENT <= PGTOL
1.4,2.0,0.0,2000,75,mle,1.4400613241540838,2.2060316981487986,True,False,False,38,2197.9965351363153,33,0.0032365490005759057,CONVERGENCE: RELATIVE REDUCTION OF F <= FACTR*EPSMCH
1.4,2.0,0.0,2000,75,qlog,1.6175696568856008,2.6465629806375146,True,False,False,38,0.8966314522565896,33,0.004846193000048515,CONVERGENCE: NORM OF PROJECTED GRADIENT <= PGTOL
1.4,2.0,0.0,2000,75,cdf,1.536673780840329,2.636880704337355,True,False,False,38,1.8141769241161568e-05,42,0.05173053600083222,CONVERGENCE: NORM OF PROJECTED GRADIENT <= PGTOL
1.4,2.0,0.0,2000,76,pdf,1.4332587135710437,2.251352528616841,True,False,False,35,0.5303486314737803,39,0.02103184100087674,CONVERGENCE: NORM OF PROJECTED GRADIENT <= PGTOL
1.4,2.0,0.0,2000,76,mle,1.427718181391269,2.2211356100744037,True,False,False,35,2161.194261590956,33,0.003066818000661442,CONVERGENCE: RELATIVE REDUCTION OF F <= FACTR*EPSMCH
1.4,2.0,0.0,2000,76,qlog,1.5795188264699191,2.607806606653836,True,False,False,35,0.732743431878864,33,0.004296973998862086,CONVERGENCE: NORM OF PROJECTED GRADIENT <= PGTOL
1.4,2.0,0.0,2000,76,cdf,1.3831729787187865,2.0718135205702954,True,False,False,35,1.1302506631203496e-05,15,0.013840568000887288,CONVERGENCE: NORM OF PROJECTED GRADIENT <= PGTOL
1.4,2.0,0.0,2000,77,pdf,1.3253628921590033,1.860088774963585,True,False,False,38,0.9256453465990415,45,0.004193811999357422,CONVERGENCE: NORM OF PROJECTED GRADIENT <= PGTOL
1.4,2.0,0.0,2000,77,mle,1.3967495034673787,2.022300322539322,True,False,False,38,2181.7196235645793,36,0.003743190000022878,CONVERGENCE: RELATIVE REDUCTION OF F <= FACTR*EPSMCH
1.4,2.0,0.0,2000,77,qlog,1.572443678504524,2.343133518591828,True,False,False,38,1.1294633719965665,33,0.0040357670004596,CONVERGENCE: NORM OF PROJECTED GRADIENT <= PGTOL
1.4,2.0,0.0,2000,77,cdf,1.3605390900940066,1.8984947819332139,True,False,False,38,0.0001150787631297602,33,0.03669210299995029,CONVERGENCE: NORM OF PROJECTED GRADIENT <= PGTOL
1.4,2.0,0.0,2000,78,pdf,1.3933945768694593,1.892222523268975,True,False,False,34,0.7322888092211294,36,0.0051026319997617975,CONVERGENCE: NORM OF PROJECTED GRADIENT <= PGTOL
1.4,2.0,0.0,2000,78,mle,1.3989570586432367,1.9066940914403154,True,False,False,34,2245.7164827894535,39,0.019801234999249573,CONVERGENCE: RELATIVE REDUCTION OF F <= FACTR*EPSMCH
1.4,2.0,0.0,2000,78,qlog,1.6038816850536697,2.362783972524326,True,False,False,34,1.2264431602470913,30,0.004269600000043283,CONVERGENCE: NORM OF PROJECTED GRADIENT <= PGTOL
1.4,2.0,0.0,2000,78,cdf,1.3896153714325195,1.8748401238901153,True,False,False,34,5.044645342826239e-05,36,0.03191746500124282,CONVERGENCE: NORM OF PROJECTED GRADIENT <= PGTOL
1.4,2.0,0.0,2000,79,pdf,1.374339167719057,1.924638428107559,True,False,False,40,1.2313378494892055,36,0.004060229999595322,CONVERGENCE: NORM OF PROJECTED GRADIENT <= PGTOL
1.4,2.0,0.0,2000,79,mle,1.4146872580570211,1.9352963770623388,True,False,False,40,2267.790993813232,39,0.002722101000472321,CONVERGENCE: RELATIVE REDUCTION OF F <= FACTR*EPSMCH
1.4,2.0,0.0,2000,79,qlog,1.5965279723865429,2.2917519810928346,True,False,False,40,0.9859530422386367,36,0.004444313000931288,CONVERGENCE: NORM OF PROJECTED GRADIENT <= PGTOL
1.4,2.0,0.0,2000,79,cdf,1.4491943064874742,2.0454096061975617,True,False,False,40,5.8971555788936936e-05,15,0.021907873999225558,CONVERGENCE: NORM OF PROJECTED GRADIENT <= PGTOL
1.4,2.0,0.0,2000,80,pdf,1.399413044732042,2.120458894132255,True,False,False,40,0.7686320771011463,36,0.005892862000109744,CONVERGENCE: NORM OF PROJECTED GRADIENT <= PGTOL
1.4,2.0,0.0,2000,80,mle,1.3756229397682047,1.9962573606273426,True,False,False,40,2146.2568083436304,39,0.0036917710003763204,CONVERGENCE: RELATIVE REDUCTION OF F <= FACTR*EPSMCH
1.4,2.0,0.0,2000,80,qlog,1.519554110637947,2.302160643848853,True,False,False,40,0.6096746695411316,36,0.024396679998972104,CONVERGENCE: NORM OF PROJECTED GRADIENT <= PGTOL
1.4,2.0,0.0,2000,80,cdf,1.3953488434055037,2.0652801809577577,True,False,False,40,2.1592675577400682e-05,15,0.01705719500023406,CONVERGENCE: NORM OF PROJECTED GRADIENT <= PGTOL
1.4,2.0,0.0,2000,81,pdf,1.3796900226635052,1.9430180452198063,True,False,False,34,0.7575623881406829,36,0.0036798879991692957,CONVERGENCE: NORM OF PROJECTED GRADIENT <= PGTOL
1.4,2.0,0.0,2000,81,mle,1.377523663038446,1.899620554242522,True,False,False,34,2200.183337944583,45,0.0036738769995281473,CONVERGENCE: RELATIVE REDUCTION OF F <= FACTR*EPSMCH
1.4,2.0,0.0,2000,81,qlog,1.5740659777764476,2.3478982562910162,True,False,False,34,0.9193552433886522,33,0.004163303001405438,CONVERGENCE: NORM OF PROJECTED GRADIENT <= PGTOL
1.4,2.0,0.0,2000,81,cdf,1.4240373038057275,2.0541135752584267,True,False,False,34,2.1619720969642105e-05,15,0.01330320200031565,CONVERGENCE: NORM OF PROJECTED GRADIENT <= PGTOL
1.4,2.0,0.0,2000,82,pdf,1.3553223438568036,1.9665385521861976,True,False,False,37,0.6342874673093436,39,0.004256250000253203,CONVERGENCE: NORM OF PROJECTED GRADIENT <= PGTOL
1.4,2.0,0.0,2000,82,mle,1.3649398645789617,1.9617320120846833,True,False,False,37,2139.6778048166143,42,0.00551393299974734,CONVERGENCE: NORM OF PROJECTED GRADIENT <= PGTOL
1.4,2.0,0.0,2000,82,qlog,1.513371008327588,2.276345188345109,True,False,False,37,0.6253538592269596,30,0.005811213999550091,CONVERGENCE: NORM OF PROJECTED GRADIENT <= PGTOL
1.4,2.0,0.0,2000,82,cdf,1.4189994072699819,2.1418909886619146,True,False,False,37,6.06869351744506e-05,33,0.04898807700010366,CONVERGENCE: NORM OF PROJECTED GRADIENT <= PGTOL
1.4,2.0,0.0,2000,83,pdf,1.4272281442678842,2.1485588891519996,True,False,False,35,0.9634290991159528,39,0.0038463569999294123,CONVERGENCE: NORM OF PROJECTED GRADIENT <= PGTOL
1.4,2.0,0.0,2000,83,mle,1.4408804486402103,2.155379625370966,True,False,False,35,2223.230398884723,36,0.003625924000516534,CONVERGENCE: RELATIVE REDUCTION OF F <= FACTR*EPSMCH
1.4,2.0,0.0,2000,83,qlog,1.6320489335928376,2.6448524785227754,True,False,False,35,1.1951491451208147,33,0.0041367630001332145,CONVERGENCE: NORM OF PROJECTED GRADIENT <= PGTOL
1.4,2.0,0.0,2000,83,cdf,1.4863468258184072,2.330647987412358,True,False,False,35,4.1844940631329555e-05,36,0.032109073999890825,CONVERGENCE: NORM OF PROJECTED GRADIENT <= PGTOL
1.4,2.0,0.0,2000,84,pdf,1.3869587576597318,2.0076772455495733,True,False,False,43,1.140554960740037,36,0.0065887439996004105,CONVERGENCE: NORM OF PROJECTED GRADIENT <= PGTOL
1.4,2.0,0.0,2000,84,mle,1.4158461216424085,2.012869356269634,True,False,False,43,2231.241485626925,39,0.005291860999932396,CONVERGENCE: RELATIVE REDUCTION OF F <= FACTR*EPSMCH
1.4,2.0,0.0,2000,84,qlog,1.5716250173823212,2.3706944623712842,True,False,False,43,0.9093770063025645,33,0.005130606001330307,CONVERGENCE: NORM OF PROJECTED GRADIENT <= PGTOL
1.4,2.0,0.0,2000,84,cdf,1.4267073719209467,2.0538682783873434,True,False,False,43,5.031135730742046e-05,15,0.03045216799910122,CONVERGENCE: NORM OF PROJECTED GRADIENT <= PGTOL
1.4,2.0,0.0,2000,85,pdf,1.4315278552201212,2.2234736247454316,True,False,False,29,1.0156801907516024,42,0.004004619999250281,CONVERGENCE: NORM OF PROJECTED GRADIENT <= PGTOL
1.4,2.0,0.0,2000,85,mle,1.4501673762045564,2.255246275891284,True,False,False,29,2200.819664981828,36,0.003491675999612198,CONVERGENCE: RELATIVE REDUCTION OF F <= FACTR*EPSMCH
1.4,2.0,0.0,2000,85,qlog,1.6416363142243167,2.7936263862735102,True,False,False,29,1.0054007958632694,36,0.0042338639996160055,CONVERGENCE: NORM OF PROJECTED GRADIENT <= PGTOL
1.4,2.0,0.0,2000,85,cdf,1.4956422681968427,2.4472519130310446,True,False,False,29,7.173644946719647e-05,39,0.03502600200044981,CONVERGENCE: NORM OF PROJECTED GRADIENT <= PGTOL
1.4,2.0,0.0,2000,86,pdf,1.4367849122440715,2.306227083892563,True,False,False,33,1.5851280211718597,39,0.005033628998717177,CONVERGENCE: NORM OF PROJECTED GRADIENT <= PGTOL
1.4,2.0,0.0,2000,86,mle,1.4312382685664342,2.1646552498515432,True,False,False,33,2195.455082616211,36,0.0073837990003085,CONVERGENCE: RELATIVE REDUCTION OF F <= FACTR*EPSMCH
1.4,2.0,0.0,2000,86,qlog,1.58397874820796,2.392046938478659,True,False,False,33,1.6198006639847344,33,0.006244649999644025,CONVERGENCE: NORM OF PROJECTED GRADIENT <= PGTOL
1.4,2.0,0.0,2000,86,cdf,1.4032279576676494,2.0615763419360116,True,False,False,33,0.00011314452589821342,15,0.02669350299947837,CONVERGENCE: NORM OF PROJECTED GRADIENT <= PGTOL
1.4,2.0,0.0,2000,87,pdf,1.4182143873381197,2.0983038674858774,True,False,False,45,0.6577380152524409,33,0.003132768999421387,CONVERGENCE: NORM OF PROJECTED GRADIENT <= PGTOL
1.4,2.0,0.0,2000,87,mle,1.425938421068163,2.0449861376794014,True,False,False,45,2239.5364283086956,36,0.002910553999754484,CONVERGENCE: RELATIVE REDUCTION OF F <= FACTR*EPSMCH
1.4,2.0,0.0,2000,87,qlog,1.5670125814389089,2.392474044095796,True,False,False,45,0.5571236355496264,33,0.004183029001069372,CONVERGENCE: NORM OF PROJECTED GRADIENT <= PGTOL
1.4,2.0,0.0,2000,87,cdf,1.4897261000059732,2.2858461053099637,True,False,False,45,7.086303488575664e-05,30,0.0251730010004394,CONVERGENCE: NORM OF PROJECTED GRADIENT <= PGTOL
1.4,2.0,0.0,2000,88,pdf,1.4280754584664228,2.1437974090096117,True,False,False,29,0.45772902279332545,39,0.003381160000571981,CONVERGENCE: NORM OF PROJECTED GRADIENT <= PGTOL
1.4,2.0,0.0,2000,88,mle,1.4523233918470426,2.2707103729717897,True,False,False,29,2199.335917970464,33,0.002884305000407039,CONVERGENCE: RELATIVE REDUCTION OF F <= FACTR*EPSMCH
1.4,2.0,0.0,2000,88,qlog,1.714528602796775,2.9957074793220553,True,False,False,29,1.8460658312983993,39,0.006912432001627167,CONVERGENCE: NORM OF PROJECTED GRADIENT <= PGTOL
1.4,2.0,0.0,2000,88,cdf,1.4330723873758024,2.1925279690570005,True,False,False,29,9.84638527118974e-06,36,0.05510326600051485,CONVERGENCE: NORM OF PROJECTED GRADIENT <= PGTOL
1.4,2.0,0.0,2000,89,pdf,1.3256943279198952,1.6567127165701394,True,False,False,35,0.7143802034413456,39,0.004752054999698885,CONVERGENCE: NORM OF PROJECTED GRADIENT <= PGTOL
1.4,2.0,0.0,2000,89,mle,1.3346396405268435,1.649047888491217,True,False,False,35,2246.7960412371267,45,0.004512784998951247,CONVERGENCE: RELATIVE REDUCTION OF F <= FACTR*EPSMCH
1.4,2.0,0.0,2000,89,qlog,1.5457401822180843,2.0451556822084465,True,False,False,35,1.3709728590891492,36,0.004909532999590738,CONVERGENCE: NORM OF PROJECTED GRADIENT <= PGTOL
1.4,2.0,0.0,2000,89,cdf,1.2413207767849914,1.4350514110105226,True,False,False,35,5.850702535428701e-05,45,0.039390667001498514,CONVERGENCE: NORM OF PROJECTED GRADIENT <= PGTOL
1.4,2.0,0.0,2000,90,pdf,1.3809677874675037,2.037870899194936,True,False,False,44,0.9132901961045558,36,0.005668030999004259,CONVERGENCE: NORM OF PROJECTED GRADIENT <= PGTOL
1.4,2.0,0.0,2000,90,mle,1.3737096374867306,1.9486470474936206,True,False,False,44,2166.070135676553,42,0.004187606000414235,CONVERGENCE: NORM OF PROJECTED GRADIENT <= PGTOL
1.4,2.0,0.0,2000,90,qlog,1.507567233849836,2.18765556422849,True,False,False,44,0.9406528063230918,36,0.005825997001011274,CONVERGENCE: NORM OF PROJECTED GRADIENT <= PGTOL
1.4,2.0,0.0,2000,90,cdf,1.36568601280953,1.9284778742662205,True,False,False,44,0.00012161538923168544,36,0.047674204000941245,CONVERGENCE: NORM OF PROJECTED GRADIENT <= PGTOL
1.4,2.0,0.0,2000,91,pdf,1.3974293681894197,1.9787246415936077,True,False,False,41,0.7312969981114731,33,0.0031328469995060004,CONVERGENCE: NORM OF PROJECTED GRADIENT <= PGTOL
1.4,2.0,0.0,2000,91,mle,1.3710905834755154,1.8558526567923024,True,False,False,41,2208.956211251466,39,0.007291162999536027,CONVERGENCE: RELATIVE REDUCTION OF F <= FACTR*EPSMCH
1.4,2.0,0.0,2000,91,qlog,1.5814218714496369,2.3002969963507,True,False,False,41,1.1207351715868317,36,0.007843917999707628,CONVERGENCE: NORM OF PROJECTED GRADIENT <= PGTOL
1.4,2.0,0.0,2000,91,cdf,1.356684203275358,1.8152280411157293,True,False,False,41,4.3040437917649234e-05,39,0.06006003199945553,CONVERGENCE: NORM OF PROJECTED GRADIENT <= PGTOL
1.4,2.0,0.0,2000,92,pdf,1.3985515066461802,1.9505233429669777,True,False,False,36,0.6723261800925134,36,0.003716160999829299,CONVERGENCE: NORM OF PROJECTED GRADIENT <= PGTOL
1.4,2.0,0.0,2000,92,mle,1.3800964018521895,1.9030627436768852,True,False,False,36,2204.2178590844105,39,0.0039664389987592585,CONVERGENCE: RELATIVE REDUCTION OF F <= FACTR*EPSMCH
1.4,2.0,0.0,2000,92,qlog,1.547170098041036,2.2553649636781032,True,False,False,36,1.0194559761917243,36,0.0038742079996154644,CONVERGENCE: NORM OF PROJECTED GRADIENT <= PGTOL
1.4,2.0,0.0,2000,92,cdf,1.327572353661905,1.7562015723870363,True,False,False,36,2.3184794745837747e-05,45,0.08944458899895835,CONVERGENCE: NORM OF PROJECTED GRADIENT <= PGTOL
1.4,2.0,0.0,2000,93,pdf,1.3728817644539237,1.8994034917637868,True,False,False,39,0.8838062688606205,39,0.024572278998675756,CONVERGENCE: NORM OF PROJECTED GRADIENT <= PGTOL
1.4,2.0,0.0,2000,93,mle,1.3896377493991823,1.9067872118885894,True,False,False,39,2224.097698934149,39,0.008433475999481743,CONVERGENCE: RELATIVE REDUCTION OF F <= FACTR*EPSMCH
1.4,2.0,0.0,2000,93,qlog,1.574492795037951,2.3125311689120247,True,False,False,39,0.9146480267526508,33,0.005875021000974812,CONVERGENCE: NORM OF PROJECTED GRADIENT <= PGTOL
1.4,2.0,0.0,2000,93,cdf,1.4329511532762091,2.052490593749572,True,False,False,39,0.00011591305933502442,15,0.016259369000181323,CONVERGENCE: NORM OF PROJECTED GRADIENT <= PGTOL
1.4,2.0,0.0,2000,94,pdf,1.3253613686209815,1.842353599510384,True,False,False,35,1.0408156943741,42,0.017887392999909935,CONVERGENCE: NORM OF PROJECTED GRADIENT <= PGTOL
1.4,2.0,0.0,2000,94,mle,1.3768410677743759,1.9491575350935306,True,False,False,35,2172.8924634392597,39,0.0173524340007134,CONVERGENCE: NORM OF PROJECTED GRADIENT <= PGTOL
1.4,2.0,0.0,2000,94,qlog,1.5515185002537648,2.2906125161494426,True,False,False,35,1.1788451165003784,33,0.006959528000152204,CONVERGENCE: NORM OF PROJECTED GRADIENT <= PGTOL
1.4,2.0,0.0,2000,94,cdf,1.3533520011497173,1.8836415855124076,True,False,False,35,4.605889481723161e-05,33,0.03813586599972041,CONVERGENCE: NORM OF PROJECTED GRADIENT <= PGTOL
1.4,2.0,0.0,2000,95,pdf,1.4660264133972105,2.09977755309083,True,False,False,30,0.5836658021793606,36,0.009080074998564669,CONVERGENCE: NORM OF PROJECTED GRADIENT <= PGTOL
1.4,2.0,0.0,2000,95,mle,1.4404664010851853,2.0812549238422116,True,False,False,30,2257.2122112600036,36,0.004618482000296353,CONVERGENCE: RELATIVE REDUCTION OF F <= FACTR*EPSMCH
1.4,2.0,0.0,2000,95,qlog,1.636762445767599,2.570557863807964,True,False,False,30,1.104267084752766,33,0.006424373999834643,CONVERGENCE: NORM OF PROJECTED GRADIENT <= PGTOL
1.4,2.0,0.0,2000,95,cdf,1.4298139407330057,2.0537980492037566,True,False,False,30,2.4906480664577596e-05,15,0.016979449999780627,CONVERGENCE: NORM OF PROJECTED GRADIENT <= PGTOL
1.4,2.0,0.0,2000,96,pdf,1.367737244806417,1.8848617270539672,True,False,False,34,0.6940391505924981,39,0.016946646999713266,CONVERGENCE: NORM OF PROJECTED GRADIENT <= PGTOL
1.4,2.0,0.0,2000,96,mle,1.3978037876436649,1.9466147624737464,True,False,False,34,2222.3129686023094,39,0.004796649000127218,CONVERGENCE: RELATIVE REDUCTION OF F <= FACTR*EPSMCH
1.4,2.0,0.0,2000,96,qlog,1.5812187624933742,2.340718122898337,True,False,False,34,0.9829620197907946,36,0.01612758400005987,CONVERGENCE: NORM OF PROJECTED GRADIENT <= PGTOL
1.4,2.0,0.0,2000,96,cdf,1.3927063068639542,1.9229571667106287,True,False,False,34,3.039889090733597e-05,33,0.034325388000070234,CONVERGENCE: NORM OF PROJECTED GRADIENT <= PGTOL
1.4,2.0,0.0,2000,97,pdf,1.4222522382465799,2.1390378791498414,True,False,False,37,0.7740163239034105,36,0.0034029160015052184,CONVERGENCE: NORM OF PROJECTED GRADIENT <= PGTOL
1.4,2.0,0.0,2000,97,mle,1.4355949085266768,2.145287966204203,True,False,False,37,2215.0174820115085,36,0.002947541001049103,CONVERGENCE: RELATIVE REDUCTION OF F <= FACTR*EPSMCH
1.4,2.0,0.0,2000,97,qlog,1.5860021324515465,2.476876196776526,True,False,False,37,0.7967900984211054,36,0.006361054000080912,CONVERGENCE: NORM OF PROJECTED GRADIENT <= PGTOL
1.4,2.0,0.0,2000,97,cdf,1.4551907832969997,2.224073842179357,True,False,False,37,1.4125588860125386e-05,36,0.06328489900079148,CONVERGENCE: NORM OF PROJECTED GRADIENT <= PGTOL
1.4,2.0,0.0,2000,98,pdf,1.425413461729931,2.225120269310541,True,False,False,33,1.3334370645827163,36,0.003681459000290488,CONVERGENCE: NORM OF PROJECTED GRADIENT <= PGTOL
1.4,2.0,0.0,2000,98,mle,1.4340283058729826,2.2308827395496618,True,False,False,33,2172.0847011550227,33,0.002419827000267105,CONVERGENCE: RELATIVE REDUCTION OF F <= FACTR*EPSMCH
1.4,2.0,0.0,2000,98,qlog,1.6208442470853657,2.5630401468906894,True,False,False,33,1.456297798595692,33,0.0037656540007446893,CONVERGENCE: NORM OF PROJECTED GRADIENT <= PGTOL
1.4,2.0,0.0,2000,98,cdf,1.3895023388371288,2.068905671387326,True,False,False,33,6.814179015889266e-05,15,0.013948785999673419,CONVERGENCE: NORM OF PROJECTED GRADIENT <= PGTOL
1.4,2.0,0.0,2000,99,pdf,1.3278671493625607,1.7405453677525589,True,False,False,28,1.0297974834872943,42,0.004445990000021993,CONVERGENCE: NORM OF PROJECTED GRADIENT <= PGTOL
1.4,2.0,0.0,2000,99,mle,1.3621159311528612,1.8214328647182354,True,False,False,28,2207.5821220925586,39,0.004607778000718099,CONVERGENCE: RELATIVE REDUCTION OF F <= FACTR*EPSMCH
1.4,2.0,0.0,2000,99,qlog,1.6350740983424805,2.388520597514073,True,False,False,28,2.186016137588918,36,0.006520916998852044,CONVERGENCE: NORM OF PROJECTED GRADIENT <= PGTOL
1.4,2.0,0.0,2000,99,cdf,1.3478335593003647,1.7670423188322342,True,False,False,28,0.00019999897646751102,42,0.05214304000037373,CONVERGENCE: NORM OF PROJECTED GRADIENT <= PGTOL
1.9,2.0,0.0,100,0,pdf,1.8053265293816776,1.0607735336678978,True,False,False,15,0.7110422590470196,42,0.004369149999547517,CONVERGENCE: NORM OF PROJECTED GRADIENT <= PGTOL
1.9,2.0,0.0,100,0,mle,1.9404722463988011,1.7088576033024931,True,False,False,15,210.55281909041253,42,0.0038173769989953144,CONVERGENCE: NORM OF PROJECTED GRADIENT <= PGTOL
1.9,2.0,0.0,100,0,qlog,2.274949401154935,0.4535241499974732,True,False,False,15,19.46897312819386,57,0.005811303000882617,CONVERGENCE: NORM OF PROJECTED GRADIENT <= PGTOL
1.9,2.0,0.0,100,0,cdf,1.9035168999095462,1.5235321365140642,True,False,False,15,0.0004361977676141001,48,0.009379273000376998,CONVERGENCE: NORM OF PROJECTED GRADIENT <= PGTOL
1.9,2.0,0.0,100,1,pdf,1.9663703627377431,1.8329150400021443,True,False,False,16,0.7029014516208931,30,0.005328102999555995,CONVERGENCE: NORM OF PROJECTED GRADIENT <= PGTOL
1.9,2.0,0.0,100,1,mle,1.7880884085703632,1.5493955782865727,True,False,False,16,181.5945698318323,36,0.0037849000000278465,CONVERGENCE: NORM OF PROJECTED GRADIENT <= PGTOL
1.9,2.0,0.0,100,1,qlog,1.01,0.01382597697070643,True,True,False,16,16.354268198498563,144,0.03826809000020148,CONVERGENCE: RELATIVE REDUCTION OF F <= FACTR*EPSMCH
1.9,2.0,0.0,100,1,cdf,1.7250402549557233,1.2694477664805008,True,False,False,16,0.0026383421893298744,45,0.008254964999650838,CONVERGENCE: NORM OF PROJECTED GRADIENT <= PGTOL
1.9,2.0,0.0,100,2,pdf,1.8955494943083016,1.2709806771146344,True,False,False,17,0.5986377813995363,36,0.002952864999315352,CONVERGENCE: NORM OF PROJECTED GRADIENT <= PGTOL
1.9,2.0,0.0,100,2,mle,1.837740327021176,1.5640600730005472,True,False,False,17,191.26237077700029,39,0.0023172110013547353,CONVERGENCE: NORM OF PROJECTED GRADIENT <= PGTOL
1.9,2.0,0.0,100,2,qlog,2.0354820661258426,0.3516094753555022,True,False,False,17,10.579877412970351,57,0.007029192000118201,CONVERGENCE: NORM OF PROJECTED GRADIENT <= PGTOL
1.9,2.0,0.0,100,2,cdf,1.8044025970456299,1.4273804882465846,True,False,False,17,0.00039577118748520564,48,0.008898840998881496,CONVERGENCE: NORM OF PROJECTED GRADIENT <= PGTOL
1.9,2.0,0.0,100,3,pdf,1.629205448427599,0.6233334363040731,True,False,False,11,0.5492649090929113,54,0.004521086999375257,CONVERGENCE: NORM OF PROJECTED GRADIENT <= PGTOL
1.9,2.0,0.0,100,3,mle,2.0485455965191313,3.2648141698167774,True,False,False,11,208.1095189035143,99,0.007503711000026669,CONVERGENCE: NORM OF PROJECTED GRADIENT <= PGTOL
1.9,2.0,0.0,100,3,qlog,2.1269660294330057,0.04870524130292126,True,False,False,11,103.9338092417869,87,0.01003948300058255,CONVERGENCE: RELATIVE REDUCTION OF F <= FACTR*EPSMCH
1.9,2.0,0.0,100,3,cdf,1.9374770672226285,2.1881441516394657,True,False,False,11,0.0019822085848531317,39,0.011460962999990443,CONVERGENCE: NORM OF PROJECTED GRADIENT <= PGTOL
1.9,2.0,0.0,100,4,pdf,2.0966575047593317,5.0414982930431735,True,False,False,13,0.764888419915808,48,0.010670024999853922,CONVERGENCE: NORM OF PROJECTED GRADIENT <= PGTOL
1.9,2.0,0.0,100,4,mle,1.9164621595041045,2.5146343231639245,True,False,False,13,185.3281179139108,39,0.0031992619988159277,CONVERGENCE: RELATIVE REDUCTION OF F <= FACTR*EPSMCH
1.9,2.0,0.0,100,4,qlog,2.190549189354509,0.3684002600680689,True,False,False,13,65.930769601628,63,0.025805429000683944,CONVERGENCE: NORM OF PROJECTED GRADIENT <= PGTOL
1.9,2.0,0.0,100,4,cdf,1.9277222110391163,2.2625464113028717,True,False,False,13,0.003543535863170957,45,0.008875370000168914,CONVERGENCE: NORM OF PROJECTED GRADIENT <= PGTOL
1.9,2.0,0.0,100,5,pdf,2.123060020210828,3.5129042379763704,True,False,False,19,0.37515409156364354,42,0.006170493999889004,CONVERGENCE: NORM OF PROJECTED GRADIENT <= PGTOL
1.9,2.0,0.0,100,5,mle,1.9096039468706203,2.61340221048595,True,False,False,19,181.75731216037124,39,0.0031414229997608345,CONVERGENCE: NORM OF PROJECTED GRADIENT <= PGTOL
1.9,2.0,0.0,100,5,qlog,2.1109571890681194,0.5027018699894455,True,False,False,19,19.235466232300894,57,0.006575351999345003,CONVERGENCE: NORM OF PROJECTED GRADIENT <= PGTOL
1.9,2.0,0.0,100,5,cdf,1.9956467115305638,3.217183379795273,True,False,False,19,0.001817451359181927,45,0.009356893000585842,CONVERGENCE: NORM OF PROJECTED GRADIENT <= PGTOL
1.9,2.0,0.0,100,6,pdf,1.889308317004682,1.9993666156328551,True,False,False,16,0.36258441028935384,36,0.0027771160002885154,CONVERGENCE: NORM OF PROJECTED GRADIENT <= PGTOL
1.9,2.0,0.0,100,6,mle,1.7820355943962285,2.0969611818971874,True,False,False,16,165.2793677535948,39,0.0038509420010086615,CONVERGENCE: NORM OF PROJECTED GRADIENT <= PGTOL
1.9,2.0,0.0,100,6,qlog,2.1331006760242235,0.928821915189925,True,False,False,16,9.179914158298253,42,0.006082936000893824,CONVERGENCE: NORM OF PROJECTED GRADIENT <= PGTOL
1.9,2.0,0.0,100,6,cdf,1.7260637895274804,1.8174073568170013,True,False,False,16,0.00047085928339399936,36,0.017756706000000122,CONVERGENCE: NORM OF PROJECTED GRADIENT <= PGTOL
1.9,2.0,0.0,100,7,pdf,1.5650476257875807,1.4128700951299071,True,False,False,13,0.9080960298665677,42,0.006017543000780279,CONVERGENCE: NORM OF PROJECTED GRADIENT <= PGTOL
1.9,2.0,0.0,100,7,mle,1.8355715742127663,1.9866625664555484,True,False,False,13,178.84441051295818,39,0.004299816000639112,CONVERGENCE: NORM OF PROJECTED GRADIENT <= PGTOL
1.9,2.0,0.0,100,7,qlog,2.160109153712868,0.46105703939904535,True,False,False,13,24.368808882288135,57,0.024203586001021904,CONVERGENCE: NORM OF PROJECTED GRADIENT <= PGTOL
1.9,2.0,0.0,100,7,cdf,1.7281650268052273,1.484612145956843,True,False,False,13,0.0019090713270504228,45,0.011500577000333578,CONVERGENCE: NORM OF PROJECTED GRADIENT <= PGTOL
1.9,2.0,0.0,100,8,pdf,2.207514034380161,3.4911202726304036,True,False,False,24,0.3896706857712653,33,0.004547033999187988,CONVERGENCE: NORM OF PROJECTED GRADIENT <= PGTOL
1.9,2.0,0.0,100,8,mle,1.9262808369124678,1.7692557542661065,True,False,False,24,205.29411901502783,42,0.0031751559999975143,CONVERGENCE: NORM OF PROJECTED GRADIENT <= PGTOL
1.9,2.0,0.0,100,8,qlog,1.01,0.023733450084838546,True,True,False,24,7.273723096942137,66,0.006667248999292497,CONVERGENCE: RELATIVE REDUCTION OF F <= FACTR*EPSMCH
1.9,2.0,0.0,100,8,cdf,2.0366056736641345,2.4896063199017675,True,False,False,24,0.00023138564976516877,45,0.0077780310002708575,CONVERGENCE: NORM OF PROJECTED GRADIENT <= PGTOL
1.9,2.0,0.0,100,9,pdf,2.1117373202158682,3.457655609157174,True,False,False,24,0.4018114635554714,36,0.003824927000096068,CONVERGENCE: NORM OF PROJECTED GRADIENT <= PGTOL
1.9,2.0,0.0,100,9,mle,1.7227660524135944,1.5406489700545662,True,False,False,24,169.6480937464034,39,0.002648505000252044,CONVERGENCE: NORM OF PROJECTED GRADIENT <= PGTOL
1.9,2.0,0.0,100,9,qlog,1.9429173008184462,0.5207027252566413,True,False,False,24,5.421539556015239,48,0.004827718999877106,CONVERGENCE: NORM OF PROJECTED GRADIENT <= PGTOL
1.9,2.0,0.0,100,9,cdf,1.9014630172924076,2.4870455435594585,True,False,False,24,0.00021550731208939717,42,0.011208272000658326,CONVERGENCE: NORM OF PROJECTED GRADIENT <= PGTOL
1.9,2.0,0.0,100,10,pdf,2.3071679089276436,6.474921536843346,True,False,False,23,0.5877159614390957,42,0.006327162998786662,CONVERGENCE: NORM OF PROJECTED GRADIENT <= PGTOL
1.9,2.0,0.0,100,10,mle,1.892589283972943,2.13463378019106,True,False,False,23,187.87555371252063,39,0.004239185000187717,CONVERGENCE: NORM OF PROJECTED GRADIENT <= PGTOL
1.9,2.0,0.0,100,10,qlog,2.1174132589273045,0.9586306675930645,True,False,False,23,7.241330126469497,42,0.005211091000091983,CONVERGENCE: NORM OF PROJECTED GRADIENT <= PGTOL
1.9,2.0,0.0,100,10,cdf,1.9793069586349048,2.6943350180062504,True,False,False,23,0.0006369619348381038,48,0.027202565999687067,CONVERGENCE: NORM OF PROJECTED GRADIENT <= PGTOL
1.9,2.0,0.0,100,11,pdf,1.8039803465840536,1.6739437211175558,True,False,False,17,0.978548071237856,39,0.005051991000073031,CONVERGENCE: NORM OF PROJECTED GRADIENT <= PGTOL
1.9,2.0,0.0,100,11,mle,1.8218897795955653,1.3730316097359136,True,False,False,17,194.45376165799485,36,0.002495198999895365,CONVERGENCE: NORM OF PROJECTED GRADIENT <= PGTOL
1.9,2.0,0.0,100,11,qlog,2.0375753060032977,0.25024678001306366,True,False,False,17,17.457077072483145,66,0.009905900000376278,CONVERGENCE: NORM OF PROJECTED GRADIENT <= PGTOL
1.9,2.0,0.0,100,11,cdf,1.803668626256319,1.3005054831411877,True,False,False,17,0.0004300080437860253,48,0.008182214998669224,CONVERGENCE: NORM OF PROJECTED GRADIENT <= PGTOL
1.9,2.0,0.0,100,12,pdf,2.142254633892151,3.1862463661318783,True,False,False,20,0.4603283559482099,33,0.003267206999225891,CONVERGENCE: NORM OF PROJECTED GRADIENT <= PGTOL
1.9,2.0,0.0,100,12,mle,2.024852080653514,3.785892258640215,True,False,False,20,193.63151962619133,48,0.003311933998702443,CONVERGENCE: NORM OF PROJECTED GRADIENT <= PGTOL
1.9,2.0,0.0,100,12,qlog,2.0876384839258075,0.4276972593188822,True,False,False,20,11.257313102601005,57,0.006306516001131968,CONVERGENCE: NORM OF PROJECTED GRADIENT <= PGTOL
1.9,2.0,0.0,100,12,cdf,2.176389390028077,6.628272679674248,True,False,False,20,0.000851852755917818,54,0.016943815999184153,CONVERGENCE: NORM OF PROJECTED GRADIENT <= PGTOL
1.9,2.0,0.0,100,13,pdf,1.8901197500801423,0.4022832876901691,True,False,False,5,0.3216103941236996,39,0.012234486999659566,CONVERGENCE: NORM OF PROJECTED GRADIENT <= PGTOL
1.9,2.0,0.0,100,13,mle,2.095713827547765,3.7173589239796616,True,False,False,5,216.6955212647357,45,0.0035881160001736134,CONVERGENCE: NORM OF PROJECTED GRADIENT <= PGTOL
1.9,2.0,0.0,100,13,qlog,2.438846695752384,0.01,True,True,False,5,572.3413550088446,114,0.03452372500032652,CONVERGENCE: RELATIVE REDUCTION OF F <= FACTR*EPSMCH
1.9,2.0,0.0,100,13,cdf,2.1772261558349997,5.089785463386553,True,False,False,5,0.0004871585032326567,51,0.014479373998256051,CONVERGENCE: NORM OF PROJECTED GRADIENT <= PGTOL
1.9,2.0,0.0,100,14,pdf,2.1876958089455765,3.105700955152482,True,False,False,22,0.44134267868938726,36,0.004548416998659377,CONVERGENCE: NORM OF PROJECTED GRADIENT <= PGTOL
1.9,2.0,0.0,100,14,mle,1.96302870599125,2.3742233742088326,True,False,False,22,199.88849505524317,39,0.003928693000489147,CONVERGENCE: NORM OF PROJECTED GRADIENT <= PGTOL
1.9,2.0,0.0,100,14,qlog,2.0265689013159376,0.27900337436133255,True,False,False,22,15.277875784761896,63,0.007760009999401518,CONVERGENCE: NORM OF PROJECTED GRADIENT <= PGTOL
1.9,2.0,0.0,100,14,cdf,1.9739386467691804,2.351017222288742,True,False,False,22,0.0009281246084964517,42,0.032956603999991785,CONVERGENCE: NORM OF PROJECTED GRADIENT <= PGTOL
1.9,2.0,0.0,100,15,pdf,1.8005795536313502,1.285999955574964,True,False,False,13,0.62655549730769,39,0.029368728999543237,CONVERGENCE: NORM OF PROJECTED GRADIENT <= PGTOL
1.9,2.0,0.0,100,15,mle,1.8588492001880033,1.7016484276757065,True,False,False,13,191.601490186712,39,0.009112437999647227,CONVERGENCE: NORM OF PROJECTED GRADIENT <= PGTOL
1.9,2.0,0.0,100,15,qlog,2.2171499631392644,0.36006008865593103,True,False,False,13,32.58785014269547,57,0.053383124999527354,CONVERGENCE: NORM OF PROJECTED GRADIENT <= PGTOL
1.9,2.0,0.0,100,15,cdf,1.7610069678049043,1.3204372106870266,True,False,False,13,0.0015830066089017193,42,0.027397897001719684,CONVERGENCE: NORM OF PROJECTED GRADIENT <= PGTOL
1.9,2.0,0.0,100,16,pdf,2.1738852702471365,3.818591250967119,True,False,False,18,0.5644062145114987,42,0.006090801000027568,CONVERGENCE: NORM OF PROJECTED GRADIENT <= PGTOL
1.9,2.0,0.0,100,16,mle,1.9687641229232435,2.9396790536291757,True,False,False,18,190.71270554512108,45,0.004337749000114854,CONVERGENCE: RELATIVE REDUCTION OF F <= FACTR*EPSMCH
1.9,2.0,0.0,100,16,qlog,2.2870250452566196,0.826047730700207,True,False,False,18,22.292662784046133,51,0.0059445989991218084,CONVERGENCE: NORM OF PROJECTED GRADIENT <= PGTOL
1.9,2.0,0.0,100,16,cdf,2.037362978743127,3.620701718801901,True,False,False,18,0.00047018018424994196,51,0.011408491000111098,CONVERGENCE: NORM OF PROJECTED GRADIENT <= PGTOL
1.9,2.0,0.0,100,17,pdf,2.0779867605422333,3.910967845171767,True,False,False,16,0.4024363194600294,39,0.00459044399940467,CONVERGENCE: NORM OF PROJECTED GRADIENT <= PGTOL
1.9,2.0,0.0,100,17,mle,1.9400110773173773,4.043701793034547,True,False,False,16,167.37024933189915,48,0.003865097000016249,CONVERGENCE: NORM OF PROJECTED GRADIENT <= PGTOL
1.9,2.0,0.0,100,17,qlog,2.281409897870566,1.583202824177236,True,False,False,16,13.224714114576747,48,0.006460565000452334,CONVERGENCE: NORM OF PROJECTED GRADIENT <= PGTOL
1.9,2.0,0.0,100,17,cdf,2.051160747138984,5.714972350482856,True,False,False,16,0.0010171089412542966,51,0.012168422999820905,CONVERGENCE: NORM OF PROJECTED GRADIENT <= PGTOL
1.9,2.0,0.0,100,18,pdf,1.7495555941108785,1.3124742553959194,True,False,False,15,0.6302887225170941,42,0.009550409000439686,CONVERGENCE: NORM OF PROJECTED GRADIENT <= PGTOL
1.9,2.0,0.0,100,18,mle,1.8402182722193798,1.5609810360313137,True,False,False,15,191.8877247682189,39,0.003130287999738357,CONVERGENCE: RELATIVE REDUCTION OF F <= FACTR*EPSMCH
1.9,2.0,0.0,100,18,qlog,2.2473023377398507,0.6361987609037478,True,False,False,15,13.863445806368283,48,0.009039641001436394,CONVERGENCE: NORM OF PROJECTED GRADIENT <= PGTOL
1.9,2.0,0.0,100,18,cdf,1.8445446060278117,1.50351943488548,True,False,False,15,0.0020007398466490318,48,0.0247140399987984,CONVERGENCE: NORM OF PROJECTED GRADIENT <= PGTOL
1.9,2.0,0.0,100,19,pdf,1.6416281885858017,0.843894241934345,True,False,False,10,0.5360836580301681,45,0.011366754999471596,CONVERGENCE: NORM OF PROJECTED GRADIENT <= PGTOL
1.9,2.0,0.0,100,19,mle,1.9729272456980544,2.7493659521291427,True,False,False,10,195.1616977152368,42,0.003645458999017137,CONVERGENCE: NORM OF PROJECTED GRADIENT <= PGTOL
1.9,2.0,0.0,100,19,qlog,2.295735031136196,0.14537278409193277,True,False,False,10,125.53519256233076,87,0.011829167999167112,CONVERGENCE: RELATIVE REDUCTION OF F <= FACTR*EPSMCH
1.9,2.0,0.0,100,19,cdf,1.8911382160247538,2.1689176719568186,True,False,False,10,0.0006102240923355506,36,0.00550713399934466,CONVERGENCE: NORM OF PROJECTED GRADIENT <= PGTOL
1.9,2.0,0.0,100,20,pdf,1.802199653519427,1.110780736913846,True,False,False,12,0.6445538374081716,42,0.004261301999576972,CONVERGENCE: NORM OF PROJECTED GRADIENT <= PGTOL
1.9,2.0,0.0,100,20,mle,1.9356626226531248,2.302020287170552,True,False,False,12,194.45152039263525,39,0.00270115899911616,CONVERGENCE: NORM OF PROJECTED GRADIENT <= PGTOL
1.9,2.0,0.0,100,20,qlog,2.1388913339462596,0.10402998058685857,True,False,False,12,74.60755754786872,78,0.009002373999464908,CONVERGENCE: NORM OF PROJECTED GRADIENT <= PGTOL
1.9,2.0,0.0,100,20,cdf,1.9159185652019877,2.1134849298391556,True,False,False,12,0.0006868351166081332,42,0.00818378799885977,CONVERGENCE: NORM OF PROJECTED GRADIENT <= PGTOL
1.9,2.0,0.0,100,21,pdf,2.3391292347677797,5.580775310402896,True,False,False,18,0.8423435141460878,42,0.004276560999642243,CONVERGENCE: NORM OF PROJECTED GRADIENT <= PGTOL
1.9,2.0,0.0,100,21,mle,1.9955481791642995,3.0997374486941265,True,False,False,18,195.29953786933103,48,0.009258563999537728,CONVERGENCE: NORM OF PROJECTED GRADIENT <= PGTOL
1.9,2.0,0.0,100,21,qlog,2.2565459229568607,0.8312083651310721,True,False,False,18,16.58237594297446,51,0.0065700809991540154,CONVERGENCE: NORM OF PROJECTED GRADIENT <= PGTOL
1.9,2.0,0.0,100,21,cdf,2.0453131727107423,3.503216378179599,True,False,False,18,0.0007897265002821853,48,0.023296147999644745,CONVERGENCE: NORM OF PROJECTED GRADIENT <= PGTOL
1.9,2.0,0.0,100,22,pdf,1.9682842082725533,2.3705834725826542,True,False,False,18,0.5501234259837257,36,0.003117640000709798,CONVERGENCE: NORM OF PROJECTED GRADIENT <= PGTOL
1.9,2.0,0.0,100,22,mle,1.8441959456635058,1.7855545464317746,True,False,False,18,186.01696245273422,36,0.0022510839989990927,CONVERGENCE: NORM OF PROJECTED GRADIENT <= PGTOL
1.9,2.0,0.0,100,22,qlog,2.1608158097618593,0.6788480823287912,True,False,False,18,10.98166281833653,48,0.006597731000510976,CONVERGENCE: NORM OF PROJECTED GRADIENT <= PGTOL
1.9,2.0,0.0,100,22,cdf,1.6850916061895707,1.2441343711931292,True,False,False,18,0.0003106584658431219,51,0.01753432499936025,CONVERGENCE: NORM OF PROJECTED GRADIENT <= PGTOL
1.9,2.0,0.0,100,23,pdf,2.131007561897587,2.848883478837984,True,False,False,22,0.7446594651510402,36,0.007868374999816297,CONVERGENCE: NORM OF PROJECTED GRADIENT <= PGTOL
1.9,2.0,0.0,100,23,mle,1.7966016928205097,1.6050873607608172,True,False,False,22,181.51269615686033,39,0.0027858120010932907,CONVERGENCE: NORM OF PROJECTED GRADIENT <= PGTOL
1.9,2.0,0.0,100,23,qlog,1.01,0.02763227713162213,True,True,False,22,8.825216954873303,90,0.009062070001164102,CONVERGENCE: RELATIVE REDUCTION OF F <= FACTR*EPSMCH
1.9,2.0,0.0,100,23,cdf,1.8047545846560358,1.6291692252448067,True,False,False,22,0.0003700130196052674,39,0.008515920999343507,CONVERGENCE: NORM OF PROJECTED GRADIENT <= PGTOL
1.9,2.0,0.0,100,24,pdf,1.3488197101210406,0.354331788248991,True,False,False,7,0.5058454756207278,75,0.007340518999626511,CONVERGENCE: NORM OF PROJECTED GRADIENT <= PGTOL
1.9,2.0,0.0,100,24,mle,1.884210564489403,1.994446581325832,True,False,False,7,189.34324546213583,36,0.004697087999375071,CONVERGENCE: NORM OF PROJECTED GRADIENT <= PGTOL
1.9,2.0,0.0,100,24,qlog,2.3744246225964845,0.23808517354263928,True,False,False,7,155.96071941471408,66,0.028294567000557436,CONVERGENCE: RELATIVE REDUCTION OF F <= FACTR*EPSMCH
1.9,2.0,0.0,100,24,cdf,1.7721123451866405,1.515535426869246,True,False,False,7,0.000240999783225429,42,0.008927971999582951,CONVERGENCE: NORM OF PROJECTED GRADIENT <= PGTOL
1.9,2.0,0.0,100,25,pdf,1.01,0.01,True,True,False,2,2.8220177660033006,66,0.005659307000314584,CONVERGENCE: NORM OF PROJECTED GRADIENT <= PGTOL
1.9,2.0,0.0,100,25,mle,1.8795040310786975,2.035011274080664,True,False,False,2,187.26466098286852,39,0.0035013689994229935,CONVERGENCE: NORM OF PROJECTED GRADIENT <= PGTOL
1.9,2.0,0.0,100,25,qlog,2.446040759686119,0.01,True,True,False,2,2136.53193986388,69,0.008079403998635826,CONVERGENCE: RELATIVE REDUCTION OF F <= FACTR*EPSMCH
1.9,2.0,0.0,100,25,cdf,1.765983843227917,1.5167867733712281,True,False,False,2,0.0005057029095813984,45,0.0086435020002682,CONVERGENCE: NORM OF PROJECTED GRADIENT <= PGTOL
1.9,2.0,0.0,100,26,pdf,1.8080007363490578,1.8198378093218304,True,False,False,14,0.5906298871651253,39,0.0032663279998814687,CONVERGENCE: NORM OF PROJECTED GRADIENT <= PGTOL
1.9,2.0,0.0,100,26,mle,1.788419395364442,1.8199317446712238,True,False,False,14,173.61291398484065,39,0.002415813998595695,CONVERGENCE: NORM OF PROJECTED GRADIENT <= PGTOL
1.9,2.0,0.0,100,26,qlog,2.1738258602010108,0.7414665218176556,True,False,False,14,11.607657776882755,45,0.004557530999591108,CONVERGENCE: NORM OF PROJECTED GRADIENT <= PGTOL
1.9,2.0,0.0,100,26,cdf,1.7478879699249354,1.6546257617020548,True,False,False,14,0.00023150123053408415,42,0.01005037100003392,CONVERGENCE: NORM OF PROJECTED GRADIENT <= PGTOL
1.9,2.0,0.0,100,27,pdf,2.0466046108081994,2.1733266834727627,True,False,False,16,0.601941685066376,33,0.004054695999002433,CONVERGENCE: NORM OF PROJECTED GRADIENT <= PGTOL
1.9,2.0,0.0,100,27,mle,1.9559060540816906,2.10120178118414,True,False,False,16,204.14756535114225,36,0.004671826000048895,CONVERGENCE: NORM OF PROJECTED GRADIENT <= PGTOL
1.9,2.0,0.0,100,27,qlog,1.01,0.01,True,True,False,16,20.183090880110605,90,0.031002490999526344,CONVERGENCE: NORM OF PROJECTED GRADIENT <= PGTOL
1.9,2.0,0.0,100,27,cdf,1.9316395165431648,1.9596399220946255,True,False,False,16,0.0002938782414939136,24,0.006624362000366091,CONVERGENCE: NORM OF PROJECTED GRADIENT <= PGTOL
1.9,2.0,0.0,100,28,pdf,2.070758662765553,2.6464109384998302,True,False,False,24,0.604035746480117,36,0.00595333599994774,CONVERGENCE: NORM OF PROJECTED GRADIENT <= PGTOL
1.9,2.0,0.0,100,28,mle,1.612679954918412,1.272355024997831,True,False,False,24,161.03413919559756,42,0.004884696998487925,CONVERGENCE: NORM OF PROJECTED GRADIENT <= PGTOL
1.9,2.0,0.0,100,28,qlog,1.6829728720141193,0.37635241569920613,True,False,False,24,3.3299223551789034,51,0.004953060999469017,CONVERGENCE: NORM OF PROJECTED GRADIENT <= PGTOL
1.9,2.0,0.0,100,28,cdf,1.6206042230817839,1.2120139848483509,True,False,False,24,0.002295323150159832,45,0.009547917999952915,CONVERGENCE: NORM OF PROJECTED GRADIENT <= PGTOL
1.9,2.0,0.0,100,29,pdf,2.1467605574283937,3.7588176993084765,True,False,False,16,0.8857471756468827,48,0.004582369998388458,CONVERGENCE: NORM OF PROJECTED GRADIENT <= PGTOL
1.9,2.0,0.0,100,29,mle,1.9301920787685458,2.1206990268435435,True,False,False,16,197.19700911559443,48,0.003386372000022675,CONVERGENCE: NORM OF PROJECTED GRADIENT <= PGTOL
1.9,2.0,0.0,100,29,qlog,2.1249757195140995,0.31005168973245506,True,False,False,16,41.051461521705384,63,0.009092496999073774,CONVERGENCE: NORM OF PROJECTED GRADIENT <= PGTOL
1.9,2.0,0.0,100,29,cdf,1.744042749501887,1.1430024790768938,True,False,False,16,0.003716629650900856,51,0.015283714999895892,CONVERGENCE: NORM OF PROJECTED GRADIENT <= PGTOL
1.9,2.0,0.0,100,30,pdf,1.5778231158033977,0.7609126516951428,True,False,False,10,1.0996931159702705,75,0.010949332001473522,CONVERGENCE: NORM OF PROJECTED GRADIENT <= PGTOL
1.9,2.0,0.0,100,30,mle,1.7671241779126245,1.0230016990208763,True,False,False,10,198.29567414387634,45,0.019555976999981795,CONVERGENCE: NORM OF PROJECTED GRADIENT <= PGTOL
1.9,2.0,0.0,100,30,qlog,2.1985703944545985,0.3098505427174614,True,False,False,10,29.281120781176877,60,0.008183197000107612,CONVERGENCE: NORM OF PROJECTED GRADIENT <= PGTOL
1.9,2.0,0.0,100,30,cdf,1.6516703265166903,0.7437332816685743,True,False,False,10,0.002213689639393469,63,0.010710388000006787,CONVERGENCE: NORM OF PROJECTED GRADIENT <= PGTOL
1.9,2.0,0.0,100,31,pdf,1.3298149907956611,1.2503956610940368,True,False,False,15,1.2081231823421485,45,0.004723538999314769,CONVERGENCE: NORM OF PROJECTED GRADIENT <= PGTOL
1.9,2.0,0.0,100,31,mle,2.0381378528508276,3.884949970932609,True,False,False,15,196.26793753597153,48,0.0028883750001114095,CONVERGENCE: RELATIVE REDUCTION OF F <= FACTR*EPSMCH
1.9,2.0,0.0,100,31,qlog,2.3628635974758705,1.0106457916935208,True,False,False,15,28.22301066223105,54,0.006390136000845814,CONVERGENCE: NORM OF PROJECTED GRADIENT <= PGTOL
1.9,2.0,0.0,100,31,cdf,2.0372688101486607,3.7154666418523115,True,False,False,15,0.0013789085765630788,45,0.008635944999696221,CONVERGENCE: NORM OF PROJECTED GRADIENT <= PGTOL
1.9,2.0,0.0,100,32,pdf,2.5334661315807327,6.040433165501005,True,False,False,13,1.0512380795952938,75,0.00639870299892209,CONVERGENCE: NORM OF PROJECTED GRADIENT <= PGTOL
1.9,2.0,0.0,100,32,mle,2.025445015519549,2.682668495816267,True,False,False,13,211.02822472860976,39,0.003968741999415215,CONVERGENCE: NORM OF PROJECTED GRADIENT <= PGTOL
1.9,2.0,0.0,100,32,qlog,2.339072625779137,0.41850449821497626,True,False,False,13,69.4450037004729,57,0.010273914000208606,CONVERGENCE: NORM OF PROJECTED GRADIENT <= PGTOL
1.9,2.0,0.0,100,32,cdf,2.0244657631176817,2.6729238383394853,True,False,False,13,0.00024414412832609255,48,0.01758587299991632,CONVERGENCE: NORM OF PROJECTED GRADIENT <= PGTOL
1.9,2.0,0.0,100,33,pdf,2.024853703682927,1.7175136281393784,True,False,False,16,0.6352725595145445,30,0.019219200999941677,CONVERGENCE: NORM OF PROJECTED GRADIENT <= PGTOL
1.9,2.0,0.0,100,33,mle,1.8470760338343595,1.7049244612795893,True,False,False,16,188.94616360675337,39,0.002941834998637205,CONVERGENCE: NORM OF PROJECTED GRADIENT <= PGTOL
1.9,2.0,0.0,100,33,qlog,1.01,0.011545692267615083,True,True,False,16,16.75740808197177,90,0.012774845999956597,CONVERGENCE: NORM OF PROJECTED GRADIENT <= PGTOL
1.9,2.0,0.0,100,33,cdf,1.8807517292305704,1.8845343606059561,True,False,False,16,0.0009324043637557957,42,0.009217341999828932,CONVERGENCE: NORM OF PROJECTED GRADIENT <= PGTOL
1.9,2.0,0.0,100,34,pdf,2.048321136362577,1.5897289829155528,True,False,False,11,0.3617804270891453,36,0.004722228000900941,CONVERGENCE: NORM OF PROJECTED GRADIENT <= PGTOL
1.9,2.0,0.0,100,34,mle,1.9688191889249074,1.8998527016561693,True,False,False,11,212.5534471201295,39,0.004627444999641739,CONVERGENCE: NORM OF PROJECTED GRADIENT <= PGTOL
1.9,2.0,0.0,100,34,qlog,2.217599772966774,0.13143836680050883,True,False,False,11,116.21438763987926,75,0.007765988999381079,CONVERGENCE: RELATIVE REDUCTION OF F <= FACTR*EPSMCH
1.9,2.0,0.0,100,34,cdf,2.010677121499763,2.1243997759504096,True,False,False,11,0.0007066909832830321,42,0.007631209000464878,CONVERGENCE: NORM OF PROJECTED GRADIENT <= PGTOL
1.9,2.0,0.0,100,35,pdf,2.207598732510974,4.511802248316957,True,False,False,24,0.6398256073967229,39,0.01881989699904807,CONVERGENCE: NORM OF PROJECTED GRADIENT <= PGTOL
1.9,2.0,0.0,100,35,mle,1.7613654067005515,1.7518430126051712,True,False,False,24,170.3075494234468,39,0.02910571699976572,CONVERGENCE: RELATIVE REDUCTION OF F <= FACTR*EPSMCH
1.9,2.0,0.0,100,35,qlog,1.7934933050985187,0.4130132640656543,True,False,False,24,6.6501650379717745,57,0.01188915199963958,CONVERGENCE: NORM OF PROJECTED GRADIENT <= PGTOL
1.9,2.0,0.0,100,35,cdf,1.8565381470227713,2.170472691373408,True,False,False,24,0.0015028229362108291,39,0.00760853199972189,CONVERGENCE: NORM OF PROJECTED GRADIENT <= PGTOL
1.9,2.0,0.0,100,36,pdf,1.8940237041201093,0.8098907968144248,True,False,False,16,0.46984623410680326,42,0.005027721999795176,CONVERGENCE: NORM OF PROJECTED GRADIENT <= PGTOL
1.9,2.0,0.0,100,36,mle,1.7374528293588503,0.7374100797897457,True,False,False,16,209.13652989150785,42,0.004757317999974475,CONVERGENCE: RELATIVE REDUCTION OF F <= FACTR*EPSMCH
1.9,2.0,0.0,100,36,qlog,2.08659251019171,0.29768915980240707,True,False,False,16,9.220730426166915,63,0.006964272999539389,CONVERGENCE: NORM OF PROJECTED GRADIENT <= PGTOL
1.9,2.0,0.0,100,36,cdf,1.7100419243251312,0.6780218003668829,True,False,False,16,0.0006506474926810211,57,0.009905998000249383,CONVERGENCE: NORM OF PROJECTED GRADIENT <= PGTOL
1.9,2.0,0.0,100,37,pdf,2.0060123594167347,3.1356674889816825,True,False,False,15,0.7250903452927493,42,0.0034537069986981805,CONVERGENCE: NORM OF PROJECTED GRADIENT <= PGTOL
1.9,2.0,0.0,100,37,mle,1.842953848965818,2.071940982570089,True,False,False,15,178.31312323637286,39,0.0029838030004611937,CONVERGENCE: NORM OF PROJECTED GRADIENT <= PGTOL
1.9,2.0,0.0,100,37,qlog,2.146620931752685,0.4999083780128039,True,False,False,15,19.139305775363802,51,0.005739487000028021,CONVERGENCE: NORM OF PROJECTED GRADIENT <= PGTOL
1.9,2.0,0.0,100,37,cdf,1.81982681991868,1.9561486466893192,True,False,False,15,0.00018450312977164894,18,0.0034856779984693276,CONVERGENCE: NORM OF PROJECTED GRADIENT <= PGTOL
1.9,2.0,0.0,100,38,pdf,1.9072608492140224,1.188915938631033,True,False,False,14,1.015604899772476,36,0.0029752150003332645,CONVERGENCE: NORM OF PROJECTED GRADIENT <= PGTOL
1.9,2.0,0.0,100,38,mle,1.8393355394464053,1.2307314648197643,True,False,False,14,203.5850936400344,39,0.0035871700001735007,CONVERGENCE: NORM OF PROJECTED GRADIENT <= PGTOL
1.9,2.0,0.0,100,38,qlog,2.1336089148541206,0.298108641336114,True,False,False,14,17.101028398091355,57,0.030615151999882073,CONVERGENCE: NORM OF PROJECTED GRADIENT <= PGTOL
1.9,2.0,0.0,100,38,cdf,1.7552950210249165,0.9968549356605793,True,False,False,14,0.0006105670027189776,75,0.019069586000114214,CONVERGENCE: NORM OF PROJECTED GRADIENT <= PGTOL
1.9,2.0,0.0,100,39,pdf,2.0338018362666137,2.2574414165211976,True,False,False,14,0.6276736264669225,36,0.0053267029998096405,CONVERGENCE: NORM OF PROJECTED GRADIENT <= PGTOL
1.9,2.0,0.0,100,39,mle,1.8734726676988174,2.220515473442963,True,False,False,14,181.54113475510587,36,0.002542284999435651,CONVERGENCE: NORM OF PROJECTED GRADIENT <= PGTOL
1.9,2.0,0.0,100,39,qlog,1.01,0.013788923020527916,True,True,False,14,18.31304615200756,138,0.01733629599948472,CONVERGENCE: NORM OF PROJECTED GRADIENT <= PGTOL
1.9,2.0,0.0,100,39,cdf,1.9511946087193612,2.7744090331180282,True,False,False,14,0.0003137432651951389,45,0.013931888999650255,CONVERGENCE: NORM OF PROJECTED GRADIENT <= PGTOL
1.9,2.0,0.0,100,40,pdf,1.981572933559435,1.2506879969736404,True,False,False,22,0.7711704742238681,42,0.05459392400007346,CONVERGENCE: NORM OF PROJECTED GRADIENT <= PGTOL
1.9,2.0,0.0,100,40,mle,1.702913883590937,1.395826948419377,True,False,False,22,171.09332527353786,39,0.014672327000880614,CONVERGENCE: NORM OF PROJECTED GRADIENT <= PGTOL
1.9,2.0,0.0,100,40,qlog,1.777512740230274,0.4816919545944487,True,False,False,22,4.5581213077401195,54,0.08264373400015756,CONVERGENCE: NORM OF PROJECTED GRADIENT <= PGTOL
1.9,2.0,0.0,100,40,cdf,1.7270374115501461,1.389754867799641,True,False,False,22,0.0020426295458430017,42,0.10329347199876793,CONVERGENCE: NORM OF PROJECTED GRADIENT <= PGTOL
1.9,2.0,0.0,100,41,pdf,2.1785642696250833,2.270921218422063,True,False,False,23,0.6403552490281931,36,0.02617597599964938,CONVERGENCE: NORM OF PROJECTED GRADIENT <= PGTOL
1.9,2.0,0.0,100,41,mle,1.9313616117746177,1.7809173196781012,True,False,False,23,206.21683064977975,39,0.01128524000159814,CONVERGENCE: RELATIVE REDUCTION OF F <= FACTR*EPSMCH
1.9,2.0,0.0,100,41,qlog,1.9421413335973583,0.2845085164084954,True,False,False,23,8.80656828772435,57,0.09864670500064676,CONVERGENCE: NORM OF PROJECTED GRADIENT <= PGTOL
1.9,2.0,0.0,100,41,cdf,1.9752892346479294,2.009330102261427,True,False,False,23,0.0005246867012362929,42,0.06636189600067155,CONVERGENCE: NORM OF PROJECTED GRADIENT <= PGTOL
1.9,2.0,0.0,100,42,pdf,2.0257789787819185,1.5358130875310432,True,False,False,16,0.5761964502347374,27,0.08649681400129339,CONVERGENCE: NORM OF PROJECTED GRADIENT <= PGTOL
1.9,2.0,0.0,100,42,mle,1.899272930187375,1.6658111666358455,True,False,False,16,201.8323927205111,39,0.0029579960009868955,CONVERGENCE: NORM OF PROJECTED GRADIENT <= PGTOL
1.9,2.0,0.0,100,42,qlog,2.14706122735775,0.2708552521202811,True,False,False,16,26.5414694033433,63,0.032569532999332296,CONVERGENCE: NORM OF PROJECTED GRADIENT <= PGTOL
1.9,2.0,0.0,100,42,cdf,1.8817523496305013,1.4971770314806025,True,False,False,16,0.0016359325289462229,45,0.016167785001016455,CONVERGENCE: NORM OF PROJECTED GRADIENT <= PGTOL
1.9,2.0,0.0,100,43,pdf,2.0386941239270784,3.596005352917825,True,False,False,14,0.4748156041746975,42,0.04137004800031718,CONVERGENCE: NORM OF PROJECTED GRADIENT <= PGTOL
1.9,2.0,0.0,100,43,mle,1.9085348844104004,3.7833985445936,True,False,False,14,163.00417996670228,45,0.01661557300030836,CONVERGENCE: NORM OF PROJECTED GRADIENT <= PGTOL
1.9,2.0,0.0,100,43,qlog,2.1670901222609302,0.42776282464748466,True,False,False,14,39.11648915069707,54,0.02390063999882841,CONVERGENCE: NORM OF PROJECTED GRADIENT <= PGTOL
1.9,2.0,0.0,100,43,cdf,1.940530451298768,4.08889382983227,True,False,False,14,0.0003528651919525744,39,0.14492951600004744,CONVERGENCE: NORM OF PROJECTED GRADIENT <= PGTOL
1.9,2.0,0.0,100,44,pdf,1.4728281873830678,0.5158362650122154,True,False,False,12,0.8627140181079014,66,0.04696557500028575,CONVERGENCE: NORM OF PROJECTED GRADIENT <= PGTOL
1.9,2.0,0.0,100,44,mle,2.0957013025013436,3.955554099608252,True,False,False,12,213.58595914147458,48,0.11297808600102144,CONVERGENCE: NORM OF PROJECTED GRADIENT <= PGTOL
1.9,2.0,0.0,100,44,qlog,2.36938238173248,0.25021220376174563,True,False,False,12,102.83666574259725,105,0.11412179899889452,CONVERGENCE: RELATIVE REDUCTION OF F <= FACTR*EPSMCH
1.9,2.0,0.0,100,44,cdf,2.1135186500447833,4.077628273012269,True,False,False,12,0.0007010789648956178,54,0.1760009430017817,CONVERGENCE: NORM OF PROJECTED GRADIENT <= PGTOL
1.9,2.0,0.0,100,45,pdf,2.1059773426178463,3.0233642668040686,True,False,False,18,0.6919505350892,39,0.032509566999578965,CONVERGENCE: NORM OF PROJECTED GRADIENT <= PGTOL
1.9,2.0,0.0,100,45,mle,2.015315989353302,3.2529497447998006,True,False,False,18,198.45740699455973,48,0.05664433600031771,CONVERGENCE: NORM OF PROJECTED GRADIENT <= PGTOL
1.9,2.0,0.0,100,45,qlog,2.1822646329728643,0.4600865711448481,True,False,False,18,15.993377030859445,57,0.020785334001629963,CONVERGENCE: NORM OF PROJECTED GRADIENT <= PGTOL
1.9,2.0,0.0,100,45,cdf,2.0721140128002413,3.57337031439719,True,False,False,18,0.0018311464236042646,54,0.011118488999272813,CONVERGENCE: NORM OF PROJECTED GRADIENT <= PGTOL
1.9,2.0,0.0,100,46,pdf,1.8660748651881776,0.19838348372654815,True,False,False,3,0.33326933317313695,57,0.005229849000897957,CONVERGENCE: NORM OF PROJECTED GRADIENT <= PGTOL
1.9,2.0,0.0,100,46,mle,2.0360358025675773,3.7721291009802504,True,False,False,3,197.11346945746033,48,0.008738402000744827,CONVERGENCE: RELATIVE REDUCTION OF F <= FACTR*EPSMCH
1.9,2.0,0.0,100,46,qlog,2.6094534944353596,0.01,True,True,False,3,1586.3109604104363,81,0.030005667000295944,CONVERGENCE: RELATIVE REDUCTION OF F <= FACTR*EPSMCH
1.9,2.0,0.0,100,46,cdf,1.8486041047692967,1.951875131824282,True,False,False,3,0.0036872105916720232,18,0.006211076999534271,CONVERGENCE: NORM OF PROJECTED GRADIENT <= PGTOL
1.9,2.0,0.0,100,47,pdf,1.01,0.4312082275004275,True,True,False,8,0.8565491421145506,105,0.01977084999998624,CONVERGENCE: NORM OF PROJECTED GRADIENT <= PGTOL
1.9,2.0,0.0,100,47,mle,1.7744974626653531,1.44177211749887,True,False,False,8,182.5507231838996,36,0.0044645279995165765,CONVERGENCE: NORM OF PROJECTED GRADIENT <= PGTOL
1.9,2.0,0.0,100,47,qlog,2.178580677189506,0.13600799308432932,True,False,False,8,129.81903087791545,75,0.017734229999405215,CONVERGENCE: NORM OF PROJECTED GRADIENT <= PGTOL
1.9,2.0,0.0,100,47,cdf,1.7317608697462437,1.2363466285499924,True,False,False,8,0.0019333328984292575,51,0.012548411999887321,CONVERGENCE: NORM OF PROJECTED GRADIENT <= PGTOL
1.9,2.0,0.0,100,48,pdf,2.1325051843789624,2.8368331813467473,True,False,False,24,0.4717522211469553,36,0.004684110999733093,CONVERGENCE: NORM OF PROJECTED GRADIENT <= PGTOL
1.9,2.0,0.0,100,48,mle,1.9127445726598882,2.0877302622566294,True,False,False,24,193.73682994267142,39,0.003366267001183587,CONVERGENCE: NORM OF PROJECTED GRADIENT <= PGTOL
1.9,2.0,0.0,100,48,qlog,1.01,0.02566394641215817,True,True,False,24,7.646107245995881,105,0.027422063998528756,CONVERGENCE: RELATIVE REDUCTION OF F <= FACTR*EPSMCH
1.9,2.0,0.0,100,48,cdf,1.9023076813757587,2.010695171802516,True,False,False,24,0.0007696092128246007,42,0.010814228999151965,CONVERGENCE: NORM OF PROJECTED GRADIENT <= PGTOL
1.9,2.0,0.0,100,49,pdf,2.4967511575480064,31.005855359006627,True,False,False,7,0.7739104291010704,90,0.016381389999878593,CONVERGENCE: NORM OF PROJECTED GRADIENT <= PGTOL
1.9,2.0,0.0,100,49,mle,1.9431510466846194,3.2363280921037747,True,False,False,7,179.29662158053614,42,0.0035903539992432343,CONVERGENCE: RELATIVE REDUCTION OF F <= FACTR*EPSMCH
1.9,2.0,0.0,100,49,qlog,2.464815707281546,0.5937592705525966,True,False,False,7,69.74654424285886,57,0.010933403000308317,CONVERGENCE: RELATIVE REDUCTION OF F <= FACTR*EPSMCH
1.9,2.0,0.0,100,49,cdf,1.8609069781880223,2.612270838437742,True,False,False,7,0.00027429589454071085,42,0.015666421000787523,CONVERGENCE: NORM OF PROJECTED GRADIENT <= PGTOL
1.9,2.0,0.0,100,50,pdf,1.7937976124695527,1.2131130156420582,True,False,False,7,0.6277500269674394,42,0.01923111699943547,CONVERGENCE: NORM OF PROJECTED GRADIENT <= PGTOL
1.9,2.0,0.0,100,50,mle,1.931410518579467,2.6862222338653634,True,False,False,7,185.6784974486011,39,0.026444068000273546,CONVERGENCE: RELATIVE REDUCTION OF F <= FACTR*EPSMCH
1.9,2.0,0.0,100,50,qlog,2.2467903147884627,0.13202583682483654,True,False,False,7,248.17197688175352,78,0.020489157999691088,CONVERGENCE: RELATIVE REDUCTION OF F <= FACTR*EPSMCH
1.9,2.0,0.0,100,50,cdf,1.9596676663011392,2.8832786249172924,True,False,False,7,0.00041220069073835333,45,0.008242862000770401,CONVERGENCE: NORM OF PROJECTED GRADIENT <= PGTOL
1.9,2.0,0.0,100,51,pdf,1.7347451187189464,0.6411462887400664,True,False,False,9,0.39572058650816916,51,0.00486278499920445,CONVERGENCE: NORM OF PROJECTED GRADIENT <= PGTOL
1.9,2.0,0.0,100,51,mle,1.9482720179663398,1.8029672196178075,True,False,False,9,209.84487955987152,36,0.0025325070000690175,CONVERGENCE: NORM OF PROJECTED GRADIENT <= PGTOL
1.9,2.0,0.0,100,51,qlog,2.1537566066286336,0.07099020929511075,True,False,False,9,115.43400577271824,84,0.029445971998939058,CONVERGENCE: RELATIVE REDUCTION OF F <= FACTR*EPSMCH
1.9,2.0,0.0,100,51,cdf,2.0588114905265185,2.5541056962071225,True,False,False,9,0.001065378392240054,45,0.025553251000019372,CONVERGENCE: NORM OF PROJECTED GRADIENT <= PGTOL
1.9,2.0,0.0,100,52,pdf,1.7535211664211632,0.9582958130956719,True,False,False,15,0.39626024583312086,42,0.014158728999973391,CONVERGENCE: NORM OF PROJECTED GRADIENT <= PGTOL
1.9,2.0,0.0,100,52,mle,1.873635304583106,1.4463867873812013,True,False,False,15,203.01122001061526,33,0.004381003000162309,CONVERGENCE: NORM OF PROJECTED GRADIENT <= PGTOL
1.9,2.0,0.0,100,52,qlog,1.1811403577025172,0.01,True,True,False,15,31.259063303840108,96,0.012978361000932637,CONVERGENCE: NORM OF PROJECTED GRADIENT <= PGTOL
1.9,2.0,0.0,100,52,cdf,1.8113210955455072,1.219638660932264,True,False,False,15,0.0007184634674862107,48,0.011545111001396435,CONVERGENCE: NORM OF PROJECTED GRADIENT <= PGTOL
1.9,2.0,0.0,100,53,pdf,1.8951162531928822,1.0611855607028786,True,False,False,11,0.528570592094637,39,0.011174391998792998,CONVERGENCE: NORM OF PROJECTED GRADIENT <= PGTOL
1.9,2.0,0.0,100,53,mle,1.9312880715919045,1.7547100675961849,True,False,False,11,206.93988729306184,39,0.0034818019994418137,CONVERGENCE: NORM OF PROJECTED GRADIENT <= PGTOL
1.9,2.0,0.0,100,53,qlog,2.2990494433425903,0.2634076102474315,True,False,False,11,57.77433002985001,66,0.008030917999349185,CONVERGENCE: RELATIVE REDUCTION OF F <= FACTR*EPSMCH
1.9,2.0,0.0,100,53,cdf,1.8650631110378295,1.4110675810366202,True,False,False,11,0.0011504086414834023,45,0.009131339000305161,CONVERGENCE: NORM OF PROJECTED GRADIENT <= PGTOL
1.9,2.0,0.0,100,54,pdf,1.8407076691640663,1.1667695740375847,True,False,False,21,0.44789529587716403,39,0.0031747479988553096,CONVERGENCE: NORM OF PROJECTED GRADIENT <= PGTOL
1.9,2.0,0.0,100,54,mle,1.738370784568226,1.3438889959175795,True,False,False,21,179.2950074032094,36,0.019109861001197714,CONVERGENCE: NORM OF PROJECTED GRADIENT <= PGTOL
1.9,2.0,0.0,100,54,qlog,1.8411379587334589,0.34368028148762864,True,False,False,21,4.975728844130864,54,0.009133522999036359,CONVERGENCE: NORM OF PROJECTED GRADIENT <= PGTOL
1.9,2.0,0.0,100,54,cdf,1.6064136860292721,1.003668518715092,True,False,False,21,0.0009973563874014423,54,0.0115200639993418,CONVERGENCE: NORM OF PROJECTED GRADIENT <= PGTOL
1.9,2.0,0.0,100,55,pdf,2.0496780279533846,4.056039993618948,True,False,False,15,0.55452740651868,45,0.003956532000302104,CONVERGENCE: NORM OF PROJECTED GRADIENT <= PGTOL
1.9,2.0,0.0,100,55,mle,1.8433065601081686,2.2219731139545,True,False,False,15,174.89311811949483,39,0.00491854699976102,CONVERGENCE: NORM OF PROJECTED GRADIENT <= PGTOL
1.9,2.0,0.0,100,55,qlog,2.1851536264330784,0.477553029584377,True,False,False,15,31.67727843472766,57,0.008588819999204134,CONVERGENCE: NORM OF PROJECTED GRADIENT <= PGTOL
1.9,2.0,0.0,100,55,cdf,1.8654806466332285,2.238212603199272,True,False,False,15,0.0016227520445430143,39,0.008902862000468303,CONVERGENCE: NORM OF PROJECTED GRADIENT <= PGTOL
1.9,2.0,0.0,100,56,pdf,2.2226571069109005,3.825296094772765,True,False,False,22,0.7597776078451804,39,0.003278196998508065,CONVERGENCE: NORM OF PROJECTED GRADIENT <= PGTOL
1.9,2.0,0.0,100,56,mle,1.7639433979922254,1.3458949842974879,True,False,False,22,183.97560121766995,39,0.0031933600002957974,CONVERGENCE: NORM OF PROJECTED GRADIENT <= PGTOL
1.9,2.0,0.0,100,56,qlog,1.240203619866377,0.06005806361644874,True,False,False,22,6.479446081317064,117,0.01456130199949257,CONVERGENCE: RELATIVE REDUCTION OF F <= FACTR*EPSMCH
1.9,2.0,0.0,100,56,cdf,1.9791494855778735,2.542009799653776,True,False,False,22,0.00027086221647386436,45,0.009465651999562397,CONVERGENCE: NORM OF PROJECTED GRADIENT <= PGTOL
1.9,2.0,0.0,100,57,pdf,1.01,0.2748704997893531,True,True,False,8,0.6803548064433281,120,0.029916653998952825,CONVERGENCE: NORM OF PROJECTED GRADIENT <= PGTOL
1.9,2.0,0.0,100,57,mle,1.8756108667415816,2.6116803220715563,True,False,False,8,173.90960151574262,42,0.005044008001277689,CONVERGENCE: NORM OF PROJECTED GRADIENT <= PGTOL
1.9,2.0,0.0,100,57,qlog,2.1847658608475515,0.08294014389551488,True,False,False,8,136.54858789035802,90,0.028325979999863193,CONVERGENCE: RELATIVE REDUCTION OF F <= FACTR*EPSMCH
1.9,2.0,0.0,100,57,cdf,1.7447296364325788,1.7736284297473315,True,False,False,8,0.0017409659005542882,39,0.007597670999530237,CONVERGENCE: NORM OF PROJECTED GRADIENT <= PGTOL
1.9,2.0,0.0,100,58,pdf,1.413730976864578,0.2982232747241087,True,False,False,7,0.5694827348949708,51,0.004415638999489602,CONVERGENCE: NORM OF PROJECTED GRADIENT <= PGTOL
1.9,2.0,0.0,100,58,mle,1.8887519912901638,1.553363767005748,True,False,False,7,202.88255388612157,39,0.00313227900005586,CONVERGENCE: NORM OF PROJECTED GRADIENT <= PGTOL
1.9,2.0,0.0,100,58,qlog,2.277807056589051,0.05611029380867703,True,False,False,7,261.60117056477185,75,0.01261875500131282,CONVERGENCE: RELATIVE REDUCTION OF F <= FACTR*EPSMCH
1.9,2.0,0.0,100,58,cdf,1.7489928931826435,1.1104333315662314,True,False,False,7,0.00014480522088244663,51,0.0280594639989431,CONVERGENCE: NORM OF PROJECTED GRADIENT <= PGTOL
1.9,2.0,0.0,100,59,pdf,1.889806341363827,3.1033596975848567,True,False,False,14,0.5808023391255001,39,0.006431411999074044,CONVERGENCE: NORM OF PROJECTED GRADIENT <= PGTOL
1.9,2.0,0.0,100,59,mle,1.8990272204317833,2.2103509663811196,True,False,False,14,187.63287961101312,39,0.0042513620010140585,CONVERGENCE: RELATIVE REDUCTION OF F <= FACTR*EPSMCH
1.9,2.0,0.0,100,59,qlog,2.2589430788120475,0.5096051334063875,True,False,False,14,32.048762472515435,57,0.006272275999435806,CONVERGENCE: NORM OF PROJECTED GRADIENT <= PGTOL
1.9,2.0,0.0,100,59,cdf,1.8917414493566183,2.158352509090315,True,False,False,14,0.0008744975609264813,39,0.008152391999828978,CONVERGENCE: NORM OF PROJECTED GRADIENT <= PGTOL
1.9,2.0,0.0,100,60,pdf,1.9686034371170582,1.4836301867002955,True,False,False,20,0.6002650819365785,33,0.006485099998826627,CONVERGENCE: NORM OF PROJECTED GRADIENT <= PGTOL
1.9,2.0,0.0,100,60,mle,1.9088099393396434,1.3373470482037997,True,False,False,20,215.0664028584891,36,0.0029835549994459143,CONVERGENCE: NORM OF PROJECTED GRADIENT <= PGTOL
1.9,2.0,0.0,100,60,qlog,2.1067472057114016,0.3555450944161812,True,False,False,20,8.539971392329589,57,0.012223359000927303,CONVERGENCE: NORM OF PROJECTED GRADIENT <= PGTOL
1.9,2.0,0.0,100,60,cdf,1.953889976219621,1.514230370373554,True,False,False,20,0.00047306382223087694,45,0.034559018999061664,CONVERGENCE: NORM OF PROJECTED GRADIENT <= PGTOL
1.9,2.0,0.0,100,61,pdf,1.9812610644354651,2.7926686892343944,True,False,False,17,0.6413583997801955,39,0.031302958999731345,CONVERGENCE: NORM OF PROJECTED GRADIENT <= PGTOL
1.9,2.0,0.0,100,61,mle,1.6870734315591476,1.6684062681012657,True,False,False,17,159.4593520148204,36,0.003709023998453631,CONVERGENCE: NORM OF PROJECTED GRADIENT <= PGTOL
1.9,2.0,0.0,100,61,qlog,1.8840951515715465,0.29008974006699584,True,False,False,17,15.231972109009401,63,0.007943354999952135,CONVERGENCE: NORM OF PROJECTED GRADIENT <= PGTOL
1.9,2.0,0.0,100,61,cdf,1.6921648870123465,1.6720729047590883,True,False,False,17,0.0006201265093027032,36,0.031458583998755785,CONVERGENCE: NORM OF PROJECTED GRADIENT <= PGTOL
1.9,2.0,0.0,100,62,pdf,2.7730718561765078,50.0,True,True,False,8,0.38413234352082426,75,0.04796425899985479,CONVERGENCE: NORM OF PROJECTED GRADIENT <= PGTOL
1.9,2.0,0.0,100,62,mle,1.9717346198260988,1.9210556047655538,True,False,False,8,212.76980311556164,36,0.004766766000102507,CONVERGENCE: NORM OF PROJECTED GRADIENT <= PGTOL
1.9,2.0,0.0,100,62,qlog,2.3983678994132442,0.08689481862329589,True,False,False,8,301.2405691141132,87,0.015982079999957932,CONVERGENCE: RELATIVE REDUCTION OF F <= FACTR*EPSMCH
1.9,2.0,0.0,100,62,cdf,1.8007486728768267,1.2390166310695814,True,False,False,8,0.000567045570600636,51,0.014893063000272377,CONVERGENCE: NORM OF PROJECTED GRADIENT <= PGTOL
1.9,2.0,0.0,100,63,pdf,1.7673066795827357,1.4263895287575292,True,False,False,16,0.4497493442508206,42,0.0048694480010453844,CONVERGENCE: NORM OF PROJECTED GRADIENT <= PGTOL
1.9,2.0,0.0,100,63,mle,1.8536263585652346,2.0592021486142063,True,False,False,16,180.92420151075157,39,0.011244859000726137,CONVERGENCE: NORM OF PROJECTED GRADIENT <= PGTOL
1.9,2.0,0.0,100,63,qlog,2.1829201916246417,0.6483143940535594,True,False,False,16,12.077129947796248,51,0.006294258999332669,CONVERGENCE: NORM OF PROJECTED GRADIENT <= PGTOL
1.9,2.0,0.0,100,63,cdf,1.835466320512689,1.9520790487428974,True,False,False,16,0.0005782337851417342,18,0.003494354999929783,CONVERGENCE: NORM OF PROJECTED GRADIENT <= PGTOL
1.9,2.0,0.0,100,64,pdf,1.9572116795578265,1.1961322245701542,True,False,False,13,0.6130112592754922,42,0.003745419999177102,CONVERGENCE: NORM OF PROJECTED GRADIENT <= PGTOL
1.9,2.0,0.0,100,64,mle,2.0097218106331334,2.10746927747616,True,False,False,13,218.56446129816598,48,0.0042293610003980575,CONVERGENCE: RELATIVE REDUCTION OF F <= FACTR*EPSMCH
1.9,2.0,0.0,100,64,qlog,2.252117062023696,0.17065417603656577,True,False,False,13,50.61528047936235,66,0.024865445999239455,CONVERGENCE: RELATIVE REDUCTION OF F <= FACTR*EPSMCH
1.9,2.0,0.0,100,64,cdf,2.0353153020640713,2.1729180855770807,True,False,False,13,0.0008964237765507388,48,0.012636219000341953,CONVERGENCE: NORM OF PROJECTED GRADIENT <= PGTOL
1.9,2.0,0.0,100,65,pdf,1.669364464938495,0.3948862065326015,True,False,False,9,0.4086167890819615,57,0.007139666999137262,CONVERGENCE: NORM OF PROJECTED GRADIENT <= PGTOL
1.9,2.0,0.0,100,65,mle,1.9588456281210538,1.5587320279810488,True,False,False,9,219.83969844591098,39,0.0042883339992840774,CONVERGENCE: NORM OF PROJECTED GRADIENT <= PGTOL
1.9,2.0,0.0,100,65,qlog,2.337012153451674,0.13704136484853824,True,False,False,9,81.32429913600187,69,0.020058227999470546,CONVERGENCE: NORM OF PROJECTED GRADIENT <= PGTOL
1.9,2.0,0.0,100,65,cdf,1.8620021023085702,1.1959340168223382,True,False,False,9,0.0003475526460207199,51,0.009866885000519687,CONVERGENCE: NORM OF PROJECTED GRADIENT <= PGTOL
1.9,2.0,0.0,100,66,pdf,2.2152161552154896,3.0559171057835357,True,False,False,22,0.668713597548954,36,0.003094216999670607,CONVERGENCE: NORM OF PROJECTED GRADIENT <= PGTOL
1.9,2.0,0.0,100,66,mle,1.9186077146931262,1.5628106592295785,True,False,False,22,209.62853740430143,36,0.0031056700008775806,CONVERGENCE: NORM OF PROJECTED GRADIENT <= PGTOL
1.9,2.0,0.0,100,66,qlog,2.048733032525078,0.38922122308594814,True,False,False,22,7.696133020601169,57,0.009665853000115021,CONVERGENCE: NORM OF PROJECTED GRADIENT <= PGTOL
1.9,2.0,0.0,100,66,cdf,2.028115662102878,2.187493311060948,True,False,False,22,0.0004446748777738454,45,0.028318536998995114,CONVERGENCE: NORM OF PROJECTED GRADIENT <= PGTOL
1.9,2.0,0.0,100,67,pdf,1.621861731646589,0.3769213063117309,True,False,False,7,0.3248663338524422,63,0.018875723999371985,CONVERGENCE: NORM OF PROJECTED GRADIENT <= PGTOL
1.9,2.0,0.0,100,67,mle,1.9112020176780409,1.7957789828481265,True,False,False,7,200.8995216617443,42,0.004356632000053651,CONVERGENCE: NORM OF PROJECTED GRADIENT <= PGTOL
1.9,2.0,0.0,100,67,qlog,2.1798014913350583,0.052696386196408006,True,False,False,7,169.6645453255873,114,0.035125631000482826,CONVERGENCE: RELATIVE REDUCTION OF F <= FACTR*EPSMCH
1.9,2.0,0.0,100,67,cdf,1.9846160946459963,2.169464014601148,True,False,False,7,0.0010198307888213162,45,0.019085494999671937,CONVERGENCE: NORM OF PROJECTED GRADIENT <= PGTOL
1.9,2.0,0.0,100,68,pdf,2.3333273226583224,5.774913926678825,True,False,False,23,0.9468391119138024,42,0.027260367998678703,CONVERGENCE: NORM OF PROJECTED GRADIENT <= PGTOL
1.9,2.0,0.0,100,68,mle,1.7839999826401587,1.5823622310173442,True,False,False,23,179.74095480852844,36,0.005563787000937737,CONVERGENCE: NORM OF PROJECTED GRADIENT <= PGTOL
1.9,2.0,0.0,100,68,qlog,1.01,0.042002249464327,True,True,False,23,6.634601921042835,126,0.015911989999949583,CONVERGENCE: RELATIVE REDUCTION OF F <= FACTR*EPSMCH
1.9,2.0,0.0,100,68,cdf,1.8927940687491531,2.018233654750025,True,False,False,23,0.0016046335268713545,42,0.009930834999977378,CONVERGENCE: NORM OF PROJECTED GRADIENT <= PGTOL
1.9,2.0,0.0,100,69,pdf,2.045248719780974,3.876894969828666,True,False,False,21,0.6022183771387734,39,0.005325322999851778,CONVERGENCE: NORM OF PROJECTED GRADIENT <= PGTOL
1.9,2.0,0.0,100,69,mle,1.9877706118278582,4.394994661111337,True,False,False,21,175.70470923955293,45,0.004496069999731844,CONVERGENCE: RELATIVE REDUCTION OF F <= FACTR*EPSMCH
1.9,2.0,0.0,100,69,qlog,2.093687404140168,0.47701757376865095,True,False,False,21,16.354162439207542,54,0.011635828001089976,CONVERGENCE: NORM OF PROJECTED GRADIENT <= PGTOL
1.9,2.0,0.0,100,69,cdf,2.026375756556251,4.932025786019114,True,False,False,21,0.00034909299434746836,51,0.012606312000571052,CONVERGENCE: NORM OF PROJECTED GRADIENT <= PGTOL
1.9,2.0,0.0,100,70,pdf,2.191746865030957,2.6946807652479405,True,False,False,26,0.5592598212323949,36,0.004027094000775833,CONVERGENCE: NORM OF PROJECTED GRADIENT <= PGTOL
1.9,2.0,0.0,100,70,mle,1.8337183543688922,1.2787858266962648,True,False,False,26,200.48034633190844,39,0.004564934999507386,CONVERGENCE: NORM OF PROJECTED GRADIENT <= PGTOL
1.9,2.0,0.0,100,70,qlog,1.897991597810875,0.3651568392561763,True,False,False,26,3.8050516619766066,51,0.021943232000921853,CONVERGENCE: NORM OF PROJECTED GRADIENT <= PGTOL
1.9,2.0,0.0,100,70,cdf,1.9360667978524864,1.7005806874467473,True,False,False,26,0.00019179426860487184,45,0.011396236999644316,CONVERGENCE: NORM OF PROJECTED GRADIENT <= PGTOL
1.9,2.0,0.0,100,71,pdf,1.8947109239923237,1.5716615417229711,True,False,False,18,0.5433105499930513,36,0.0038422580000769813,CONVERGENCE: NORM OF PROJECTED GRADIENT <= PGTOL
1.9,2.0,0.0,100,71,mle,1.8030908360310551,1.471724549338634,True,False,False,18,187.14809410829304,33,0.0019203579995519249,CONVERGENCE: NORM OF PROJECTED GRADIENT <= PGTOL
1.9,2.0,0.0,100,71,qlog,2.0559771832678164,0.3501735669081205,True,False,False,18,12.374589642639755,54,0.005706469999495312,CONVERGENCE: NORM OF PROJECTED GRADIENT <= PGTOL
1.9,2.0,0.0,100,71,cdf,1.71081903532459,1.1877339403623155,True,False,False,18,0.00034228632579383524,45,0.01018916800057923,CONVERGENCE: NORM OF PROJECTED GRADIENT <= PGTOL
1.9,2.0,0.0,100,72,pdf,1.9410195878240581,1.8404962424813995,True,False,False,15,0.6052677107856163,30,0.003598314000555547,CONVERGENCE: NORM OF PROJECTED GRADIENT <= PGTOL
1.9,2.0,0.0,100,72,mle,2.0263137100731474,2.5143800686193867,True,False,False,15,214.5216608192166,39,0.00319161500010523,CONVERGENCE: NORM OF PROJECTED GRADIENT <= PGTOL
1.9,2.0,0.0,100,72,qlog,1.6813031421750262,0.018650798693180957,True,False,False,15,68.290852105131,150,0.02454899199983629,CONVERGENCE: RELATIVE REDUCTION OF F <= FACTR*EPSMCH
1.9,2.0,0.0,100,72,cdf,2.0926313829598886,3.24774363680204,True,False,False,15,0.0016594496152046465,48,0.029443666000588564,CONVERGENCE: NORM OF PROJECTED GRADIENT <= PGTOL
1.9,2.0,0.0,100,73,pdf,2.650919307832942,10.115882666970721,True,False,False,6,0.2288389668150886,72,0.012022502998661366,CONVERGENCE: NORM OF PROJECTED GRADIENT <= PGTOL
1.9,2.0,0.0,100,73,mle,1.9373780660530242,2.6247336555829994,True,False,False,6,188.31991607430166,42,0.005496559999301098,CONVERGENCE: NORM OF PROJECTED GRADIENT <= PGTOL
1.9,2.0,0.0,100,73,qlog,2.385830560629155,0.16178053898989395,True,False,False,6,365.74145640182036,117,0.012250379000761313,CONVERGENCE: RELATIVE REDUCTION OF F <= FACTR*EPSMCH
1.9,2.0,0.0,100,73,cdf,1.8796460674492579,2.236251134551517,True,False,False,6,0.0005727585045972666,39,0.012457130000257166,CONVERGENCE: NORM OF PROJECTED GRADIENT <= PGTOL
1.9,2.0,0.0,100,74,pdf,1.9265274750044985,1.3125644291936447,True,False,False,36,0.6046288585475654,36,0.0038448369996331166,CONVERGENCE: NORM OF PROJECTED GRADIENT <= PGTOL
1.9,2.0,0.0,100,74,mle,1.5993925276901941,1.4626639139715616,True,False,False,36,152.05127170358134,39,0.004806012000699411,CONVERGENCE: NORM OF PROJECTED GRADIENT <= PGTOL
1.9,2.0,0.0,100,74,qlog,1.01,0.23411412637934284,True,True,False,36,1.902124937501232,60,0.006702188000417664,CONVERGENCE: NORM OF PROJECTED GRADIENT <= PGTOL
1.9,2.0,0.0,100,74,cdf,1.7412275667372787,1.9682187764621062,True,False,False,36,0.0012841660459455779,15,0.0034577570004330482,CONVERGENCE: NORM OF PROJECTED GRADIENT <= PGTOL
1.9,2.0,0.0,100,75,pdf,2.28915461000938,5.075946274712533,True,False,False,23,0.6474385758284267,45,0.00718073300049582,CONVERGENCE: NORM OF PROJECTED GRADIENT <= PGTOL
1.9,2.0,0.0,100,75,mle,1.955437184607224,2.3462587417654053,True,False,False,23,198.5110337031333,39,0.026075986001160345,CONVERGENCE: NORM OF PROJECTED GRADIENT <= PGTOL
1.9,2.0,0.0,100,75,qlog,1.7651266719974246,0.28579228728715766,True,False,False,23,6.7598149138229875,69,0.01193088200125203,CONVERGENCE: NORM OF PROJECTED GRADIENT <= PGTOL
1.9,2.0,0.0,100,75,cdf,2.0687230864219583,3.2422384379690947,True,False,False,23,0.0008389340915934953,45,0.012556629999380675,CONVERGENCE: NORM OF PROJECTED GRADIENT <= PGTOL
1.9,2.0,0.0,100,76,pdf,2.0498444364206363,1.8616646250498294,True,False,False,20,0.34628674333466714,33,0.0036181519990350353,CONVERGENCE: NORM OF PROJECTED GRADIENT <= PGTOL
1.9,2.0,0.0,100,76,mle,1.8001436935157957,1.251342719561488,True,False,False,20,194.66772801831894,39,0.0024923979999584844,CONVERGENCE: RELATIVE REDUCTION OF F <= FACTR*EPSMCH
1.9,2.0,0.0,100,76,qlog,2.127562731272238,0.5468516263096278,True,False,False,20,6.924971175361212,48,0.019354612000825,CONVERGENCE: NORM OF PROJECTED GRADIENT <= PGTOL
1.9,2.0,0.0,100,76,cdf,1.7979101872546992,1.1681210512309605,True,False,False,20,0.0018682485302079952,51,0.009920475000399165,CONVERGENCE: NORM OF PROJECTED GRADIENT <= PGTOL
1.9,2.0,0.0,100,77,pdf,2.213537898828863,5.707394638576842,True,False,False,18,0.6794701909221749,45,0.003886536000209162,CONVERGENCE: NORM OF PROJECTED GRADIENT <= PGTOL
1.9,2.0,0.0,100,77,mle,1.784210111637687,2.0745284399004875,True,False,False,18,166.24122866632428,36,0.0027576219999900786,CONVERGENCE: NORM OF PROJECTED GRADIENT <= PGTOL
1.9,2.0,0.0,100,77,qlog,2.0640251828248104,0.5594180784567153,True,False,False,18,17.28574743551251,48,0.0093005290000292,CONVERGENCE: NORM OF PROJECTED GRADIENT <= PGTOL
1.9,2.0,0.0,100,77,cdf,1.9921743641051426,3.6523320804949218,True,False,False,18,0.0018668610317339122,48,0.02649274700161186,CONVERGENCE: NORM OF PROJECTED GRADIENT <= PGTOL
1.9,2.0,0.0,100,78,pdf,2.120387987933053,3.5006040529734888,True,False,False,27,0.46564853477562773,42,0.006131093001386034,CONVERGENCE: NORM OF PROJECTED GRADIENT <= PGTOL
1.9,2.0,0.0,100,78,mle,1.8087192629644675,1.988480175529426,True,False,False,27,173.23784516381113,42,0.00468637599988142,CONVERGENCE: NORM OF PROJECTED GRADIENT <= PGTOL
1.9,2.0,0.0,100,78,qlog,1.01,0.10799690087435024,True,True,False,27,3.1839444317262724,126,0.01989929900082643,CONVERGENCE: RELATIVE REDUCTION OF F <= FACTR*EPSMCH
1.9,2.0,0.0,100,78,cdf,2.006947762830826,3.585331290026159,True,False,False,27,0.0006256612613972652,48,0.024343779999981052,CONVERGENCE: NORM OF PROJECTED GRADIENT <= PGTOL
1.9,2.0,0.0,100,79,pdf,1.9279168025343874,3.0713835146492428,True,False,False,15,0.9674715398904823,42,0.007703459999902407,CONVERGENCE: NORM OF PROJECTED GRADIENT <= PGTOL
1.9,2.0,0.0,100,79,mle,1.975059651156337,3.6376725471853586,True,False,False,15,181.7308732559562,45,0.007359720999374986,CONVERGENCE: NORM OF PROJECTED GRADIENT <= PGTOL
1.9,2.0,0.0,100,79,qlog,2.2109173167827607,0.7128303332349081,True,False,False,15,17.005136560249724,48,0.005334561999916332,CONVERGENCE: NORM OF PROJECTED GRADIENT <= PGTOL
1.9,2.0,0.0,100,79,cdf,1.9968936408442648,3.5598166101066044,True,False,False,15,0.0018765497876900772,48,0.029819340001267847,CONVERGENCE: NORM OF PROJECTED GRADIENT <= PGTOL
1.9,2.0,0.0,100,80,pdf,2.6656454417418094,8.199831096952273,True,False,False,9,1.0683063122659489,72,0.007163104999563075,CONVERGENCE: NORM OF PROJECTED GRADIENT <= PGTOL
1.9,2.0,0.0,100,80,mle,2.0268509136838677,3.4487199721140396,True,False,False,9,198.88018254588962,48,0.010471231000337866,CONVERGENCE: RELATIVE REDUCTION OF F <= FACTR*EPSMCH
1.9,2.0,0.0,100,80,qlog,2.4211476399405383,0.3049953249018385,True,False,False,9,113.82956756881224,60,0.009455780000280356,CONVERGENCE: RELATIVE REDUCTION OF F <= FACTR*EPSMCH
1.9,2.0,0.0,100,80,cdf,1.967849958237489,2.6394970313814863,True,False,False,9,0.0024357004885974705,42,0.008271188000435359,CONVERGENCE: NORM OF PROJECTED GRADIENT <= PGTOL
1.9,2.0,0.0,100,81,pdf,1.9877467406561211,1.6917339308805928,True,False,False,20,0.3426194927035691,30,0.004676243999711005,CONVERGENCE: NORM OF PROJECTED GRADIENT <= PGTOL
1.9,2.0,0.0,100,81,mle,1.7913531665651148,1.4224035464857627,True,False,False,20,186.51356026155256,33,0.003031301001101383,CONVERGENCE: NORM OF PROJECTED GRADIENT <= PGTOL
1.9,2.0,0.0,100,81,qlog,2.0437052727215783,0.5030563410454532,True,False,False,20,5.987884202290045,51,0.007448414999089437,CONVERGENCE: NORM OF PROJECTED GRADIENT <= PGTOL
1.9,2.0,0.0,100,81,cdf,1.8264659914947778,1.5497333782984248,True,False,False,20,0.00013260055855053338,48,0.03891180699974939,CONVERGENCE: NORM OF PROJECTED GRADIENT <= PGTOL
1.9,2.0,0.0,100,82,pdf,2.2941054026364722,9.399351724279958,True,False,False,19,0.9864237420205445,48,0.027892789999896195,CONVERGENCE: NORM OF PROJECTED GRADIENT <= PGTOL
1.9,2.0,0.0,100,82,mle,1.9082012492366287,4.036774383389741,True,False,False,19,159.68364478589174,42,0.00748276499871281,CONVERGENCE: NORM OF PROJECTED GRADIENT <= PGTOL
1.9,2.0,0.0,100,82,qlog,1.9036192808121049,0.44717700070479616,True,False,False,19,16.658930169179666,60,0.009723605000544921,CONVERGENCE: NORM OF PROJECTED GRADIENT <= PGTOL
1.9,2.0,0.0,100,82,cdf,2.054640171217574,6.3234041571069906,True,False,False,19,0.0010304952282239551,39,0.014476631000434281,CONVERGENCE: NORM OF PROJECTED GRADIENT <= PGTOL
1.9,2.0,0.0,100,83,pdf,1.01,0.2114736812041905,True,True,False,7,0.9703927498200231,66,0.016789579000032973,CONVERGENCE: NORM OF PROJECTED GRADIENT <= PGTOL
1.9,2.0,0.0,100,83,mle,2.0209251912913127,3.9163493288319535,True,False,False,7,190.7951323179683,48,0.049266209000052186,CONVERGENCE: RELATIVE REDUCTION OF F <= FACTR*EPSMCH
1.9,2.0,0.0,100,83,qlog,2.274412310172959,0.051938068770523795,True,False,False,7,281.242694989265,81,0.014665687000160688,CONVERGENCE: RELATIVE REDUCTION OF F <= FACTR*EPSMCH
1.9,2.0,0.0,100,83,cdf,1.9589281664228788,3.0398450892213646,True,False,False,7,0.0016164600413181675,42,0.013074571999823092,CONVERGENCE: NORM OF PROJECTED GRADIENT <= PGTOL
1.9,2.0,0.0,100,84,pdf,2.208352434932454,3.307488945514817,True,False,False,17,0.6843120142084542,42,0.003791369999817107,CONVERGENCE: NORM OF PROJECTED GRADIENT <= PGTOL
1.9,2.0,0.0,100,84,mle,2.012572877558835,2.074066733730647,True,False,False,17,220.17495706952565,39,0.002826678999554133,CONVERGENCE: NORM OF PROJECTED GRADIENT <= PGTOL
1.9,2.0,0.0,100,84,qlog,2.1802457408422815,0.33409722086363763,True,False,False,17,17.792262419384244,66,0.03506441999888921,CONVERGENCE: NORM OF PROJECTED GRADIENT <= PGTOL
1.9,2.0,0.0,100,84,cdf,2.1068135650136495,2.7900915870362155,True,False,False,17,0.0004983493834419895,45,0.010494240999832982,CONVERGENCE: NORM OF PROJECTED GRADIENT <= PGTOL
1.9,2.0,0.0,100,85,pdf,1.7870676657001847,0.9609587818796173,True,False,False,11,0.39300438026249496,48,0.0050739940015773755,CONVERGENCE: NORM OF PROJECTED GRADIENT <= PGTOL
1.9,2.0,0.0,100,85,mle,1.9796478787594773,2.2646890179475516,True,False,False,11,206.65538812411054,39,0.00605434899989632,CONVERGENCE: RELATIVE REDUCTION OF F <= FACTR*EPSMCH
1.9,2.0,0.0,100,85,qlog,2.3040997545645165,0.20410833966004102,True,False,False,11,74.79238447833349,69,0.007639630000994657,CONVERGENCE: NORM OF PROJECTED GRADIENT <= PGTOL
1.9,2.0,0.0,100,85,cdf,1.9462041095413456,2.0560288192184752,True,False,False,11,0.00028029082974295543,45,0.013218472000517067,CONVERGENCE: NORM OF PROJECTED GRADIENT <= PGTOL
1.9,2.0,0.0,100,86,pdf,2.047401736732292,1.6092839336017888,True,False,False,12,0.7485213633763038,36,0.0044565389998751925,CONVERGENCE: NORM OF PROJECTED GRADIENT <= PGTOL
1.9,2.0,0.0,100,86,mle,1.821730236654018,1.0990600732965696,True,False,False,12,205.5490351900608,45,0.0044732610003848094,CONVERGENCE: NORM OF PROJECTED GRADIENT <= PGTOL
1.9,2.0,0.0,100,86,qlog,2.1695495756056453,0.28757313473672275,True,False,False,12,31.655710113471798,57,0.005851247000464355,CONVERGENCE: NORM OF PROJECTED GRADIENT <= PGTOL
1.9,2.0,0.0,100,86,cdf,1.8708835184435306,1.19379399115637,True,False,False,12,0.0018537669086680396,51,0.008295534998978837,CONVERGENCE: NORM OF PROJECTED GRADIENT <= PGTOL
1.9,2.0,0.0,100,87,pdf,2.1179343000961093,1.9953547498612931,True,False,False,26,0.4023741265836854,36,0.005797437999717658,CONVERGENCE: NORM OF PROJECTED GRADIENT <= PGTOL
1.9,2.0,0.0,100,87,mle,1.8278812358454988,1.2967638174770963,True,False,False,26,198.55717913543066,39,0.002843052001480828,CONVERGENCE: NORM OF PROJECTED GRADIENT <= PGTOL
1.9,2.0,0.0,100,87,qlog,1.7297298854594543,0.2224136649851267,True,False,False,26,4.281216078698686,66,0.024071779998848797,CONVERGENCE: NORM OF PROJECTED GRADIENT <= PGTOL
1.9,2.0,0.0,100,87,cdf,1.9108141155359368,1.6212735602550448,True,False,False,26,0.00017459737815828474,45,0.011316394999084878,CONVERGENCE: NORM OF PROJECTED GRADIENT <= PGTOL
1.9,2.0,0.0,100,88,pdf,2.1739329498306876,4.082911776973149,True,False,False,19,0.6046952134272177,36,0.004559218999929726,CONVERGENCE: NORM OF PROJECTED GRADIENT <= PGTOL
1.9,2.0,0.0,100,88,mle,1.9186946002936398,2.8786563347482335,True,False,False,19,179.10767767317233,48,0.013413692000540323,CONVERGENCE: NORM OF PROJECTED GRADIENT <= PGTOL
1.9,2.0,0.0,100,88,qlog,2.180667102467798,0.7318801645785651,True,False,False,19,13.813982692139868,48,0.014682146000268403,CONVERGENCE: NORM OF PROJECTED GRADIENT <= PGTOL
1.9,2.0,0.0,100,88,cdf,1.9822560629139108,3.39609147792474,True,False,False,19,0.0005708111774119861,42,0.010981542998706573,CONVERGENCE: NORM OF PROJECTED GRADIENT <= PGTOL
1.9,2.0,0.0,100,89,pdf,2.1584615567041734,4.764461672195732,True,False,False,21,0.5879584023061528,36,0.0037398370004666504,CONVERGENCE: NORM OF PROJECTED GRADIENT <= PGTOL
1.9,2.0,0.0,100,89,mle,1.8870612615070697,2.7834851640016134,True,False,False,21,173.3296209460724,42,0.00318696300018928,CONVERGENCE: NORM OF PROJECTED GRADIENT <= PGTOL
1.9,2.0,0.0,100,89,qlog,1.9843016628692574,0.6948743186925891,True,False,False,21,6.8072484058123885,42,0.004613897999661276,CONVERGENCE: NORM OF PROJECTED GRADIENT <= PGTOL
1.9,2.0,0.0,100,89,cdf,1.9495799480429388,3.2234591589074424,True,False,False,21,0.000910488793168131,42,0.009348878000309924,CONVERGENCE: NORM OF PROJECTED GRADIENT <= PGTOL
1.9,2.0,0.0,100,90,pdf,2.0577735761303733,2.872269504625918,True,False,False,19,0.4674980508236381,39,0.021291865999955917,CONVERGENCE: NORM OF PROJECTED GRADIENT <= PGTOL
1.9,2.0,0.0,100,90,mle,1.8977208508418684,1.966787766513126,True,False,False,19,193.164644891552,39,0.007095543998730136,CONVERGENCE: NORM OF PROJECTED GRADIENT <= PGTOL
1.9,2.0,0.0,100,90,qlog,2.0806643387386496,0.25124861194808046,True,False,False,19,25.978174257778768,66,0.009408771000380511,CONVERGENCE: NORM OF PROJECTED GRADIENT <= PGTOL
1.9,2.0,0.0,100,90,cdf,1.8539155998947785,1.708622302050488,True,False,False,19,0.0011905551528106548,39,0.01781755800038809,CONVERGENCE: NORM OF PROJECTED GRADIENT <= PGTOL
1.9,2.0,0.0,100,91,pdf,1.7112354948193866,1.0597648821689218,True,False,False,12,0.5780706803490214,51,0.009675076000348781,CONVERGENCE: NORM OF PROJECTED GRADIENT <= PGTOL
1.9,2.0,0.0,100,91,mle,1.892954008398698,1.983346085403377,True,False,False,12,191.63562864906396,39,0.005735601000196766,CONVERGENCE: RELATIVE REDUCTION OF F <= FACTR*EPSMCH
1.9,2.0,0.0,100,91,qlog,2.237802082083346,0.2813909526083405,True,False,False,12,55.742906121596576,57,0.01540448999912769,CONVERGENCE: RELATIVE REDUCTION OF F <= FACTR*EPSMCH
1.9,2.0,0.0,100,91,cdf,1.8968490758285752,1.9614925514398536,True,False,False,12,0.0006795174639365213,21,0.006735674000083236,CONVERGENCE: NORM OF PROJECTED GRADIENT <= PGTOL
1.9,2.0,0.0,100,92,pdf,1.9060727428662794,1.3018127792703906,True,False,False,14,0.4088887869761964,33,0.0037350789989432087,CONVERGENCE: NORM OF PROJECTED GRADIENT <= PGTOL
1.9,2.0,0.0,100,92,mle,1.8319163496896806,1.4586946551852835,True,False,False,14,193.51939258602135,36,0.0037070980015414534,CONVERGENCE: NORM OF PROJECTED GRADIENT <= PGTOL
1.9,2.0,0.0,100,92,qlog,1.9778875177808566,0.14225541744514517,True,False,False,14,33.31106541962439,78,0.026231911000650143,CONVERGENCE: RELATIVE REDUCTION OF F <= FACTR*EPSMCH
1.9,2.0,0.0,100,92,cdf,1.7854140791277198,1.2805990400748088,True,False,False,14,0.0005000633257185266,48,0.012999279000723618,CONVERGENCE: NORM OF PROJECTED GRADIENT <= PGTOL
1.9,2.0,0.0,100,93,pdf,1.997649181704535,2.446791213128063,True,False,False,16,0.8085677938526128,39,0.004263626000465592,CONVERGENCE: NORM OF PROJECTED GRADIENT <= PGTOL
1.9,2.0,0.0,100,93,mle,1.7321595674882753,1.5731449254186465,True,False,False,16,170.2913651999279,36,0.0022426249997806735,CONVERGENCE: NORM OF PROJECTED GRADIENT <= PGTOL
1.9,2.0,0.0,100,93,qlog,1.9436283031930708,0.3146070551889189,True,False,False,16,15.508818549270561,60,0.0076811979997728486,CONVERGENCE: NORM OF PROJECTED GRADIENT <= PGTOL
1.9,2.0,0.0,100,93,cdf,1.5354062363170122,1.0424388594199472,True,False,False,16,0.0008976744834332282,51,0.011446091000834713,CONVERGENCE: NORM OF PROJECTED GRADIENT <= PGTOL
1.9,2.0,0.0,100,94,pdf,2.054099806756928,2.7627930298846044,True,False,False,18,0.6885798774568538,42,0.012145183000029647,CONVERGENCE: NORM OF PROJECTED GRADIENT <= PGTOL
1.9,2.0,0.0,100,94,mle,1.7631288386040231,1.3886614469990455,True,False,False,18,182.25726912306249,36,0.0036878789996990236,CONVERGENCE: NORM OF PROJECTED GRADIENT <= PGTOL
1.9,2.0,0.0,100,94,qlog,2.0816002567632834,0.48253103945724646,True,False,False,18,10.986526773175143,51,0.013341236000997014,CONVERGENCE: NORM OF PROJECTED GRADIENT <= PGTOL
1.9,2.0,0.0,100,94,cdf,1.8631406157260662,1.7830898386768068,True,False,False,18,0.0004076674530863682,42,0.029354209998928127,CONVERGENCE: NORM OF PROJECTED GRADIENT <= PGTOL
1.9,2.0,0.0,100,95,pdf,2.1594876538682346,1.4886610797497701,True,False,False,12,0.6266978565489503,33,0.005078721998870606,CONVERGENCE: NORM OF PROJECTED GRADIENT <= PGTOL
1.9,2.0,0.0,100,95,mle,1.9930664403127543,2.011261195422434,True,False,False,12,216.2420184197406,36,0.00458926099963719,CONVERGENCE: NORM OF PROJECTED GRADIENT <= PGTOL
1.9,2.0,0.0,100,95,qlog,1.4381732164164645,0.01,True,True,False,12,114.5995451875068,87,0.01413733399931516,CONVERGENCE: NORM OF PROJECTED GRADIENT <= PGTOL
1.9,2.0,0.0,100,95,cdf,2.015959405364853,1.9694693481981924,True,False,False,12,0.003907517091828794,24,0.0045980989998497535,CONVERGENCE: NORM OF PROJECTED GRADIENT <= PGTOL
1.9,2.0,0.0,100,96,pdf,1.9479615073238967,1.4925202787579606,True,False,False,14,0.45137979764129366,33,0.0033445789995312225,CONVERGENCE: NORM OF PROJECTED GRADIENT <= PGTOL
1.9,2.0,0.0,100,96,mle,1.891410666188821,1.7944198951701396,True,False,False,14,196.2832870523833,42,0.005492861999300658,CONVERGENCE: NORM OF PROJECTED GRADIENT <= PGTOL
1.9,2.0,0.0,100,96,qlog,2.270145796848361,0.6510845025563488,True,False,False,14,18.986607766979734,48,0.00700221000079182,CONVERGENCE: NORM OF PROJECTED GRADIENT <= PGTOL
1.9,2.0,0.0,100,96,cdf,1.9319497561755825,1.8620206073161107,True,False,False,14,0.002911022771703917,45,0.010624655998981325,CONVERGENCE: NORM OF PROJECTED GRADIENT <= PGTOL
1.9,2.0,0.0,100,97,pdf,2.163024708241819,2.4026107214326293,True,False,False,20,0.7589569378327079,39,0.0035444599998299964,CONVERGENCE: NORM OF PROJECTED GRADIENT <= PGTOL
1.9,2.0,0.0,100,97,mle,1.9233032691379828,1.4712983292503892,True,False,False,20,213.786588576812,39,0.00670629399974132,CONVERGENCE: NORM OF PROJECTED GRADIENT <= PGTOL
1.9,2.0,0.0,100,97,qlog,2.127068436210361,0.3198233757990842,True,False,False,20,11.21036525538075,60,0.007362197999100317,CONVERGENCE: NORM OF PROJECTED GRADIENT <= PGTOL
1.9,2.0,0.0,100,97,cdf,1.9624180495265269,1.6072597098701547,True,False,False,20,0.0007633865047297208,48,0.028094175999285653,CONVERGENCE: NORM OF PROJECTED GRADIENT <= PGTOL
1.9,2.0,0.0,100,98,pdf,1.6908434820828855,2.053974232146247,True,False,False,11,0.6268974083682962,39,0.004898929999399115,CONVERGENCE: NORM OF PROJECTED GRADIENT <= PGTOL
1.9,2.0,0.0,100,98,mle,1.8233010226740938,2.39603510347975,True,False,False,11,166.9064680860401,39,0.0035110870012431405,CONVERGENCE: RELATIVE REDUCTION OF F <= FACTR*EPSMCH
1.9,2.0,0.0,100,98,qlog,2.1243622947968914,0.19429425498003938,True,False,False,11,89.7067937338302,87,0.011594454999794834,CONVERGENCE: RELATIVE REDUCTION OF F <= FACTR*EPSMCH
1.9,2.0,0.0,100,98,cdf,1.7159574064363892,1.858656674156071,True,False,False,11,0.0007127248255249917,36,0.00987060300030862,CONVERGENCE: NORM OF PROJECTED GRADIENT <= PGTOL
1.9,2.0,0.0,100,99,pdf,2.193552304856694,3.325248312414464,True,False,False,17,0.9110290599473518,39,0.003878186998917954,CONVERGENCE: NORM OF PROJECTED GRADIENT <= PGTOL
1.9,2.0,0.0,100,99,mle,1.9011011776186957,1.8023635687152286,True,False,False,17,198.32215020849284,42,0.0053195349992165575,CONVERGENCE: NORM OF PROJECTED GRADIENT <= PGTOL
1.9,2.0,0.0,100,99,qlog,1.975921255422497,0.2041672079406426,True,False,False,17,20.342169138026446,69,0.010502197999812779,CONVERGENCE: NORM OF PROJECTED GRADIENT <= PGTOL
1.9,2.0,0.0,100,99,cdf,2.0176791810238126,2.225127845816088,True,False,False,17,0.00420016612917179,45,0.008094836000964278,CONVERGENCE: NORM OF PROJECTED GRADIENT <= PGTOL
1.9,2.0,0.0,2000,0,pdf,1.4205384274013153,0.2449583547611268,True,False,False,23,3.26920305401811,72,0.00822465400051442,CONVERGENCE: NORM OF PROJECTED GRADIENT <= PGTOL
1.9,2.0,0.0,2000,0,mle,1.895113522944106,1.893779835249668,True,False,False,23,3888.9571155077547,42,0.020747308999489178,CONVERGENCE: RELATIVE REDUCTION OF F <= FACTR*EPSMCH
1.9,2.0,0.0,2000,0,qlog,1.8269420418106193,0.2778232857737019,True,False,False,23,14.201933730045438,66,0.013917606998802512,CONVERGENCE: NORM OF PROJECTED GRADIENT <= PGTOL
1.9,2.0,0.0,2000,0,cdf,1.9082722937261456,1.9603631155102466,True,False,False,23,6.371999148665709e-05,21,0.02188245799879951,CONVERGENCE: NORM OF PROJECTED GRADIENT <= PGTOL
1.9,2.0,0.0,2000,1,pdf,1.7151713606851766,0.01,True,True,False,5,277.0120851845773,93,0.009040648999871337,CONVERGENCE: RELATIVE REDUCTION OF F <= FACTR*EPSMCH
1.9,2.0,0.0,2000,1,mle,1.86348474075108,1.8123805193039777,True,False,False,5,3789.4046512266923,42,0.004174013000010746,CONVERGENCE: RELATIVE REDUCTION OF F <= FACTR*EPSMCH
1.9,2.0,0.0,2000,1,qlog,2.054477032981703,0.01,True,True,False,5,4741.570153727493,75,0.010112604000823922,CONVERGENCE: RELATIVE REDUCTION OF F <= FACTR*EPSMCH
1.9,2.0,0.0,2000,1,cdf,1.8475797688318067,1.7080519448418012,True,False,False,5,0.00043928656153701133,45,0.06049640399942291,CONVERGENCE: NORM OF PROJECTED GRADIENT <= PGTOL
1.9,2.0,0.0,2000,2,pdf,2.6702130504540484,50.0,True,True,False,30,17.045557283828035,69,0.008139069001117605,CONVERGENCE: NORM OF PROJECTED GRADIENT <= PGTOL
1.9,2.0,0.0,2000,2,mle,1.9055220275247378,2.1880340152328057,True,False,False,30,3793.397997269373,39,0.002989047001392464,CONVERGENCE: RELATIVE REDUCTION OF F <= FACTR*EPSMCH
1.9,2.0,0.0,2000,2,qlog,2.3437091538893893,1.7679098961404414,True,False,False,30,1.3240037374371285,63,0.015569989000141504,CONVERGENCE: NORM OF PROJECTED GRADIENT <= PGTOL
1.9,2.0,0.0,2000,2,cdf,1.9138998270549503,2.2310765891104034,True,False,False,30,9.257548337145017e-05,36,0.03399673099920619,CONVERGENCE: NORM OF PROJECTED GRADIENT <= PGTOL
1.9,2.0,0.0,2000,3,pdf,1.592130671870568,0.3805992358401873,True,False,False,22,1.8412894846716823,66,0.025095679999139975,CONVERGENCE: NORM OF PROJECTED GRADIENT <= PGTOL
1.9,2.0,0.0,2000,3,mle,1.899473216778342,2.0347370722685367,True,False,False,22,3837.5321377786513,48,0.0047987950001697754,CONVERGENCE: RELATIVE REDUCTION OF F <= FACTR*EPSMCH
1.9,2.0,0.0,2000,3,qlog,1.9822451054476171,0.4922910269644188,True,False,False,22,14.966192530990542,54,0.026426828999319696,CONVERGENCE: NORM OF PROJECTED GRADIENT <= PGTOL
1.9,2.0,0.0,2000,3,cdf,1.92145311616826,2.1618679966964356,True,False,False,22,3.2777965603547385e-05,42,0.061313723999774083,CONVERGENCE: NORM OF PROJECTED GRADIENT <= PGTOL
1.9,2.0,0.0,2000,4,pdf,1.494481254219771,0.06447974286245277,True,False,False,13,1.0145520382738253,90,0.04008062799948675,CONVERGENCE: NORM OF PROJECTED GRADIENT <= PGTOL
1.9,2.0,0.0,2000,4,mle,1.8903317199477427,2.094031833521796,True,False,False,13,3766.268816195106,54,0.005158452999239671,CONVERGENCE: RELATIVE REDUCTION OF F <= FACTR*EPSMCH
1.9,2.0,0.0,2000,4,qlog,2.0242438201967277,0.04076675127143161,True,False,False,13,12.96713924644748,108,0.01799367199964763,CONVERGENCE: NORM OF PROJECTED GRADIENT <= PGTOL
1.9,2.0,0.0,2000,4,cdf,1.8252744690884442,1.7735189763350885,True,False,False,13,2.8933581535866316e-05,33,0.043523257998458575,CONVERGENCE: NORM OF PROJECTED GRADIENT <= PGTOL
1.9,2.0,0.0,2000,5,pdf,1.3560101076096547,0.19158358359910965,True,False,False,30,2.421949984602014,69,0.006936394000149448,CONVERGENCE: NORM OF PROJECTED GRADIENT <= PGTOL
1.9,2.0,0.0,2000,5,mle,1.9031718439082663,1.8927236880567064,True,False,False,30,3927.276580559381,39,0.005275985999105615,CONVERGENCE: RELATIVE REDUCTION OF F <= FACTR*EPSMCH
1.9,2.0,0.0,2000,5,qlog,1.8505795566920078,0.20081185559315917,True,False,False,30,12.6738331279322,63,0.008484336000037729,CONVERGENCE: NORM OF PROJECTED GRADIENT <= PGTOL
1.9,2.0,0.0,2000,5,cdf,1.9037022642813755,1.890248879364665,True,False,False,30,9.092366966049342e-05,45,0.02856642299957457,CONVERGENCE: NORM OF PROJECTED GRADIENT <= PGTOL
1.9,2.0,0.0,2000,6,pdf,1.266517702559453,0.01,True,True,False,9,95.06569781543381,69,0.00565625599847408,CONVERGENCE: NORM OF PROJECTED GRADIENT <= PGTOL
1.9,2.0,0.0,2000,6,mle,1.9098131468458117,1.907290445574676,True,False,False,9,3951.1138713809164,39,0.019564845999411773,CONVERGENCE: RELATIVE REDUCTION OF F <= FACTR*EPSMCH
1.9,2.0,0.0,2000,6,qlog,1.9176559343039388,0.01,True,True,False,9,477.95616427473243,66,0.00958545600042271,CONVERGENCE: RELATIVE REDUCTION OF F <= FACTR*EPSMCH
1.9,2.0,0.0,2000,6,cdf,1.920246884452164,1.9606634520191946,True,False,False,9,9.546793349558933e-05,24,0.024578447000749293,CONVERGENCE: NORM OF PROJECTED GRADIENT <= PGTOL
1.9,2.0,0.0,2000,7,pdf,1.3838087824814393,0.2075266959342065,True,False,False,22,3.6610250510110944,78,0.016766205999374506,CONVERGENCE: NORM OF PROJECTED GRADIENT <= PGTOL
1.9,2.0,0.0,2000,7,mle,1.8707679690114845,1.7996014173765476,True,False,False,22,3828.8710359126108,42,0.010650255999280489,CONVERGENCE: RELATIVE REDUCTION OF F <= FACTR*EPSMCH
1.9,2.0,0.0,2000,7,qlog,1.8436057646564035,0.25153294753581934,True,False,False,22,20.09793824091082,63,0.010099393999553286,CONVERGENCE: NORM OF PROJECTED GRADIENT <= PGTOL
1.9,2.0,0.0,2000,7,cdf,1.866432265490071,1.7732303695782325,True,False,False,22,0.0001052966281596188,42,0.044206669999766746,CONVERGENCE: NORM OF PROJECTED GRADIENT <= PGTOL
1.9,2.0,0.0,2000,8,pdf,1.615638685738757,0.3435499186741823,True,False,False,20,1.1394503428098663,57,0.009997681998356711,CONVERGENCE: NORM OF PROJECTED GRADIENT <= PGTOL
1.9,2.0,0.0,2000,8,mle,1.9076856093596544,2.0453584296472753,True,False,False,20,3871.093974084295,42,0.003476378999039298,CONVERGENCE: RELATIVE REDUCTION OF F <= FACTR*EPSMCH
1.9,2.0,0.0,2000,8,qlog,2.0171407036374687,0.4102934790741482,True,False,False,20,15.544123597316712,54,0.008190255999579676,CONVERGENCE: NORM OF PROJECTED GRADIENT <= PGTOL
1.9,2.0,0.0,2000,8,cdf,1.9526396095915304,2.3149075554812772,True,False,False,20,0.00022090941541961576,42,0.03880572000161919,CONVERGENCE: NORM OF PROJECTED GRADIENT <= PGTOL
1.9,2.0,0.0,2000,9,pdf,2.0052434693099914,8.948815434669612,True,False,False,8,0.2661514637585999,123,0.0376145930003986,CONVERGENCE: NORM OF PROJECTED GRADIENT <= PGTOL
1.9,2.0,0.0,2000,9,mle,1.9056752275026805,2.1446813520243313,True,False,False,8,3814.136128188149,60,0.0075743960005638655,CONVERGENCE: RELATIVE REDUCTION OF F <= FACTR*EPSMCH
1.9,2.0,0.0,2000,9,qlog,2.807074457470424,0.6642036170773516,True,False,False,8,0.41790953469185044,111,0.015020254000774003,CONVERGENCE: NORM OF PROJECTED GRADIENT <= PGTOL
1.9,2.0,0.0,2000,9,cdf,1.9104384705621444,2.1724317909459807,True,False,False,8,1.4093992858205761e-05,42,0.0324205710003298,CONVERGENCE: NORM OF PROJECTED GRADIENT <= PGTOL
1.9,2.0,0.0,2000,10,pdf,1.6814225959717075,0.5346480665605821,True,False,False,22,0.7135372869399894,57,0.007097227000485873,CONVERGENCE: NORM OF PROJECTED GRADIENT <= PGTOL
1.9,2.0,0.0,2000,10,mle,1.8891944146783073,1.9730644324229154,True,False,False,22,3820.5259244181443,39,0.01838508500077296,CONVERGENCE: RELATIVE REDUCTION OF F <= FACTR*EPSMCH
1.9,2.0,0.0,2000,10,qlog,1.9548111424744932,0.821285621555824,True,False,False,22,4.452907718782622,48,0.00908941300076549,CONVERGENCE: NORM OF PROJECTED GRADIENT <= PGTOL
1.9,2.0,0.0,2000,10,cdf,1.936471072885457,2.2436538324803124,True,False,False,22,0.00013924767912669062,42,0.03417069599890965,CONVERGENCE: NORM OF PROJECTED GRADIENT <= PGTOL
1.9,2.0,0.0,2000,11,pdf,2.8779472516384135,50.0,True,True,False,16,23.677132551788826,69,0.006568336000782438,CONVERGENCE: NORM OF PROJECTED GRADIENT <= PGTOL
1.9,2.0,0.0,2000,11,mle,1.9106159474923043,2.0696825671631967,True,False,False,16,3873.233461135883,42,0.0074630960007198155,CONVERGENCE: RELATIVE REDUCTION OF F <= FACTR*EPSMCH
1.9,2.0,0.0,2000,11,qlog,2.850288915373305,50.0,True,True,False,16,0.5663765097916047,198,0.054082335000202875,CONVERGENCE: NORM OF PROJECTED GRADIENT <= PGTOL
1.9,2.0,0.0,2000,11,cdf,1.9050706127899977,2.034623702699955,True,False,False,16,8.000455229397686e-05,42,0.033766464999644086,CONVERGENCE: NORM OF PROJECTED GRADIENT <= PGTOL
1.9,2.0,0.0,2000,12,pdf,1.4527935343681762,0.1259274140415811,True,False,False,15,1.6795167478255262,84,0.01403373899847793,CONVERGENCE: NORM OF PROJECTED GRADIENT <= PGTOL
1.9,2.0,0.0,2000,12,mle,1.8795146503652873,1.97176845006694,True,False,False,15,3776.9125958485224,39,0.002955818999907933,CONVERGENCE: RELATIVE REDUCTION OF F <= FACTR*EPSMCH
1.9,2.0,0.0,2000,12,qlog,1.9330706530718214,0.11473533071004968,True,False,False,15,17.14654425538636,69,0.00992201400003978,CONVERGENCE: NORM OF PROJECTED GRADIENT <= PGTOL
1.9,2.0,0.0,2000,12,cdf,1.8563227160154747,1.8524921911596097,True,False,False,15,5.1653512220278794e-05,42,0.057589295000070706,CONVERGENCE: NORM OF PROJECTED GRADIENT <= PGTOL
1.9,2.0,0.0,2000,13,pdf,1.01,0.011097043843278868,True,True,False,9,17.423231258275063,225,0.02845497499947669,CONVERGENCE: RELATIVE REDUCTION OF F <= FACTR*EPSMCH
1.9,2.0,0.0,2000,13,mle,1.896175498807766,1.8031497523180458,True,False,False,9,3942.9441563372375,42,0.003389740999409696,CONVERGENCE: RELATIVE REDUCTION OF F <= FACTR*EPSMCH
1.9,2.0,0.0,2000,13,qlog,1.8549450507853245,0.01,True,True,False,9,149.41666607189202,87,0.011071011000240105,CONVERGENCE: NORM OF PROJECTED GRADIENT <= PGTOL
1.9,2.0,0.0,2000,13,cdf,1.9127954829237979,1.8874591714546367,True,False,False,9,3.0064273124896752e-05,45,0.05148708100023214,CONVERGENCE: NORM OF PROJECTED GRADIENT <= PGTOL
1.9,2.0,0.0,2000,14,pdf,2.95,50.0,True,True,False,13,148.54279075101837,36,0.004647071000363212,CONVERGENCE: NORM OF PROJECTED GRADIENT <= PGTOL
1.9,2.0,0.0,2000,14,mle,1.8801040416016517,1.7717602120552294,True,False,False,13,3886.5448586005614,42,0.005997387999741477,CONVERGENCE: RELATIVE REDUCTION OF F <= FACTR*EPSMCH
1.9,2.0,0.0,2000,14,qlog,1.854545173902118,0.01,True,True,False,13,109.77502908929972,72,0.011137122000945965,CONVERGENCE: RELATIVE REDUCTION OF F <= FACTR*EPSMCH
1.9,2.0,0.0,2000,14,cdf,1.8299137848464406,1.5574471757443924,True,False,False,13,1.856150292799509e-05,48,0.049893940000401926,CONVERGENCE: NORM OF PROJECTED GRADIENT <= PGTOL
1.9,2.0,0.0,2000,15,pdf,1.351951628454884,0.15237193778460753,True,False,False,21,2.952910112430332,72,0.010799107998536783,CONVERGENCE: NORM OF PROJECTED GRADIENT <= PGTOL
1.9,2.0,0.0,2000,15,mle,1.9106538398410182,2.1891783242743506,True,False,False,21,3817.2829374422945,39,0.016480053000123007,CONVERGENCE: RELATIVE REDUCTION OF F <= FACTR*EPSMCH
1.9,2.0,0.0,2000,15,qlog,1.9144673453564898,0.18505069989783784,True,False,False,21,26.472727330675404,60,0.020874715000900324,CONVERGENCE: NORM OF PROJECTED GRADIENT <= PGTOL
1.9,2.0,0.0,2000,15,cdf,1.9242905280855567,2.2731365587770207,True,False,False,21,2.5622934256256528e-05,42,0.07076651599891193,CONVERGENCE: NORM OF PROJECTED GRADIENT <= PGTOL
1.9,2.0,0.0,2000,16,pdf,1.01,0.09112029685024194,True,True,False,19,5.34448667425117,84,0.012107480999475229,CONVERGENCE: RELATIVE REDUCTION OF F <= FACTR*EPSMCH
1.9,2.0,0.0,2000,16,mle,1.9061160572366598,2.0676640693217436,True,False,False,19,3852.7969511080664,42,0.0315067800001998,CONVERGENCE: RELATIVE REDUCTION OF F <= FACTR*EPSMCH
1.9,2.0,0.0,2000,16,qlog,1.8652425140837428,0.1171043618962552,True,False,False,19,44.44221101287701,87,0.05131138800061308,CONVERGENCE: RELATIVE REDUCTION OF F <= FACTR*EPSMCH
1.9,2.0,0.0,2000,16,cdf,1.9236342798167732,2.171241905248668,True,False,False,19,1.496644568788504e-05,42,0.042983428998923046,CONVERGENCE: NORM OF PROJECTED GRADIENT <= PGTOL
1.9,2.0,0.0,2000,17,pdf,1.1395461084761254,0.08209988163360592,True,False,False,21,2.0215157270147492,102,0.010260490000291611,CONVERGENCE: NORM OF PROJECTED GRADIENT <= PGTOL
1.9,2.0,0.0,2000,17,mle,1.8860614676655119,2.1254294020370614,True,False,False,21,3731.7335999899706,39,0.0032925689993135165,CONVERGENCE: RELATIVE REDUCTION OF F <= FACTR*EPSMCH
1.9,2.0,0.0,2000,17,qlog,1.7999892126183032,0.10150081535923924,True,False,False,21,14.841377832351565,66,0.02455680799903348,CONVERGENCE: RELATIVE REDUCTION OF F <= FACTR*EPSMCH
1.9,2.0,0.0,2000,17,cdf,1.8653119216046665,2.0059407806853824,True,False,False,21,0.00013882087102139016,42,0.0328456589995767,CONVERGENCE: NORM OF PROJECTED GRADIENT <= PGTOL
1.9,2.0,0.0,2000,18,pdf,1.3178349575927877,0.13079911581312764,True,False,False,19,5.216242446056216,87,0.009866258000329253,CONVERGENCE: NORM OF PROJECTED GRADIENT <= PGTOL
1.9,2.0,0.0,2000,18,mle,1.905048587712159,1.9807018007983135,True,False,False,19,3890.709402230357,39,0.0033085630002460675,CONVERGENCE: RELATIVE REDUCTION OF F <= FACTR*EPSMCH
1.9,2.0,0.0,2000,18,qlog,1.8093584036967287,0.1325123758910571,True,False,False,19,28.20392892926257,54,0.008820671999274055,CONVERGENCE: NORM OF PROJECTED GRADIENT <= PGTOL
1.9,2.0,0.0,2000,18,cdf,1.9278010003379134,2.1083308691514455,True,False,False,19,2.3680587548637598e-05,42,0.050677499999437714,CONVERGENCE: NORM OF PROJECTED GRADIENT <= PGTOL
1.9,2.0,0.0,2000,19,pdf,1.1613869281738616,0.07010578405224803,True,False,False,15,11.930627875247628,117,0.014609167999878991,CONVERGENCE: RELATIVE REDUCTION OF F <= FACTR*EPSMCH
1.9,2.0,0.0,2000,19,mle,1.8723302099588366,1.7969482085005515,True,False,False,15,3837.3438573068265,42,0.005025488000683254,CONVERGENCE: RELATIVE REDUCTION OF F <= FACTR*EPSMCH
1.9,2.0,0.0,2000,19,qlog,1.8741435802528328,0.06355187996903834,True,False,False,15,85.22050099795152,69,0.011680812000122387,CONVERGENCE: RELATIVE REDUCTION OF F <= FACTR*EPSMCH
1.9,2.0,0.0,2000,19,cdf,1.86081251994082,1.7338315040226746,True,False,False,15,0.0001442949838455954,42,0.03790558600121585,CONVERGENCE: NORM OF PROJECTED GRADIENT <= PGTOL
1.9,2.0,0.0,2000,20,pdf,2.6105422401972795,0.01,True,True,False,2,757.3290790174116,60,0.004995801000404754,CONVERGENCE: RELATIVE REDUCTION OF F <= FACTR*EPSMCH
1.9,2.0,0.0,2000,20,mle,1.875312168079301,1.7777014391570745,True,False,False,2,3861.518263812027,42,0.016609713000434567,CONVERGENCE: RELATIVE REDUCTION OF F <= FACTR*EPSMCH
1.9,2.0,0.0,2000,20,qlog,2.49036694882489,0.01,True,True,False,2,218180.6453186383,75,0.012039336001180345,CONVERGENCE: RELATIVE REDUCTION OF F <= FACTR*EPSMCH
1.9,2.0,0.0,2000,20,cdf,1.8661398864459993,1.7339483691912223,True,False,False,2,1.277586629664601e-05,42,0.03428365199943073,CONVERGENCE: NORM OF PROJECTED GRADIENT <= PGTOL
1.9,2.0,0.0,2000,21,pdf,2.8705996500743587,50.0,True,True,False,19,28.4436608772619,84,0.012267087000509491,CONVERGENCE: RELATIVE REDUCTION OF F <= FACTR*EPSMCH
1.9,2.0,0.0,2000,21,mle,1.8742505618433918,2.0947212244699323,True,False,False,19,3692.6390922357823,39,0.003447961000347277,CONVERGENCE: RELATIVE REDUCTION OF F <= FACTR*EPSMCH
1.9,2.0,0.0,2000,21,qlog,2.7313938096007355,4.854831338801658,True,False,False,19,0.7261954074522541,111,0.045462546000635484,CONVERGENCE: NORM OF PROJECTED GRADIENT <= PGTOL
1.9,2.0,0.0,2000,21,cdf,1.8702756882404683,2.069496323832532,True,False,False,19,0.0001122139593431985,33,0.029311926000445965,CONVERGENCE: NORM OF PROJECTED GRADIENT <= PGTOL
1.9,2.0,0.0,2000,22,pdf,2.095547228630224,8.44965415363267,True,False,False,15,2.389619893976104,54,0.011378786999557633,CONVERGENCE: NORM OF PROJECTED GRADIENT <= PGTOL
1.9,2.0,0.0,2000,22,mle,1.9073286032593173,2.018278457617356,True,False,False,15,3882.7255139161075,39,0.004204967000987381,CONVERGENCE: RELATIVE REDUCTION OF F <= FACTR*EPSMCH
1.9,2.0,0.0,2000,22,qlog,2.333860802188201,6.3627103911192515,True,False,False,15,1.2996776598857105,90,0.01171275300112029,CONVERGENCE: NORM OF PROJECTED GRADIENT <= PGTOL
1.9,2.0,0.0,2000,22,cdf,1.9346470581591564,2.165830064695716,True,False,False,15,0.0001575408514883807,42,0.04077384900119796,CONVERGENCE: NORM OF PROJECTED GRADIENT <= PGTOL
1.9,2.0,0.0,2000,23,pdf,1.01,0.01592140895991042,True,True,False,11,37.6892041855312,177,0.04622426199966867,CONVERGENCE: RELATIVE REDUCTION OF F <= FACTR*EPSMCH
1.9,2.0,0.0,2000,23,mle,1.8869345280175058,1.8002313219962858,True,False,False,11,3901.7990510521163,42,0.005367392001062399,CONVERGENCE: RELATIVE REDUCTION OF F <= FACTR*EPSMCH
1.9,2.0,0.0,2000,23,qlog,1.753096239354326,0.01,True,True,False,11,158.94794460808106,78,0.011504668000270613,CONVERGENCE: RELATIVE REDUCTION OF F <= FACTR*EPSMCH
1.9,2.0,0.0,2000,23,cdf,1.881458302434913,1.773433510988643,True,False,False,11,1.0747664021587233e-05,42,0.047353406000183895,CONVERGENCE: NORM OF PROJECTED GRADIENT <= PGTOL
1.9,2.0,0.0,2000,24,pdf,2.95,50.0,True,True,False,8,238.64891485159472,33,0.010649943000316853,CONVERGENCE: NORM OF PROJECTED GRADIENT <= PGTOL
1.9,2.0,0.0,2000,24,mle,1.8738686088473977,1.9016863250249552,True,False,False,8,3787.6004653710015,39,0.005015901999286143,CONVERGENCE: RELATIVE REDUCTION OF F <= FACTR*EPSMCH
1.9,2.0,0.0,2000,24,qlog,1.929483292807443,0.01,True,True,False,8,84.54606996402634,78,0.010784104999402189,CONVERGENCE: NORM OF PROJECTED GRADIENT <= PGTOL
1.9,2.0,0.0,2000,24,cdf,1.8851076498565207,1.95975709477881,True,False,False,8,2.8928328439488576e-05,21,0.01646507700024813,CONVERGENCE: NORM OF PROJECTED GRADIENT <= PGTOL
1.9,2.0,0.0,2000,25,pdf,1.7130421297935488,0.6635368427484732,True,False,False,22,0.8396517095817821,54,0.007171477000156301,CONVERGENCE: NORM OF PROJECTED GRADIENT <= PGTOL
1.9,2.0,0.0,2000,25,mle,1.867525587978119,2.022151017609128,True,False,False,22,3697.807806887829,39,0.0033712629992805887,CONVERGENCE: RELATIVE REDUCTION OF F <= FACTR*EPSMCH
1.9,2.0,0.0,2000,25,qlog,2.0581815175247464,0.996006492606572,True,False,False,22,7.696623363987093,54,0.00615180299973872,CONVERGENCE: NORM OF PROJECTED GRADIENT <= PGTOL
1.9,2.0,0.0,2000,25,cdf,1.8410169192304415,1.885392890994065,True,False,False,22,7.09732528231938e-05,36,0.037516821999815875,CONVERGENCE: NORM OF PROJECTED GRADIENT <= PGTOL
1.9,2.0,0.0,2000,26,pdf,1.9365407157921686,1.5881025068141192,True,False,False,13,0.34627793711727356,30,0.0038172570002643624,CONVERGENCE: NORM OF PROJECTED GRADIENT <= PGTOL
1.9,2.0,0.0,2000,26,mle,1.9270648788485882,2.348950627784988,True,False,False,13,3826.3201484816063,39,0.00427966099960031,CONVERGENCE: RELATIVE REDUCTION OF F <= FACTR*EPSMCH
1.9,2.0,0.0,2000,26,qlog,2.434831390222473,0.48401406740941505,True,False,False,13,1.9446820209380724,72,0.01029467599983036,CONVERGENCE: NORM OF PROJECTED GRADIENT <= PGTOL
1.9,2.0,0.0,2000,26,cdf,1.9440949986517169,2.463708269180618,True,False,False,13,5.351445939425779e-05,42,0.044810968000092544,CONVERGENCE: NORM OF PROJECTED GRADIENT <= PGTOL
1.9,2.0,0.0,2000,27,pdf,1.233557156349753,0.08722554832563272,True,False,False,16,6.920832184233612,84,0.015568972999972175,CONVERGENCE: NORM OF PROJECTED GRADIENT <= PGTOL
1.9,2.0,0.0,2000,27,mle,1.8755252643562412,2.139879828794727,True,False,False,16,3677.050296568971,39,0.005930122999416199,CONVERGENCE: RELATIVE REDUCTION OF F <= FACTR*EPSMCH
1.9,2.0,0.0,2000,27,qlog,1.8431346102797281,0.08512788365323608,True,False,False,16,45.99511465755688,69,0.01204262099963671,CONVERGENCE: RELATIVE REDUCTION OF F <= FACTR*EPSMCH
1.9,2.0,0.0,2000,27,cdf,1.8798066817343895,2.1472879358340737,True,False,False,16,0.00025488452440216214,36,0.04624074300045322,CONVERGENCE: NORM OF PROJECTED GRADIENT <= PGTOL
1.9,2.0,0.0,2000,28,pdf,1.4846871302760964,0.19459060444459275,True,False,False,18,2.2153807454882823,69,0.03446026600067853,CONVERGENCE: NORM OF PROJECTED GRADIENT <= PGTOL
1.9,2.0,0.0,2000,28,mle,1.8961492929218984,1.8633431367027193,True,False,False,18,3909.9850228286577,42,0.016933195000092383,CONVERGENCE: RELATIVE REDUCTION OF F <= FACTR*EPSMCH
1.9,2.0,0.0,2000,28,qlog,1.9253598635318847,0.2095863558142998,True,False,False,18,18.724464282906087,57,0.008351291000508354,CONVERGENCE: RELATIVE REDUCTION OF F <= FACTR*EPSMCH
1.9,2.0,0.0,2000,28,cdf,1.874173733852454,1.7527738655921734,True,False,False,18,6.699798030297245e-05,42,0.055607184000109555,CONVERGENCE: NORM OF PROJECTED GRADIENT <= PGTOL
1.9,2.0,0.0,2000,29,pdf,2.8492610441472683,50.0,True,True,False,13,39.46600859384226,63,0.012243995000972063,CONVERGENCE: NORM OF PROJECTED GRADIENT <= PGTOL
1.9,2.0,0.0,2000,29,mle,1.8991652471520077,2.0243270885130085,True,False,False,13,3841.2179970460465,39,0.005126632000610698,CONVERGENCE: RELATIVE REDUCTION OF F <= FACTR*EPSMCH
1.9,2.0,0.0,2000,29,qlog,2.801077649115219,50.0,True,True,False,13,0.953293076522228,192,0.03209555399917008,CONVERGENCE: RELATIVE REDUCTION OF F <= FACTR*EPSMCH
1.9,2.0,0.0,2000,29,cdf,1.886368146757594,1.9480814605314232,True,False,False,13,6.816449762358032e-05,21,0.014463453000644222,CONVERGENCE: NORM OF PROJECTED GRADIENT <= PGTOL
1.9,2.0,0.0,2000,30,pdf,1.7592440673403427,0.797127584776469,True,False,False,31,1.2279545179039084,66,0.020179033001113567,CONVERGENCE: NORM OF PROJECTED GRADIENT <= PGTOL
1.9,2.0,0.0,2000,30,mle,1.9055248353816296,2.063219065556628,True,False,False,31,3852.147797028778,42,0.005746793000071193,CONVERGENCE: NORM OF PROJECTED GRADIENT <= PGTOL
1.9,2.0,0.0,2000,30,qlog,2.1157088486291267,1.4558014403037702,True,False,False,31,3.326769604802094,51,0.00546245099940279,CONVERGENCE: NORM OF PROJECTED GRADIENT <= PGTOL
1.9,2.0,0.0,2000,30,cdf,1.874399722724438,1.8943473295319888,True,False,False,31,8.285100172797574e-05,42,0.03548011000020779,CONVERGENCE: NORM OF PROJECTED GRADIENT <= PGTOL
1.9,2.0,0.0,2000,31,pdf,1.1834972571410718,0.028615614461234156,True,False,False,11,12.144759070131437,123,0.012494274000346195,CONVERGENCE: RELATIVE REDUCTION OF F <= FACTR*EPSMCH
1.9,2.0,0.0,2000,31,mle,1.8884338033424688,1.852336894591306,True,False,False,11,3880.161550175597,39,0.003874188998452155,CONVERGENCE: RELATIVE REDUCTION OF F <= FACTR*EPSMCH
1.9,2.0,0.0,2000,31,qlog,1.925918738155378,0.02685471759177676,True,False,False,11,97.84505799485092,105,0.01376074499967217,CONVERGENCE: RELATIVE REDUCTION OF F <= FACTR*EPSMCH
1.9,2.0,0.0,2000,31,cdf,1.8533913077631647,1.6891665388059878,True,False,False,11,2.7352503639410397e-05,45,0.0546120119997795,CONVERGENCE: NORM OF PROJECTED GRADIENT <= PGTOL
1.9,2.0,0.0,2000,32,pdf,1.3612706500556389,0.17695161716588323,True,False,False,20,6.137916243420504,78,0.009113936999710859,CONVERGENCE: NORM OF PROJECTED GRADIENT <= PGTOL
1.9,2.0,0.0,2000,32,mle,1.9090966773065048,2.004256137873969,True,False,False,20,3898.1085528852536,42,0.004048943999805488,CONVERGENCE: RELATIVE REDUCTION OF F <= FACTR*EPSMCH
1.9,2.0,0.0,2000,32,qlog,1.8820866685129036,0.1884150123466486,True,False,False,20,33.991732876053455,63,0.012314728999626823,CONVERGENCE: NORM OF PROJECTED GRADIENT <= PGTOL
1.9,2.0,0.0,2000,32,cdf,1.8747464095112545,1.8289030097437624,True,False,False,20,4.51467846188255e-05,42,0.05036580000160029,CONVERGENCE: NORM OF PROJECTED GRADIENT <= PGTOL
1.9,2.0,0.0,2000,33,pdf,1.739260313748234,0.6855480378876336,True,False,False,25,1.5578387143183356,45,0.003982652000559028,CONVERGENCE: NORM OF PROJECTED GRADIENT <= PGTOL
1.9,2.0,0.0,2000,33,mle,1.8570846379750232,1.5655947443069056,True,False,False,25,3907.6290442072495,39,0.0058074240005225874,CONVERGENCE: RELATIVE REDUCTION OF F <= FACTR*EPSMCH
1.9,2.0,0.0,2000,33,qlog,2.151356985666525,1.2128670806342619,True,False,False,25,1.8101702749007444,48,0.007381833000181359,CONVERGENCE: NORM OF PROJECTED GRADIENT <= PGTOL
1.9,2.0,0.0,2000,33,cdf,1.867178878093291,1.6062440554887465,True,False,False,25,3.219236226211197e-05,48,0.04955915900063701,CONVERGENCE: NORM OF PROJECTED GRADIENT <= PGTOL
1.9,2.0,0.0,2000,34,pdf,1.6165480123568894,0.27542676995689386,True,False,False,14,1.0539744468364187,57,0.020988788000977365,CONVERGENCE: NORM OF PROJECTED GRADIENT <= PGTOL
1.9,2.0,0.0,2000,34,mle,1.8640670314967676,1.8160713042801315,True,False,False,14,3789.9476216388193,39,0.015739460999611765,CONVERGENCE: RELATIVE REDUCTION OF F <= FACTR*EPSMCH
1.9,2.0,0.0,2000,34,qlog,2.0462273635887898,0.23189893009556115,True,False,False,14,16.28028379851988,66,0.03506052500051737,CONVERGENCE: NORM OF PROJECTED GRADIENT <= PGTOL
1.9,2.0,0.0,2000,34,cdf,1.8784246020661974,1.8833185402696366,True,False,False,14,6.713018644650003e-05,42,0.054003384999305126,CONVERGENCE: NORM OF PROJECTED GRADIENT <= PGTOL
1.9,2.0,0.0,2000,35,pdf,1.8426243430074516,50.0,True,True,False,15,5.833105815945015,51,0.004111116999411024,CONVERGENCE: NORM OF PROJECTED GRADIENT <= PGTOL
1.9,2.0,0.0,2000,35,mle,1.913179627206261,2.4173880041235574,True,False,False,15,3730.2119479289113,48,0.003487664998829132,CONVERGENCE: RELATIVE REDUCTION OF F <= FACTR*EPSMCH
1.9,2.0,0.0,2000,35,qlog,2.730994605102711,50.0,True,True,False,15,1.0391708379190385,186,0.031304514999646926,CONVERGENCE: NORM OF PROJECTED GRADIENT <= PGTOL
1.9,2.0,0.0,2000,35,cdf,1.9024573897222674,2.3458282205768413,True,False,False,15,1.2073161746951934e-05,39,0.028317649999735295,CONVERGENCE: NORM OF PROJECTED GRADIENT <= PGTOL
1.9,2.0,0.0,2000,36,pdf,1.3435372895766922,0.15220696602598227,True,False,False,18,6.433095265972329,66,0.006362746999002411,CONVERGENCE: NORM OF PROJECTED GRADIENT <= PGTOL
1.9,2.0,0.0,2000,36,mle,1.891923766890104,1.8991259314107145,True,False,False,18,3871.328879717864,42,0.020138779998887912,CONVERGENCE: RELATIVE REDUCTION OF F <= FACTR*EPSMCH
1.9,2.0,0.0,2000,36,qlog,1.8121872274584956,0.1594425790556732,True,False,False,18,32.4622449978265,60,0.008309609000207274,CONVERGENCE: NORM OF PROJECTED GRADIENT <= PGTOL
1.9,2.0,0.0,2000,36,cdf,1.903897862366896,1.959152248403839,True,False,False,18,7.101779921733409e-05,21,0.02040139999917301,CONVERGENCE: NORM OF PROJECTED GRADIENT <= PGTOL
1.9,2.0,0.0,2000,37,pdf,2.045057465374174,5.268466216784153,True,False,False,15,0.87202507979273,60,0.009480968999923789,CONVERGENCE: NORM OF PROJECTED GRADIENT <= PGTOL
1.9,2.0,0.0,2000,37,mle,1.8982483781044182,1.781536308005371,True,False,False,15,3964.685695335523,42,0.0050480869995226385,CONVERGENCE: RELATIVE REDUCTION OF F <= FACTR*EPSMCH
1.9,2.0,0.0,2000,37,qlog,2.4013901089664893,4.971155961414581,True,False,False,15,1.5567510913686773,111,0.016286735000903718,CONVERGENCE: NORM OF PROJECTED GRADIENT <= PGTOL
1.9,2.0,0.0,2000,37,cdf,1.9006428549926644,1.79247738762205,True,False,False,15,1.60744387081927e-05,45,0.04800238200004969,CONVERGENCE: NORM OF PROJECTED GRADIENT <= PGTOL
1.9,2.0,0.0,2000,38,pdf,1.01,0.12862413809735931,True,True,False,17,5.0526662890783705,90,0.012729037000099197,CONVERGENCE: NORM OF PROJECTED GRADIENT <= PGTOL
1.9,2.0,0.0,2000,38,mle,1.87115109007545,1.8534214366236652,True,False,False,17,3801.117308076113,42,0.01744735300053435,CONVERGENCE: RELATIVE REDUCTION OF F <= FACTR*EPSMCH
1.9,2.0,0.0,2000,38,qlog,2.6412010532081727,3.2317114548075416,True,False,False,17,1.3238193510092093,96,0.015442956999322632,CONVERGENCE: NORM OF PROJECTED GRADIENT <= PGTOL
1.9,2.0,0.0,2000,38,cdf,1.9077938065901414,2.047829383312505,True,False,False,17,2.033170211591987e-05,42,0.041118703000393,CONVERGENCE: NORM OF PROJECTED GRADIENT <= PGTOL
1.9,2.0,0.0,2000,39,pdf,1.4144680602115791,0.01,True,True,False,10,121.05904356996557,72,0.009344399999463349,CONVERGENCE: NORM OF PROJECTED GRADIENT <= PGTOL
1.9,2.0,0.0,2000,39,mle,1.8986225885987968,1.9072144717143515,True,False,False,10,3898.270044238524,39,0.004645117000109167,CONVERGENCE: RELATIVE REDUCTION OF F <= FACTR*EPSMCH
1.9,2.0,0.0,2000,39,qlog,1.879908455133185,0.01,True,True,False,10,710.0144148258835,63,0.012268113001482561,CONVERGENCE: RELATIVE REDUCTION OF F <= FACTR*EPSMCH
1.9,2.0,0.0,2000,39,cdf,1.8552707333438312,1.683975642623238,True,False,False,10,0.00028655621614619587,45,0.03704545000073267,CONVERGENCE: NORM OF PROJECTED GRADIENT <= PGTOL
1.9,2.0,0.0,2000,40,pdf,1.01,0.03670570405461292,True,True,False,15,3.7569067587149823,126,0.039170486001239624,CONVERGENCE: NORM OF PROJECTED GRADIENT <= PGTOL
1.9,2.0,0.0,2000,40,mle,1.912825436418006,2.0283272512365933,True,False,False,15,3903.9900110606886,42,0.004820015999939642,CONVERGENCE: RELATIVE REDUCTION OF F <= FACTR*EPSMCH
1.9,2.0,0.0,2000,40,qlog,1.8864540232700038,0.0500043802445035,True,False,False,15,54.864112772520635,72,0.008813204000034602,CONVERGENCE: RELATIVE REDUCTION OF F <= FACTR*EPSMCH
1.9,2.0,0.0,2000,40,cdf,1.9216980927081586,2.0728377024356606,True,False,False,15,9.214205387482447e-05,42,0.06549499500033562,CONVERGENCE: NORM OF PROJECTED GRADIENT <= PGTOL
1.9,2.0,0.0,2000,41,pdf,1.01,0.023630015435585083,True,True,False,15,1.8996665784667437,117,0.02515806200062798,CONVERGENCE: RELATIVE REDUCTION OF F <= FACTR*EPSMCH
1.9,2.0,0.0,2000,41,mle,1.8776002179968152,1.8510527222044773,True,False,False,15,3831.415137225701,42,0.021043581999037997,CONVERGENCE: RELATIVE REDUCTION OF F <= FACTR*EPSMCH
1.9,2.0,0.0,2000,41,qlog,1.7794097266321969,0.02957155233607346,True,False,False,15,22.23127348972649,87,0.021953518998998334,CONVERGENCE: RELATIVE REDUCTION OF F <= FACTR*EPSMCH
1.9,2.0,0.0,2000,41,cdf,1.8600359289577377,1.7672273144511956,True,False,False,15,1.5186355033911085e-05,42,0.029304268000487355,CONVERGENCE: NORM OF PROJECTED GRADIENT <= PGTOL
1.9,2.0,0.0,2000,42,pdf,2.05924465914456,13.683219390511027,True,False,False,13,2.245075367764117,69,0.022205010000106995,CONVERGENCE: NORM OF PROJECTED GRADIENT <= PGTOL
1.9,2.0,0.0,2000,42,mle,1.916188774638623,2.237718186326082,True,False,False,13,3821.914239080827,39,0.003671025999210542,CONVERGENCE: RELATIVE REDUCTION OF F <= FACTR*EPSMCH
1.9,2.0,0.0,2000,42,qlog,2.393956827735429,21.31371745369384,True,False,False,13,1.2326990244621274,129,0.01751311700172664,CONVERGENCE: NORM OF PROJECTED GRADIENT <= PGTOL
1.9,2.0,0.0,2000,42,cdf,1.90111311870028,2.14235964925773,True,False,False,13,0.00010062705184486221,42,0.0362220819988579,CONVERGENCE: NORM OF PROJECTED GRADIENT <= PGTOL
1.9,2.0,0.0,2000,43,pdf,1.1772861721812653,0.057051145661392966,True,False,False,17,15.465004721038618,111,0.010893720000240137,CONVERGENCE: RELATIVE REDUCTION OF F <= FACTR*EPSMCH
1.9,2.0,0.0,2000,43,mle,1.8929985857906515,1.9552376243239662,True,False,False,17,3847.1918921890456,36,0.002516344000468962,CONVERGENCE: RELATIVE REDUCTION OF F <= FACTR*EPSMCH
1.9,2.0,0.0,2000,43,qlog,1.791413466087966,0.042747875882303416,True,False,False,17,70.23885495620904,75,0.024401355000009062,CONVERGENCE: RELATIVE REDUCTION OF F <= FACTR*EPSMCH
1.9,2.0,0.0,2000,43,cdf,1.8435959934749744,1.7173005275345747,True,False,False,17,5.5012827139872655e-05,42,0.06815595199987001,CONVERGENCE: NORM OF PROJECTED GRADIENT <= PGTOL
1.9,2.0,0.0,2000,44,pdf,1.3454657063506246,0.03405803498363271,True,False,False,14,1.164325870495318,132,0.030852836000121897,CONVERGENCE: NORM OF PROJECTED GRADIENT <= PGTOL
1.9,2.0,0.0,2000,44,mle,1.9392693395771379,2.271617423232024,True,False,False,14,3920.3522440395,39,0.00480380199951469,CONVERGENCE: RELATIVE REDUCTION OF F <= FACTR*EPSMCH
1.9,2.0,0.0,2000,44,qlog,1.9367392453037198,0.033271399884930365,True,False,False,14,22.324608695630218,75,0.010057855999548337,CONVERGENCE: NORM OF PROJECTED GRADIENT <= PGTOL
1.9,2.0,0.0,2000,44,cdf,1.9197700320277717,2.1510232381823413,True,False,False,14,2.082722071880269e-05,45,0.03578969100090035,CONVERGENCE: NORM OF PROJECTED GRADIENT <= PGTOL
1.9,2.0,0.0,2000,45,pdf,1.1593767143327254,0.09434815933000874,True,False,False,19,3.8616786150756193,96,0.008870294999724138,CONVERGENCE: NORM OF PROJECTED GRADIENT <= PGTOL
1.9,2.0,0.0,2000,45,mle,1.903603942527524,2.1832450561835226,True,False,False,19,3786.520223286425,42,0.003863790001560119,CONVERGENCE: RELATIVE REDUCTION OF F <= FACTR*EPSMCH
1.9,2.0,0.0,2000,45,qlog,1.8105548628131523,0.10195190716076129,True,False,False,19,21.786279076951107,66,0.009251753001080942,CONVERGENCE: NORM OF PROJECTED GRADIENT <= PGTOL
1.9,2.0,0.0,2000,45,cdf,1.9169917032641743,2.262721565962094,True,False,False,19,3.2010451012098945e-05,39,0.048151877001146204,CONVERGENCE: NORM OF PROJECTED GRADIENT <= PGTOL
1.9,2.0,0.0,2000,46,pdf,1.0469388082869115,0.011693348501447532,True,False,False,11,5.996995260008643,90,0.0134143920004135,CONVERGENCE: RELATIVE REDUCTION OF F <= FACTR*EPSMCH
1.9,2.0,0.0,2000,46,mle,1.8716333552250168,1.8805896612458812,True,False,False,11,3788.7246977472664,42,0.004060297000251012,CONVERGENCE: RELATIVE REDUCTION OF F <= FACTR*EPSMCH
1.9,2.0,0.0,2000,46,qlog,1.7674590410348887,0.012178954253636798,True,False,False,11,44.322466042013716,84,0.014313454001239734,CONVERGENCE: RELATIVE REDUCTION OF F <= FACTR*EPSMCH
1.9,2.0,0.0,2000,46,cdf,1.8640595972604115,1.8361243621160286,True,False,False,11,9.224534584325477e-05,42,0.051693014000193216,CONVERGENCE: NORM OF PROJECTED GRADIENT <= PGTOL
1.9,2.0,0.0,2000,47,pdf,1.495125799970512,0.2547406618614379,True,False,False,16,2.2063427765720416,72,0.014021070001035696,CONVERGENCE: NORM OF PROJECTED GRADIENT <= PGTOL
1.9,2.0,0.0,2000,47,mle,1.8552881295579755,1.9550294012461205,True,False,False,16,3677.6388751124427,33,0.005800664001071709,CONVERGENCE: RELATIVE REDUCTION OF F <= FACTR*EPSMCH
1.9,2.0,0.0,2000,47,qlog,1.9413986312533729,0.3173572453808,True,False,False,16,22.955362330456072,54,0.01208931300061522,CONVERGENCE: NORM OF PROJECTED GRADIENT <= PGTOL
1.9,2.0,0.0,2000,47,cdf,1.8234041133193328,1.8019670059210717,True,False,False,16,3.887648510683652e-05,36,0.026260540000293986,CONVERGENCE: NORM OF PROJECTED GRADIENT <= PGTOL
1.9,2.0,0.0,2000,48,pdf,1.823786700358903,0.7540355862457171,True,False,False,20,0.8017236771866669,45,0.004017682998892269,CONVERGENCE: NORM OF PROJECTED GRADIENT <= PGTOL
1.9,2.0,0.0,2000,48,mle,1.9157020920767927,2.0420029165398024,True,False,False,20,3911.0943802490756,42,0.0028419259997463087,CONVERGENCE: RELATIVE REDUCTION OF F <= FACTR*EPSMCH
1.9,2.0,0.0,2000,48,qlog,2.0573723517608093,0.5679962868543271,True,False,False,20,3.3043166076007195,51,0.005445732000225689,CONVERGENCE: NORM OF PROJECTED GRADIENT <= PGTOL
1.9,2.0,0.0,2000,48,cdf,1.925152160821563,2.091467722895669,True,False,False,20,5.533413278759304e-05,42,0.04550626299896976,CONVERGENCE: NORM OF PROJECTED GRADIENT <= PGTOL
1.9,2.0,0.0,2000,49,pdf,1.01,0.02047223854446216,True,True,False,12,36.629590935396,180,0.023382150999168516,CONVERGENCE: RELATIVE REDUCTION OF F <= FACTR*EPSMCH
1.9,2.0,0.0,2000,49,mle,1.9430595939140338,2.471301483730516,True,False,False,12,3855.164194999913,39,0.00325380399954156,CONVERGENCE: RELATIVE REDUCTION OF F <= FACTR*EPSMCH
1.9,2.0,0.0,2000,49,qlog,1.7716676875473119,0.012059044062336094,True,False,False,12,144.07618814072615,78,0.009351864000564092,CONVERGENCE: RELATIVE REDUCTION OF F <= FACTR*EPSMCH
1.9,2.0,0.0,2000,49,cdf,1.9422469451323099,2.463401329285241,True,False,False,12,2.167380822446032e-05,39,0.041224620001230505,CONVERGENCE: NORM OF PROJECTED GRADIENT <= PGTOL
1.9,2.0,0.0,2000,50,pdf,1.2135685620158692,0.07423857455537917,True,False,False,17,5.936977570275071,126,0.012160293999841087,CONVERGENCE: NORM OF PROJECTED GRADIENT <= PGTOL
1.9,2.0,0.0,2000,50,mle,1.8814597578161887,1.8902349396315214,True,False,False,17,3827.9811754253988,42,0.004176438000285998,CONVERGENCE: RELATIVE REDUCTION OF F <= FACTR*EPSMCH
1.9,2.0,0.0,2000,50,qlog,1.8350582766731196,0.07302404411261051,True,False,False,17,38.01414839274146,81,0.012989693001145497,CONVERGENCE: NORM OF PROJECTED GRADIENT <= PGTOL
1.9,2.0,0.0,2000,50,cdf,1.8788383639009962,1.8757939010073337,True,False,False,17,2.7240546592719718e-05,42,0.039718015999824274,CONVERGENCE: NORM OF PROJECTED GRADIENT <= PGTOL
1.9,2.0,0.0,2000,51,pdf,1.5558720708649896,0.3378985687417873,True,False,False,22,1.1929440114276455,63,0.03315457800090371,CONVERGENCE: NORM OF PROJECTED GRADIENT <= PGTOL
1.9,2.0,0.0,2000,51,mle,1.8588014187638364,1.775663604326073,True,False,False,22,3789.2435661331738,42,0.010866434999115882,CONVERGENCE: RELATIVE REDUCTION OF F <= FACTR*EPSMCH
1.9,2.0,0.0,2000,51,qlog,1.9789843608727873,0.524949920793595,True,False,False,22,10.977762804295056,54,0.007807662999766762,CONVERGENCE: NORM OF PROJECTED GRADIENT <= PGTOL
1.9,2.0,0.0,2000,51,cdf,1.848152607780167,1.7240433476786186,True,False,False,22,6.263155579818255e-05,45,0.03668119300164108,CONVERGENCE: NORM OF PROJECTED GRADIENT <= PGTOL
1.9,2.0,0.0,2000,52,pdf,1.285300310388756,0.09949037506008321,True,False,False,18,5.556818412290994,72,0.0077189879993966315,CONVERGENCE: NORM OF PROJECTED GRADIENT <= PGTOL
1.9,2.0,0.0,2000,52,mle,1.901191863918162,2.0265195933694584,True,False,False,18,3849.6485379895216,42,0.003975595000156318,CONVERGENCE: RELATIVE REDUCTION OF F <= FACTR*EPSMCH
1.9,2.0,0.0,2000,52,qlog,1.8605973447548536,0.09781117328554136,True,False,False,18,33.72975332023907,72,0.05004192900014459,CONVERGENCE: NORM OF PROJECTED GRADIENT <= PGTOL
1.9,2.0,0.0,2000,52,cdf,1.8904212693079112,1.9594383268646074,True,False,False,18,9.836528645665798e-05,21,0.019798123999862582,CONVERGENCE: NORM OF PROJECTED GRADIENT <= PGTOL
1.9,2.0,0.0,2000,53,pdf,1.4283624292230286,0.08323963553171972,True,False,False,10,1.5968075745748194,123,0.0512367709998216,CONVERGENCE: RELATIVE REDUCTION OF F <= FACTR*EPSMCH
1.9,2.0,0.0,2000,53,mle,1.9039919997923134,2.058603463529282,True,False,False,10,3847.1372151991736,42,0.004778177999469335,CONVERGENCE: RELATIVE REDUCTION OF F <= FACTR*EPSMCH
1.9,2.0,0.0,2000,53,qlog,2.0130394784120695,0.08520687884409775,True,False,False,10,43.69908400612482,78,0.020550391000142554,CONVERGENCE: NORM OF PROJECTED GRADIENT <= PGTOL
1.9,2.0,0.0,2000,53,cdf,1.9292867305539863,2.2086822634509926,True,False,False,10,2.5818271772911246e-05,42,0.07452135299899965,CONVERGENCE: NORM OF PROJECTED GRADIENT <= PGTOL
1.9,2.0,0.0,2000,54,pdf,1.01,0.05020726839916398,True,True,False,12,20.693413549759992,84,0.007513902999562561,CONVERGENCE: RELATIVE REDUCTION OF F <= FACTR*EPSMCH
1.9,2.0,0.0,2000,54,mle,1.8842077964182637,1.888687566864125,True,False,False,12,3841.3370632293436,42,0.004075266999279847,CONVERGENCE: RELATIVE REDUCTION OF F <= FACTR*EPSMCH
1.9,2.0,0.0,2000,54,qlog,1.7897114533997327,0.03923973542075352,True,False,False,12,110.50002187739388,75,0.010536317000514828,CONVERGENCE: RELATIVE REDUCTION OF F <= FACTR*EPSMCH
1.9,2.0,0.0,2000,54,cdf,1.9162007227513014,2.0626833353783427,True,False,False,12,5.509975956183306e-05,42,0.03916882500016072,CONVERGENCE: NORM OF PROJECTED GRADIENT <= PGTOL
1.9,2.0,0.0,2000,55,pdf,1.01,0.021546102248852367,True,True,False,12,35.97072377909552,165,0.013380242999119218,CONVERGENCE: RELATIVE REDUCTION OF F <= FACTR*EPSMCH
1.9,2.0,0.0,2000,55,mle,1.9055180152614735,2.002220497233985,True,False,False,12,3882.126154748847,42,0.0199197149995598,CONVERGENCE: RELATIVE REDUCTION OF F <= FACTR*EPSMCH
1.9,2.0,0.0,2000,55,qlog,1.7770374597622791,0.013012042006676808,True,False,False,12,149.708335520832,153,0.020443633999093436,CONVERGENCE: RELATIVE REDUCTION OF F <= FACTR*EPSMCH
1.9,2.0,0.0,2000,55,cdf,1.8828774577062977,1.882222253534683,True,False,False,12,4.870412514593245e-05,42,0.04059223900003417,CONVERGENCE: NORM OF PROJECTED GRADIENT <= PGTOL
1.9,2.0,0.0,2000,56,pdf,2.0210667572969854,4.045736734615875,True,False,False,20,1.1209733871780028,39,0.005184636000194587,CONVERGENCE: NORM OF PROJECTED GRADIENT <= PGTOL
1.9,2.0,0.0,2000,56,mle,1.9212055926970413,2.2468727819643,True,False,False,20,3842.1203028146683,39,0.005966955000985763,CONVERGENCE: RELATIVE REDUCTION OF F <= FACTR*EPSMCH
1.9,2.0,0.0,2000,56,qlog,2.237093575847834,2.9179401460715684,True,False,False,20,1.6210231792545255,66,0.02693262199863966,CONVERGENCE: NORM OF PROJECTED GRADIENT <= PGTOL
1.9,2.0,0.0,2000,56,cdf,1.9452868463248394,2.389450184764959,True,False,False,20,0.00011695817153310212,42,0.03854730799866957,CONVERGENCE: NORM OF PROJECTED GRADIENT <= PGTOL
1.9,2.0,0.0,2000,57,pdf,1.3731835667171617,0.01762317968978666,True,False,False,7,1.3142208167072778,150,0.016305561000990565,CONVERGENCE: NORM OF PROJECTED GRADIENT <= PGTOL
1.9,2.0,0.0,2000,57,mle,1.9360995471914637,2.4540201676163345,True,False,False,7,3827.267799521929,39,0.004559046999929706,CONVERGENCE: RELATIVE REDUCTION OF F <= FACTR*EPSMCH
1.9,2.0,0.0,2000,57,qlog,2.002322429583991,0.011423498871942701,True,False,False,7,23.365632596869656,108,0.018874998000683263,CONVERGENCE: RELATIVE REDUCTION OF F <= FACTR*EPSMCH
1.9,2.0,0.0,2000,57,cdf,1.9453392094047262,2.5182184875909477,True,False,False,7,1.5250478488867478e-05,42,0.04987634399913077,CONVERGENCE: NORM OF PROJECTED GRADIENT <= PGTOL
1.9,2.0,0.0,2000,58,pdf,1.4659700751532312,0.11166712773191179,True,False,False,14,1.1872646653350325,84,0.014714605000335723,CONVERGENCE: NORM OF PROJECTED GRADIENT <= PGTOL
1.9,2.0,0.0,2000,58,mle,1.8955500108943546,1.9225225321762305,True,False,False,14,3875.925932090283,36,0.002912449001087225,CONVERGENCE: NORM OF PROJECTED GRADIENT <= PGTOL
1.9,2.0,0.0,2000,58,qlog,1.9443487416595604,0.10579377533831336,True,False,False,14,18.60028780474328,69,0.01120020999951521,CONVERGENCE: NORM OF PROJECTED GRADIENT <= PGTOL
1.9,2.0,0.0,2000,58,cdf,1.8895368664091017,1.8884493154352469,True,False,False,14,4.29445665544377e-05,42,0.04514651400131697,CONVERGENCE: NORM OF PROJECTED GRADIENT <= PGTOL
1.9,2.0,0.0,2000,59,pdf,1.1580933039718853,0.03375215407030605,True,False,False,11,16.02906466891041,96,0.007375965999017353,CONVERGENCE: NORM OF PROJECTED GRADIENT <= PGTOL
1.9,2.0,0.0,2000,59,mle,1.8740988986217697,1.8300131573033855,True,False,False,11,3827.05409813584,42,0.0031991420000849757,CONVERGENCE: RELATIVE REDUCTION OF F <= FACTR*EPSMCH
1.9,2.0,0.0,2000,59,qlog,1.745028583264558,0.026726547677586254,True,False,False,11,71.00188329377171,81,0.010639606000040658,CONVERGENCE: NORM OF PROJECTED GRADIENT <= PGTOL
1.9,2.0,0.0,2000,59,cdf,1.8993839517350177,1.9601039456556395,True,False,False,11,3.10645726867856e-05,21,0.016650945999572286,CONVERGENCE: NORM OF PROJECTED GRADIENT <= PGTOL
1.9,2.0,0.0,2000,60,pdf,1.01,0.07746778873865567,True,True,False,16,4.1539557863572245,93,0.013410415000180365,CONVERGENCE: RELATIVE REDUCTION OF F <= FACTR*EPSMCH
1.9,2.0,0.0,2000,60,mle,1.8989982168036383,2.0069982294300015,True,False,False,16,3849.032311951728,39,0.00661515300089377,CONVERGENCE: RELATIVE REDUCTION OF F <= FACTR*EPSMCH
1.9,2.0,0.0,2000,60,qlog,1.9246788828924595,0.13871715348648456,True,False,False,16,40.799571971842674,63,0.008804695999060641,CONVERGENCE: RELATIVE REDUCTION OF F <= FACTR*EPSMCH
1.9,2.0,0.0,2000,60,cdf,1.9008731437871944,2.0169653869179625,True,False,False,16,1.6865863870635892e-05,42,0.05346882199955871,CONVERGENCE: NORM OF PROJECTED GRADIENT <= PGTOL
1.9,2.0,0.0,2000,61,pdf,1.1991615062379823,0.06405254901134926,True,False,False,19,4.896736608996049,156,0.022156090000862605,CONVERGENCE: RELATIVE REDUCTION OF F <= FACTR*EPSMCH
1.9,2.0,0.0,2000,61,mle,1.931527372966146,2.1210456009223084,True,False,False,19,3950.375572820079,39,0.005572130001382902,CONVERGENCE: RELATIVE REDUCTION OF F <= FACTR*EPSMCH
1.9,2.0,0.0,2000,61,qlog,1.8741520755164272,0.0635743517416154,True,False,False,19,34.66002865606309,66,0.008753340000112075,CONVERGENCE: NORM OF PROJECTED GRADIENT <= PGTOL
1.9,2.0,0.0,2000,61,cdf,1.9373970013290207,2.1558305621495073,True,False,False,19,1.526512395864955e-05,42,0.042957439000019804,CONVERGENCE: NORM OF PROJECTED GRADIENT <= PGTOL
1.9,2.0,0.0,2000,62,pdf,1.01,0.11405692672059237,True,True,False,15,5.730127260120765,87,0.013659792000908055,CONVERGENCE: RELATIVE REDUCTION OF F <= FACTR*EPSMCH
1.9,2.0,0.0,2000,62,mle,1.8698799415665006,2.0791161417255823,True,False,False,15,3680.5233849410224,39,0.004624002000127803,CONVERGENCE: RELATIVE REDUCTION OF F <= FACTR*EPSMCH
1.9,2.0,0.0,2000,62,qlog,1.855878843652543,0.17932767082018203,True,False,False,15,41.187535899446246,54,0.01037254799848597,CONVERGENCE: RELATIVE REDUCTION OF F <= FACTR*EPSMCH
1.9,2.0,0.0,2000,62,cdf,1.9003967909528596,2.2565722758571876,True,False,False,15,3.8509023323671824e-05,39,0.02883131100134051,CONVERGENCE: NORM OF PROJECTED GRADIENT <= PGTOL
1.9,2.0,0.0,2000,63,pdf,1.4787120429228644,0.01,True,True,False,7,80.13450756955262,102,0.03423508999912883,CONVERGENCE: NORM OF PROJECTED GRADIENT <= PGTOL
1.9,2.0,0.0,2000,63,mle,1.9157805439088644,1.9306661184788751,True,False,False,7,3967.538530687626,39,0.005335691001164378,CONVERGENCE: RELATIVE REDUCTION OF F <= FACTR*EPSMCH
1.9,2.0,0.0,2000,63,qlog,1.9734563255391906,0.01,False,True,False,7,258.77096165268534,156,0.022344036000504275,ABNORMAL: 
1.9,2.0,0.0,2000,63,cdf,1.8898551021755718,1.7992183635611234,True,False,False,7,1.558255959345557e-05,42,0.03367723399969691,CONVERGENCE: NORM OF PROJECTED GRADIENT <= PGTOL
1.9,2.0,0.0,2000,64,pdf,1.1159917306254927,0.03440423859390831,True,False,False,15,8.669949713252603,96,0.011896168000021135,CONVERGENCE: RELATIVE REDUCTION OF F <= FACTR*EPSMCH
1.9,2.0,0.0,2000,64,mle,1.8938045825836347,2.165843801907001,True,False,False,15,3748.635508176616,39,0.0027775950002251193,CONVERGENCE: RELATIVE REDUCTION OF F <= FACTR*EPSMCH
1.9,2.0,0.0,2000,64,qlog,1.8503934116330005,0.031204609882534526,True,False,False,15,57.37177194719243,75,0.03282349999972212,CONVERGENCE: RELATIVE REDUCTION OF F <= FACTR*EPSMCH
1.9,2.0,0.0,2000,64,cdf,1.9110752990675626,2.269865663327551,True,False,False,15,4.439249886957755e-05,36,0.04589208099969255,CONVERGENCE: NORM OF PROJECTED GRADIENT <= PGTOL
1.9,2.0,0.0,2000,65,pdf,1.9351393341282959,2.0509223206610088,True,False,False,20,2.496320347199959,45,0.005261616999632679,CONVERGENCE: NORM OF PROJECTED GRADIENT <= PGTOL
1.9,2.0,0.0,2000,65,mle,1.8751090609300498,1.867124310980389,True,False,False,20,3811.5247149102597,42,0.006928132001121412,CONVERGENCE: RELATIVE REDUCTION OF F <= FACTR*EPSMCH
1.9,2.0,0.0,2000,65,qlog,2.1044623266786644,1.5018027355223387,True,False,False,20,1.8317360453203975,57,0.007134380999559653,CONVERGENCE: NORM OF PROJECTED GRADIENT <= PGTOL
1.9,2.0,0.0,2000,65,cdf,1.8657066139749636,1.821559532750896,True,False,False,20,1.8054559525011437e-05,45,0.06306092500017257,CONVERGENCE: NORM OF PROJECTED GRADIENT <= PGTOL
1.9,2.0,0.0,2000,66,pdf,1.1098137528290126,0.01,True,True,False,14,3.218904270911007,69,0.01087586300127441,CONVERGENCE: NORM OF PROJECTED GRADIENT <= PGTOL
1.9,2.0,0.0,2000,66,mle,1.9225239360731552,2.1709574389954818,True,False,False,14,3882.908259142872,39,0.00646953300019959,CONVERGENCE: RELATIVE REDUCTION OF F <= FACTR*EPSMCH
1.9,2.0,0.0,2000,66,qlog,nan,nan,False,False,False,14,nan,0,0.010563541000010446,ValueError('q-logarithm requires y > 0.')
1.9,2.0,0.0,2000,66,cdf,1.9081178535357055,2.081335374256381,True,False,False,14,5.8522635652849374e-05,42,0.05601860700153338,CONVERGENCE: NORM OF PROJECTED GRADIENT <= PGTOL
1.9,2.0,0.0,2000,67,pdf,1.01,0.05680658934533929,True,True,False,15,13.686578035020512,105,0.013758016999418032,CONVERGENCE: RELATIVE REDUCTION OF F <= FACTR*EPSMCH
1.9,2.0,0.0,2000,67,mle,1.9236923663756214,2.185662216419664,True,False,False,15,3881.856973605908,39,0.007235607999973581,CONVERGENCE: RELATIVE REDUCTION OF F <= FACTR*EPSMCH
1.9,2.0,0.0,2000,67,qlog,1.7704333572588673,0.04979072631076229,True,False,False,15,74.3316088108214,75,0.01207811399945058,CONVERGENCE: RELATIVE REDUCTION OF F <= FACTR*EPSMCH
1.9,2.0,0.0,2000,67,cdf,1.9175158733118018,2.1411824466415954,True,False,False,15,7.946398281526817e-05,45,0.04912473300100828,CONVERGENCE: NORM OF PROJECTED GRADIENT <= PGTOL
1.9,2.0,0.0,2000,68,pdf,1.8676206354376337,0.8573356571501457,True,False,False,14,0.631404253734184,36,0.003472845999567653,CONVERGENCE: NORM OF PROJECTED GRADIENT <= PGTOL
1.9,2.0,0.0,2000,68,mle,1.9232591529757643,2.141289989592713,True,False,False,14,3900.2529021697214,39,0.005613183000605204,CONVERGENCE: RELATIVE REDUCTION OF F <= FACTR*EPSMCH
1.9,2.0,0.0,2000,68,qlog,2.264933951296304,0.3303461771242893,True,False,False,14,2.9267643660897997,66,0.008367803999135504,CONVERGENCE: NORM OF PROJECTED GRADIENT <= PGTOL
1.9,2.0,0.0,2000,68,cdf,1.904722296067234,2.0338532458129883,True,False,False,14,0.0001434625317269651,42,0.05007152299913287,CONVERGENCE: NORM OF PROJECTED GRADIENT <= PGTOL
1.9,2.0,0.0,2000,69,pdf,1.290985637263095,0.12727297537478413,True,False,False,26,2.4154452483339615,78,0.02384296899981564,CONVERGENCE: NORM OF PROJECTED GRADIENT <= PGTOL
1.9,2.0,0.0,2000,69,mle,1.9263843206573574,2.050117700018801,True,False,False,26,3959.0523218086846,39,0.004437464000147884,CONVERGENCE: RELATIVE REDUCTION OF F <= FACTR*EPSMCH
1.9,2.0,0.0,2000,69,qlog,1.804230037932896,0.13751465780166264,True,False,False,26,10.761853230850287,66,0.012993383999855723,CONVERGENCE: NORM OF PROJECTED GRADIENT <= PGTOL
1.9,2.0,0.0,2000,69,cdf,1.9102777940279296,1.9599965070692447,True,False,False,26,1.466254501771419e-05,21,0.020040744999278104,CONVERGENCE: NORM OF PROJECTED GRADIENT <= PGTOL
1.9,2.0,0.0,2000,70,pdf,2.95,50.0,True,True,False,10,191.26277530039062,36,0.014448371000980842,CONVERGENCE: NORM OF PROJECTED GRADIENT <= PGTOL
1.9,2.0,0.0,2000,70,mle,1.8943430852673324,1.9179743893382648,True,False,False,10,3872.6779493066797,39,0.004416800999024417,CONVERGENCE: RELATIVE REDUCTION OF F <= FACTR*EPSMCH
1.9,2.0,0.0,2000,70,qlog,1.783210694270007,0.01,True,True,False,10,172.08601170453213,84,0.00997603900032118,CONVERGENCE: RELATIVE REDUCTION OF F <= FACTR*EPSMCH
1.9,2.0,0.0,2000,70,cdf,1.878443987128195,1.8328756234751504,True,False,False,10,6.510606168590078e-05,42,0.05339208400073403,CONVERGENCE: NORM OF PROJECTED GRADIENT <= PGTOL
1.9,2.0,0.0,2000,71,pdf,1.6877490611364288,0.5973172050207263,True,False,False,23,0.9760061511151825,57,0.005671795001035207,CONVERGENCE: NORM OF PROJECTED GRADIENT <= PGTOL
1.9,2.0,0.0,2000,71,mle,1.8853321431028964,1.9948873481531584,True,False,False,23,3791.7776056770426,39,0.007118756000636495,CONVERGENCE: RELATIVE REDUCTION OF F <= FACTR*EPSMCH
1.9,2.0,0.0,2000,71,qlog,1.9999074997141537,0.8911293014779003,True,False,False,23,6.9443843383406385,51,0.008013455999389407,CONVERGENCE: NORM OF PROJECTED GRADIENT <= PGTOL
1.9,2.0,0.0,2000,71,cdf,1.8767730453544957,1.9488863684117712,True,False,False,23,2.1620696287762693e-05,21,0.017071693000616506,CONVERGENCE: NORM OF PROJECTED GRADIENT <= PGTOL
1.9,2.0,0.0,2000,72,pdf,1.2304139183457568,0.08040093473213394,True,False,False,24,3.7463780124908914,96,0.010105688999828999,CONVERGENCE: NORM OF PROJECTED GRADIENT <= PGTOL
1.9,2.0,0.0,2000,72,mle,1.9118298425282105,2.1159922785886214,True,False,False,24,3856.9088820264924,39,0.004048766999403597,CONVERGENCE: RELATIVE REDUCTION OF F <= FACTR*EPSMCH
1.9,2.0,0.0,2000,72,qlog,1.8751048707028215,0.08261287773778861,True,False,False,24,25.08901210802905,63,0.02072791499995219,CONVERGENCE: NORM OF PROJECTED GRADIENT <= PGTOL
1.9,2.0,0.0,2000,72,cdf,1.8546366877781304,1.8138392094978617,True,False,False,24,0.00014927446010690003,42,0.026714255000115372,CONVERGENCE: NORM OF PROJECTED GRADIENT <= PGTOL
1.9,2.0,0.0,2000,73,pdf,1.8881278472796543,0.9373582839682135,True,False,False,16,0.380473228005672,36,0.0032915049996518064,CONVERGENCE: NORM OF PROJECTED GRADIENT <= PGTOL
1.9,2.0,0.0,2000,73,mle,1.9162703509390693,2.1220278667607073,True,False,False,16,3875.392027396508,39,0.006325008000203525,CONVERGENCE: RELATIVE REDUCTION OF F <= FACTR*EPSMCH
1.9,2.0,0.0,2000,73,qlog,2.139221342882914,0.5738309882988585,True,False,False,16,3.2290209680464654,54,0.006528710000566207,CONVERGENCE: NORM OF PROJECTED GRADIENT <= PGTOL
1.9,2.0,0.0,2000,73,cdf,1.9125321981168177,2.097530483499669,True,False,False,16,3.070304827179036e-05,42,0.03360869899915997,CONVERGENCE: NORM OF PROJECTED GRADIENT <= PGTOL
1.9,2.0,0.0,2000,74,pdf,1.959138090532441,2.2177116071249636,True,False,False,15,1.0067047331498513,42,0.020217655001033563,CONVERGENCE: NORM OF PROJECTED GRADIENT <= PGTOL
1.9,2.0,0.0,2000,74,mle,1.89177082386608,2.051292076992443,True,False,False,15,3793.5445208681394,42,0.006705924999550916,CONVERGENCE: RELATIVE REDUCTION OF F <= FACTR*EPSMCH
1.9,2.0,0.0,2000,74,qlog,2.1840120322749246,1.5951660662190472,True,False,False,15,2.246847897236296,60,0.014193588000125601,CONVERGENCE: NORM OF PROJECTED GRADIENT <= PGTOL
1.9,2.0,0.0,2000,74,cdf,1.8981935792338593,2.084360496480236,True,False,False,15,3.191434683581982e-05,45,0.04514506600025925,CONVERGENCE: NORM OF PROJECTED GRADIENT <= PGTOL
1.9,2.0,0.0,2000,75,pdf,1.5595884694338795,0.2711550926977185,True,False,False,24,4.457399967544206,105,0.01190854699962074,CONVERGENCE: NORM OF PROJECTED GRADIENT <= PGTOL
1.9,2.0,0.0,2000,75,mle,1.926469848307745,2.1004037923551,True,False,False,24,3935.239259553846,39,0.021892773000217858,CONVERGENCE: RELATIVE REDUCTION OF F <= FACTR*EPSMCH
1.9,2.0,0.0,2000,75,qlog,2.5194004890456587,2.031587281623675,True,False,False,24,1.4373598730681607,87,0.012054251001245575,CONVERGENCE: NORM OF PROJECTED GRADIENT <= PGTOL
1.9,2.0,0.0,2000,75,cdf,1.9373949063844762,2.165796745247561,True,False,False,24,2.791548334276395e-05,42,0.03334770900073636,CONVERGENCE: NORM OF PROJECTED GRADIENT <= PGTOL
1.9,2.0,0.0,2000,76,pdf,1.6055431048673536,0.4957567654056768,True,False,False,23,1.2656470563195474,57,0.00898704499923042,CONVERGENCE: NORM OF PROJECTED GRADIENT <= PGTOL
1.9,2.0,0.0,2000,76,mle,1.8615665830486825,1.8286406951332583,True,False,False,23,3772.0054854906202,33,0.002924562999396585,CONVERGENCE: RELATIVE REDUCTION OF F <= FACTR*EPSMCH
1.9,2.0,0.0,2000,76,qlog,1.953977772294818,0.7147344361201853,True,False,False,23,10.120035063351068,48,0.005775070001618587,CONVERGENCE: NORM OF PROJECTED GRADIENT <= PGTOL
1.9,2.0,0.0,2000,76,cdf,1.8872915544814612,1.9592191362676865,True,False,False,23,1.5378578505783944e-05,21,0.013613076000183355,CONVERGENCE: NORM OF PROJECTED GRADIENT <= PGTOL
1.9,2.0,0.0,2000,77,pdf,1.1959679532407963,0.03887210251283217,True,False,False,14,22.646796432776714,114,0.02960488999997324,CONVERGENCE: RELATIVE REDUCTION OF F <= FACTR*EPSMCH
1.9,2.0,0.0,2000,77,mle,1.925017480269405,2.154115451846619,True,False,False,14,3902.8724456653617,39,0.0028920959994138684,CONVERGENCE: RELATIVE REDUCTION OF F <= FACTR*EPSMCH
1.9,2.0,0.0,2000,77,qlog,1.7986444302059188,0.02703658006022153,True,False,False,14,99.05411310234442,81,0.011607710001044325,CONVERGENCE: RELATIVE REDUCTION OF F <= FACTR*EPSMCH
1.9,2.0,0.0,2000,77,cdf,1.922002010845675,2.1347137293758274,True,False,False,14,3.761793561623752e-05,42,0.032643119999193004,CONVERGENCE: NORM OF PROJECTED GRADIENT <= PGTOL
1.9,2.0,0.0,2000,78,pdf,1.01,0.10030549756142217,True,True,False,20,5.971187622522171,105,0.012899964000098407,CONVERGENCE: RELATIVE REDUCTION OF F <= FACTR*EPSMCH
1.9,2.0,0.0,2000,78,mle,1.882674961454754,1.9269855890406347,True,False,False,20,3814.263085621544,39,0.004769335000673891,CONVERGENCE: RELATIVE REDUCTION OF F <= FACTR*EPSMCH
1.9,2.0,0.0,2000,78,qlog,1.8243538611116477,0.12309018256033086,True,False,False,20,37.74924994374376,84,0.029071215998556,CONVERGENCE: RELATIVE REDUCTION OF F <= FACTR*EPSMCH
1.9,2.0,0.0,2000,78,cdf,1.8896206418660668,1.9604521768724064,True,False,False,20,2.5474102062310474e-05,21,0.014135728999463026,CONVERGENCE: NORM OF PROJECTED GRADIENT <= PGTOL
1.9,2.0,0.0,2000,79,pdf,2.645883907583951,0.01,True,True,False,2,764.7245276096623,66,0.007279872999788495,CONVERGENCE: RELATIVE REDUCTION OF F <= FACTR*EPSMCH
1.9,2.0,0.0,2000,79,mle,1.9022045624248678,2.032655059412826,True,False,False,2,3851.3912364327484,42,0.004627534000974265,CONVERGENCE: RELATIVE REDUCTION OF F <= FACTR*EPSMCH
1.9,2.0,0.0,2000,79,qlog,2.543692449538841,0.01,True,True,False,2,277504.96505141555,75,0.013375046000874136,CONVERGENCE: RELATIVE REDUCTION OF F <= FACTR*EPSMCH
1.9,2.0,0.0,2000,79,cdf,1.8896813794478826,1.9597560243586405,True,False,False,2,4.821935652750121e-05,21,0.03262578999965626,CONVERGENCE: NORM OF PROJECTED GRADIENT <= PGTOL
1.9,2.0,0.0,2000,80,pdf,1.8689430992436413,1.0558192283353443,True,False,False,20,0.39105542332488424,33,0.02091397999902256,CONVERGENCE: NORM OF PROJECTED GRADIENT <= PGTOL
1.9,2.0,0.0,2000,80,mle,1.9113063760314413,2.2473593329907473,True,False,False,20,3794.1727778588665,39,0.005197987000428839,CONVERGENCE: NORM OF PROJECTED GRADIENT <= PGTOL
1.9,2.0,0.0,2000,80,qlog,2.1069615044565375,0.6555281991873435,True,False,False,20,3.5804998156300023,54,0.025777347000257578,CONVERGENCE: NORM OF PROJECTED GRADIENT <= PGTOL
1.9,2.0,0.0,2000,80,cdf,1.8936962806574509,2.141647441353148,True,False,False,20,1.8114131487592264e-05,36,0.044227891999980784,CONVERGENCE: NORM OF PROJECTED GRADIENT <= PGTOL
1.9,2.0,0.0,2000,81,pdf,1.0890838401891088,0.04368621958048958,True,False,False,15,2.2098681180444415,84,0.0072671870002523065,CONVERGENCE: NORM OF PROJECTED GRADIENT <= PGTOL
1.9,2.0,0.0,2000,81,mle,1.9139980486745454,2.188714511091501,True,False,False,15,3833.513779530859,39,0.023197149001134676,CONVERGENCE: RELATIVE REDUCTION OF F <= FACTR*EPSMCH
1.9,2.0,0.0,2000,81,qlog,1.799330802390458,0.05498950263104444,False,False,False,15,22.64631781568073,162,0.03631594999933441,ABNORMAL: 
1.9,2.0,0.0,2000,81,cdf,1.919878068776501,2.2176619218519757,True,False,False,15,0.0001087386135845803,42,0.036085529000047245,CONVERGENCE: NORM OF PROJECTED GRADIENT <= PGTOL
1.9,2.0,0.0,2000,82,pdf,2.6907312330468893,0.01,True,True,False,2,863.2956279529237,81,0.01959292900028231,CONVERGENCE: NORM OF PROJECTED GRADIENT <= PGTOL
1.9,2.0,0.0,2000,82,mle,1.9049657031936722,1.8699881911876204,True,False,False,2,3947.836413168784,42,0.007690218000789173,CONVERGENCE: RELATIVE REDUCTION OF F <= FACTR*EPSMCH
1.9,2.0,0.0,2000,82,qlog,2.573583925325349,0.01,True,True,False,2,2130700.2716563535,72,0.009734600998854148,CONVERGENCE: RELATIVE REDUCTION OF F <= FACTR*EPSMCH
1.9,2.0,0.0,2000,82,cdf,1.9218218493882713,1.9618770661479619,True,False,False,2,2.2988825666756974e-05,27,0.02044162300080643,CONVERGENCE: NORM OF PROJECTED GRADIENT <= PGTOL
1.9,2.0,0.0,2000,83,pdf,1.5588474388237408,0.01,True,True,False,8,149.35205867547282,72,0.007603820000440464,CONVERGENCE: NORM OF PROJECTED GRADIENT <= PGTOL
1.9,2.0,0.0,2000,83,mle,1.8928144871216481,1.8437033441224584,True,False,False,8,3905.0738318192016,42,0.005131122999955551,CONVERGENCE: RELATIVE REDUCTION OF F <= FACTR*EPSMCH
1.9,2.0,0.0,2000,83,qlog,1.9480996458604491,0.01,True,True,False,8,869.0991745676149,63,0.010691580000639078,CONVERGENCE: NORM OF PROJECTED GRADIENT <= PGTOL
1.9,2.0,0.0,2000,83,cdf,1.832023320630387,1.5745243964435216,True,False,False,8,0.00010454338350297584,48,0.05571849699845188,CONVERGENCE: NORM OF PROJECTED GRADIENT <= PGTOL
1.9,2.0,0.0,2000,84,pdf,1.8479393409943734,0.7468120244479534,True,False,False,6,0.8980409682387092,54,0.004782400999829406,CONVERGENCE: NORM OF PROJECTED GRADIENT <= PGTOL
1.9,2.0,0.0,2000,84,mle,1.9029973218181333,2.1836268124178746,True,False,False,6,3783.482924206487,42,0.003390166999452049,CONVERGENCE: NORM OF PROJECTED GRADIENT <= PGTOL
1.9,2.0,0.0,2000,84,qlog,2.4878351213962366,0.17851951461469215,True,False,False,6,2.0174114381067363,108,0.017310720999375917,CONVERGENCE: NORM OF PROJECTED GRADIENT <= PGTOL
1.9,2.0,0.0,2000,84,cdf,1.9272605486278866,2.336968051466586,True,False,False,6,1.6258036046812778e-05,36,0.030290484999568434,CONVERGENCE: NORM OF PROJECTED GRADIENT <= PGTOL
1.9,2.0,0.0,2000,85,pdf,1.5499560498454499,0.4793889830971634,True,False,False,25,2.5725473796945475,57,0.005190342999412678,CONVERGENCE: NORM OF PROJECTED GRADIENT <= PGTOL
1.9,2.0,0.0,2000,85,mle,1.8950330531527146,2.273654130793521,True,False,False,25,3705.768955617916,39,0.005966914000964607,CONVERGENCE: RELATIVE REDUCTION OF F <= FACTR*EPSMCH
1.9,2.0,0.0,2000,85,qlog,1.8869909619543292,0.5837995955669819,True,False,False,25,11.514558940229772,51,0.0073008710005524335,CONVERGENCE: NORM OF PROJECTED GRADIENT <= PGTOL
1.9,2.0,0.0,2000,85,cdf,1.8963986619034663,2.2777760570014247,True,False,False,25,5.6690702152738866e-05,39,0.031869379001363995,CONVERGENCE: NORM OF PROJECTED GRADIENT <= PGTOL
1.9,2.0,0.0,2000,86,pdf,1.8954567334782422,1.2508820852848823,True,False,False,14,1.0477118441796607,36,0.0039094710009521805,CONVERGENCE: NORM OF PROJECTED GRADIENT <= PGTOL
1.9,2.0,0.0,2000,86,mle,1.8938058387755075,1.784483579358169,True,False,False,14,3942.321699237851,39,0.006166478999148239,CONVERGENCE: RELATIVE REDUCTION OF F <= FACTR*EPSMCH
1.9,2.0,0.0,2000,86,qlog,2.34077483789727,0.6081951296120669,True,False,False,14,2.0545701093188997,66,0.009649811998315272,CONVERGENCE: NORM OF PROJECTED GRADIENT <= PGTOL
1.9,2.0,0.0,2000,86,cdf,1.8290907669100793,1.5153441949443511,True,False,False,14,3.0158459191883985e-05,48,0.05099481800061767,CONVERGENCE: NORM OF PROJECTED GRADIENT <= PGTOL
1.9,2.0,0.0,2000,87,pdf,1.8662695589204326,0.9394818608681702,True,False,False,20,1.230505575377799,42,0.00500012200063793,CONVERGENCE: NORM OF PROJECTED GRADIENT <= PGTOL
1.9,2.0,0.0,2000,87,mle,1.9295152643674591,2.0375455544371706,True,False,False,20,3980.6007499133766,39,0.0027626930004771566,CONVERGENCE: RELATIVE REDUCTION OF F <= FACTR*EPSMCH
1.9,2.0,0.0,2000,87,qlog,2.090600295714038,0.9366798274909315,True,False,False,20,4.033804919361051,54,0.006178282999826479,CONVERGENCE: NORM OF PROJECTED GRADIENT <= PGTOL
1.9,2.0,0.0,2000,87,cdf,1.9382810518975677,2.0858675559246693,True,False,False,20,3.614832508937796e-05,45,0.03373075899980904,CONVERGENCE: NORM OF PROJECTED GRADIENT <= PGTOL
1.9,2.0,0.0,2000,88,pdf,1.764611034092833,0.5296971460394923,True,False,False,13,0.9402711475710657,48,0.00784147100057453,CONVERGENCE: NORM OF PROJECTED GRADIENT <= PGTOL
1.9,2.0,0.0,2000,88,mle,1.8820960309764154,1.901877303240647,True,False,False,13,3824.7387983860626,42,0.0029186259998823516,CONVERGENCE: RELATIVE REDUCTION OF F <= FACTR*EPSMCH
1.9,2.0,0.0,2000,88,qlog,2.1230201850147647,0.2840971698937236,True,False,False,13,8.007229556243013,63,0.022995851999439765,CONVERGENCE: RELATIVE REDUCTION OF F <= FACTR*EPSMCH
1.9,2.0,0.0,2000,88,cdf,1.9046452153027111,2.021136746574312,True,False,False,13,3.0527204125036035e-05,39,0.025361775000419584,CONVERGENCE: NORM OF PROJECTED GRADIENT <= PGTOL
1.9,2.0,0.0,2000,89,pdf,2.933111611052159,50.0,True,True,False,10,28.787321091702484,75,0.011042886000723229,CONVERGENCE: NORM OF PROJECTED GRADIENT <= PGTOL
1.9,2.0,0.0,2000,89,mle,1.922795351958462,2.1365794478772395,True,False,False,10,3900.1932220774315,39,0.005515332999493694,CONVERGENCE: RELATIVE REDUCTION OF F <= FACTR*EPSMCH
1.9,2.0,0.0,2000,89,qlog,2.920393658619353,50.0,True,True,False,10,0.7816221780944921,354,0.061741876999803935,CONVERGENCE: RELATIVE REDUCTION OF F <= FACTR*EPSMCH
1.9,2.0,0.0,2000,89,cdf,1.9066874628096746,2.043473410478425,True,False,False,10,9.738646337031802e-06,42,0.03856744000040635,CONVERGENCE: NORM OF PROJECTED GRADIENT <= PGTOL
1.9,2.0,0.0,2000,90,pdf,1.6570878611218913,0.560300368299294,True,False,False,23,0.8318791463272339,60,0.007132882001315011,CONVERGENCE: NORM OF PROJECTED GRADIENT <= PGTOL
1.9,2.0,0.0,2000,90,mle,1.8632075015936158,1.8800093906226303,True,False,False,23,3751.543616278941,36,0.005964369000139413,CONVERGENCE: RELATIVE REDUCTION OF F <= FACTR*EPSMCH
1.9,2.0,0.0,2000,90,qlog,1.9625485834350531,0.9214891550576885,True,False,False,23,3.786932972450131,51,0.007300784000108251,CONVERGENCE: NORM OF PROJECTED GRADIENT <= PGTOL
1.9,2.0,0.0,2000,90,cdf,1.8776117272425863,1.9505366497205534,True,False,False,23,3.708293326744133e-05,24,0.016846910999447573,CONVERGENCE: NORM OF PROJECTED GRADIENT <= PGTOL
1.9,2.0,0.0,2000,91,pdf,2.2052500091436977,50.0,True,True,False,12,1.1864109966457528,27,0.025473380999756046,CONVERGENCE: NORM OF PROJECTED GRADIENT <= PGTOL
1.9,2.0,0.0,2000,91,mle,1.8724875566928427,2.0408415433854423,True,False,False,12,3710.7773837659415,36,0.014282604999607429,CONVERGENCE: RELATIVE REDUCTION OF F <= FACTR*EPSMCH
1.9,2.0,0.0,2000,91,qlog,2.521209097346239,45.9962916583236,True,False,False,12,1.819425323464223,138,0.02190124300068419,CONVERGENCE: NORM OF PROJECTED GRADIENT <= PGTOL
1.9,2.0,0.0,2000,91,cdf,1.8416007939040835,1.878313822436981,True,False,False,12,8.943668147203398e-05,39,0.029209390000687563,CONVERGENCE: NORM OF PROJECTED GRADIENT <= PGTOL
1.9,2.0,0.0,2000,92,pdf,1.6998753869430987,0.01,True,True,False,6,218.9516969849885,105,0.025161339000987937,CONVERGENCE: NORM OF PROJECTED GRADIENT <= PGTOL
1.9,2.0,0.0,2000,92,mle,1.8619619617679668,1.645978549654121,True,False,False,6,3878.98651651662,39,0.005691439999282011,CONVERGENCE: RELATIVE REDUCTION OF F <= FACTR*EPSMCH
1.9,2.0,0.0,2000,92,qlog,2.0962642410397416,0.01,True,True,False,6,1547.2484939270498,66,0.008433040000454639,CONVERGENCE: RELATIVE REDUCTION OF F <= FACTR*EPSMCH
1.9,2.0,0.0,2000,92,cdf,1.855088179023923,1.6105195263233951,True,False,False,6,8.905236264517786e-05,45,0.031170083000688464,CONVERGENCE: NORM OF PROJECTED GRADIENT <= PGTOL
1.9,2.0,0.0,2000,93,pdf,2.10955137925968,7.192370841845089,True,False,False,13,2.591918690750258,57,0.00976217100105714,CONVERGENCE: NORM OF PROJECTED GRADIENT <= PGTOL
1.9,2.0,0.0,2000,93,mle,1.9183545177182173,1.9440868875634625,True,False,False,13,3973.038909510583,39,0.0052653149996331194,CONVERGENCE: RELATIVE REDUCTION OF F <= FACTR*EPSMCH
1.9,2.0,0.0,2000,93,qlog,2.3586097965031905,4.8084540544192835,True,False,False,13,1.8462311239263316,87,0.01684911899974395,CONVERGENCE: NORM OF PROJECTED GRADIENT <= PGTOL
1.9,2.0,0.0,2000,93,cdf,1.9545409280454344,2.154612691849647,True,False,False,13,2.3190230230802098e-05,45,0.04766274700159556,CONVERGENCE: NORM OF PROJECTED GRADIENT <= PGTOL
1.9,2.0,0.0,2000,94,pdf,1.01,0.018571011975852692,True,True,False,11,41.204503491102486,114,0.033601678998820717,CONVERGENCE: RELATIVE REDUCTION OF F <= FACTR*EPSMCH
1.9,2.0,0.0,2000,94,mle,1.8969404066683657,1.866701636894838,True,False,False,11,3911.8754114388357,42,0.018639216999872588,CONVERGENCE: RELATIVE REDUCTION OF F <= FACTR*EPSMCH
1.9,2.0,0.0,2000,94,qlog,1.8321661299131138,0.011295102040950983,True,False,False,11,208.7717755579837,87,0.027493149998917943,CONVERGENCE: RELATIVE REDUCTION OF F <= FACTR*EPSMCH
1.9,2.0,0.0,2000,94,cdf,1.859307112727012,1.6911943732249883,True,False,False,11,2.2693677422538235e-05,45,0.059998411999913515,CONVERGENCE: NORM OF PROJECTED GRADIENT <= PGTOL
1.9,2.0,0.0,2000,95,pdf,1.3198589135240377,0.14496481256567342,True,False,False,15,5.833498793688353,84,0.008440794999842183,CONVERGENCE: NORM OF PROJECTED GRADIENT <= PGTOL
1.9,2.0,0.0,2000,95,mle,1.845927500718629,1.6394242760328628,True,False,False,15,3813.15685926725,36,0.004336083999078255,CONVERGENCE: RELATIVE REDUCTION OF F <= FACTR*EPSMCH
1.9,2.0,0.0,2000,95,qlog,1.8891747220497408,0.16260801935949803,True,False,False,15,47.11371697563958,69,0.023085388998879353,CONVERGENCE: NORM OF PROJECTED GRADIENT <= PGTOL
1.9,2.0,0.0,2000,95,cdf,1.856328465963386,1.6830737528474462,True,False,False,15,3.360325979270046e-05,45,0.03359943500072404,CONVERGENCE: NORM OF PROJECTED GRADIENT <= PGTOL
1.9,2.0,0.0,2000,96,pdf,1.01,0.02760967916906394,True,True,False,13,3.0027006990314877,81,0.008461979999992764,CONVERGENCE: RELATIVE REDUCTION OF F <= FACTR*EPSMCH
1.9,2.0,0.0,2000,96,mle,1.933201327814196,2.250580446760043,True,False,False,13,3899.3907766535463,42,0.0033534270005475264,CONVERGENCE: RELATIVE REDUCTION OF F <= FACTR*EPSMCH
1.9,2.0,0.0,2000,96,qlog,1.958675183123846,0.04315917146394581,True,False,False,13,60.240248328277474,72,0.010550668001087615,CONVERGENCE: NORM OF PROJECTED GRADIENT <= PGTOL
1.9,2.0,0.0,2000,96,cdf,1.9278408508094211,2.2122354718121806,True,False,False,13,3.9016885725398184e-05,42,0.05021080699953018,CONVERGENCE: NORM OF PROJECTED GRADIENT <= PGTOL
1.9,2.0,0.0,2000,97,pdf,1.4966695546685564,0.2643101413744684,True,False,False,22,4.303674074946532,69,0.010670798999854014,CONVERGENCE: NORM OF PROJECTED GRADIENT <= PGTOL
1.9,2.0,0.0,2000,97,mle,1.9291783141167285,2.267787480338779,True,False,False,22,3871.8809681043585,39,0.004905353000140167,CONVERGENCE: RELATIVE REDUCTION OF F <= FACTR*EPSMCH
1.9,2.0,0.0,2000,97,qlog,1.9136553211011054,0.2812390894757056,True,False,False,22,26.565827942053872,51,0.008249935999629088,CONVERGENCE: NORM OF PROJECTED GRADIENT <= PGTOL
1.9,2.0,0.0,2000,97,cdf,1.9396233493350834,2.3362224648381105,True,False,False,22,3.0077700372467307e-05,36,0.026073570999869844,CONVERGENCE: NORM OF PROJECTED GRADIENT <= PGTOL
1.9,2.0,0.0,2000,98,pdf,2.010047501163946,2.941011686410496,True,False,False,26,1.3254581355380972,30,0.003832971000520047,CONVERGENCE: NORM OF PROJECTED GRADIENT <= PGTOL
1.9,2.0,0.0,2000,98,mle,1.9228545864026343,2.113066568989983,True,False,False,26,3911.5482658456044,39,0.004303820000131964,CONVERGENCE: RELATIVE REDUCTION OF F <= FACTR*EPSMCH
1.9,2.0,0.0,2000,98,qlog,2.1579167846830516,2.097207373324096,True,False,False,26,1.1531320758702035,57,0.009748844000569079,CONVERGENCE: NORM OF PROJECTED GRADIENT <= PGTOL
1.9,2.0,0.0,2000,98,cdf,1.8962811696388893,1.9590908464599803,True,False,False,26,6.832176326632616e-05,21,0.031105465001019184,CONVERGENCE: NORM OF PROJECTED GRADIENT <= PGTOL
1.9,2.0,0.0,2000,99,pdf,1.737160449014171,0.5808141608052261,True,False,False,26,1.6771320196296775,57,0.00678895700002613,CONVERGENCE: NORM OF PROJECTED GRADIENT <= PGTOL
1.9,2.0,0.0,2000,99,mle,1.8982216857184022,1.8741122109812378,True,False,False,26,3913.902026513825,42,0.0034950169992953306,CONVERGENCE: RELATIVE REDUCTION OF F <= FACTR*EPSMCH
1.9,2.0,0.0,2000,99,qlog,2.1574026189023807,1.4242068124166392,True,False,False,26,1.2550858635969218,54,0.008236769999712124,CONVERGENCE: NORM OF PROJECTED GRADIENT <= PGTOL
1.9,2.0,0.0,2000,99,cdf,1.9032194828501523,1.8959773840035663,True,False,False,26,7.958994437886703e-05,45,0.03402694699980202,CONVERGENCE: NORM OF PROJECTED GRADIENT <= PGTOL
2.5,2.0,0.0,100,0,pdf,2.584082448549523,0.01,True,True,False,5,5.956399860280241,48,0.0043803389999084175,CONVERGENCE: NORM OF PROJECTED GRADIENT <= PGTOL
2.5,2.0,0.0,100,0,mle,2.452526048472796,2.9831531619213307,True,False,False,5,415.0537500955341,48,0.004261952000888414,CONVERGENCE: NORM OF PROJECTED GRADIENT <= PGTOL
2.5,2.0,0.0,100,0,qlog,2.7757587015370038,0.01,True,True,False,5,5311.797626667717,135,0.03182729500076675,CONVERGENCE: RELATIVE REDUCTION OF F <= FACTR*EPSMCH
2.5,2.0,0.0,100,0,cdf,2.4308878050345113,1.6997262363698955,True,False,False,5,0.0022300319276537268,60,0.009536956998999813,CONVERGENCE: NORM OF PROJECTED GRADIENT <= PGTOL
2.5,2.0,0.0,100,1,pdf,1.6,2.0,True,False,True,2,50.0,3,0.0007461639997927705,CONVERGENCE: NORM OF PROJECTED GRADIENT <= PGTOL
2.5,2.0,0.0,100,1,mle,2.51306208337904,1.1091991230811533,True,False,False,2,520.5366529039353,51,0.003187745000104769,CONVERGENCE: NORM OF PROJECTED GRADIENT <= PGTOL
2.5,2.0,0.0,100,1,qlog,nan,nan,False,False,False,2,nan,0,0.0010565619995759334,ValueError('q-logarithm requires y > 0.')
2.5,2.0,0.0,100,1,cdf,2.5187063902200997,1.0783836614114026,True,False,False,2,0.0012438087125218559,63,0.01136339799995767,CONVERGENCE: NORM OF PROJECTED GRADIENT <= PGTOL
2.5,2.0,0.0,100,2,pdf,1.6,2.0,True,False,True,2,49.99999999995385,3,0.0007798919996275799,CONVERGENCE: NORM OF PROJECTED GRADIENT <= PGTOL
2.5,2.0,0.0,100,2,mle,2.5230609715372077,4.659694156857888,True,False,False,2,459.2737608525177,54,0.004266885000106413,CONVERGENCE: RELATIVE REDUCTION OF F <= FACTR*EPSMCH
2.5,2.0,0.0,100,2,qlog,2.7873204850286757,0.01,True,True,False,2,3100218.4452310335,99,0.015831060998607427,CONVERGENCE: RELATIVE REDUCTION OF F <= FACTR*EPSMCH
2.5,2.0,0.0,100,2,cdf,2.5721034653139836,7.37082117358804,True,False,False,2,0.003004897118071097,75,0.02080032899903017,CONVERGENCE: NORM OF PROJECTED GRADIENT <= PGTOL
2.5,2.0,0.0,100,3,pdf,2.439481817680518,0.01,True,True,False,10,5.742073536928878,54,0.00503333500091685,CONVERGENCE: NORM OF PROJECTED GRADIENT <= PGTOL
2.5,2.0,0.0,100,3,mle,2.4752325453334176,2.7405003568907937,True,False,False,10,438.91736205451423,51,0.018427572000291548,CONVERGENCE: RELATIVE REDUCTION OF F <= FACTR*EPSMCH
2.5,2.0,0.0,100,3,qlog,2.51757972441056,0.01,True,True,False,10,755.6011496855159,75,0.008439747000011266,CONVERGENCE: RELATIVE REDUCTION OF F <= FACTR*EPSMCH
2.5,2.0,0.0,100,3,cdf,2.501746830404754,3.0710745231165966,True,False,False,10,0.00036403297715763923,66,0.014028696999957901,CONVERGENCE: NORM OF PROJECTED GRADIENT <= PGTOL
2.5,2.0,0.0,100,4,pdf,2.5550558211139918,0.01,True,True,False,5,9.732036697173273,63,0.005058276999989175,CONVERGENCE: NORM OF PROJECTED GRADIENT <= PGTOL
2.5,2.0,0.0,100,4,mle,2.4274648173220927,1.7840098967155344,True,False,False,5,420.76120524267867,45,0.003501305000099819,CONVERGENCE: RELATIVE REDUCTION OF F <= FACTR*EPSMCH
2.5,2.0,0.0,100,4,qlog,2.7349455543034815,0.01,True,True,False,5,5848.227348242281,78,0.01009345599959488,CONVERGENCE: RELATIVE REDUCTION OF F <= FACTR*EPSMCH
2.5,2.0,0.0,100,4,cdf,2.4166713444775385,1.4116990555947746,True,False,False,5,0.001505329235394026,54,0.014220185001249774,CONVERGENCE: NORM OF PROJECTED GRADIENT <= PGTOL
2.5,2.0,0.0,100,5,pdf,2.709944797673422,0.01,True,True,False,8,10.068259206624417,93,0.012129216000175802,CONVERGENCE: NORM OF PROJECTED GRADIENT <= PGTOL
2.5,2.0,0.0,100,5,mle,2.5380675279051768,3.0147085860445273,True,False,False,8,497.59260305486083,63,0.0052478119996521855,CONVERGENCE: RELATIVE REDUCTION OF F <= FACTR*EPSMCH
2.5,2.0,0.0,100,5,qlog,2.6326055142529596,0.01,True,True,False,8,22865.973776551826,81,0.027808037000795593,CONVERGENCE: RELATIVE REDUCTION OF F <= FACTR*EPSMCH
2.5,2.0,0.0,100,5,cdf,2.5528928223577365,3.595609120234444,True,False,False,8,0.0003050532281385256,63,0.011670424000840285,CONVERGENCE: NORM OF PROJECTED GRADIENT <= PGTOL
2.5,2.0,0.0,100,6,pdf,1.6,2.0,True,False,True,3,33.33333333333025,3,0.0008342580003954936,CONVERGENCE: NORM OF PROJECTED GRADIENT <= PGTOL
2.5,2.0,0.0,100,6,mle,2.566903669412067,3.266150910876501,True,False,False,3,528.3373999578131,81,0.006453537000197684,CONVERGENCE: RELATIVE REDUCTION OF F <= FACTR*EPSMCH
2.5,2.0,0.0,100,6,qlog,nan,nan,False,False,False,3,nan,0,0.008843252999213291,ValueError('q-logarithm requires y > 0.')
2.5,2.0,0.0,100,6,cdf,2.560794577109879,3.169467372651838,True,False,False,3,0.00019429606511175867,66,0.012320789001023513,CONVERGENCE: NORM OF PROJECTED GRADIENT <= PGTOL
2.5,2.0,0.0,100,7,pdf,1.6,2.0,True,False,True,4,24.999999999803876,3,0.0018140850006602705,CONVERGENCE: NORM OF PROJECTED GRADIENT <= PGTOL
2.5,2.0,0.0,100,7,mle,2.5375130817771647,3.305399268116748,True,False,False,4,492.3605891068007,57,0.006195039999511209,CONVERGENCE: RELATIVE REDUCTION OF F <= FACTR*EPSMCH
2.5,2.0,0.0,100,7,qlog,2.8382464792394377,0.01,True,True,False,4,66058.84485432845,96,0.011591905999011942,CONVERGENCE: RELATIVE REDUCTION OF F <= FACTR*EPSMCH
2.5,2.0,0.0,100,7,cdf,2.5127270134646618,3.3478990785634126,True,False,False,4,0.0006638924571091945,60,0.01656230600019626,CONVERGENCE: NORM OF PROJECTED GRADIENT <= PGTOL
2.5,2.0,0.0,100,8,pdf,1.6000103028697312,1.99999893418589,True,False,False,4,24.999999741136463,6,0.0011678089995257324,CONVERGENCE: RELATIVE REDUCTION OF F <= FACTR*EPSMCH
2.5,2.0,0.0,100,8,mle,2.4511167916559025,2.3831245159612955,True,False,False,4,425.1134558296068,45,0.0181486239998776,CONVERGENCE: RELATIVE REDUCTION OF F <= FACTR*EPSMCH
2.5,2.0,0.0,100,8,qlog,2.746233213767402,0.01,True,True,False,4,67378.59182507213,108,0.016303381000398076,CONVERGENCE: RELATIVE REDUCTION OF F <= FACTR*EPSMCH
2.5,2.0,0.0,100,8,cdf,2.36690086792064,1.242380231989055,True,False,False,4,0.003515525720586273,57,0.023615424999661627,CONVERGENCE: NORM OF PROJECTED GRADIENT <= PGTOL
2.5,2.0,0.0,100,9,pdf,1.6,2.0,True,False,True,2,49.999999999954795,3,0.000668396000037319,CONVERGENCE: NORM OF PROJECTED GRADIENT <= PGTOL
2.5,2.0,0.0,100,9,mle,2.5429281611412935,5.5889537377628065,True,False,False,2,472.30169480379004,75,0.013524428999517113,CONVERGENCE: RELATIVE REDUCTION OF F <= FACTR*EPSMCH
2.5,2.0,0.0,100,9,qlog,2.7929633628423667,0.01,True,True,False,2,2249251.1833901,102,0.015038086999993538,CONVERGENCE: RELATIVE REDUCTION OF F <= FACTR*EPSMCH
2.5,2.0,0.0,100,9,cdf,2.5624621170231547,5.925428898255262,True,False,False,2,0.0002297510928194027,72,0.028745177000018884,CONVERGENCE: NORM OF PROJECTED GRADIENT <= PGTOL
2.5,2.0,0.0,100,10,pdf,1.6000124344979514,1.99999964472863,True,False,False,6,16.66666639726923,6,0.002356553000936401,CONVERGENCE: RELATIVE REDUCTION OF F <= FACTR*EPSMCH
2.5,2.0,0.0,100,10,mle,2.5032221273987467,1.711541145124218,True,False,False,6,488.89325245476607,57,0.005889676000151667,CONVERGENCE: RELATIVE REDUCTION OF F <= FACTR*EPSMCH
2.5,2.0,0.0,100,10,qlog,2.8239048024799045,0.01,True,True,False,6,11391.697668257353,96,0.012721634000627091,CONVERGENCE: RELATIVE REDUCTION OF F <= FACTR*EPSMCH
2.5,2.0,0.0,100,10,cdf,2.435796692820425,1.278591067002003,True,False,False,6,0.00032717939792874614,57,0.010753110000223387,CONVERGENCE: NORM OF PROJECTED GRADIENT <= PGTOL
2.5,2.0,0.0,100,11,pdf,1.6,2.0,True,False,True,2,49.999999999999375,3,0.000708831001247745,CONVERGENCE: NORM OF PROJECTED GRADIENT <= PGTOL
2.5,2.0,0.0,100,11,mle,2.542950216346511,2.514378614324783,True,False,False,2,512.2646677475027,57,0.005761966000136454,CONVERGENCE: RELATIVE REDUCTION OF F <= FACTR*EPSMCH
2.5,2.0,0.0,100,11,qlog,2.8186300374901347,0.01,True,True,False,2,6367762.37212971,135,0.01697261899971636,CONVERGENCE: RELATIVE REDUCTION OF F <= FACTR*EPSMCH
2.5,2.0,0.0,100,11,cdf,2.5793100038847863,3.3007787790361305,True,False,False,2,0.002538856890590134,63,0.01727645999926608,CONVERGENCE: NORM OF PROJECTED GRADIENT <= PGTOL
2.5,2.0,0.0,100,12,pdf,2.7080208785345614,0.01,True,True,False,3,22.296114455990516,87,0.023504135000621318,CONVERGENCE: NORM OF PROJECTED GRADIENT <= PGTOL
2.5,2.0,0.0,100,12,mle,2.4907433674588186,1.1246160935617588,True,False,False,3,497.77428049491755,48,0.015393580000818474,CONVERGENCE: RELATIVE REDUCTION OF F <= FACTR*EPSMCH
2.5,2.0,0.0,100,12,qlog,2.801789099389057,0.01,True,True,False,3,37778.30699157232,93,0.01805049199901987,CONVERGENCE: RELATIVE REDUCTION OF F <= FACTR*EPSMCH
2.5,2.0,0.0,100,12,cdf,2.5285760595166855,1.288144945596917,True,False,False,3,0.0008100845530827855,57,0.011938105999433901,CONVERGENCE: NORM OF PROJECTED GRADIENT <= PGTOL
2.5,2.0,0.0,100,13,pdf,1.6,2.0,True,False,True,2,49.999999999999076,3,0.0006509149989142315,CONVERGENCE: NORM OF PROJECTED GRADIENT <= PGTOL
2.5,2.0,0.0,100,13,mle,2.482355526874972,1.3285318779984139,True,False,False,2,481.59997921440925,51,0.007104151000021375,CONVERGENCE: RELATIVE REDUCTION OF F <= FACTR*EPSMCH
2.5,2.0,0.0,100,13,qlog,nan,nan,False,False,False,2,nan,0,0.0010528509992582258,ValueError('q-logarithm requires y > 0.')
2.5,2.0,0.0,100,13,cdf,2.4674305082371957,1.2852423924881362,True,False,False,2,0.00043419778521869436,60,0.054162292000910384,CONVERGENCE: NORM OF PROJECTED GRADIENT <= PGTOL
2.5,2.0,0.0,100,14,pdf,1.6,2.0,True,False,True,5,19.999999973942145,3,0.0008452609999949345,CONVERGENCE: NORM OF PROJECTED GRADIENT <= PGTOL
2.5,2.0,0.0,100,14,mle,2.5102448541411833,2.0757201098126,True,False,False,5,486.3153435989058,54,0.0049644250011624536,CONVERGENCE: RELATIVE REDUCTION OF F <= FACTR*EPSMCH
2.5,2.0,0.0,100,14,qlog,2.742109751809576,0.01,True,True,False,5,101670.29736880118,90,0.009230200999809313,CONVERGENCE: RELATIVE REDUCTION OF F <= FACTR*EPSMCH
2.5,2.0,0.0,100,14,cdf,2.526226944939541,2.192281640105319,True,False,False,5,0.000362814937451362,63,0.01911597999969672,CONVERGENCE: NORM OF PROJECTED GRADIENT <= PGTOL
2.5,2.0,0.0,100,15,pdf,1.6,2.0,True,False,True,3,33.33333333333254,3,0.0008629690000816481,CONVERGENCE: NORM OF PROJECTED GRADIENT <= PGTOL
2.5,2.0,0.0,100,15,mle,2.4927418737968496,2.337843232054806,True,False,False,3,463.08860136248535,51,0.030636737001259462,CONVERGENCE: NORM OF PROJECTED GRADIENT <= PGTOL
2.5,2.0,0.0,100,15,qlog,2.8150723048304775,0.01,True,True,False,3,3684354.094829038,99,0.029283767000379157,CONVERGENCE: RELATIVE REDUCTION OF F <= FACTR*EPSMCH
2.5,2.0,0.0,100,15,cdf,2.48195069762091,1.574415711497653,True,False,False,3,0.004350882297094332,60,0.011149164000016754,CONVERGENCE: NORM OF PROJECTED GRADIENT <= PGTOL
2.5,2.0,0.0,100,16,pdf,2.455014508403803,0.01,True,True,False,8,8.533188369714411,75,0.0062598169988632435,CONVERGENCE: NORM OF PROJECTED GRADIENT <= PGTOL
2.5,2.0,0.0,100,16,mle,2.50461936885462,1.1790793023076884,True,False,False,8,508.917593521247,48,0.004003391999503947,CONVERGENCE: RELATIVE REDUCTION OF F <= FACTR*EPSMCH
2.5,2.0,0.0,100,16,qlog,2.7107798906406204,0.01,True,True,False,8,3433.265670911857,78,0.013968184000987094,CONVERGENCE: RELATIVE REDUCTION OF F <= FACTR*EPSMCH
2.5,2.0,0.0,100,16,cdf,2.5262969641885316,1.239505275199668,True,False,False,8,0.0003462022015430905,63,0.014717813999595819,CONVERGENCE: NORM OF PROJECTED GRADIENT <= PGTOL
2.5,2.0,0.0,100,17,pdf,1.6,2.0,True,False,True,2,49.99999999913395,3,0.0006826730004831916,CONVERGENCE: NORM OF PROJECTED GRADIENT <= PGTOL
2.5,2.0,0.0,100,17,mle,2.4593942527030386,2.0124447183260425,True,False,False,2,440.51120666860305,48,0.005267189999358379,CONVERGENCE: NORM OF PROJECTED GRADIENT <= PGTOL
2.5,2.0,0.0,100,17,qlog,2.7731950197401534,0.01,True,True,False,2,1041145.1122844485,96,0.012638535999940359,CONVERGENCE: RELATIVE REDUCTION OF F <= FACTR*EPSMCH
2.5,2.0,0.0,100,17,cdf,2.4767810351168587,2.2058151802584662,True,False,False,2,0.00045967702002004923,54,0.028770416000043042,CONVERGENCE: NORM OF PROJECTED GRADIENT <= PGTOL
2.5,2.0,0.0,100,18,pdf,1.6,2.0,True,False,True,3,33.33333333271428,3,0.0006737820003763773,CONVERGENCE: NORM OF PROJECTED GRADIENT <= PGTOL
2.5,2.0,0.0,100,18,mle,2.488843012342839,1.6891885947567264,True,False,False,3,475.63652988227807,51,0.013346588000786141,CONVERGENCE: RELATIVE REDUCTION OF F <= FACTR*EPSMCH
2.5,2.0,0.0,100,18,qlog,2.793798794643668,0.01,False,True,False,3,100479.62814246769,186,0.02838681300090684,ABNORMAL: 
2.5,2.0,0.0,100,18,cdf,2.467390368289751,1.6684845231832484,True,False,False,3,0.00040318534150690004,54,0.01790717199946812,CONVERGENCE: NORM OF PROJECTED GRADIENT <= PGTOL
2.5,2.0,0.0,100,19,pdf,1.6,2.0,True,False,True,5,19.99999999417031,3,0.000962052999966545,CONVERGENCE: NORM OF PROJECTED GRADIENT <= PGTOL
2.5,2.0,0.0,100,19,mle,2.508898880992663,2.0587572783681787,True,False,False,5,485.3565471037467,60,0.0375199589998374,CONVERGENCE: RELATIVE REDUCTION OF F <= FACTR*EPSMCH
2.5,2.0,0.0,100,19,qlog,2.7214382951279386,0.01,True,True,False,5,218231.91457286594,87,0.013680783999006962,CONVERGENCE: RELATIVE REDUCTION OF F <= FACTR*EPSMCH
2.5,2.0,0.0,100,19,cdf,2.5199138732763955,2.3214353085540225,True,False,False,5,0.001398182595395895,60,0.011137841998788645,CONVERGENCE: NORM OF PROJECTED GRADIENT <= PGTOL
2.5,2.0,0.0,100,20,pdf,2.5468601671836715,0.040179606650426004,True,False,False,3,29.115539522062264,117,0.009369159999550902,CONVERGENCE: RELATIVE REDUCTION OF F <= FACTR*EPSMCH
2.5,2.0,0.0,100,20,mle,2.3358375621457315,0.6711521086152782,True,False,False,3,408.34334368564794,36,0.0023252060000231722,CONVERGENCE: NORM OF PROJECTED GRADIENT <= PGTOL
2.5,2.0,0.0,100,20,qlog,2.646010708058903,0.01,True,True,False,3,42829.69150534106,78,0.013790099999823724,CONVERGENCE: RELATIVE REDUCTION OF F <= FACTR*EPSMCH
2.5,2.0,0.0,100,20,cdf,2.3442105610528037,0.6804258320144818,True,False,False,3,0.00010294904088251068,69,0.023700969000856276,CONVERGENCE: NORM OF PROJECTED GRADIENT <= PGTOL
2.5,2.0,0.0,100,21,pdf,2.95,50.0,True,True,False,8,138.69108363593944,6,0.001241390000359388,CONVERGENCE: NORM OF PROJECTED GRADIENT <= PGTOL
2.5,2.0,0.0,100,21,mle,2.437506139656622,1.4296872802442706,True,False,False,8,439.64892935324957,45,0.018622614999912912,CONVERGENCE: NORM OF PROJECTED GRADIENT <= PGTOL
2.5,2.0,0.0,100,21,qlog,2.7036568508489864,0.01,True,True,False,8,394.9996564506558,75,0.008524613000190584,CONVERGENCE: RELATIVE REDUCTION OF F <= FACTR*EPSMCH
2.5,2.0,0.0,100,21,cdf,2.4296635111709186,1.1374330239808863,True,False,False,8,0.000604464471504639,63,0.01272072699975979,CONVERGENCE: NORM OF PROJECTED GRADIENT <= PGTOL
2.5,2.0,0.0,100,22,pdf,1.6,2.0,True,False,True,7,14.285714279714124,3,0.0006396540011337493,CONVERGENCE: NORM OF PROJECTED GRADIENT <= PGTOL
2.5,2.0,0.0,100,22,mle,2.4743295439449935,1.3924646075012934,True,False,False,7,471.96066619719306,51,0.0032960230000753654,CONVERGENCE: NORM OF PROJECTED GRADIENT <= PGTOL
2.5,2.0,0.0,100,22,qlog,2.7443078062737074,0.01,True,True,False,7,88557.69360529914,93,0.014616548998674261,CONVERGENCE: RELATIVE REDUCTION OF F <= FACTR*EPSMCH
2.5,2.0,0.0,100,22,cdf,2.4494648750010817,1.3461375810339469,True,False,False,7,0.002301359368890219,57,0.013949304000561824,CONVERGENCE: NORM OF PROJECTED GRADIENT <= PGTOL
2.5,2.0,0.0,100,23,pdf,1.6,2.0,True,False,True,2,49.9999999998598,3,0.0006613610003114445,CONVERGENCE: NORM OF PROJECTED GRADIENT <= PGTOL
2.5,2.0,0.0,100,23,mle,2.467119089818551,0.9451041725306419,True,False,False,2,484.96053857215156,48,0.003516380998917157,CONVERGENCE: RELATIVE REDUCTION OF F <= FACTR*EPSMCH
2.5,2.0,0.0,100,23,qlog,2.7877306431989326,0.01,True,True,False,2,1519900.2979917694,99,0.014984604000346735,CONVERGENCE: RELATIVE REDUCTION OF F <= FACTR*EPSMCH
2.5,2.0,0.0,100,23,cdf,2.4257167519295475,0.5794898425454682,True,False,False,2,0.0016873957269812649,75,0.029992834000950097,CONVERGENCE: NORM OF PROJECTED GRADIENT <= PGTOL
2.5,2.0,0.0,100,24,pdf,1.6,2.0,True,False,True,3,33.3333333316729,3,0.0006498210004792782,CONVERGENCE: NORM OF PROJECTED GRADIENT <= PGTOL
2.5,2.0,0.0,100,24,mle,2.519892180427812,1.678562837773572,True,False,False,3,506.95236644300445,54,0.0034118200001103105,CONVERGENCE: RELATIVE REDUCTION OF F <= FACTR*EPSMCH
2.5,2.0,0.0,100,24,qlog,2.760222111283666,0.01,True,True,False,3,618723.7276130696,102,0.01334252199922048,CONVERGENCE: RELATIVE REDUCTION OF F <= FACTR*EPSMCH
2.5,2.0,0.0,100,24,cdf,2.5289690203664845,1.8259993681869375,True,False,False,3,0.00036996884796407947,36,0.0062668709997524275,CONVERGENCE: NORM OF PROJECTED GRADIENT <= PGTOL
2.5,2.0,0.0,100,25,pdf,2.400382735639465,0.6831901584624308,True,False,False,3,0.33061779177034756,90,0.009154817000307958,CONVERGENCE: NORM OF PROJECTED GRADIENT <= PGTOL
2.5,2.0,0.0,100,25,mle,2.3838187989570754,1.3299332721661519,True,False,False,3,404.18037840587033,45,0.005709319999368745,CONVERGENCE: NORM OF PROJECTED GRADIENT <= PGTOL
2.5,2.0,0.0,100,25,qlog,2.7348868116602247,0.01,True,True,False,3,8065.621948002041,87,0.014637856000263127,CONVERGENCE: RELATIVE REDUCTION OF F <= FACTR*EPSMCH
2.5,2.0,0.0,100,25,cdf,2.4160238522348814,1.3918325279360946,True,False,False,3,0.0008359597001030357,54,0.013995208000778803,CONVERGENCE: NORM OF PROJECTED GRADIENT <= PGTOL
2.5,2.0,0.0,100,26,pdf,1.6,2.0,True,False,True,3,33.333333292372636,3,0.0006616230002691736,CONVERGENCE: NORM OF PROJECTED GRADIENT <= PGTOL
2.5,2.0,0.0,100,26,mle,2.482449356440378,2.334185941941574,True,False,False,3,453.50680926936417,51,0.0037060520007798914,CONVERGENCE: RELATIVE REDUCTION OF F <= FACTR*EPSMCH
2.5,2.0,0.0,100,26,qlog,2.735724040945998,0.01,True,True,False,3,246600.4733837632,102,0.027708346000508755,CONVERGENCE: RELATIVE REDUCTION OF F <= FACTR*EPSMCH
2.5,2.0,0.0,100,26,cdf,2.5537040123010866,4.41058034171798,True,False,False,3,0.0040635315223686444,75,0.014943047000997467,CONVERGENCE: NORM OF PROJECTED GRADIENT <= PGTOL
2.5,2.0,0.0,100,27,pdf,2.6717269711556515,0.01,True,True,False,4,17.258368255647667,72,0.0059272990001773,CONVERGENCE: NORM OF PROJECTED GRADIENT <= PGTOL
2.5,2.0,0.0,100,27,mle,2.4990392526180774,2.7913119340753956,True,False,False,4,460.3140831812783,51,0.006795819999751984,CONVERGENCE: RELATIVE REDUCTION OF F <= FACTR*EPSMCH
2.5,2.0,0.0,100,27,qlog,2.78534589570156,0.01,True,True,False,4,24456.695911479423,93,0.010292922001099214,CONVERGENCE: RELATIVE REDUCTION OF F <= FACTR*EPSMCH
2.5,2.0,0.0,100,27,cdf,2.504556161589359,2.985661908724894,True,False,False,4,0.001536941459195867,60,0.011781815999711398,CONVERGENCE: NORM OF PROJECTED GRADIENT <= PGTOL
2.5,2.0,0.0,100,28,pdf,1.6,2.0,True,False,True,3,33.33333326176642,3,0.0009501230015303008,CONVERGENCE: NORM OF PROJECTED GRADIENT <= PGTOL
2.5,2.0,0.0,100,28,mle,2.536947711204785,2.1721464317727808,True,False,False,3,512.7129229308846,57,0.00467765900066297,CONVERGENCE: RELATIVE REDUCTION OF F <= FACTR*EPSMCH
2.5,2.0,0.0,100,28,qlog,2.831213927903123,0.01,False,True,False,3,70707.0498560281,180,0.01867501800006721,ABNORMAL: 
2.5,2.0,0.0,100,28,cdf,2.5464897966820472,2.343913676415073,True,False,False,3,0.0003577052841369844,63,0.022048278999136528,CONVERGENCE: NORM OF PROJECTED GRADIENT <= PGTOL
2.5,2.0,0.0,100,29,pdf,1.6,2.0,True,False,True,3,33.33333332623944,3,0.000903906999155879,CONVERGENCE: NORM OF PROJECTED GRADIENT <= PGTOL
2.5,2.0,0.0,100,29,mle,2.469419181165945,1.9154011676483584,True,False,False,3,451.65817274103534,48,0.0038191910007299157,CONVERGENCE: RELATIVE REDUCTION OF F <= FACTR*EPSMCH
2.5,2.0,0.0,100,29,qlog,2.7730587607841506,0.01,True,True,False,3,232392.48503048174,96,0.01612899700012349,CONVERGENCE: RELATIVE REDUCTION OF F <= FACTR*EPSMCH
2.5,2.0,0.0,100,29,cdf,2.435146652636188,1.5905159766487826,True,False,False,3,0.00025745150952039263,51,0.012546972999189165,CONVERGENCE: NORM OF PROJECTED GRADIENT <= PGTOL
2.5,2.0,0.0,100,30,pdf,1.6,2.0,True,False,True,2,49.99999999977343,3,0.0009549900005367817,CONVERGENCE: NORM OF PROJECTED GRADIENT <= PGTOL
2.5,2.0,0.0,100,30,mle,2.489785626895999,1.9810336772682018,True,False,False,2,468.5580266298739,54,0.004588263998812181,CONVERGENCE: RELATIVE REDUCTION OF F <= FACTR*EPSMCH
2.5,2.0,0.0,100,30,qlog,2.775183371909095,0.01,True,True,False,2,2084630.9966001622,102,0.027389176000724547,CONVERGENCE: RELATIVE REDUCTION OF F <= FACTR*EPSMCH
2.5,2.0,0.0,100,30,cdf,2.4690064416482826,2.000099049462706,True,False,False,2,0.0003288563453759722,54,0.02653071600070689,CONVERGENCE: NORM OF PROJECTED GRADIENT <= PGTOL
2.5,2.0,0.0,100,31,pdf,2.7092545772214054,0.01,True,True,False,4,19.53768049273925,84,0.00831783800094854,CONVERGENCE: NORM OF PROJECTED GRADIENT <= PGTOL
2.5,2.0,0.0,100,31,mle,2.481625076530601,2.833880159958763,True,False,False,4,443.04939672950877,51,0.009511280999504379,CONVERGENCE: RELATIVE REDUCTION OF F <= FACTR*EPSMCH
2.5,2.0,0.0,100,31,qlog,2.676957980692244,0.01,True,True,False,4,62026.376734162186,81,0.012484114999097073,CONVERGENCE: RELATIVE REDUCTION OF F <= FACTR*EPSMCH
2.5,2.0,0.0,100,31,cdf,2.5126213808432034,3.0697356780665177,True,False,False,4,0.0027368509501548375,60,0.011754154000300332,CONVERGENCE: NORM OF PROJECTED GRADIENT <= PGTOL
2.5,2.0,0.0,100,32,pdf,1.6,2.0,True,False,True,3,33.33333333143221,3,0.0006488020007964224,CONVERGENCE: NORM OF PROJECTED GRADIENT <= PGTOL
2.5,2.0,0.0,100,32,mle,2.503870627807565,2.4710283209946358,True,False,False,3,471.176156153665,54,0.0045850389997212915,CONVERGENCE: RELATIVE REDUCTION OF F <= FACTR*EPSMCH
2.5,2.0,0.0,100,32,qlog,2.771549089745532,0.01,True,True,False,3,176994.53053891924,96,0.013141696001184755,CONVERGENCE: RELATIVE REDUCTION OF F <= FACTR*EPSMCH
2.5,2.0,0.0,100,32,cdf,2.490452690297346,1.8539883226012572,True,False,False,3,0.0003805952188474052,36,0.008618345000286354,CONVERGENCE: NORM OF PROJECTED GRADIENT <= PGTOL
2.5,2.0,0.0,100,33,pdf,2.6769227220342344,0.01,True,True,False,6,12.810542923708072,81,0.006821230999776162,CONVERGENCE: NORM OF PROJECTED GRADIENT <= PGTOL
2.5,2.0,0.0,100,33,mle,2.5024786182495777,2.6587897467197608,True,False,False,6,466.13166075952444,57,0.023605919001056463,CONVERGENCE: RELATIVE REDUCTION OF F <= FACTR*EPSMCH
2.5,2.0,0.0,100,33,qlog,2.631452412046836,0.01,True,True,False,6,7975.276494792931,81,0.00825549999899522,CONVERGENCE: RELATIVE REDUCTION OF F <= FACTR*EPSMCH
2.5,2.0,0.0,100,33,cdf,2.526094700993382,2.994043444180011,True,False,False,6,0.002318423839813595,60,0.012434875001417822,CONVERGENCE: NORM OF PROJECTED GRADIENT <= PGTOL
2.5,2.0,0.0,100,34,pdf,1.6,2.0,True,False,True,4,24.999999998136797,3,0.0006445180006267037,CONVERGENCE: NORM OF PROJECTED GRADIENT <= PGTOL
2.5,2.0,0.0,100,34,mle,2.548309031650987,1.7253911380794047,True,False,False,4,537.3678204678546,54,0.031938146999891615,CONVERGENCE: RELATIVE REDUCTION OF F <= FACTR*EPSMCH
2.5,2.0,0.0,100,34,qlog,nan,nan,False,False,False,4,nan,0,0.0013659840005857404,ValueError('q-logarithm requires y > 0.')
2.5,2.0,0.0,100,34,cdf,2.489883389867412,0.8288685434863671,True,False,False,4,0.0030031803679928587,66,0.018757900999844423,CONVERGENCE: NORM OF PROJECTED GRADIENT <= PGTOL
2.5,2.0,0.0,100,35,pdf,1.6,2.0,True,False,True,2,50.00000000000099,3,0.0006408560002455488,CONVERGENCE: NORM OF PROJECTED GRADIENT <= PGTOL
2.5,2.0,0.0,100,35,mle,2.5175491028574855,2.1704728278910355,True,False,False,2,491.63484563102963,54,0.020704607999505242,CONVERGENCE: RELATIVE REDUCTION OF F <= FACTR*EPSMCH
2.5,2.0,0.0,100,35,qlog,nan,nan,False,False,False,2,nan,0,0.002851100000043516,ValueError('q-logarithm requires y > 0.')
2.5,2.0,0.0,100,35,cdf,2.444614579347096,1.556027177972476,True,False,False,2,0.0006790356804294903,51,0.029647045999809052,CONVERGENCE: NORM OF PROJECTED GRADIENT <= PGTOL
2.5,2.0,0.0,100,36,pdf,2.5918107455302946,9.77508908489263,True,False,False,8,0.8948741317706175,78,0.00921989400012535,CONVERGENCE: NORM OF PROJECTED GRADIENT <= PGTOL
2.5,2.0,0.0,100,36,mle,2.3602877723080415,0.9586875200505733,True,False,False,8,405.3069553964836,36,0.0034003790005954215,CONVERGENCE: RELATIVE REDUCTION OF F <= FACTR*EPSMCH
2.5,2.0,0.0,100,36,qlog,2.6652201059369545,0.01,True,True,False,8,1042.2110586290808,72,0.014925759000107064,CONVERGENCE: RELATIVE REDUCTION OF F <= FACTR*EPSMCH
2.5,2.0,0.0,100,36,cdf,2.382849833445355,1.0968977057870868,True,False,False,8,0.00031583435222440234,63,0.06000837099963974,CONVERGENCE: NORM OF PROJECTED GRADIENT <= PGTOL
2.5,2.0,0.0,100,37,pdf,2.725512464917914,0.01,True,True,False,3,22.6480646659821,84,0.007061884998620371,CONVERGENCE: NORM OF PROJECTED GRADIENT <= PGTOL
2.5,2.0,0.0,100,37,mle,2.50863829069627,2.1792479618783127,True,False,False,3,482.24773484828415,54,0.019090461999439867,CONVERGENCE: RELATIVE REDUCTION OF F <= FACTR*EPSMCH
2.5,2.0,0.0,100,37,qlog,2.7922057313035533,0.01,True,True,False,3,34549.058985830714,87,0.03267683199919702,CONVERGENCE: RELATIVE REDUCTION OF F <= FACTR*EPSMCH
2.5,2.0,0.0,100,37,cdf,2.5281455603912777,2.2749238027076495,True,False,False,3,0.000795334320233056,63,0.02995322400056466,CONVERGENCE: NORM OF PROJECTED GRADIENT <= PGTOL
2.5,2.0,0.0,100,38,pdf,1.6,2.0,True,False,True,3,33.333333333293645,3,0.0007481199991161702,CONVERGENCE: NORM OF PROJECTED GRADIENT <= PGTOL
2.5,2.0,0.0,100,38,mle,2.4789005803278257,2.1968960670747304,True,False,False,3,453.28787044596857,48,0.0037093880000611534,CONVERGENCE: RELATIVE REDUCTION OF F <= FACTR*EPSMCH
2.5,2.0,0.0,100,38,qlog,2.8243818706082626,0.01,True,True,False,3,354213.67234419775,99,0.013228425001216237,CONVERGENCE: RELATIVE REDUCTION OF F <= FACTR*EPSMCH
2.5,2.0,0.0,100,38,cdf,2.507046662299046,3.2155568360191262,True,False,False,3,0.002131917159806935,63,0.02807027099879633,CONVERGENCE: NORM OF PROJECTED GRADIENT <= PGTOL
2.5,2.0,0.0,100,39,pdf,1.6,2.0,True,False,True,2,49.99999985853616,3,0.0007104500000423286,CONVERGENCE: NORM OF PROJECTED GRADIENT <= PGTOL
2.5,2.0,0.0,100,39,mle,2.454295232787323,1.5516910984100192,True,False,False,2,449.21063895307236,45,0.00410761300008744,CONVERGENCE: RELATIVE REDUCTION OF F <= FACTR*EPSMCH
2.5,2.0,0.0,100,39,qlog,2.833069927621161,0.01,True,True,False,2,105189.83902025303,96,0.012283914000363438,CONVERGENCE: RELATIVE REDUCTION OF F <= FACTR*EPSMCH
2.5,2.0,0.0,100,39,cdf,2.4535541493812603,1.4886484501960158,True,False,False,2,0.00046784034766877216,57,0.034630852000191226,CONVERGENCE: NORM OF PROJECTED GRADIENT <= PGTOL
2.5,2.0,0.0,100,40,pdf,1.6,2.0,True,False,True,3,33.33333333333365,3,0.0008599939992564032,CONVERGENCE: NORM OF PROJECTED GRADIENT <= PGTOL
2.5,2.0,0.0,100,40,mle,2.5140565873047582,2.384870414792523,True,False,False,3,483.2881196175297,57,0.0037271630008035572,CONVERGENCE: NORM OF PROJECTED GRADIENT <= PGTOL
2.5,2.0,0.0,100,40,qlog,nan,nan,False,False,False,3,nan,0,0.0014877570010867203,ValueError('q-logarithm requires y > 0.')
2.5,2.0,0.0,100,40,cdf,2.4846039475897697,2.035976723094471,True,False,False,3,0.00013489381997310675,63,0.011775500999647193,CONVERGENCE: NORM OF PROJECTED GRADIENT <= PGTOL
2.5,2.0,0.0,100,41,pdf,1.6,2.0,True,False,True,2,49.99999995708137,3,0.0006331139993562829,CONVERGENCE: NORM OF PROJECTED GRADIENT <= PGTOL
2.5,2.0,0.0,100,41,mle,2.554299076444392,3.599384100676825,True,False,False,2,507.7795176200669,60,0.007726152000032016,CONVERGENCE: RELATIVE REDUCTION OF F <= FACTR*EPSMCH
2.5,2.0,0.0,100,41,qlog,2.8460127260144468,0.01,True,True,False,2,137564.96010408254,96,0.011583075998714776,CONVERGENCE: RELATIVE REDUCTION OF F <= FACTR*EPSMCH
2.5,2.0,0.0,100,41,cdf,2.55580874593587,3.425430020753578,True,False,False,2,0.0003376060738406387,66,0.013766318999842042,CONVERGENCE: NORM OF PROJECTED GRADIENT <= PGTOL
2.5,2.0,0.0,100,42,pdf,1.6,2.0,True,False,True,2,49.99999999999968,3,0.0009009440000227187,CONVERGENCE: NORM OF PROJECTED GRADIENT <= PGTOL
2.5,2.0,0.0,100,42,mle,2.532579140246632,2.4587278206617666,True,False,False,2,501.62035556309365,57,0.012098107001293101,CONVERGENCE: RELATIVE REDUCTION OF F <= FACTR*EPSMCH
2.5,2.0,0.0,100,42,qlog,nan,nan,False,False,False,2,nan,0,0.0010045439994428307,ValueError('q-logarithm requires y > 0.')
2.5,2.0,0.0,100,42,cdf,2.5231507572180316,1.925861842427872,True,False,False,2,0.003839874314270742,60,0.02506649199858657,CONVERGENCE: NORM OF PROJECTED GRADIENT <= PGTOL
2.5,2.0,0.0,100,43,pdf,2.697341862150519,0.01,True,True,False,6,12.525360003244735,84,0.006212583999513299,CONVERGENCE: NORM OF PROJECTED GRADIENT <= PGTOL
2.5,2.0,0.0,100,43,mle,2.508046962795384,2.6407684404727103,True,False,False,6,472.04525397581847,54,0.004120067998883314,CONVERGENCE: RELATIVE REDUCTION OF F <= FACTR*EPSMCH
2.5,2.0,0.0,100,43,qlog,2.6919269067709357,0.01,True,True,False,6,20693.06189076698,81,0.010835938999662176,CONVERGENCE: RELATIVE REDUCTION OF F <= FACTR*EPSMCH
2.5,2.0,0.0,100,43,cdf,2.5183468388087396,3.078913509318685,True,False,False,6,0.0018660771662593416,60,0.012706792000244604,CONVERGENCE: NORM OF PROJECTED GRADIENT <= PGTOL
2.5,2.0,0.0,100,44,pdf,1.6,2.0,True,False,True,2,49.999999999391626,3,0.0006326389993773773,CONVERGENCE: NORM OF PROJECTED GRADIENT <= PGTOL
2.5,2.0,0.0,100,44,mle,2.47171883355865,1.21603574928935,True,False,False,2,476.40729410106354,48,0.004480526000406826,CONVERGENCE: RELATIVE REDUCTION OF F <= FACTR*EPSMCH
2.5,2.0,0.0,100,44,qlog,2.770123457482397,0.01,True,True,False,2,1427934.471945471,96,0.012594265999723575,CONVERGENCE: RELATIVE REDUCTION OF F <= FACTR*EPSMCH
2.5,2.0,0.0,100,44,cdf,2.4995830069274367,1.6455436716756964,True,False,False,2,0.0031998070607914962,57,0.01422215800084814,CONVERGENCE: NORM OF PROJECTED GRADIENT <= PGTOL
2.5,2.0,0.0,100,45,pdf,1.6,2.0,True,False,True,3,33.33333333034344,3,0.000838629999634577,CONVERGENCE: NORM OF PROJECTED GRADIENT <= PGTOL
2.5,2.0,0.0,100,45,mle,2.4882706452133156,1.6931662023852279,True,False,False,3,474.9798705944577,54,0.004861018000156037,CONVERGENCE: RELATIVE REDUCTION OF F <= FACTR*EPSMCH
2.5,2.0,0.0,100,45,qlog,2.7491678889003723,0.01,True,True,False,3,646506.6548233891,93,0.02907713700005843,CONVERGENCE: RELATIVE REDUCTION OF F <= FACTR*EPSMCH
2.5,2.0,0.0,100,45,cdf,2.470688532780514,1.5717552387912574,True,False,False,3,0.0005227314012375317,54,0.009374422999826493,CONVERGENCE: NORM OF PROJECTED GRADIENT <= PGTOL
2.5,2.0,0.0,100,46,pdf,2.6971593620079704,0.01,True,True,False,10,7.369881977484721,75,0.005192347998672631,CONVERGENCE: NORM OF PROJECTED GRADIENT <= PGTOL
2.5,2.0,0.0,100,46,mle,2.553712536123859,2.044397491862947,True,False,False,10,535.3518033879518,54,0.004043337001348846,CONVERGENCE: RELATIVE REDUCTION OF F <= FACTR*EPSMCH
2.5,2.0,0.0,100,46,qlog,2.7243206393123813,0.01,True,True,False,10,7646.6951619837155,84,0.010992133000399917,CONVERGENCE: RELATIVE REDUCTION OF F <= FACTR*EPSMCH
2.5,2.0,0.0,100,46,cdf,2.5478512896645853,1.8264613857383998,True,False,False,10,0.0009310284436424344,36,0.008004043998880661,CONVERGENCE: NORM OF PROJECTED GRADIENT <= PGTOL
2.5,2.0,0.0,100,47,pdf,1.6000124344979514,2.0,True,False,False,4,24.999999697469015,6,0.0012479480010370025,CONVERGENCE: RELATIVE REDUCTION OF F <= FACTR*EPSMCH
2.5,2.0,0.0,100,47,mle,2.495453133105011,3.4054798901223577,True,False,False,4,446.885486502377,51,0.004513747000601143,CONVERGENCE: NORM OF PROJECTED GRADIENT <= PGTOL
2.5,2.0,0.0,100,47,qlog,2.720761493273369,0.01,True,True,False,4,89438.20248586079,87,0.012834549999752198,CONVERGENCE: RELATIVE REDUCTION OF F <= FACTR*EPSMCH
2.5,2.0,0.0,100,47,cdf,2.5562619414315813,5.825635424666503,True,False,False,4,0.003836674856104802,75,0.016112584999063984,CONVERGENCE: NORM OF PROJECTED GRADIENT <= PGTOL
2.5,2.0,0.0,100,48,pdf,1.6,2.0,True,False,True,2,49.99999999999979,3,0.0007674409989704145,CONVERGENCE: NORM OF PROJECTED GRADIENT <= PGTOL
2.5,2.0,0.0,100,48,mle,2.5291145339901546,2.079697336821285,True,False,False,2,506.16799159120154,54,0.020490367998718284,CONVERGENCE: RELATIVE REDUCTION OF F <= FACTR*EPSMCH
2.5,2.0,0.0,100,48,qlog,nan,nan,False,False,False,2,nan,0,0.008994648000225425,ValueError('q-logarithm requires y > 0.')
2.5,2.0,0.0,100,48,cdf,2.498550347415401,1.5141049146107979,True,False,False,2,0.0014960399869668156,57,0.01113318299940147,CONVERGENCE: NORM OF PROJECTED GRADIENT <= PGTOL
2.5,2.0,0.0,100,49,pdf,2.6494609169682217,0.01,True,True,False,4,9.846199367903138,69,0.004961618000379531,CONVERGENCE: NORM OF PROJECTED GRADIENT <= PGTOL
2.5,2.0,0.0,100,49,mle,2.492431898326062,1.674070676041733,True,False,False,4,479.4909632890334,54,0.004296577999411966,CONVERGENCE: RELATIVE REDUCTION OF F <= FACTR*EPSMCH
2.5,2.0,0.0,100,49,qlog,2.784911108815089,0.01,True,True,False,4,17024.82314194581,84,0.010534021999774268,CONVERGENCE: RELATIVE REDUCTION OF F <= FACTR*EPSMCH
2.5,2.0,0.0,100,49,cdf,2.5252591143697307,2.2377232661297164,True,False,False,4,0.0006932978473045538,60,0.01478803799909656,CONVERGENCE: NORM OF PROJECTED GRADIENT <= PGTOL
2.5,2.0,0.0,100,50,pdf,1.6,2.0,True,False,True,2,49.99999999999986,3,0.0007089749997248873,CONVERGENCE: NORM OF PROJECTED GRADIENT <= PGTOL
2.5,2.0,0.0,100,50,mle,2.5537477976365146,2.871628295171461,True,False,False,2,518.4055353620852,63,0.005782943999292911,CONVERGENCE: RELATIVE REDUCTION OF F <= FACTR*EPSMCH
2.5,2.0,0.0,100,50,qlog,nan,nan,False,False,False,2,nan,0,0.0012325960015004966,ValueError('q-logarithm requires y > 0.')
2.5,2.0,0.0,100,50,cdf,2.549835155883403,2.098703835821914,True,False,False,2,0.00045420105018176526,66,0.011914683998838882,CONVERGENCE: NORM OF PROJECTED GRADIENT <= PGTOL
2.5,2.0,0.0,100,51,pdf,2.71310155049904,0.01,True,True,False,5,5.674817021637973,87,0.02670534099888755,CONVERGENCE: NORM OF PROJECTED GRADIENT <= PGTOL
2.5,2.0,0.0,100,51,mle,2.520105217831325,2.6956897234129062,True,False,False,5,483.49206565624775,57,0.004065054999955464,CONVERGENCE: RELATIVE REDUCTION OF F <= FACTR*EPSMCH
2.5,2.0,0.0,100,51,qlog,2.8182303096660775,0.01,True,True,False,5,9521.701782152513,90,0.011600066000028164,CONVERGENCE: RELATIVE REDUCTION OF F <= FACTR*EPSMCH
2.5,2.0,0.0,100,51,cdf,2.5015502514701837,2.1063654231424507,True,False,False,5,0.0007285846678417713,63,0.011682405000101426,CONVERGENCE: NORM OF PROJECTED GRADIENT <= PGTOL
2.5,2.0,0.0,100,52,pdf,2.4493389038689424,0.01,True,True,False,9,8.34109675466674,90,0.00769086999935098,CONVERGENCE: NORM OF PROJECTED GRADIENT <= PGTOL
2.5,2.0,0.0,100,52,mle,2.474659508468818,1.130275527312034,True,False,False,9,482.6870262808718,48,0.0052525930004776455,CONVERGENCE: NORM OF PROJECTED GRADIENT <= PGTOL
2.5,2.0,0.0,100,52,qlog,2.5816615053956276,0.01,True,True,False,9,2444.8298320271388,78,0.012611956999535323,CONVERGENCE: RELATIVE REDUCTION OF F <= FACTR*EPSMCH
2.5,2.0,0.0,100,52,cdf,2.506554372985242,1.2448373873669745,True,False,False,9,0.0039671173691207635,60,0.01383337399965967,CONVERGENCE: NORM OF PROJECTED GRADIENT <= PGTOL
2.5,2.0,0.0,100,53,pdf,1.6,2.0,True,False,True,4,24.99999999998364,3,0.0007825700013199821,CONVERGENCE: NORM OF PROJECTED GRADIENT <= PGTOL
2.5,2.0,0.0,100,53,mle,2.557954006539035,1.7754820786264398,True,False,False,4,547.5814933615937,54,0.026344436000727,CONVERGENCE: NORM OF PROJECTED GRADIENT <= PGTOL
2.5,2.0,0.0,100,53,qlog,2.798778687038034,0.01,True,True,False,4,1206573.736450238,126,0.013171624999813503,CONVERGENCE: RELATIVE REDUCTION OF F <= FACTR*EPSMCH
2.5,2.0,0.0,100,53,cdf,2.5236664368176513,1.1173123761484711,True,False,False,4,0.000982975907200072,66,0.019447296001089853,CONVERGENCE: NORM OF PROJECTED GRADIENT <= PGTOL
2.5,2.0,0.0,100,54,pdf,1.6,2.0,True,False,True,2,49.99999999978183,3,0.000747191999835195,CONVERGENCE: NORM OF PROJECTED GRADIENT <= PGTOL
2.5,2.0,0.0,100,54,mle,2.478634186138633,2.678752805307052,True,False,False,2,443.1312774269416,51,0.010436780999953044,CONVERGENCE: RELATIVE REDUCTION OF F <= FACTR*EPSMCH
2.5,2.0,0.0,100,54,qlog,2.773612415525024,0.01,True,True,False,2,2318103.3198834998,108,0.028484772999945562,CONVERGENCE: RELATIVE REDUCTION OF F <= FACTR*EPSMCH
2.5,2.0,0.0,100,54,cdf,2.563381486378595,5.247204818937908,True,False,False,2,0.005079999797820105,69,0.027642740000374033,CONVERGENCE: NORM OF PROJECTED GRADIENT <= PGTOL
2.5,2.0,0.0,100,55,pdf,2.7414735244277035,0.01,True,True,False,4,1.0614516721442138,90,0.054238008000538684,CONVERGENCE: NORM OF PROJECTED GRADIENT <= PGTOL
2.5,2.0,0.0,100,55,mle,2.5565999581388277,2.9775975158632684,True,False,False,4,520.0663118139325,57,0.1151439549994393,CONVERGENCE: RELATIVE REDUCTION OF F <= FACTR*EPSMCH
2.5,2.0,0.0,100,55,qlog,2.838609340340816,0.01,True,True,False,4,54030.92072760951,96,0.07607065399861312,CONVERGENCE: RELATIVE REDUCTION OF F <= FACTR*EPSMCH
2.5,2.0,0.0,100,55,cdf,2.565021571490876,2.932865969211868,True,False,False,4,0.00024128839428072248,63,0.07162397300089651,CONVERGENCE: NORM OF PROJECTED GRADIENT <= PGTOL
2.5,2.0,0.0,100,56,pdf,1.6,2.0,True,False,True,5,19.999999999538908,3,0.0006902879995323019,CONVERGENCE: NORM OF PROJECTED GRADIENT <= PGTOL
2.5,2.0,0.0,100,56,mle,2.557947382313947,2.0844513323346714,True,False,False,5,539.5517576787211,60,0.1737999260003562,CONVERGENCE: RELATIVE REDUCTION OF F <= FACTR*EPSMCH
2.5,2.0,0.0,100,56,qlog,2.767012741556999,0.01,True,True,False,5,561773.4347196168,99,0.16383287100143207,CONVERGENCE: RELATIVE REDUCTION OF F <= FACTR*EPSMCH
2.5,2.0,0.0,100,56,cdf,2.5415947147574554,1.079603582904771,True,False,False,5,0.0030652135496309287,63,0.04901948699989589,CONVERGENCE: NORM OF PROJECTED GRADIENT <= PGTOL
2.5,2.0,0.0,100,57,pdf,1.6,2.0,True,False,True,2,50.0,3,0.0011342870002408745,CONVERGENCE: NORM OF PROJECTED GRADIENT <= PGTOL
2.5,2.0,0.0,100,57,mle,2.5023223959998546,1.0063008567910674,True,False,False,2,514.556567308553,54,0.011549513999852934,CONVERGENCE: RELATIVE REDUCTION OF F <= FACTR*EPSMCH
2.5,2.0,0.0,100,57,qlog,nan,nan,False,False,False,2,nan,0,0.0044824149990745354,ValueError('q-logarithm requires y > 0.')
2.5,2.0,0.0,100,57,cdf,2.4790855067059625,0.8656097051465397,True,False,False,2,0.0004622198678088662,66,0.04548237900053209,CONVERGENCE: NORM OF PROJECTED GRADIENT <= PGTOL
2.5,2.0,0.0,100,58,pdf,1.6,2.0,True,False,True,5,19.999999773207083,3,0.0006406680004147347,CONVERGENCE: NORM OF PROJECTED GRADIENT <= PGTOL
2.5,2.0,0.0,100,58,mle,2.5639389964424484,4.150296853848687,True,False,False,5,512.5908993509963,63,0.0314106219993846,CONVERGENCE: RELATIVE REDUCTION OF F <= FACTR*EPSMCH
2.5,2.0,0.0,100,58,qlog,2.7715661655010133,0.01,True,True,False,5,37700.67449426804,129,0.013217821000580443,CONVERGENCE: RELATIVE REDUCTION OF F <= FACTR*EPSMCH
2.5,2.0,0.0,100,58,cdf,2.5771669725625426,4.699423425629233,True,False,False,5,0.0013159824127071467,69,0.013858214000720182,CONVERGENCE: NORM OF PROJECTED GRADIENT <= PGTOL
2.5,2.0,0.0,100,59,pdf,1.6,2.0,True,False,True,4,24.99999997585723,3,0.0006485839985543862,CONVERGENCE: NORM OF PROJECTED GRADIENT <= PGTOL
2.5,2.0,0.0,100,59,mle,2.5028969137997534,0.8949905133020595,True,False,False,4,520.9870931506048,45,0.00620771300054912,CONVERGENCE: NORM OF PROJECTED GRADIENT <= PGTOL
2.5,2.0,0.0,100,59,qlog,2.750107098161973,0.01,True,True,False,4,116543.73011936915,90,0.013587019000624423,CONVERGENCE: RELATIVE REDUCTION OF F <= FACTR*EPSMCH
2.5,2.0,0.0,100,59,cdf,2.5251330117073905,1.201482155424328,True,False,False,4,0.0008445336291918127,57,0.01404492299843696,CONVERGENCE: NORM OF PROJECTED GRADIENT <= PGTOL
2.5,2.0,0.0,100,60,pdf,2.667126212689728,0.01,True,True,False,4,18.05308154354328,78,0.007642313999895123,CONVERGENCE: NORM OF PROJECTED GRADIENT <= PGTOL
2.5,2.0,0.0,100,60,mle,2.433795042440537,2.3925206955058083,True,False,False,4,410.9870956601171,45,0.003657904999272432,CONVERGENCE: RELATIVE REDUCTION OF F <= FACTR*EPSMCH
2.5,2.0,0.0,100,60,qlog,2.707426406060038,0.01,True,True,False,4,18395.532136223977,81,0.04228103999957966,CONVERGENCE: RELATIVE REDUCTION OF F <= FACTR*EPSMCH
2.5,2.0,0.0,100,60,cdf,2.417640840290423,2.0503853753529393,True,False,False,4,0.00034948025126081326,57,0.011616427000262775,CONVERGENCE: NORM OF PROJECTED GRADIENT <= PGTOL
2.5,2.0,0.0,100,61,pdf,2.413253452737433,0.05616738812554268,True,False,False,5,0.5569243581085829,114,0.010357995999584091,CONVERGENCE: NORM OF PROJECTED GRADIENT <= PGTOL
2.5,2.0,0.0,100,61,mle,2.4320807911724,1.3075457527280108,True,False,False,5,439.8590186599305,42,0.0057678600005601766,CONVERGENCE: NORM OF PROJECTED GRADIENT <= PGTOL
2.5,2.0,0.0,100,61,qlog,2.7634499220813624,0.01,True,True,False,5,1017.3514439808711,117,0.013773253000181285,CONVERGENCE: RELATIVE REDUCTION OF F <= FACTR*EPSMCH
2.5,2.0,0.0,100,61,cdf,2.4854430743188383,1.5860564530682073,True,False,False,5,0.004860926327120757,60,0.03742836799938232,CONVERGENCE: NORM OF PROJECTED GRADIENT <= PGTOL
2.5,2.0,0.0,100,62,pdf,2.6645762981618257,0.01,True,True,False,3,20.855551363916984,81,0.008201235999877099,CONVERGENCE: NORM OF PROJECTED GRADIENT <= PGTOL
2.5,2.0,0.0,100,62,mle,2.540929692482656,10.636435373606137,True,False,False,3,437.82225063850353,63,0.006965754999328055,CONVERGENCE: RELATIVE REDUCTION OF F <= FACTR*EPSMCH
2.5,2.0,0.0,100,62,qlog,2.771766018338047,0.01,True,True,False,3,23920.7807726742,90,0.00930595799945877,CONVERGENCE: RELATIVE REDUCTION OF F <= FACTR*EPSMCH
2.5,2.0,0.0,100,62,cdf,2.5974608466749483,10.817704599281557,True,False,False,3,0.004414656677924952,81,0.019576587999836192,CONVERGENCE: NORM OF PROJECTED GRADIENT <= PGTOL
2.5,2.0,0.0,100,63,pdf,1.6,2.0,True,False,True,2,49.9999999999997,3,0.0011935639995499514,CONVERGENCE: NORM OF PROJECTED GRADIENT <= PGTOL
2.5,2.0,0.0,100,63,mle,2.477942970832372,2.6205048282000716,True,False,False,2,443.6024169682174,48,0.00694435799960047,CONVERGENCE: RELATIVE REDUCTION OF F <= FACTR*EPSMCH
2.5,2.0,0.0,100,63,qlog,nan,nan,False,False,False,2,nan,0,0.0012680159998126328,ValueError('q-logarithm requires y > 0.')
2.5,2.0,0.0,100,63,cdf,2.4505477502054327,2.5416590689548446,True,False,False,2,0.0005082945003759341,51,0.010691108000173699,CONVERGENCE: NORM OF PROJECTED GRADIENT <= PGTOL
2.5,2.0,0.0,100,64,pdf,1.6,2.0,True,False,True,2,49.99999988854864,3,0.0007203450004453771,CONVERGENCE: NORM OF PROJECTED GRADIENT <= PGTOL
2.5,2.0,0.0,100,64,mle,2.4147362055593593,1.0968351589611263,True,False,False,2,435.5257773231946,39,0.004969870000422816,CONVERGENCE: RELATIVE REDUCTION OF F <= FACTR*EPSMCH
2.5,2.0,0.0,100,64,qlog,2.7327357745141594,0.01,True,True,False,2,305404.1852888041,105,0.03260611699988658,CONVERGENCE: RELATIVE REDUCTION OF F <= FACTR*EPSMCH
2.5,2.0,0.0,100,64,cdf,2.477776088289934,1.59213318947872,True,False,False,2,0.0009916679570455885,57,0.01857125999958953,CONVERGENCE: NORM OF PROJECTED GRADIENT <= PGTOL
2.5,2.0,0.0,100,65,pdf,2.5026641736835287,0.01,True,True,False,3,7.028657248922124,63,0.006959102000109851,CONVERGENCE: NORM OF PROJECTED GRADIENT <= PGTOL
2.5,2.0,0.0,100,65,mle,2.4121482280617923,3.984174873574778,True,False,False,3,369.1337793545621,93,0.007589415999973426,CONVERGENCE: RELATIVE REDUCTION OF F <= FACTR*EPSMCH
2.5,2.0,0.0,100,65,qlog,2.7535061582858247,0.01,True,True,False,3,11524.083957054774,78,0.009342594001282123,CONVERGENCE: RELATIVE REDUCTION OF F <= FACTR*EPSMCH
2.5,2.0,0.0,100,65,cdf,2.420785562968153,4.045588992739039,True,False,False,3,0.0011123983041933648,60,0.03596476999882725,CONVERGENCE: NORM OF PROJECTED GRADIENT <= PGTOL
2.5,2.0,0.0,100,66,pdf,2.5846523770390366,0.01,True,True,False,4,20.290006117399248,72,0.01982908799982397,CONVERGENCE: NORM OF PROJECTED GRADIENT <= PGTOL
2.5,2.0,0.0,100,66,mle,2.4033155332523353,0.52956328404677,True,False,False,4,463.67413248372725,42,0.005171614999198937,CONVERGENCE: RELATIVE REDUCTION OF F <= FACTR*EPSMCH
2.5,2.0,0.0,100,66,qlog,2.6916971455368905,0.01,True,True,False,4,26747.681794434233,81,0.027166907999344403,CONVERGENCE: RELATIVE REDUCTION OF F <= FACTR*EPSMCH
2.5,2.0,0.0,100,66,cdf,2.4159161596164753,0.5653422602535827,True,False,False,4,0.0001981615242097958,57,0.030672928000058164,CONVERGENCE: NORM OF PROJECTED GRADIENT <= PGTOL
2.5,2.0,0.0,100,67,pdf,1.6,2.0,True,False,True,2,49.99999999999945,3,0.0009784069989109412,CONVERGENCE: NORM OF PROJECTED GRADIENT <= PGTOL
2.5,2.0,0.0,100,67,mle,2.4904400707595826,2.408995876792611,True,False,False,2,459.39830258686754,48,0.0058227879999321885,CONVERGENCE: RELATIVE REDUCTION OF F <= FACTR*EPSMCH
2.5,2.0,0.0,100,67,qlog,nan,nan,False,False,False,2,nan,0,0.0025209169998561265,ValueError('q-logarithm requires y > 0.')
2.5,2.0,0.0,100,67,cdf,2.4235770679514226,1.278526714055459,True,False,False,2,0.0010037726815290472,57,0.032332638000298175,CONVERGENCE: NORM OF PROJECTED GRADIENT <= PGTOL
2.5,2.0,0.0,100,68,pdf,1.6,2.0,True,False,True,4,24.99999999999895,3,0.0006381510011124192,CONVERGENCE: NORM OF PROJECTED GRADIENT <= PGTOL
2.5,2.0,0.0,100,68,mle,2.553219953462408,3.828680346786988,True,False,False,4,503.38546638234027,60,0.006795961000534589,CONVERGENCE: RELATIVE REDUCTION OF F <= FACTR*EPSMCH
2.5,2.0,0.0,100,68,qlog,2.814591830927535,0.01,True,True,False,4,1233749.1175846627,102,0.012592630999279208,CONVERGENCE: RELATIVE REDUCTION OF F <= FACTR*EPSMCH
2.5,2.0,0.0,100,68,cdf,2.5740078961889385,4.252680764607892,True,False,False,4,0.0016713863848632838,69,0.01326986499952909,CONVERGENCE: NORM OF PROJECTED GRADIENT <= PGTOL
2.5,2.0,0.0,100,69,pdf,1.6,2.0,True,False,True,4,24.99999995050643,3,0.000837772999148001,CONVERGENCE: NORM OF PROJECTED GRADIENT <= PGTOL
2.5,2.0,0.0,100,69,mle,2.550627370411528,3.4171600309928762,True,False,False,4,505.95710350495557,66,0.007270232999871951,CONVERGENCE: RELATIVE REDUCTION OF F <= FACTR*EPSMCH
2.5,2.0,0.0,100,69,qlog,2.763285099256826,0.01,True,True,False,4,72195.28986185329,90,0.016321921000781003,CONVERGENCE: RELATIVE REDUCTION OF F <= FACTR*EPSMCH
2.5,2.0,0.0,100,69,cdf,2.5397081671473827,3.3069680429700408,True,False,False,4,0.00026291217457510624,72,0.03613619699899573,CONVERGENCE: NORM OF PROJECTED GRADIENT <= PGTOL
2.5,2.0,0.0,100,70,pdf,1.6,2.0,True,False,True,2,49.99999999992789,3,0.0006592690006073099,CONVERGENCE: NORM OF PROJECTED GRADIENT <= PGTOL
2.5,2.0,0.0,100,70,mle,2.516595811623744,2.8231318394602427,True,False,False,2,477.4923364316545,57,0.005254010999124148,CONVERGENCE: NORM OF PROJECTED GRADIENT <= PGTOL
2.5,2.0,0.0,100,70,qlog,2.80054469614715,0.01,True,True,False,2,1206098.3044538165,114,0.012305800000831368,CONVERGENCE: RELATIVE REDUCTION OF F <= FACTR*EPSMCH
2.5,2.0,0.0,100,70,cdf,2.4896110196668713,2.1224828442776773,True,False,False,2,0.000687759111502549,60,0.02849633799996809,CONVERGENCE: NORM OF PROJECTED GRADIENT <= PGTOL
2.5,2.0,0.0,100,71,pdf,2.6217416501662645,0.01,True,True,False,7,10.097396745636956,81,0.008380302000659867,CONVERGENCE: NORM OF PROJECTED GRADIENT <= PGTOL
2.5,2.0,0.0,100,71,mle,2.4285553868215306,1.8340368688965463,True,False,False,7,420.21525531108523,45,0.007420412001010845,CONVERGENCE: RELATIVE REDUCTION OF F <= FACTR*EPSMCH
2.5,2.0,0.0,100,71,qlog,2.620343289697086,0.01,True,True,False,7,10684.894962679786,81,0.02925409999988915,CONVERGENCE: RELATIVE REDUCTION OF F <= FACTR*EPSMCH
2.5,2.0,0.0,100,71,cdf,2.4087038830683243,1.4643336141671541,True,False,False,7,0.00127171543560928,51,0.008251010000094539,CONVERGENCE: NORM OF PROJECTED GRADIENT <= PGTOL
2.5,2.0,0.0,100,72,pdf,1.6,2.0,True,False,True,2,49.999999999999204,3,0.0007160339991969522,CONVERGENCE: NORM OF PROJECTED GRADIENT <= PGTOL
2.5,2.0,0.0,100,72,mle,2.4825666531408332,1.0057453282457924,True,False,False,2,495.7117737325032,45,0.0030272709991550073,CONVERGENCE: RELATIVE REDUCTION OF F <= FACTR*EPSMCH
2.5,2.0,0.0,100,72,qlog,2.8212952374364497,0.01,True,True,False,2,6436826.769789648,96,0.010573903000477003,CONVERGENCE: RELATIVE REDUCTION OF F <= FACTR*EPSMCH
2.5,2.0,0.0,100,72,cdf,2.4564591357325254,0.7596712599575627,True,False,False,2,0.004009798982692868,66,0.013652128000103403,CONVERGENCE: NORM OF PROJECTED GRADIENT <= PGTOL
2.5,2.0,0.0,100,73,pdf,2.723147898983245,0.01,True,True,False,2,36.29803409708831,84,0.006719803999658325,CONVERGENCE: NORM OF PROJECTED GRADIENT <= PGTOL
2.5,2.0,0.0,100,73,mle,2.4530964235483563,2.244404656392794,True,False,False,2,429.75549691512447,48,0.0038704589987901272,CONVERGENCE: RELATIVE REDUCTION OF F <= FACTR*EPSMCH
2.5,2.0,0.0,100,73,qlog,2.7815317544465312,0.01,True,True,False,2,61627.46811724501,87,0.01196097000138252,CONVERGENCE: RELATIVE REDUCTION OF F <= FACTR*EPSMCH
2.5,2.0,0.0,100,73,cdf,2.491410137682122,2.8004474709360268,True,False,False,2,0.002709833145715509,60,0.015047692000734969,CONVERGENCE: NORM OF PROJECTED GRADIENT <= PGTOL
2.5,2.0,0.0,100,74,pdf,1.6,2.0,True,False,True,3,33.33333330388503,3,0.0015380980003101286,CONVERGENCE: NORM OF PROJECTED GRADIENT <= PGTOL
2.5,2.0,0.0,100,74,mle,2.495416655117713,2.8927063649178653,True,False,False,3,455.0099277621705,51,0.03908611899896641,CONVERGENCE: RELATIVE REDUCTION OF F <= FACTR*EPSMCH
2.5,2.0,0.0,100,74,qlog,2.7506685981779984,0.01,True,True,False,3,212490.7094199954,90,0.1309531020015129,CONVERGENCE: RELATIVE REDUCTION OF F <= FACTR*EPSMCH
2.5,2.0,0.0,100,74,cdf,2.4896015458270395,2.857160766122736,True,False,False,3,0.001539758514138262,57,0.09899911700085795,CONVERGENCE: NORM OF PROJECTED GRADIENT <= PGTOL
2.5,2.0,0.0,100,75,pdf,1.6,2.0,True,False,True,2,49.99999999809462,3,0.004926650999550475,CONVERGENCE: NORM OF PROJECTED GRADIENT <= PGTOL
2.5,2.0,0.0,100,75,mle,2.5164084789476777,1.9656564524084301,True,False,False,2,495.39754105808106,60,0.058049027999004466,CONVERGENCE: RELATIVE REDUCTION OF F <= FACTR*EPSMCH
2.5,2.0,0.0,100,75,qlog,nan,nan,False,False,False,2,nan,0,0.0015952000012475764,ValueError('q-logarithm requires y > 0.')
2.5,2.0,0.0,100,75,cdf,2.5096406257658077,1.9648269985506188,True,False,False,2,0.00020331945561938828,63,0.06495625900060986,CONVERGENCE: NORM OF PROJECTED GRADIENT <= PGTOL
2.5,2.0,0.0,100,76,pdf,1.6,2.0,True,False,True,3,33.333333333333464,3,0.0012926159997732611,CONVERGENCE: NORM OF PROJECTED GRADIENT <= PGTOL
2.5,2.0,0.0,100,76,mle,2.517132231102519,2.9611344866586564,True,False,False,3,475.6669622673936,57,0.029542795000452315,CONVERGENCE: RELATIVE REDUCTION OF F <= FACTR*EPSMCH
2.5,2.0,0.0,100,76,qlog,nan,nan,False,False,False,3,nan,0,0.005609492998701171,ValueError('q-logarithm requires y > 0.')
2.5,2.0,0.0,100,76,cdf,2.460254629509898,2.1915721802945005,True,False,False,3,0.0002780737275878841,57,0.04454147000069497,CONVERGENCE: NORM OF PROJECTED GRADIENT <= PGTOL
2.5,2.0,0.0,100,77,pdf,1.6,2.0,True,False,True,5,19.999999992855642,3,0.0013325529998837737,CONVERGENCE: NORM OF PROJECTED GRADIENT <= PGTOL
2.5,2.0,0.0,100,77,mle,2.5697758248358156,2.3586366236369134,True,False,False,5,548.3099788344548,60,0.05748660499921243,CONVERGENCE: RELATIVE REDUCTION OF F <= FACTR*EPSMCH
2.5,2.0,0.0,100,77,qlog,2.792081797310699,0.01,True,True,False,5,78645.94656487054,96,0.12870049299999664,CONVERGENCE: RELATIVE REDUCTION OF F <= FACTR*EPSMCH
2.5,2.0,0.0,100,77,cdf,2.5884485185477395,2.3706620898783273,True,False,False,5,0.0014608340289214837,66,0.0840212410003005,CONVERGENCE: NORM OF PROJECTED GRADIENT <= PGTOL
2.5,2.0,0.0,100,78,pdf,2.541253392231735,0.01,True,True,False,7,7.031932335801521,72,0.044546916000399506,CONVERGENCE: NORM OF PROJECTED GRADIENT <= PGTOL
2.5,2.0,0.0,100,78,mle,2.447162125532029,1.3317109458474852,True,False,False,7,450.9600551813323,39,0.056264229000589694,CONVERGENCE: NORM OF PROJECTED GRADIENT <= PGTOL
2.5,2.0,0.0,100,78,qlog,2.757140666183577,0.01,True,True,False,7,4558.982804696859,78,0.10539396800049872,CONVERGENCE: RELATIVE REDUCTION OF F <= FACTR*EPSMCH
2.5,2.0,0.0,100,78,cdf,2.4382891486500795,1.3716489733483286,True,False,False,7,0.0003490202457095269,54,0.08708843699969293,CONVERGENCE: NORM OF PROJECTED GRADIENT <= PGTOL
2.5,2.0,0.0,100,79,pdf,2.6533597519653553,0.01,True,True,False,5,15.033440761733024,78,0.08980407899980491,CONVERGENCE: NORM OF PROJECTED GRADIENT <= PGTOL
2.5,2.0,0.0,100,79,mle,2.409487389407445,0.5561313361148518,True,False,False,5,465.65321592890274,42,0.08331931099928624,CONVERGENCE: NORM OF PROJECTED GRADIENT <= PGTOL
2.5,2.0,0.0,100,79,qlog,2.7069784588267276,0.01,True,True,False,5,16306.112849724177,81,0.4275371310013725,CONVERGENCE: RELATIVE REDUCTION OF F <= FACTR*EPSMCH
2.5,2.0,0.0,100,79,cdf,2.3906828805202953,0.45223896596106594,True,False,False,5,0.0012117694951673146,81,0.33213403999980073,CONVERGENCE: NORM OF PROJECTED GRADIENT <= PGTOL
2.5,2.0,0.0,100,80,pdf,2.220400614198674,0.01,True,True,False,10,1.9691695490787162,57,0.08845554999970773,CONVERGENCE: NORM OF PROJECTED GRADIENT <= PGTOL
2.5,2.0,0.0,100,80,mle,2.451824904625842,1.2056759437311997,True,False,False,10,459.7686174602792,42,0.06502905399975134,CONVERGENCE: RELATIVE REDUCTION OF F <= FACTR*EPSMCH
2.5,2.0,0.0,100,80,qlog,2.671172131505663,0.01,True,True,False,10,266.1892508570785,84,0.187452800999381,CONVERGENCE: RELATIVE REDUCTION OF F <= FACTR*EPSMCH
2.5,2.0,0.0,100,80,cdf,2.4783054911707225,1.2353802678367443,True,False,False,10,0.0013292787225078755,66,0.15154825099853042,CONVERGENCE: NORM OF PROJECTED GRADIENT <= PGTOL
2.5,2.0,0.0,100,81,pdf,1.6,2.0,True,False,True,3,33.33333331637436,3,0.0011056639996240847,CONVERGENCE: NORM OF PROJECTED GRADIENT <= PGTOL
2.5,2.0,0.0,100,81,mle,2.5329261617504977,1.7215730192754755,True,False,False,3,519.8265530839936,54,0.04621075800059771,CONVERGENCE: RELATIVE REDUCTION OF F <= FACTR*EPSMCH
2.5,2.0,0.0,100,81,qlog,2.743984933128698,0.01,True,True,False,3,307853.4372369722,105,0.19368189799934044,CONVERGENCE: RELATIVE REDUCTION OF F <= FACTR*EPSMCH
2.5,2.0,0.0,100,81,cdf,2.5587370101928872,2.237732516770398,True,False,False,3,0.0006260225772230743,63,0.18474714900003164,CONVERGENCE: NORM OF PROJECTED GRADIENT <= PGTOL
2.5,2.0,0.0,100,82,pdf,1.6,2.0,True,False,True,4,24.99999999866746,3,0.0032821989989315625,CONVERGENCE: NORM OF PROJECTED GRADIENT <= PGTOL
2.5,2.0,0.0,100,82,mle,2.5275994042427,3.0991886109147093,True,False,False,4,484.5662642964717,57,0.0542442209989531,CONVERGENCE: RELATIVE REDUCTION OF F <= FACTR*EPSMCH
2.5,2.0,0.0,100,82,qlog,2.753536113199358,0.01,True,True,False,4,490398.299295204,93,0.058092958000997896,CONVERGENCE: RELATIVE REDUCTION OF F <= FACTR*EPSMCH
2.5,2.0,0.0,100,82,cdf,2.5399317267434616,3.0721642558616318,True,False,False,4,0.0004907511329912797,60,0.02304303299933963,CONVERGENCE: NORM OF PROJECTED GRADIENT <= PGTOL
2.5,2.0,0.0,100,83,pdf,2.6349893766389942,0.01,True,True,False,7,9.469579354798487,78,0.012320466999881319,CONVERGENCE: NORM OF PROJECTED GRADIENT <= PGTOL
2.5,2.0,0.0,100,83,mle,2.551265929815492,3.2869380571823092,True,False,False,7,508.663443721628,60,0.0038019899984647054,CONVERGENCE: RELATIVE REDUCTION OF F <= FACTR*EPSMCH
2.5,2.0,0.0,100,83,qlog,2.7717649648215565,0.01,True,True,False,7,9034.740020574387,87,0.013848028998836526,CONVERGENCE: RELATIVE REDUCTION OF F <= FACTR*EPSMCH
2.5,2.0,0.0,100,83,cdf,2.6100526080930746,4.280995678747584,True,False,False,7,0.00439406225988182,78,0.016040354001233936,CONVERGENCE: NORM OF PROJECTED GRADIENT <= PGTOL
2.5,2.0,0.0,100,84,pdf,2.5564928985839095,0.01,True,True,False,8,5.259497955323142,66,0.0055437539995182306,CONVERGENCE: NORM OF PROJECTED GRADIENT <= PGTOL
2.5,2.0,0.0,100,84,mle,2.523787595656305,3.349780453289357,True,False,False,8,476.55557001891617,132,0.02974056800121616,CONVERGENCE: NORM OF PROJECTED GRADIENT <= PGTOL
2.5,2.0,0.0,100,84,qlog,2.7245394951332216,0.01,True,True,False,8,1744.323520452845,90,0.013080795999485417,CONVERGENCE: RELATIVE REDUCTION OF F <= FACTR*EPSMCH
2.5,2.0,0.0,100,84,cdf,2.55503044767861,4.424172060357751,True,False,False,8,0.0004290266811299536,69,0.014273361999585177,CONVERGENCE: NORM OF PROJECTED GRADIENT <= PGTOL
2.5,2.0,0.0,100,85,pdf,1.6,2.0,True,False,True,5,19.999999988183824,3,0.000673164000545512,CONVERGENCE: NORM OF PROJECTED GRADIENT <= PGTOL
2.5,2.0,0.0,100,85,mle,2.4763005430406646,1.9413412021457996,True,False,False,5,457.11678964675,51,0.005920259000049555,CONVERGENCE: RELATIVE REDUCTION OF F <= FACTR*EPSMCH
2.5,2.0,0.0,100,85,qlog,2.766145379099087,0.01,True,True,False,5,107424.49817205197,99,0.010216606999165379,CONVERGENCE: RELATIVE REDUCTION OF F <= FACTR*EPSMCH
2.5,2.0,0.0,100,85,cdf,2.461260511429068,2.087275194720457,True,False,False,5,0.001231163769839152,51,0.011472524000055273,CONVERGENCE: NORM OF PROJECTED GRADIENT <= PGTOL
2.5,2.0,0.0,100,86,pdf,2.7457646324001685,0.01,True,True,False,2,34.343184179822856,81,0.006688706000204547,CONVERGENCE: NORM OF PROJECTED GRADIENT <= PGTOL
2.5,2.0,0.0,100,86,mle,2.467921298292275,2.067172697333865,True,False,False,2,446.5301384264635,45,0.0036568559989973437,CONVERGENCE: RELATIVE REDUCTION OF F <= FACTR*EPSMCH
2.5,2.0,0.0,100,86,qlog,2.8073625018977695,0.01,True,True,False,2,71894.15589533903,90,0.02651148299992201,CONVERGENCE: RELATIVE REDUCTION OF F <= FACTR*EPSMCH
2.5,2.0,0.0,100,86,cdf,2.4639371206391565,2.2732763356824477,True,False,False,2,0.0004406675623388715,54,0.012279315998966922,CONVERGENCE: NORM OF PROJECTED GRADIENT <= PGTOL
2.5,2.0,0.0,100,87,pdf,2.506481894654154,0.01,True,True,False,6,12.743794720564445,108,0.00920319900069444,CONVERGENCE: NORM OF PROJECTED GRADIENT <= PGTOL
2.5,2.0,0.0,100,87,mle,2.426137791266521,0.830040957321185,True,False,False,6,458.0039684947547,36,0.002606455998829915,CONVERGENCE: RELATIVE REDUCTION OF F <= FACTR*EPSMCH
2.5,2.0,0.0,100,87,qlog,2.722171911553379,0.01,True,True,False,6,9658.49123120337,105,0.0123240650009393,CONVERGENCE: RELATIVE REDUCTION OF F <= FACTR*EPSMCH
2.5,2.0,0.0,100,87,cdf,2.425703558443023,0.8663863175427614,True,False,False,6,0.00021771061514193015,57,0.013532842000131495,CONVERGENCE: NORM OF PROJECTED GRADIENT <= PGTOL
2.5,2.0,0.0,100,88,pdf,1.6,2.0,True,False,True,3,33.33333330562866,3,0.0008050579999689944,CONVERGENCE: NORM OF PROJECTED GRADIENT <= PGTOL
2.5,2.0,0.0,100,88,mle,2.55664252580998,1.9573494263907314,True,False,False,3,541.0947445621464,54,0.00439008799912699,CONVERGENCE: RELATIVE REDUCTION OF F <= FACTR*EPSMCH
2.5,2.0,0.0,100,88,qlog,nan,nan,False,False,False,3,nan,0,0.0010198849995504133,ValueError('q-logarithm requires y > 0.')
2.5,2.0,0.0,100,88,cdf,2.5448921509877542,1.6812051866101387,True,False,False,3,0.0004567367313211812,63,0.011171304000527016,CONVERGENCE: NORM OF PROJECTED GRADIENT <= PGTOL
2.5,2.0,0.0,100,89,pdf,1.886448503235656,0.01,True,True,False,7,0.66256438471335,75,0.025598462001653388,CONVERGENCE: NORM OF PROJECTED GRADIENT <= PGTOL
2.5,2.0,0.0,100,89,mle,2.3278072664871803,0.9180634782688262,True,False,False,7,388.03497328581466,33,0.002214137000919436,CONVERGENCE: NORM OF PROJECTED GRADIENT <= PGTOL
2.5,2.0,0.0,100,89,qlog,2.678842041634337,0.01,True,True,False,7,245.2206311377204,78,0.008564108999053133,CONVERGENCE: RELATIVE REDUCTION OF F <= FACTR*EPSMCH
2.5,2.0,0.0,100,89,cdf,2.2727973238952464,0.539640632623882,True,False,False,7,0.003637553043523872,72,0.014981471998908091,CONVERGENCE: NORM OF PROJECTED GRADIENT <= PGTOL
2.5,2.0,0.0,100,90,pdf,2.705317676203599,0.01,True,True,False,4,20.963344809742647,87,0.009319165999841061,CONVERGENCE: NORM OF PROJECTED GRADIENT <= PGTOL
2.5,2.0,0.0,100,90,mle,2.4217616107027635,2.3028041488982387,True,False,False,4,403.6683390170057,45,0.0030626459993072785,CONVERGENCE: RELATIVE REDUCTION OF F <= FACTR*EPSMCH
2.5,2.0,0.0,100,90,qlog,2.624564029125404,0.01,True,True,False,4,61558.121808479475,81,0.012311246999161085,CONVERGENCE: RELATIVE REDUCTION OF F <= FACTR*EPSMCH
2.5,2.0,0.0,100,90,cdf,2.4704810180417347,2.947234674668249,True,False,False,4,0.00402517477673333,57,0.010569394999038195,CONVERGENCE: NORM OF PROJECTED GRADIENT <= PGTOL
2.5,2.0,0.0,100,91,pdf,2.1980397643121172,0.01,True,True,False,8,3.3678566637921943,54,0.004621791000317899,CONVERGENCE: NORM OF PROJECTED GRADIENT <= PGTOL
2.5,2.0,0.0,100,91,mle,2.447823224035671,2.5368854115048314,True,False,False,8,419.2767209749664,54,0.009309015000326326,CONVERGENCE: RELATIVE REDUCTION OF F <= FACTR*EPSMCH
2.5,2.0,0.0,100,91,qlog,2.653748727445732,0.01,True,True,False,8,1183.5735371068222,90,0.029601143000036245,CONVERGENCE: RELATIVE REDUCTION OF F <= FACTR*EPSMCH
2.5,2.0,0.0,100,91,cdf,2.484775112263435,2.782719771691839,True,False,False,8,0.0004440704884709691,63,0.021222338000370655,CONVERGENCE: NORM OF PROJECTED GRADIENT <= PGTOL
2.5,2.0,0.0,100,92,pdf,2.6448977094801407,0.01,True,True,False,5,15.26994953904815,75,0.005851538999195327,CONVERGENCE: NORM OF PROJECTED GRADIENT <= PGTOL
2.5,2.0,0.0,100,92,mle,2.4416256995734047,1.3541643496317017,True,False,False,5,445.64380420014083,42,0.0029480430002877256,CONVERGENCE: RELATIVE REDUCTION OF F <= FACTR*EPSMCH
2.5,2.0,0.0,100,92,qlog,2.5971196172321234,0.01,True,True,False,5,20757.277439992315,78,0.009251707999283099,CONVERGENCE: RELATIVE REDUCTION OF F <= FACTR*EPSMCH
2.5,2.0,0.0,100,92,cdf,2.4684533563941677,1.557634366321252,True,False,False,5,0.0011993945063462162,57,0.009746591000293847,CONVERGENCE: NORM OF PROJECTED GRADIENT <= PGTOL
2.5,2.0,0.0,100,93,pdf,1.6,2.0,True,False,True,3,33.33333333333313,3,0.0006303620011749445,CONVERGENCE: NORM OF PROJECTED GRADIENT <= PGTOL
2.5,2.0,0.0,100,93,mle,2.6064498641506044,6.83248065041545,True,False,False,3,546.7033299311353,69,0.004745095000544097,CONVERGENCE: RELATIVE REDUCTION OF F <= FACTR*EPSMCH
2.5,2.0,0.0,100,93,qlog,2.8250482134101254,0.01,True,True,False,3,3955854.3738896293,99,0.013387872000748757,CONVERGENCE: RELATIVE REDUCTION OF F <= FACTR*EPSMCH
2.5,2.0,0.0,100,93,cdf,2.6303962350396213,7.074474685577333,True,False,False,3,0.0026077857564298225,81,0.03410888300095394,CONVERGENCE: NORM OF PROJECTED GRADIENT <= PGTOL
2.5,2.0,0.0,100,94,pdf,1.6,2.0,True,False,True,2,50.00000000000001,3,0.0010363969995523803,CONVERGENCE: NORM OF PROJECTED GRADIENT <= PGTOL
2.5,2.0,0.0,100,94,mle,2.5820705768997727,3.9491561154064216,True,False,False,2,538.8929108878333,69,0.007560808000562247,CONVERGENCE: RELATIVE REDUCTION OF F <= FACTR*EPSMCH
2.5,2.0,0.0,100,94,qlog,nan,nan,False,False,False,2,nan,0,0.0011324189999868395,ValueError('q-logarithm requires y > 0.')
2.5,2.0,0.0,100,94,cdf,2.6244929319935624,3.8760805805543144,True,False,False,2,0.011002093295327184,72,0.018803892000505584,CONVERGENCE: NORM OF PROJECTED GRADIENT <= PGTOL
2.5,2.0,0.0,100,95,pdf,1.6,2.0,True,False,True,4,24.99999998334875,3,0.0008732149999559624,CONVERGENCE: NORM OF PROJECTED GRADIENT <= PGTOL
2.5,2.0,0.0,100,95,mle,2.4129698447171197,1.6522088307605944,True,False,False,4,413.74513591769073,45,0.010200796999924933,CONVERGENCE: RELATIVE REDUCTION OF F <= FACTR*EPSMCH
2.5,2.0,0.0,100,95,qlog,2.722786405031827,0.01,True,True,False,4,206458.76454561463,90,0.010795954000059282,CONVERGENCE: RELATIVE REDUCTION OF F <= FACTR*EPSMCH
2.5,2.0,0.0,100,95,cdf,2.374251029888364,1.3511840096214638,True,False,False,4,0.0003571039554052863,57,0.011780953998822952,CONVERGENCE: NORM OF PROJECTED GRADIENT <= PGTOL
2.5,2.0,0.0,100,96,pdf,2.6835052352897537,0.01,True,True,False,4,2.817729724976039,81,0.02807779899922025,CONVERGENCE: NORM OF PROJECTED GRADIENT <= PGTOL
2.5,2.0,0.0,100,96,mle,2.4872405638807797,2.37099607458434,True,False,False,4,457.176972509237,51,0.009422932000234141,CONVERGENCE: RELATIVE REDUCTION OF F <= FACTR*EPSMCH
2.5,2.0,0.0,100,96,qlog,2.809657761595142,0.01,True,True,False,4,3521.9803198947984,87,0.022825584999736748,CONVERGENCE: RELATIVE REDUCTION OF F <= FACTR*EPSMCH
2.5,2.0,0.0,100,96,cdf,2.4907582668403125,2.123200201845948,True,False,False,4,0.0002750626251351302,63,0.01927183999941917,CONVERGENCE: NORM OF PROJECTED GRADIENT <= PGTOL
2.5,2.0,0.0,100,97,pdf,1.6,2.0,True,False,True,2,49.99999999999994,3,0.0007996840013220208,CONVERGENCE: NORM OF PROJECTED GRADIENT <= PGTOL
2.5,2.0,0.0,100,97,mle,2.524931429331641,2.036330827419759,True,False,False,2,502.67353433101874,54,0.0059179970012337435,CONVERGENCE: RELATIVE REDUCTION OF F <= FACTR*EPSMCH
2.5,2.0,0.0,100,97,qlog,nan,nan,False,False,False,2,nan,0,0.00198912899941206,ValueError('q-logarithm requires y > 0.')
2.5,2.0,0.0,100,97,cdf,2.4799094703972,1.4426640114817333,True,False,False,2,0.002042743066029853,57,0.016215165000176057,CONVERGENCE: NORM OF PROJECTED GRADIENT <= PGTOL
2.5,2.0,0.0,100,98,pdf,2.5158027585110263,0.01,True,True,False,6,11.10778209497196,57,0.017360948000714416,CONVERGENCE: NORM OF PROJECTED GRADIENT <= PGTOL
2.5,2.0,0.0,100,98,mle,2.385546740983458,1.3546719693409393,True,False,False,6,404.4198641103944,51,0.005281831998217967,CONVERGENCE: RELATIVE REDUCTION OF F <= FACTR*EPSMCH
2.5,2.0,0.0,100,98,qlog,2.6005553731484365,0.01,True,True,False,6,7182.387554801525,87,0.009892101999867009,CONVERGENCE: RELATIVE REDUCTION OF F <= FACTR*EPSMCH
2.5,2.0,0.0,100,98,cdf,2.3990768617918703,1.4499351513810441,True,False,False,6,0.0002387376867275356,54,0.044242014999326784,CONVERGENCE: NORM OF PROJECTED GRADIENT <= PGTOL
2.5,2.0,0.0,100,99,pdf,1.6,2.0,True,False,True,3,33.33333331421639,3,0.0006631309988733847,CONVERGENCE: NORM OF PROJECTED GRADIENT <= PGTOL
2.5,2.0,0.0,100,99,mle,2.524686684660258,2.8688170201048666,True,False,False,3,485.2723743138806,63,0.007245105000038166,CONVERGENCE: RELATIVE REDUCTION OF F <= FACTR*EPSMCH
2.5,2.0,0.0,100,99,qlog,2.7652735211743913,0.01,True,True,False,3,90087.66891370394,93,0.05656635400009691,CONVERGENCE: RELATIVE REDUCTION OF F <= FACTR*EPSMCH
2.5,2.0,0.0,100,99,cdf,2.539202910789002,3.1800834251415315,True,False,False,3,0.0003196580615412252,60,0.021970234000036726,CONVERGENCE: NORM OF PROJECTED GRADIENT <= PGTOL
2.5,2.0,0.0,2000,0,pdf,1.6,2.0,True,False,True,2,999.9999999999794,3,0.0008495699985360261,CONVERGENCE: NORM OF PROJECTED GRADIENT <= PGTOL
2.5,2.0,0.0,2000,0,mle,2.50231343404651,2.144629061081234,True,False,False,2,9534.272277677104,54,0.010828988000866957,CONVERGENCE: RELATIVE REDUCTION OF F <= FACTR*EPSMCH
2.5,2.0,0.0,2000,0,qlog,nan,nan,False,False,False,2,nan,0,0.0014089769993006485,ValueError('q-logarithm requires y > 0.')
2.5,2.0,0.0,2000,0,cdf,2.5121858874812686,2.2572868999283204,True,False,False,2,0.00015279984465500128,57,0.052321430999654694,CONVERGENCE: NORM OF PROJECTED GRADIENT <= PGTOL
2.5,2.0,0.0,2000,1,pdf,1.6,2.0,True,False,True,2,999.9999999999998,3,0.0007265399999596411,CONVERGENCE: NORM OF PROJECTED GRADIENT <= PGTOL
2.5,2.0,0.0,2000,1,mle,2.5130689621913813,2.539483189745256,True,False,False,2,9582.552693538744,57,0.005534341000384302,CONVERGENCE: RELATIVE REDUCTION OF F <= FACTR*EPSMCH
2.5,2.0,0.0,2000,1,qlog,nan,nan,False,False,False,2,nan,0,0.0011379139996279264,ValueError('q-logarithm requires y > 0.')
2.5,2.0,0.0,2000,1,cdf,2.5163898299268,2.538885858638427,True,False,False,2,6.145946337760385e-05,66,0.051344432000405504,CONVERGENCE: NORM OF PROJECTED GRADIENT <= PGTOL
2.5,2.0,0.0,2000,2,pdf,1.6,2.0,True,False,True,3,666.666666666671,3,0.000698121999448631,CONVERGENCE: NORM OF PROJECTED GRADIENT <= PGTOL
2.5,2.0,0.0,2000,2,mle,2.5020492493539677,1.9961247356163891,True,False,False,3,9600.795907653199,54,0.005003927999496227,CONVERGENCE: RELATIVE REDUCTION OF F <= FACTR*EPSMCH
2.5,2.0,0.0,2000,2,qlog,nan,nan,False,False,False,3,nan,0,0.0018760029997793026,ValueError('q-logarithm requires y > 0.')
2.5,2.0,0.0,2000,2,cdf,2.5058850006258417,1.9755340551453435,True,False,False,3,3.3988606970840445e-05,57,0.05277983600171865,CONVERGENCE: NORM OF PROJECTED GRADIENT <= PGTOL
2.5,2.0,0.0,2000,3,pdf,1.6,2.0,True,False,True,7,285.7142857142864,3,0.0008382930009247502,CONVERGENCE: NORM OF PROJECTED GRADIENT <= PGTOL
2.5,2.0,0.0,2000,3,mle,2.484166097418173,1.878627127364419,True,False,False,7,9318.996745232591,57,0.004256607999195694,CONVERGENCE: RELATIVE REDUCTION OF F <= FACTR*EPSMCH
2.5,2.0,0.0,2000,3,qlog,nan,nan,False,False,False,7,nan,0,0.0012284019994694972,ValueError('q-logarithm requires y > 0.')
2.5,2.0,0.0,2000,3,cdf,2.4862929172802493,1.8347740406972208,True,False,False,7,0.00011237614422960165,33,0.024006363999433233,CONVERGENCE: NORM OF PROJECTED GRADIENT <= PGTOL
2.5,2.0,0.0,2000,4,pdf,1.6,2.0,True,False,True,3,666.6666666666667,3,0.0006899920008436311,CONVERGENCE: NORM OF PROJECTED GRADIENT <= PGTOL
2.5,2.0,0.0,2000,4,mle,2.4873417431595457,1.928478947565201,True,False,False,3,9352.01887771886,54,0.009300472998802434,CONVERGENCE: RELATIVE REDUCTION OF F <= FACTR*EPSMCH
2.5,2.0,0.0,2000,4,qlog,nan,nan,False,False,False,3,nan,0,0.0014524270009133033,ValueError('q-logarithm requires y > 0.')
2.5,2.0,0.0,2000,4,cdf,2.4873045926669013,1.9427982843472331,True,False,False,3,2.028242827622846e-05,60,0.05634334499882243,CONVERGENCE: NORM OF PROJECTED GRADIENT <= PGTOL
2.5,2.0,0.0,2000,5,pdf,1.6,2.0,True,False,True,7,285.71428571424207,3,0.001275100999919232,CONVERGENCE: NORM OF PROJECTED GRADIENT <= PGTOL
2.5,2.0,0.0,2000,5,mle,2.50644613277789,1.9611070342127295,True,False,False,7,9706.18491348962,54,0.004757933000291814,CONVERGENCE: RELATIVE REDUCTION OF F <= FACTR*EPSMCH
2.5,2.0,0.0,2000,5,qlog,nan,nan,False,False,False,7,nan,0,0.0011953789999097353,ValueError('q-logarithm requires y > 0.')
2.5,2.0,0.0,2000,5,cdf,2.5022355904073845,1.9223543736937743,True,False,False,7,2.8344766387305687e-05,60,0.03856682500008901,CONVERGENCE: NORM OF PROJECTED GRADIENT <= PGTOL
2.5,2.0,0.0,2000,6,pdf,1.6,2.0,True,False,True,8,249.99999999999864,3,0.0008336820010299562,CONVERGENCE: NORM OF PROJECTED GRADIENT <= PGTOL
2.5,2.0,0.0,2000,6,mle,2.513551440050238,1.9573749371438116,True,False,False,8,9852.864082820286,54,0.020602685999620007,CONVERGENCE: RELATIVE REDUCTION OF F <= FACTR*EPSMCH
2.5,2.0,0.0,2000,6,qlog,nan,nan,False,False,False,8,nan,0,0.0017766040000424255,ValueError('q-logarithm requires y > 0.')
2.5,2.0,0.0,2000,6,cdf,2.508893778179615,1.913992629640526,True,False,False,8,1.9673149155350763e-05,57,0.03813234999870474,CONVERGENCE: NORM OF PROJECTED GRADIENT <= PGTOL
2.5,2.0,0.0,2000,7,pdf,1.6,2.0,True,False,True,2,1000.0,3,0.0007547349996457342,CONVERGENCE: NORM OF PROJECTED GRADIENT <= PGTOL
2.5,2.0,0.0,2000,7,mle,2.4955905572459707,1.9906945290108897,True,False,False,2,9477.267508323774,54,0.007271884000147111,CONVERGENCE: RELATIVE REDUCTION OF F <= FACTR*EPSMCH
2.5,2.0,0.0,2000,7,qlog,nan,nan,False,False,False,2,nan,0,0.0013325309992069378,ValueError('q-logarithm requires y > 0.')
2.5,2.0,0.0,2000,7,cdf,2.489373226229709,1.987436802301075,True,False,False,2,4.665707569236894e-05,63,0.0577198450009746,CONVERGENCE: NORM OF PROJECTED GRADIENT <= PGTOL
2.5,2.0,0.0,2000,8,pdf,1.6,2.0,True,False,True,3,666.6666666666666,3,0.0006717090000165626,CONVERGENCE: NORM OF PROJECTED GRADIENT <= PGTOL
2.5,2.0,0.0,2000,8,mle,2.510071206546336,2.1136424438200234,True,False,False,3,9704.659689927557,54,0.006992419001107919,CONVERGENCE: NORM OF PROJECTED GRADIENT <= PGTOL
2.5,2.0,0.0,2000,8,qlog,nan,nan,False,False,False,3,nan,0,0.0010514860005059745,ValueError('q-logarithm requires y > 0.')
2.5,2.0,0.0,2000,8,cdf,2.5154645146310872,2.1929946884739557,True,False,False,3,2.056692531192196e-05,63,0.04281409199938935,CONVERGENCE: NORM OF PROJECTED GRADIENT <= PGTOL
2.5,2.0,0.0,2000,9,pdf,1.6,2.0,True,False,True,2,999.9999999999947,3,0.0007509289989684476,CONVERGENCE: NORM OF PROJECTED GRADIENT <= PGTOL
2.5,2.0,0.0,2000,9,mle,2.497372284549493,1.694744026565035,True,False,False,2,9672.74996562229,54,0.00445514000057301,CONVERGENCE: RELATIVE REDUCTION OF F <= FACTR*EPSMCH
2.5,2.0,0.0,2000,9,qlog,nan,nan,False,False,False,2,nan,0,0.001248868000402581,ValueError('q-logarithm requires y > 0.')
2.5,2.0,0.0,2000,9,cdf,2.4993514308233,1.7049235149745978,True,False,False,2,3.37205895131286e-05,60,0.050796491999790305,CONVERGENCE: NORM OF PROJECTED GRADIENT <= PGTOL
2.5,2.0,0.0,2000,10,pdf,1.6,2.0,True,False,True,5,400.0000000000005,3,0.0007095919991115807,CONVERGENCE: NORM OF PROJECTED GRADIENT <= PGTOL
2.5,2.0,0.0,2000,10,mle,2.489126135105624,1.7620489533898198,True,False,False,5,9475.84051019055,54,0.01244425400000182,CONVERGENCE: RELATIVE REDUCTION OF F <= FACTR*EPSMCH
2.5,2.0,0.0,2000,10,qlog,nan,nan,False,False,False,5,nan,0,0.0012917380008730106,ValueError('q-logarithm requires y > 0.')
2.5,2.0,0.0,2000,10,cdf,2.492542523662943,1.8302560082723665,True,False,False,5,2.6880172680324257e-05,33,0.021141917999557336,CONVERGENCE: NORM OF PROJECTED GRADIENT <= PGTOL
2.5,2.0,0.0,2000,11,pdf,1.6,2.0,True,False,True,9,222.22222222222115,3,0.0006973849995119963,CONVERGENCE: NORM OF PROJECTED GRADIENT <= PGTOL
2.5,2.0,0.0,2000,11,mle,2.4994522914714854,1.9807701174895338,True,False,False,9,9557.396498983557,54,0.003961108001021785,CONVERGENCE: RELATIVE REDUCTION OF F <= FACTR*EPSMCH
2.5,2.0,0.0,2000,11,qlog,2.834078360791434,0.01,True,True,False,9,36158774.88332365,96,0.011026289999790606,CONVERGENCE: RELATIVE REDUCTION OF F <= FACTR*EPSMCH
2.5,2.0,0.0,2000,11,cdf,2.4961102528891637,1.9252653387927927,True,False,False,9,7.392814315691487e-06,54,0.04821866699967359,CONVERGENCE: NORM OF PROJECTED GRADIENT <= PGTOL
2.5,2.0,0.0,2000,12,pdf,1.6,2.0,True,False,True,3,666.6666666666605,3,0.0007128119996195892,CONVERGENCE: NORM OF PROJECTED GRADIENT <= PGTOL
2.5,2.0,0.0,2000,12,mle,2.4804727189370976,1.6412737707673553,True,False,False,3,9386.031459745464,51,0.004904606999843963,CONVERGENCE: RELATIVE REDUCTION OF F <= FACTR*EPSMCH
2.5,2.0,0.0,2000,12,qlog,nan,nan,False,False,False,3,nan,0,0.001745769000990549,ValueError('q-logarithm requires y > 0.')
2.5,2.0,0.0,2000,12,cdf,2.47560946314309,1.602357873469085,True,False,False,3,0.00012438962373108878,60,0.03609918199981621,CONVERGENCE: NORM OF PROJECTED GRADIENT <= PGTOL
2.5,2.0,0.0,2000,13,pdf,1.6,2.0,True,False,True,15,133.33333333235635,3,0.0008241369996540016,CONVERGENCE: NORM OF PROJECTED GRADIENT <= PGTOL
2.5,2.0,0.0,2000,13,mle,2.488066725662804,1.732840042096463,True,False,False,15,9472.60011883045,54,0.004817774000912323,CONVERGENCE: NORM OF PROJECTED GRADIENT <= PGTOL
2.5,2.0,0.0,2000,13,qlog,2.8078173214763917,0.01,True,True,False,15,19254.737254462165,105,0.030671979999169707,CONVERGENCE: RELATIVE REDUCTION OF F <= FACTR*EPSMCH
2.5,2.0,0.0,2000,13,cdf,2.485768269411552,1.7530520370811755,True,False,False,15,0.00017872504506276265,57,0.05238215300050797,CONVERGENCE: NORM OF PROJECTED GRADIENT <= PGTOL
2.5,2.0,0.0,2000,14,pdf,1.6,2.0,True,False,True,2,999.9999999999998,3,0.0009739689994603395,CONVERGENCE: NORM OF PROJECTED GRADIENT <= PGTOL
2.5,2.0,0.0,2000,14,mle,2.5062655275783268,1.8553206916983669,True,False,False,2,9758.005585407633,54,0.014634356999522424,CONVERGENCE: RELATIVE REDUCTION OF F <= FACTR*EPSMCH
2.5,2.0,0.0,2000,14,qlog,nan,nan,False,False,False,2,nan,0,0.0017806899995775893,ValueError('q-logarithm requires y > 0.')
2.5,2.0,0.0,2000,14,cdf,2.5062433635054773,1.8321282410936908,True,False,False,2,0.0001225770285143149,33,0.03981764300078794,CONVERGENCE: NORM OF PROJECTED GRADIENT <= PGTOL
2.5,2.0,0.0,2000,15,pdf,1.6,2.0,True,False,True,4,500.00000000000324,3,0.0007690789989283076,CONVERGENCE: NORM OF PROJECTED GRADIENT <= PGTOL
2.5,2.0,0.0,2000,15,mle,2.5087300601217426,2.3922185618843548,True,False,False,4,9553.58647594287,57,0.007751387000098475,CONVERGENCE: RELATIVE REDUCTION OF F <= FACTR*EPSMCH
2.5,2.0,0.0,2000,15,qlog,nan,nan,False,False,False,4,nan,0,0.0013621059988508932,ValueError('q-logarithm requires y > 0.')
2.5,2.0,0.0,2000,15,cdf,2.5110296691220424,2.5126779988549104,True,False,False,4,7.182165965968563e-05,54,0.05307694499970239,CONVERGENCE: NORM OF PROJECTED GRADIENT <= PGTOL
2.5,2.0,0.0,2000,16,pdf,1.6,2.0,True,False,True,5,399.9999999999994,3,0.0007668790003663162,CONVERGENCE: NORM OF PROJECTED GRADIENT <= PGTOL
2.5,2.0,0.0,2000,16,mle,2.4979261070894263,1.9789047427100763,True,False,False,5,9528.519374236806,54,0.0312503060013114,CONVERGENCE: RELATIVE REDUCTION OF F <= FACTR*EPSMCH
2.5,2.0,0.0,2000,16,qlog,2.838068254254988,0.01,True,True,False,5,20279620.357092567,96,0.027446455000244896,CONVERGENCE: RELATIVE REDUCTION OF F <= FACTR*EPSMCH
2.5,2.0,0.0,2000,16,cdf,2.5015276481146396,2.030446467642986,True,False,False,5,3.526745465005445e-05,57,0.0731681879988173,CONVERGENCE: NORM OF PROJECTED GRADIENT <= PGTOL
2.5,2.0,0.0,2000,17,pdf,1.6,2.0,True,False,True,2,1000.0000000000003,3,0.000873246000992367,CONVERGENCE: NORM OF PROJECTED GRADIENT <= PGTOL
2.5,2.0,0.0,2000,17,mle,2.504269761734534,1.7705927081905537,True,False,False,2,9764.796360301103,54,0.004782940000950475,CONVERGENCE: RELATIVE REDUCTION OF F <= FACTR*EPSMCH
2.5,2.0,0.0,2000,17,qlog,nan,nan,False,False,False,2,nan,0,0.0013960409996798262,ValueError('q-logarithm requires y > 0.')
2.5,2.0,0.0,2000,17,cdf,2.499054523215341,1.667608986305212,True,False,False,2,0.00013549366667060572,57,0.03833072599991283,CONVERGENCE: NORM OF PROJECTED GRADIENT <= PGTOL
2.5,2.0,0.0,2000,18,pdf,1.6,2.0,True,False,True,4,499.99999999995094,3,0.0007835739997972269,CONVERGENCE: NORM OF PROJECTED GRADIENT <= PGTOL
2.5,2.0,0.0,2000,18,mle,2.503199632234885,2.369838870517465,True,False,False,4,9451.976747323182,54,0.013357694000660558,CONVERGENCE: RELATIVE REDUCTION OF F <= FACTR*EPSMCH
2.5,2.0,0.0,2000,18,qlog,nan,nan,False,False,False,4,nan,0,0.0013843420001649065,ValueError('q-logarithm requires y > 0.')
2.5,2.0,0.0,2000,18,cdf,2.5030418480595147,2.2735304892093637,True,False,False,4,2.7731685145962784e-05,63,0.053626708999217954,CONVERGENCE: NORM OF PROJECTED GRADIENT <= PGTOL
2.5,2.0,0.0,2000,19,pdf,1.6,2.0,True,False,True,7,285.714285714146,3,0.0012778609998349566,CONVERGENCE: NORM OF PROJECTED GRADIENT <= PGTOL
2.5,2.0,0.0,2000,19,mle,2.50787132442503,2.4059003503824465,True,False,False,7,9530.498365802328,57,0.0051595370005088625,CONVERGENCE: RELATIVE REDUCTION OF F <= FACTR*EPSMCH
2.5,2.0,0.0,2000,19,qlog,nan,nan,False,False,False,7,nan,0,0.001080811000065296,ValueError('q-logarithm requires y > 0.')
2.5,2.0,0.0,2000,19,cdf,2.514483571642325,2.581680672785053,True,False,False,7,1.804301065320333e-05,63,0.041155951001201174,CONVERGENCE: NORM OF PROJECTED GRADIENT <= PGTOL
2.5,2.0,0.0,2000,20,pdf,1.6,2.0,True,False,True,5,399.9999999999901,3,0.0009130149992415681,CONVERGENCE: NORM OF PROJECTED GRADIENT <= PGTOL
2.5,2.0,0.0,2000,20,mle,2.493417659217217,1.895106287156634,True,False,False,5,9484.663654529584,54,0.01994962200114969,CONVERGENCE: RELATIVE REDUCTION OF F <= FACTR*EPSMCH
2.5,2.0,0.0,2000,20,qlog,2.815736420196922,0.01,True,True,False,5,27670555.492260464,108,0.02782827000010002,CONVERGENCE: RELATIVE REDUCTION OF F <= FACTR*EPSMCH
2.5,2.0,0.0,2000,20,cdf,2.490054423810545,1.9022253144705408,True,False,False,5,5.223914970361514e-05,60,0.043287876000249526,CONVERGENCE: NORM OF PROJECTED GRADIENT <= PGTOL
2.5,2.0,0.0,2000,21,pdf,1.6,2.0,True,False,True,2,999.9999999999998,3,0.0009211150008923141,CONVERGENCE: NORM OF PROJECTED GRADIENT <= PGTOL
2.5,2.0,0.0,2000,21,mle,2.50092211211919,1.916447747537182,True,False,False,2,9619.284122601308,54,0.004805250000572414,CONVERGENCE: RELATIVE REDUCTION OF F <= FACTR*EPSMCH
2.5,2.0,0.0,2000,21,qlog,nan,nan,False,False,False,2,nan,0,0.0011357249986758688,ValueError('q-logarithm requires y > 0.')
2.5,2.0,0.0,2000,21,cdf,2.508552953378568,2.0440753413173174,True,False,False,2,0.0002537960084754126,63,0.05473691500083078,CONVERGENCE: NORM OF PROJECTED GRADIENT <= PGTOL
2.5,2.0,0.0,2000,22,pdf,1.6,2.0,True,False,True,5,399.9999999999845,3,0.0009446010008105077,CONVERGENCE: NORM OF PROJECTED GRADIENT <= PGTOL
2.5,2.0,0.0,2000,22,mle,2.5187637777141285,2.278267654988434,True,False,False,5,9809.752072752664,57,0.005457723000290571,CONVERGENCE: RELATIVE REDUCTION OF F <= FACTR*EPSMCH
2.5,2.0,0.0,2000,22,qlog,nan,nan,False,False,False,5,nan,0,0.0010399869988759747,ValueError('q-logarithm requires y > 0.')
2.5,2.0,0.0,2000,22,cdf,2.5263641540815605,2.321300401749374,True,False,False,5,9.776802664929694e-05,63,0.06618440599959285,CONVERGENCE: NORM OF PROJECTED GRADIENT <= PGTOL
2.5,2.0,0.0,2000,23,pdf,1.6,2.0,True,False,True,2,1000.0,3,0.0009941150001395727,CONVERGENCE: NORM OF PROJECTED GRADIENT <= PGTOL
2.5,2.0,0.0,2000,23,mle,2.5063771893518303,2.1752782238843738,True,False,False,2,9601.15219532662,60,0.00647403699986171,CONVERGENCE: RELATIVE REDUCTION OF F <= FACTR*EPSMCH
2.5,2.0,0.0,2000,23,qlog,nan,nan,False,False,False,2,nan,0,0.0013607689998025307,ValueError('q-logarithm requires y > 0.')
2.5,2.0,0.0,2000,23,cdf,2.508303182071748,2.186207165671763,True,False,False,2,5.6916829407556106e-05,60,0.0434776169986435,CONVERGENCE: NORM OF PROJECTED GRADIENT <= PGTOL
2.5,2.0,0.0,2000,24,pdf,1.6,2.0,True,False,True,4,499.9999999999987,3,0.0007532199997513089,CONVERGENCE: NORM OF PROJECTED GRADIENT <= PGTOL
2.5,2.0,0.0,2000,24,mle,2.4924762620962264,1.9179967109710632,True,False,False,4,9454.64443773487,54,0.0041405789997952525,CONVERGENCE: RELATIVE REDUCTION OF F <= FACTR*EPSMCH
2.5,2.0,0.0,2000,24,qlog,nan,nan,False,False,False,4,nan,0,0.0010405850007373374,ValueError('q-logarithm requires y > 0.')
2.5,2.0,0.0,2000,24,cdf,2.5037648790062024,2.046351360801856,True,False,False,4,1.5710742762804326e-05,60,0.05366907600000559,CONVERGENCE: NORM OF PROJECTED GRADIENT <= PGTOL
2.5,2.0,0.0,2000,25,pdf,1.6,2.0,True,False,True,2,999.9999999999998,3,0.0008917399991332786,CONVERGENCE: NORM OF PROJECTED GRADIENT <= PGTOL
2.5,2.0,0.0,2000,25,mle,2.500103311993045,2.206534911927686,True,False,False,2,9462.229764926824,54,0.007451392999428208,CONVERGENCE: RELATIVE REDUCTION OF F <= FACTR*EPSMCH
2.5,2.0,0.0,2000,25,qlog,nan,nan,False,False,False,2,nan,0,0.0013830290008627344,ValueError('q-logarithm requires y > 0.')
2.5,2.0,0.0,2000,25,cdf,2.497650033920681,2.13358668361164,True,False,False,2,5.467253503138224e-05,60,0.04493112100135477,CONVERGENCE: NORM OF PROJECTED GRADIENT <= PGTOL
2.5,2.0,0.0,2000,26,pdf,1.6,2.0,True,False,True,4,500.00000000000085,3,0.0009010360008687712,CONVERGENCE: NORM OF PROJECTED GRADIENT <= PGTOL
2.5,2.0,0.0,2000,26,mle,2.502921708866584,1.8252760783734823,True,False,False,4,9707.561688123746,54,0.020405549001225154,CONVERGENCE: RELATIVE REDUCTION OF F <= FACTR*EPSMCH
2.5,2.0,0.0,2000,26,qlog,nan,nan,False,False,False,4,nan,0,0.0014832409997325158,ValueError('q-logarithm requires y > 0.')
2.5,2.0,0.0,2000,26,cdf,2.503322776461521,1.8307306374507901,True,False,False,4,3.826050744953062e-05,33,0.02488932799860777,CONVERGENCE: NORM OF PROJECTED GRADIENT <= PGTOL
2.5,2.0,0.0,2000,27,pdf,1.6,2.0,True,False,True,2,1000.0,3,0.0007087709982442902,CONVERGENCE: NORM OF PROJECTED GRADIENT <= PGTOL
2.5,2.0,0.0,2000,27,mle,2.500175152425349,2.113749451969452,True,False,False,2,9506.601174697083,54,0.024337766000826377,CONVERGENCE: RELATIVE REDUCTION OF F <= FACTR*EPSMCH
2.5,2.0,0.0,2000,27,qlog,nan,nan,False,False,False,2,nan,0,0.0010797040013130754,ValueError('q-logarithm requires y > 0.')
2.5,2.0,0.0,2000,27,cdf,2.511484796312474,2.241473372777952,True,False,False,2,7.939576523370473e-05,60,0.057677439001054154,CONVERGENCE: NORM OF PROJECTED GRADIENT <= PGTOL
2.5,2.0,0.0,2000,28,pdf,1.6,2.0,True,False,True,5,399.9999999999994,3,0.0007655549998162314,CONVERGENCE: NORM OF PROJECTED GRADIENT <= PGTOL
2.5,2.0,0.0,2000,28,mle,2.487748327269952,1.785826199452407,True,False,False,5,9436.498172502637,54,0.006673236001006444,CONVERGENCE: NORM OF PROJECTED GRADIENT <= PGTOL
2.5,2.0,0.0,2000,28,qlog,2.8431499557446296,0.01,True,True,False,5,97662627.86151582,96,0.08066128899918112,CONVERGENCE: RELATIVE REDUCTION OF F <= FACTR*EPSMCH
2.5,2.0,0.0,2000,28,cdf,2.4940284645131907,1.833951836936058,True,False,False,5,3.628444797280907e-05,33,0.025846398999419762,CONVERGENCE: NORM OF PROJECTED GRADIENT <= PGTOL
2.5,2.0,0.0,2000,29,pdf,1.6,2.0,True,False,True,7,285.7142857135474,3,0.0008731139987503411,CONVERGENCE: NORM OF PROJECTED GRADIENT <= PGTOL
2.5,2.0,0.0,2000,29,mle,2.4926479806466544,1.712410637540569,True,False,False,7,9571.304326467343,54,0.01504735400158097,CONVERGENCE: RELATIVE REDUCTION OF F <= FACTR*EPSMCH
2.5,2.0,0.0,2000,29,qlog,nan,nan,False,False,False,7,nan,0,0.001457571999708307,ValueError('q-logarithm requires y > 0.')
2.5,2.0,0.0,2000,29,cdf,2.4848123147394405,1.6532797229246101,True,False,False,7,2.0235889120561364e-05,60,0.13680682700032776,CONVERGENCE: NORM OF PROJECTED GRADIENT <= PGTOL
2.5,2.0,0.0,2000,30,pdf,1.6,2.0,True,False,True,2,1000.0,3,0.0011082220007665455,CONVERGENCE: NORM OF PROJECTED GRADIENT <= PGTOL
2.5,2.0,0.0,2000,30,mle,2.4975197195328196,2.289980666865535,True,False,False,2,9374.6054659271,75,0.023748080000586924,CONVERGENCE: NORM OF PROJECTED GRADIENT <= PGTOL
2.5,2.0,0.0,2000,30,qlog,nan,nan,False,False,False,2,nan,0,0.0023412089994963026,ValueError('q-logarithm requires y > 0.')
2.5,2.0,0.0,2000,30,cdf,2.482887041850787,2.1064325163722093,True,False,False,2,0.0001458833073427418,60,0.09535179599879484,CONVERGENCE: NORM OF PROJECTED GRADIENT <= PGTOL
2.5,2.0,0.0,2000,31,pdf,1.6,2.0,True,False,True,3,666.6666666666673,3,0.001300721000006888,CONVERGENCE: NORM OF PROJECTED GRADIENT <= PGTOL
2.5,2.0,0.0,2000,31,mle,2.5146454403565683,2.2021808443192685,True,False,False,3,9757.653888194629,57,0.2939631510016625,CONVERGENCE: RELATIVE REDUCTION OF F <= FACTR*EPSMCH
2.5,2.0,0.0,2000,31,qlog,nan,nan,False,False,False,3,nan,0,0.0013718899990635691,ValueError('q-logarithm requires y > 0.')
2.5,2.0,0.0,2000,31,cdf,2.5046472110256497,2.065817043120472,True,False,False,3,1.6236082599334536e-05,57,0.19679743699998653,CONVERGENCE: NORM OF PROJECTED GRADIENT <= PGTOL
2.5,2.0,0.0,2000,32,pdf,1.6,2.0,True,False,True,4,499.99999999999864,3,0.0007761580000078538,CONVERGENCE: NORM OF PROJECTED GRADIENT <= PGTOL
2.5,2.0,0.0,2000,32,mle,2.497988970577823,1.9920900649055024,True,False,False,4,9523.104431246933,54,0.006623291999858338,CONVERGENCE: RELATIVE REDUCTION OF F <= FACTR*EPSMCH
2.5,2.0,0.0,2000,32,qlog,nan,nan,False,False,False,4,nan,0,0.00695485500000359,ValueError('q-logarithm requires y > 0.')
2.5,2.0,0.0,2000,32,cdf,2.4889687234092177,1.9119582377587905,True,False,False,4,6.243583853240525e-05,60,0.050195003001135774,CONVERGENCE: NORM OF PROJECTED GRADIENT <= PGTOL
2.5,2.0,0.0,2000,33,pdf,1.6,2.0,True,False,True,9,222.22222222221973,3,0.0008770210006332491,CONVERGENCE: NORM OF PROJECTED GRADIENT <= PGTOL
2.5,2.0,0.0,2000,33,mle,2.492996326887292,1.7525680224591302,True,False,False,9,9554.786316128517,54,0.02898979499877896,CONVERGENCE: RELATIVE REDUCTION OF F <= FACTR*EPSMCH
2.5,2.0,0.0,2000,33,qlog,nan,nan,False,False,False,9,nan,0,0.018812673000866198,ValueError('q-logarithm requires y > 0.')
2.5,2.0,0.0,2000,33,cdf,2.499322609477928,1.8309185490675968,True,False,False,9,3.4523610292314326e-05,33,0.0240654879999056,CONVERGENCE: NORM OF PROJECTED GRADIENT <= PGTOL
2.5,2.0,0.0,2000,34,pdf,1.6,2.0,True,False,True,7,285.71428571428714,3,0.0007113739993656054,CONVERGENCE: NORM OF PROJECTED GRADIENT <= PGTOL
2.5,2.0,0.0,2000,34,mle,2.4985585169919977,2.233371316012521,True,False,False,7,9419.884980107323,60,0.005306509001457016,CONVERGENCE: RELATIVE REDUCTION OF F <= FACTR*EPSMCH
2.5,2.0,0.0,2000,34,qlog,nan,nan,False,False,False,7,nan,0,0.001114914000936551,ValueError('q-logarithm requires y > 0.')
2.5,2.0,0.0,2000,34,cdf,2.4925610982355217,2.1924757255210334,True,False,False,7,0.00015179327043778886,60,0.06922372300141433,CONVERGENCE: NORM OF PROJECTED GRADIENT <= PGTOL
2.5,2.0,0.0,2000,35,pdf,1.6,2.0,True,False,True,4,500.00000000000165,3,0.0007971880004333798,CONVERGENCE: NORM OF PROJECTED GRADIENT <= PGTOL
2.5,2.0,0.0,2000,35,mle,2.473295911402938,1.8483308256302882,True,False,False,4,9137.527012227476,48,0.007757924000543426,CONVERGENCE: RELATIVE REDUCTION OF F <= FACTR*EPSMCH
2.5,2.0,0.0,2000,35,qlog,2.84219416718298,0.01,True,True,False,4,22696263.439411957,105,0.01440614400053164,CONVERGENCE: RELATIVE REDUCTION OF F <= FACTR*EPSMCH
2.5,2.0,0.0,2000,35,cdf,2.4740346704271023,1.8311935655327478,True,False,False,4,0.0005040205988696859,33,0.02259141600006842,CONVERGENCE: NORM OF PROJECTED GRADIENT <= PGTOL
2.5,2.0,0.0,2000,36,pdf,1.6,2.0,True,False,True,6,333.3333333333293,3,0.0009655750000092667,CONVERGENCE: NORM OF PROJECTED GRADIENT <= PGTOL
2.5,2.0,0.0,2000,36,mle,2.5126390784298493,2.519155605058133,True,False,False,6,9581.738091221101,75,0.00941198100008478,CONVERGENCE: RELATIVE REDUCTION OF F <= FACTR*EPSMCH
2.5,2.0,0.0,2000,36,qlog,nan,nan,False,False,False,6,nan,0,0.0011304439995001303,ValueError('q-logarithm requires y > 0.')
2.5,2.0,0.0,2000,36,cdf,2.518593775973305,2.5974827678608254,True,False,False,6,2.431380243079689e-05,66,0.08179778400153737,CONVERGENCE: NORM OF PROJECTED GRADIENT <= PGTOL
2.5,2.0,0.0,2000,37,pdf,1.6,2.0,True,False,True,3,666.6666666666669,3,0.0015715259996795794,CONVERGENCE: NORM OF PROJECTED GRADIENT <= PGTOL
2.5,2.0,0.0,2000,37,mle,2.508048217898346,2.0112198201049347,True,False,False,3,9713.261609573767,54,0.007187270999565953,CONVERGENCE: RELATIVE REDUCTION OF F <= FACTR*EPSMCH
2.5,2.0,0.0,2000,37,qlog,nan,nan,False,False,False,3,nan,0,0.0013736620003328426,ValueError('q-logarithm requires y > 0.')
2.5,2.0,0.0,2000,37,cdf,2.5109518631853387,1.9588026511448298,True,False,False,3,0.00026323071188547015,63,0.07061691800117842,CONVERGENCE: NORM OF PROJECTED GRADIENT <= PGTOL
2.5,2.0,0.0,2000,38,pdf,1.6,2.0,True,False,True,4,500.0000000000003,3,0.0007178799987741513,CONVERGENCE: NORM OF PROJECTED GRADIENT <= PGTOL
2.5,2.0,0.0,2000,38,mle,2.5123830240799463,2.0612674442319294,True,False,False,4,9777.07679791886,54,0.007408786999803851,CONVERGENCE: RELATIVE REDUCTION OF F <= FACTR*EPSMCH
2.5,2.0,0.0,2000,38,qlog,nan,nan,False,False,False,4,nan,0,0.0013791159999527736,ValueError('q-logarithm requires y > 0.')
2.5,2.0,0.0,2000,38,cdf,2.5175784838601594,2.0910454825732026,True,False,False,4,2.8552241849931324e-05,63,0.0593125270006567,CONVERGENCE: NORM OF PROJECTED GRADIENT <= PGTOL
2.5,2.0,0.0,2000,39,pdf,1.6,2.0,True,False,True,7,285.71428571421217,3,0.003940411999792559,CONVERGENCE: NORM OF PROJECTED GRADIENT <= PGTOL
2.5,2.0,0.0,2000,39,mle,2.496312498019156,1.7544980368891803,True,False,False,7,9617.528848204565,60,0.012909971001136,CONVERGENCE: RELATIVE REDUCTION OF F <= FACTR*EPSMCH
2.5,2.0,0.0,2000,39,qlog,2.822046712241344,0.01,True,True,False,7,280745.1018652403,99,0.012005970000245725,CONVERGENCE: RELATIVE REDUCTION OF F <= FACTR*EPSMCH
2.5,2.0,0.0,2000,39,cdf,2.497263898272545,1.7520742025290756,True,False,False,7,0.00010134931965128321,60,0.038123272999655455,CONVERGENCE: NORM OF PROJECTED GRADIENT <= PGTOL
2.5,2.0,0.0,2000,40,pdf,1.6,2.0,True,False,True,8,249.99999999994938,3,0.0007097550005710218,CONVERGENCE: NORM OF PROJECTED GRADIENT <= PGTOL
2.5,2.0,0.0,2000,40,mle,2.4943311932364747,2.353399360329728,True,False,False,8,9285.61541581687,57,0.01801901699946029,CONVERGENCE: RELATIVE REDUCTION OF F <= FACTR*EPSMCH
2.5,2.0,0.0,2000,40,qlog,nan,nan,False,False,False,8,nan,0,0.0023829590008972446,ValueError('q-logarithm requires y > 0.')
2.5,2.0,0.0,2000,40,cdf,2.5007732145727712,2.492234827116025,True,False,False,8,4.0163339283903186e-05,63,0.04565736900076445,CONVERGENCE: NORM OF PROJECTED GRADIENT <= PGTOL
2.5,2.0,0.0,2000,41,pdf,1.6,2.0,True,False,True,6,333.33333333333104,3,0.0007503609995183069,CONVERGENCE: NORM OF PROJECTED GRADIENT <= PGTOL
2.5,2.0,0.0,2000,41,mle,2.5012985254859186,1.9570250863768344,True,False,False,6,9605.75262488881,54,0.004518349000136368,CONVERGENCE: RELATIVE REDUCTION OF F <= FACTR*EPSMCH
2.5,2.0,0.0,2000,41,qlog,nan,nan,False,False,False,6,nan,0,0.0010525869984121528,ValueError('q-logarithm requires y > 0.')
2.5,2.0,0.0,2000,41,cdf,2.4904071504434935,1.8317960001152087,True,False,False,6,2.0427711613316775e-05,33,0.021371794000515365,CONVERGENCE: NORM OF PROJECTED GRADIENT <= PGTOL
2.5,2.0,0.0,2000,42,pdf,1.6,2.0,True,False,True,4,499.9999999999976,3,0.0006924449990037829,CONVERGENCE: NORM OF PROJECTED GRADIENT <= PGTOL
2.5,2.0,0.0,2000,42,mle,2.5183242984093557,2.0157267962450325,True,False,False,4,9922.943178112748,54,0.021210158000030788,CONVERGENCE: RELATIVE REDUCTION OF F <= FACTR*EPSMCH
2.5,2.0,0.0,2000,42,qlog,nan,nan,False,False,False,4,nan,0,0.001386174000799656,ValueError('q-logarithm requires y > 0.')
2.5,2.0,0.0,2000,42,cdf,2.521116145919097,1.970052932642332,True,False,False,4,7.689396770209921e-05,63,0.04262052299964125,CONVERGENCE: NORM OF PROJECTED GRADIENT <= PGTOL
2.5,2.0,0.0,2000,43,pdf,1.6,2.0,True,False,True,7,285.7142857142421,3,0.0007958509995660279,CONVERGENCE: NORM OF PROJECTED GRADIENT <= PGTOL
2.5,2.0,0.0,2000,43,mle,2.4999923650498275,2.1129805524526057,True,False,False,7,9503.369994509916,54,0.007069192999551888,CONVERGENCE: RELATIVE REDUCTION OF F <= FACTR*EPSMCH
2.5,2.0,0.0,2000,43,qlog,nan,nan,False,False,False,7,nan,0,0.0014606710010411916,ValueError('q-logarithm requires y > 0.')
2.5,2.0,0.0,2000,43,cdf,2.50226608578435,2.084768275810066,True,False,False,7,3.785848073632499e-05,60,0.055790219999835244,CONVERGENCE: NORM OF PROJECTED GRADIENT <= PGTOL
2.5,2.0,0.0,2000,44,pdf,1.6,2.0,True,False,True,4,500.00000000000006,3,0.0007108230001904303,CONVERGENCE: NORM OF PROJECTED GRADIENT <= PGTOL
2.5,2.0,0.0,2000,44,mle,2.487299273357594,1.7139734840806014,True,False,False,4,9469.139065503376,54,0.00920923000012408,CONVERGENCE: RELATIVE REDUCTION OF F <= FACTR*EPSMCH
2.5,2.0,0.0,2000,44,qlog,nan,nan,False,False,False,4,nan,0,0.0015261799999279901,ValueError('q-logarithm requires y > 0.')
2.5,2.0,0.0,2000,44,cdf,2.4938578233952335,1.827429005990766,True,False,False,4,3.0515353288711726e-05,33,0.025658465001470177,CONVERGENCE: NORM OF PROJECTED GRADIENT <= PGTOL
2.5,2.0,0.0,2000,45,pdf,1.6,2.0,True,False,True,4,499.9999999999998,3,0.000829916998554836,CONVERGENCE: NORM OF PROJECTED GRADIENT <= PGTOL
2.5,2.0,0.0,2000,45,mle,2.4880115716145834,1.3504022203529256,True,False,False,4,9720.921927845236,51,0.0059345469999243505,CONVERGENCE: RELATIVE REDUCTION OF F <= FACTR*EPSMCH
2.5,2.0,0.0,2000,45,qlog,2.837117108427431,0.01,True,True,False,4,35287548.26379219,102,0.011459086999821011,CONVERGENCE: RELATIVE REDUCTION OF F <= FACTR*EPSMCH
2.5,2.0,0.0,2000,45,cdf,2.487624898214961,1.3677686694381044,True,False,False,4,2.5554065821718535e-05,63,0.05530772100064496,CONVERGENCE: NORM OF PROJECTED GRADIENT <= PGTOL
2.5,2.0,0.0,2000,46,pdf,1.6,2.0,True,False,True,4,500.0,3,0.0007058760002109921,CONVERGENCE: NORM OF PROJECTED GRADIENT <= PGTOL
2.5,2.0,0.0,2000,46,mle,2.4890330073036777,1.7133888450282062,True,False,False,4,9502.09096483681,51,0.0070305329991242616,CONVERGENCE: RELATIVE REDUCTION OF F <= FACTR*EPSMCH
2.5,2.0,0.0,2000,46,qlog,nan,nan,False,False,False,4,nan,0,0.0016048910001700278,ValueError('q-logarithm requires y > 0.')
2.5,2.0,0.0,2000,46,cdf,2.498925694419743,1.8317089134942486,True,False,False,4,3.2452735683642735e-05,33,0.021122329999343492,CONVERGENCE: NORM OF PROJECTED GRADIENT <= PGTOL
2.5,2.0,0.0,2000,47,pdf,1.6,2.0,True,False,True,2,999.9999999999845,3,0.0006479659987235209,CONVERGENCE: NORM OF PROJECTED GRADIENT <= PGTOL
2.5,2.0,0.0,2000,47,mle,2.5186881471334446,2.1825544524875484,True,False,False,2,9851.078259811347,57,0.0049957350001932355,CONVERGENCE: RELATIVE REDUCTION OF F <= FACTR*EPSMCH
2.5,2.0,0.0,2000,47,qlog,nan,nan,False,False,False,2,nan,0,0.0010566619985183934,ValueError('q-logarithm requires y > 0.')
2.5,2.0,0.0,2000,47,cdf,2.5190144010139788,2.290542155060341,True,False,False,2,6.12152741319025e-05,57,0.06043731099998695,CONVERGENCE: NORM OF PROJECTED GRADIENT <= PGTOL
2.5,2.0,0.0,2000,48,pdf,1.6,2.0,True,False,True,4,499.99999999999926,3,0.0006728469998051878,CONVERGENCE: NORM OF PROJECTED GRADIENT <= PGTOL
2.5,2.0,0.0,2000,48,mle,2.503203819864896,1.8569045457451105,True,False,False,4,9695.98326450825,54,0.005462854998768307,CONVERGENCE: RELATIVE REDUCTION OF F <= FACTR*EPSMCH
2.5,2.0,0.0,2000,48,qlog,nan,nan,False,False,False,4,nan,0,0.002333309999812627,ValueError('q-logarithm requires y > 0.')
2.5,2.0,0.0,2000,48,cdf,2.503751169314733,1.8328304214049216,True,False,False,4,0.00019120975793422977,33,0.02214959800039651,CONVERGENCE: NORM OF PROJECTED GRADIENT <= PGTOL
2.5,2.0,0.0,2000,49,pdf,1.6,2.0,True,False,True,5,399.9999999999986,3,0.0007630580003024079,CONVERGENCE: NORM OF PROJECTED GRADIENT <= PGTOL
2.5,2.0,0.0,2000,49,mle,2.4948455007488635,1.4650408678999491,True,False,False,5,9769.491645801612,51,0.004475344998354558,CONVERGENCE: RELATIVE REDUCTION OF F <= FACTR*EPSMCH
2.5,2.0,0.0,2000,49,qlog,nan,nan,False,False,False,5,nan,0,0.0015005019995442126,ValueError('q-logarithm requires y > 0.')
2.5,2.0,0.0,2000,49,cdf,2.5050312973444586,1.5549203394238609,True,False,False,5,1.2491392857015653e-05,60,0.05096280600082537,CONVERGENCE: NORM OF PROJECTED GRADIENT <= PGTOL
2.5,2.0,0.0,2000,50,pdf,1.6,2.0,True,False,True,6,333.33333333333184,3,0.0009954320012184326,CONVERGENCE: NORM OF PROJECTED GRADIENT <= PGTOL
2.5,2.0,0.0,2000,50,mle,2.4987725603069166,2.153678830670835,True,False,False,6,9460.405234080434,54,0.004646633000447764,CONVERGENCE: RELATIVE REDUCTION OF F <= FACTR*EPSMCH
2.5,2.0,0.0,2000,50,qlog,nan,nan,False,False,False,6,nan,0,0.0014902519997122,ValueError('q-logarithm requires y > 0.')
2.5,2.0,0.0,2000,50,cdf,2.488205989057815,1.9847329137030199,True,False,False,6,1.006952841109848e-05,60,0.044283020000875695,CONVERGENCE: NORM OF PROJECTED GRADIENT <= PGTOL
2.5,2.0,0.0,2000,51,pdf,1.6,2.0,True,False,True,2,999.9999999999908,3,0.0007189629995991709,CONVERGENCE: NORM OF PROJECTED GRADIENT <= PGTOL
2.5,2.0,0.0,2000,51,mle,2.5043641295428887,1.8157001894701106,True,False,False,2,9741.52274330433,54,0.008114955000564805,CONVERGENCE: RELATIVE REDUCTION OF F <= FACTR*EPSMCH
2.5,2.0,0.0,2000,51,qlog,nan,nan,False,False,False,2,nan,0,0.0010887089993047994,ValueError('q-logarithm requires y > 0.')
2.5,2.0,0.0,2000,51,cdf,2.5040875002019094,1.8300901517528982,True,False,False,2,4.929030226598213e-05,33,0.036640808000811376,CONVERGENCE: NORM OF PROJECTED GRADIENT <= PGTOL
2.5,2.0,0.0,2000,52,pdf,1.6,2.0,True,False,True,4,500.00000000000114,3,0.0008296350006276043,CONVERGENCE: NORM OF PROJECTED GRADIENT <= PGTOL
2.5,2.0,0.0,2000,52,mle,2.4841983021286103,2.00329856550372,True,False,False,4,9255.335299061991,54,0.011137771998619428,CONVERGENCE: RELATIVE REDUCTION OF F <= FACTR*EPSMCH
2.5,2.0,0.0,2000,52,qlog,2.839452502414066,0.01,True,True,False,4,62428735.219853856,105,0.015170885999395978,CONVERGENCE: RELATIVE REDUCTION OF F <= FACTR*EPSMCH
2.5,2.0,0.0,2000,52,cdf,2.489727468929464,2.028986041252528,True,False,False,4,6.365691034411223e-05,60,0.038342017000104534,CONVERGENCE: NORM OF PROJECTED GRADIENT <= PGTOL
2.5,2.0,0.0,2000,53,pdf,1.6,2.0,True,False,True,3,666.6666666666666,3,0.0007317830004467396,CONVERGENCE: NORM OF PROJECTED GRADIENT <= PGTOL
2.5,2.0,0.0,2000,53,mle,2.479048000754587,1.5202552694974958,True,False,False,3,9436.618371347831,51,0.022883937001097365,CONVERGENCE: RELATIVE REDUCTION OF F <= FACTR*EPSMCH
2.5,2.0,0.0,2000,53,qlog,nan,nan,False,False,False,3,nan,0,0.0027264330001344206,ValueError('q-logarithm requires y > 0.')
2.5,2.0,0.0,2000,53,cdf,2.4858563196084567,1.562481908466118,True,False,False,3,4.357721772739005e-05,57,0.060563401000763406,CONVERGENCE: NORM OF PROJECTED GRADIENT <= PGTOL
2.5,2.0,0.0,2000,54,pdf,1.6,2.0,True,False,True,2,999.999999999994,3,0.0016152280004462227,CONVERGENCE: NORM OF PROJECTED GRADIENT <= PGTOL
2.5,2.0,0.0,2000,54,mle,2.501474215177621,1.8713795271566027,True,False,False,2,9653.968657780319,54,0.03841108599954168,CONVERGENCE: RELATIVE REDUCTION OF F <= FACTR*EPSMCH
2.5,2.0,0.0,2000,54,qlog,nan,nan,False,False,False,2,nan,0,0.0015414580011565704,ValueError('q-logarithm requires y > 0.')
2.5,2.0,0.0,2000,54,cdf,2.5051095436218263,1.9134213811721272,True,False,False,2,1.718599638568142e-05,60,0.06078583199996501,CONVERGENCE: NORM OF PROJECTED GRADIENT <= PGTOL
2.5,2.0,0.0,2000,55,pdf,1.6,2.0,True,False,True,8,250.00000000000006,3,0.0008760920009081019,CONVERGENCE: NORM OF PROJECTED GRADIENT <= PGTOL
2.5,2.0,0.0,2000,55,mle,2.5376690387245167,2.897646906732986,True,False,False,8,9982.410221372173,57,0.005320459000358824,CONVERGENCE: RELATIVE REDUCTION OF F <= FACTR*EPSMCH
2.5,2.0,0.0,2000,55,qlog,nan,nan,False,False,False,8,nan,0,0.001247375999810174,ValueError('q-logarithm requires y > 0.')
2.5,2.0,0.0,2000,55,cdf,2.5323846475312672,2.665304607871404,True,False,False,8,0.00011214410322245686,66,0.059170582999286125,CONVERGENCE: NORM OF PROJECTED GRADIENT <= PGTOL
2.5,2.0,0.0,2000,56,pdf,1.6,2.0,True,False,True,5,400.00000000000165,3,0.0009514600005786633,CONVERGENCE: NORM OF PROJECTED GRADIENT <= PGTOL
2.5,2.0,0.0,2000,56,mle,2.502874008419806,1.95767900405361,True,False,False,5,9636.587830498745,54,0.010546761001023697,CONVERGENCE: RELATIVE REDUCTION OF F <= FACTR*EPSMCH
2.5,2.0,0.0,2000,56,qlog,nan,nan,False,False,False,5,nan,0,0.0012095700003555976,ValueError('q-logarithm requires y > 0.')
2.5,2.0,0.0,2000,56,cdf,2.5012688522377564,1.9321689447207657,True,False,False,5,4.204462933436771e-05,60,0.05861596999966423,CONVERGENCE: NORM OF PROJECTED GRADIENT <= PGTOL
2.5,2.0,0.0,2000,57,pdf,1.6,2.0,True,False,True,2,999.9999999999867,3,0.000719779000064591,CONVERGENCE: NORM OF PROJECTED GRADIENT <= PGTOL
2.5,2.0,0.0,2000,57,mle,2.5122406500975907,2.2641735193555963,True,False,False,2,9680.256676376659,57,0.0072150980013248045,CONVERGENCE: RELATIVE REDUCTION OF F <= FACTR*EPSMCH
2.5,2.0,0.0,2000,57,qlog,nan,nan,False,False,False,2,nan,0,0.0016245269998762524,ValueError('q-logarithm requires y > 0.')
2.5,2.0,0.0,2000,57,cdf,2.515714018743939,2.3355158404757583,True,False,False,2,2.1027587295206204e-05,60,0.0426099209998938,CONVERGENCE: NORM OF PROJECTED GRADIENT <= PGTOL
2.5,2.0,0.0,2000,58,pdf,1.6,2.0,True,False,True,6,333.3333333333299,3,0.000696513001457788,CONVERGENCE: NORM OF PROJECTED GRADIENT <= PGTOL
2.5,2.0,0.0,2000,58,mle,2.479681514559331,1.7746632091324002,True,False,False,6,9293.434805051273,54,0.004941517001498141,CONVERGENCE: RELATIVE REDUCTION OF F <= FACTR*EPSMCH
2.5,2.0,0.0,2000,58,qlog,nan,nan,False,False,False,6,nan,0,0.0011725700005627004,ValueError('q-logarithm requires y > 0.')
2.5,2.0,0.0,2000,58,cdf,2.4827182044172926,1.8300118164759949,True,False,False,6,1.7840162977534112e-05,33,0.03320179799993639,CONVERGENCE: NORM OF PROJECTED GRADIENT <= PGTOL
2.5,2.0,0.0,2000,59,pdf,1.6,2.0,True,False,True,5,400.00000000000404,3,0.0006910880001669284,CONVERGENCE: NORM OF PROJECTED GRADIENT <= PGTOL
2.5,2.0,0.0,2000,59,mle,2.5086522851570563,2.0034158194145277,True,False,False,5,9729.376403799008,54,0.005024317999414052,CONVERGENCE: RELATIVE REDUCTION OF F <= FACTR*EPSMCH
2.5,2.0,0.0,2000,59,qlog,nan,nan,False,False,False,5,nan,0,0.0010349379990657326,ValueError('q-logarithm requires y > 0.')
2.5,2.0,0.0,2000,59,cdf,2.506949750973027,2.035127586919928,True,False,False,5,6.728450801814874e-05,63,0.04401580599915178,CONVERGENCE: NORM OF PROJECTED GRADIENT <= PGTOL
2.5,2.0,0.0,2000,60,pdf,1.6,2.0,True,False,True,3,666.6666666666681,3,0.0006705010000587208,CONVERGENCE: NORM OF PROJECTED GRADIENT <= PGTOL
2.5,2.0,0.0,2000,60,mle,2.495238657649088,2.128402176423132,True,False,False,3,9403.567598356673,54,0.005020495998905972,CONVERGENCE: RELATIVE REDUCTION OF F <= FACTR*EPSMCH
2.5,2.0,0.0,2000,60,qlog,nan,nan,False,False,False,3,nan,0,0.0010545790009928169,ValueError('q-logarithm requires y > 0.')
2.5,2.0,0.0,2000,60,cdf,2.5023752608134355,2.1339791441292935,True,False,False,3,2.787119632742502e-05,60,0.057592887000282644,CONVERGENCE: NORM OF PROJECTED GRADIENT <= PGTOL
2.5,2.0,0.0,2000,61,pdf,1.6,2.0,True,False,True,2,1000.0,3,0.0007187160008470528,CONVERGENCE: NORM OF PROJECTED GRADIENT <= PGTOL
2.5,2.0,0.0,2000,61,mle,2.5080881384533615,2.452170330372369,True,False,False,2,9515.834630292075,57,0.006092064000768005,CONVERGENCE: RELATIVE REDUCTION OF F <= FACTR*EPSMCH
2.5,2.0,0.0,2000,61,qlog,nan,nan,False,False,False,2,nan,0,0.0010781710006995127,ValueError('q-logarithm requires y > 0.')
2.5,2.0,0.0,2000,61,cdf,2.5097167063877452,2.455602282613923,True,False,False,2,0.00010317033401326947,60,0.04506293000122241,CONVERGENCE: NORM OF PROJECTED GRADIENT <= PGTOL
2.5,2.0,0.0,2000,62,pdf,1.6,2.0,True,False,True,2,1000.0,3,0.0008522379994246876,CONVERGENCE: NORM OF PROJECTED GRADIENT <= PGTOL
2.5,2.0,0.0,2000,62,mle,2.501644447148395,1.7534897204669007,True,False,False,2,9722.396732151601,54,0.02233623800020723,CONVERGENCE: RELATIVE REDUCTION OF F <= FACTR*EPSMCH
2.5,2.0,0.0,2000,62,qlog,nan,nan,False,False,False,2,nan,0,0.0012703640004474437,ValueError('q-logarithm requires y > 0.')
2.5,2.0,0.0,2000,62,cdf,2.5096741740040427,1.8324737972630731,True,False,False,2,5.231611895098393e-05,36,0.02738788399983605,CONVERGENCE: NORM OF PROJECTED GRADIENT <= PGTOL
2.5,2.0,0.0,2000,63,pdf,1.6,2.0,True,False,True,5,399.9999999999999,3,0.0008504070010530995,CONVERGENCE: NORM OF PROJECTED GRADIENT <= PGTOL
2.5,2.0,0.0,2000,63,mle,2.5071871344703043,2.0399203771111316,True,False,False,5,9681.703053762267,54,0.007422320000841864,CONVERGENCE: RELATIVE REDUCTION OF F <= FACTR*EPSMCH
2.5,2.0,0.0,2000,63,qlog,nan,nan,False,False,False,5,nan,0,0.001501283000834519,ValueError('q-logarithm requires y > 0.')
2.5,2.0,0.0,2000,63,cdf,2.5051241074977857,2.0319006925863796,True,False,False,5,1.8823108969251678e-05,60,0.039553908000016236,CONVERGENCE: NORM OF PROJECTED GRADIENT <= PGTOL
2.5,2.0,0.0,2000,64,pdf,1.6,2.0,True,False,True,8,249.99999999999957,3,0.0006870450015412644,CONVERGENCE: NORM OF PROJECTED GRADIENT <= PGTOL
2.5,2.0,0.0,2000,64,mle,2.5190229224197784,2.123291582683733,True,False,False,8,9885.660141767006,57,0.021665052998287138,CONVERGENCE: RELATIVE REDUCTION OF F <= FACTR*EPSMCH
2.5,2.0,0.0,2000,64,qlog,2.8477381447358128,0.01,True,True,False,8,23836965.42294535,96,0.009831977000430925,CONVERGENCE: RELATIVE REDUCTION OF F <= FACTR*EPSMCH
2.5,2.0,0.0,2000,64,cdf,2.5165049929429117,2.1439936616863626,True,False,False,8,1.6930174277066688e-05,54,0.05019606499990914,CONVERGENCE: NORM OF PROJECTED GRADIENT <= PGTOL
2.5,2.0,0.0,2000,65,pdf,1.6,2.0,True,False,True,6,333.333333333332,3,0.0007176489998528268,CONVERGENCE: NORM OF PROJECTED GRADIENT <= PGTOL
2.5,2.0,0.0,2000,65,mle,2.5019695062336362,2.0260754247752297,True,False,False,6,9584.326013628935,54,0.006070778999855975,CONVERGENCE: RELATIVE REDUCTION OF F <= FACTR*EPSMCH
2.5,2.0,0.0,2000,65,qlog,2.834882258419549,0.01,True,True,False,6,5019579.8832670655,96,0.009582569000485819,CONVERGENCE: RELATIVE REDUCTION OF F <= FACTR*EPSMCH
2.5,2.0,0.0,2000,65,cdf,2.5094673506434826,2.065527506274049,True,False,False,6,3.3076373172651776e-05,63,0.05344215500008431,CONVERGENCE: NORM OF PROJECTED GRADIENT <= PGTOL
2.5,2.0,0.0,2000,66,pdf,1.6,2.0,True,False,True,6,333.33333333328807,3,0.0019038139998883707,CONVERGENCE: NORM OF PROJECTED GRADIENT <= PGTOL
2.5,2.0,0.0,2000,66,mle,2.4951630889136225,1.8361768814689687,True,False,False,6,9549.812273680129,54,0.0049638580003374955,CONVERGENCE: RELATIVE REDUCTION OF F <= FACTR*EPSMCH
2.5,2.0,0.0,2000,66,qlog,nan,nan,False,False,False,6,nan,0,0.0012552429998322623,ValueError('q-logarithm requires y > 0.')
2.5,2.0,0.0,2000,66,cdf,2.487816011452407,1.8295226470880663,True,False,False,6,2.5554044598782437e-05,33,0.021472553000421613,CONVERGENCE: NORM OF PROJECTED GRADIENT <= PGTOL
2.5,2.0,0.0,2000,67,pdf,1.6,2.0,True,False,True,5,400.00000000000114,3,0.0009879699991870439,CONVERGENCE: NORM OF PROJECTED GRADIENT <= PGTOL
2.5,2.0,0.0,2000,67,mle,2.505634631069364,1.9050181938034252,True,False,False,5,9718.910830036928,54,0.005167704999621492,CONVERGENCE: RELATIVE REDUCTION OF F <= FACTR*EPSMCH
2.5,2.0,0.0,2000,67,qlog,nan,nan,False,False,False,5,nan,0,0.003580444999897736,ValueError('q-logarithm requires y > 0.')
2.5,2.0,0.0,2000,67,cdf,2.5107952474469943,1.9489628407415633,True,False,False,5,4.4489786094996545e-05,60,0.06594241600032547,CONVERGENCE: NORM OF PROJECTED GRADIENT <= PGTOL
2.5,2.0,0.0,2000,68,pdf,1.6,2.0,True,False,True,3,666.6666666228333,3,0.0007587160016555572,CONVERGENCE: NORM OF PROJECTED GRADIENT <= PGTOL
2.5,2.0,0.0,2000,68,mle,2.4876610343849066,1.6836435158222471,True,False,False,3,9493.781891365532,51,0.013041872000030708,CONVERGENCE: RELATIVE REDUCTION OF F <= FACTR*EPSMCH
2.5,2.0,0.0,2000,68,qlog,2.95,50.0,True,True,False,3,11.945662235371664,9,0.0016031550003390294,CONVERGENCE: NORM OF PROJECTED GRADIENT <= PGTOL
2.5,2.0,0.0,2000,68,cdf,2.491300739636083,1.7011478800617552,True,False,False,3,8.040169808176087e-05,60,0.061561036000057356,CONVERGENCE: NORM OF PROJECTED GRADIENT <= PGTOL
2.5,2.0,0.0,2000,69,pdf,1.6,2.0,True,False,True,8,249.99999999944745,3,0.0006882240013510454,CONVERGENCE: NORM OF PROJECTED GRADIENT <= PGTOL
2.5,2.0,0.0,2000,69,mle,2.483616579239051,1.9238888487318015,True,False,False,8,9285.009435206817,54,0.008491886001138482,CONVERGENCE: RELATIVE REDUCTION OF F <= FACTR*EPSMCH
2.5,2.0,0.0,2000,69,qlog,nan,nan,False,False,False,8,nan,0,0.0011504999984026654,ValueError('q-logarithm requires y > 0.')
2.5,2.0,0.0,2000,69,cdf,2.482104517026087,1.9109330373541766,True,False,False,8,6.026327394865961e-05,57,0.0766519619992323,CONVERGENCE: NORM OF PROJECTED GRADIENT <= PGTOL
2.5,2.0,0.0,2000,70,pdf,1.6,2.0,True,False,True,10,199.99999999999892,3,0.0007273290011653444,CONVERGENCE: NORM OF PROJECTED GRADIENT <= PGTOL
2.5,2.0,0.0,2000,70,mle,2.4834356588742814,1.9087596647365281,True,False,False,10,9289.557671515018,54,0.00582557499910763,CONVERGENCE: RELATIVE REDUCTION OF F <= FACTR*EPSMCH
2.5,2.0,0.0,2000,70,qlog,nan,nan,False,False,False,10,nan,0,0.029796659999192343,ValueError('q-logarithm requires y > 0.')
2.5,2.0,0.0,2000,70,cdf,2.483358910590884,1.9200165257989672,True,False,False,10,1.4706799125911739e-05,60,0.0635836660003406,CONVERGENCE: NORM OF PROJECTED GRADIENT <= PGTOL
2.5,2.0,0.0,2000,71,pdf,1.6,2.0,True,False,True,2,999.9999999999998,3,0.0009469999986322364,CONVERGENCE: NORM OF PROJECTED GRADIENT <= PGTOL
2.5,2.0,0.0,2000,71,mle,2.487998091143521,1.596179597697723,True,False,False,2,9553.459457064766,51,0.007810216000507353,CONVERGENCE: RELATIVE REDUCTION OF F <= FACTR*EPSMCH
2.5,2.0,0.0,2000,71,qlog,nan,nan,False,False,False,2,nan,0,0.0016976469996734522,ValueError('q-logarithm requires y > 0.')
2.5,2.0,0.0,2000,71,cdf,2.494642604970821,1.6360307062385042,True,False,False,2,1.1288934924302633e-05,60,0.050668120000409544,CONVERGENCE: NORM OF PROJECTED GRADIENT <= PGTOL
2.5,2.0,0.0,2000,72,pdf,1.6,2.0,True,False,True,3,666.6666666666667,3,0.0007576800016977359,CONVERGENCE: NORM OF PROJECTED GRADIENT <= PGTOL
2.5,2.0,0.0,2000,72,mle,2.5359511090034523,2.2906939809200058,True,False,False,3,10178.638508855489,60,0.00478461199963931,CONVERGENCE: RELATIVE REDUCTION OF F <= FACTR*EPSMCH
2.5,2.0,0.0,2000,72,qlog,nan,nan,False,False,False,3,nan,0,0.0013411169984465232,ValueError('q-logarithm requires y > 0.')
2.5,2.0,0.0,2000,72,cdf,2.536649621113143,2.308292118930326,True,False,False,3,1.2844386105787709e-05,63,0.057533838000381365,CONVERGENCE: NORM OF PROJECTED GRADIENT <= PGTOL
2.5,2.0,0.0,2000,73,pdf,1.6,2.0,True,False,True,6,333.3333333331138,3,0.0010701350001909304,CONVERGENCE: NORM OF PROJECTED GRADIENT <= PGTOL
2.5,2.0,0.0,2000,73,mle,2.4962296294834205,2.029011800686961,True,False,False,6,9470.562857890009,54,0.005834518000483513,CONVERGENCE: RELATIVE REDUCTION OF F <= FACTR*EPSMCH
2.5,2.0,0.0,2000,73,qlog,nan,nan,False,False,False,6,nan,0,0.0011641340006462997,ValueError('q-logarithm requires y > 0.')
2.5,2.0,0.0,2000,73,cdf,2.5017068254141814,2.1200813245113883,True,False,False,6,4.614347572708868e-05,54,0.03392926400010765,CONVERGENCE: NORM OF PROJECTED GRADIENT <= PGTOL
2.5,2.0,0.0,2000,74,pdf,1.6,2.0,True,False,True,2,1000.0000000000102,3,0.000822844998765504,CONVERGENCE: NORM OF PROJECTED GRADIENT <= PGTOL
2.5,2.0,0.0,2000,74,mle,2.506221450845702,1.985625493692857,True,False,False,2,9689.245560046109,54,0.021568579999438953,CONVERGENCE: RELATIVE REDUCTION OF F <= FACTR*EPSMCH
2.5,2.0,0.0,2000,74,qlog,nan,nan,False,False,False,2,nan,0,0.0010902770009124652,ValueError('q-logarithm requires y > 0.')
2.5,2.0,0.0,2000,74,cdf,2.5062316690260524,1.935786725780399,True,False,False,2,0.00025773173251949377,60,0.04438791100074013,CONVERGENCE: NORM OF PROJECTED GRADIENT <= PGTOL
2.5,2.0,0.0,2000,75,pdf,1.6,2.0,True,False,True,4,499.99999999999994,3,0.0007360519994108472,CONVERGENCE: NORM OF PROJECTED GRADIENT <= PGTOL
2.5,2.0,0.0,2000,75,mle,2.4991954637721716,1.6056870879386016,True,False,False,4,9762.30162919606,51,0.00904646199887793,CONVERGENCE: RELATIVE REDUCTION OF F <= FACTR*EPSMCH
2.5,2.0,0.0,2000,75,qlog,nan,nan,False,False,False,4,nan,0,0.0010625150007399498,ValueError('q-logarithm requires y > 0.')
2.5,2.0,0.0,2000,75,cdf,2.4918655580159346,1.5267611302633746,True,False,False,4,8.942278120455749e-05,60,0.05310546600048838,CONVERGENCE: NORM OF PROJECTED GRADIENT <= PGTOL
2.5,2.0,0.0,2000,76,pdf,1.6,2.0,True,False,True,6,333.3333333329322,3,0.00108225400072115,CONVERGENCE: NORM OF PROJECTED GRADIENT <= PGTOL
2.5,2.0,0.0,2000,76,mle,2.5008856334611993,2.0601811240110757,True,False,False,6,9546.246928188008,54,0.004985666000720812,CONVERGENCE: RELATIVE REDUCTION OF F <= FACTR*EPSMCH
2.5,2.0,0.0,2000,76,qlog,nan,nan,False,False,False,6,nan,0,0.0011669159994198708,ValueError('q-logarithm requires y > 0.')
2.5,2.0,0.0,2000,76,cdf,2.5009245366394413,2.012300691178318,True,False,False,6,0.00021184832531479864,57,0.040219164000518504,CONVERGENCE: NORM OF PROJECTED GRADIENT <= PGTOL
2.5,2.0,0.0,2000,77,pdf,1.6,2.0,True,False,True,10,199.99999999992679,3,0.0009651790005591465,CONVERGENCE: NORM OF PROJECTED GRADIENT <= PGTOL
2.5,2.0,0.0,2000,77,mle,2.504628479147881,1.6883390776436213,True,False,False,10,9819.523896651111,54,0.0055515359999844804,CONVERGENCE: NORM OF PROJECTED GRADIENT <= PGTOL
2.5,2.0,0.0,2000,77,qlog,2.80217664725956,0.01,True,True,False,10,2982372.3922027135,96,0.009750903000167455,CONVERGENCE: RELATIVE REDUCTION OF F <= FACTR*EPSMCH
2.5,2.0,0.0,2000,77,cdf,2.504048032316935,1.6797528180221615,True,False,False,10,0.00014140148474372558,60,0.05971574699833582,CONVERGENCE: NORM OF PROJECTED GRADIENT <= PGTOL
2.5,2.0,0.0,2000,78,pdf,1.6,2.0,True,False,True,2,1000.0000000000003,3,0.0009853299998212606,CONVERGENCE: NORM OF PROJECTED GRADIENT <= PGTOL
2.5,2.0,0.0,2000,78,mle,2.49360188033127,1.9781956799528873,True,False,False,2,9445.28646715201,54,0.005016738999984227,CONVERGENCE: RELATIVE REDUCTION OF F <= FACTR*EPSMCH
2.5,2.0,0.0,2000,78,qlog,nan,nan,False,False,False,2,nan,0,0.0013809149986627745,ValueError('q-logarithm requires y > 0.')
2.5,2.0,0.0,2000,78,cdf,2.4948042625633438,1.9970953120522954,True,False,False,2,7.745360882236266e-06,60,0.05142870899908303,CONVERGENCE: NORM OF PROJECTED GRADIENT <= PGTOL
2.5,2.0,0.0,2000,79,pdf,1.6,2.0,True,False,True,6,333.3333333333327,3,0.0007758060000924161,CONVERGENCE: NORM OF PROJECTED GRADIENT <= PGTOL
2.5,2.0,0.0,2000,79,mle,2.5211105382090255,2.5144576014192737,True,False,False,6,9760.759889918085,57,0.004638313001123606,CONVERGENCE: RELATIVE REDUCTION OF F <= FACTR*EPSMCH
2.5,2.0,0.0,2000,79,qlog,nan,nan,False,False,False,6,nan,0,0.0015073480008140905,ValueError('q-logarithm requires y > 0.')
2.5,2.0,0.0,2000,79,cdf,2.5186622011831203,2.42432648681423,True,False,False,6,8.3542324217524e-06,60,0.05954909800129826,CONVERGENCE: NORM OF PROJECTED GRADIENT <= PGTOL
2.5,2.0,0.0,2000,80,pdf,1.6,2.0,True,False,True,2,1000.0,3,0.0007006389987509465,CONVERGENCE: NORM OF PROJECTED GRADIENT <= PGTOL
2.5,2.0,0.0,2000,80,mle,2.494595331770832,2.0164431087784305,True,False,False,2,9445.224641617384,54,0.004412415999468067,CONVERGENCE: RELATIVE REDUCTION OF F <= FACTR*EPSMCH
2.5,2.0,0.0,2000,80,qlog,nan,nan,False,False,False,2,nan,0,0.0010544159995333757,ValueError('q-logarithm requires y > 0.')
2.5,2.0,0.0,2000,80,cdf,2.501756357203961,2.0738005685580463,True,False,False,2,0.00027020279724152707,54,0.09142461700139393,CONVERGENCE: NORM OF PROJECTED GRADIENT <= PGTOL
2.5,2.0,0.0,2000,81,pdf,1.6,2.0,True,False,True,3,666.6666666666666,3,0.0009431700000277488,CONVERGENCE: NORM OF PROJECTED GRADIENT <= PGTOL
2.5,2.0,0.0,2000,81,mle,2.509340062219842,2.2877942511652916,True,False,False,3,9610.603903242263,57,0.005504827000549994,CONVERGENCE: NORM OF PROJECTED GRADIENT <= PGTOL
2.5,2.0,0.0,2000,81,qlog,nan,nan,False,False,False,3,nan,0,0.0022548710003320593,ValueError('q-logarithm requires y > 0.')
2.5,2.0,0.0,2000,81,cdf,2.5041240227721926,2.140002788129268,True,False,False,3,8.638924357733334e-05,57,0.049555411000255845,CONVERGENCE: NORM OF PROJECTED GRADIENT <= PGTOL
2.5,2.0,0.0,2000,82,pdf,1.6,2.0,True,False,True,2,1000.0000000000007,3,0.000919426998734707,CONVERGENCE: NORM OF PROJECTED GRADIENT <= PGTOL
2.5,2.0,0.0,2000,82,mle,2.4792394683777674,1.8076038471380729,True,False,False,2,9266.98578657525,57,0.004147084999203798,CONVERGENCE: RELATIVE REDUCTION OF F <= FACTR*EPSMCH
2.5,2.0,0.0,2000,82,qlog,nan,nan,False,False,False,2,nan,0,0.0017902839990711072,ValueError('q-logarithm requires y > 0.')
2.5,2.0,0.0,2000,82,cdf,2.473507206184124,1.7519687760407074,True,False,False,2,1.705158187380463e-05,60,0.07543846100088558,CONVERGENCE: NORM OF PROJECTED GRADIENT <= PGTOL
2.5,2.0,0.0,2000,83,pdf,1.6,2.0,True,False,True,6,333.333333333332,3,0.0017650210011197487,CONVERGENCE: NORM OF PROJECTED GRADIENT <= PGTOL
2.5,2.0,0.0,2000,83,mle,2.5048758562387636,1.8629477767295521,True,False,False,6,9726.052629611047,54,0.00945712700013246,CONVERGENCE: RELATIVE REDUCTION OF F <= FACTR*EPSMCH
2.5,2.0,0.0,2000,83,qlog,nan,nan,False,False,False,6,nan,0,0.0017044480009644758,ValueError('q-logarithm requires y > 0.')
2.5,2.0,0.0,2000,83,cdf,2.496711162426029,1.8301059436522564,True,False,False,6,3.42868615692483e-05,33,0.028319950000877725,CONVERGENCE: NORM OF PROJECTED GRADIENT <= PGTOL
2.5,2.0,0.0,2000,84,pdf,1.6,2.0,True,False,True,6,333.3333333333318,3,0.0009428789999219589,CONVERGENCE: NORM OF PROJECTED GRADIENT <= PGTOL
2.5,2.0,0.0,2000,84,mle,2.510471316798734,2.004705071437675,True,False,False,6,9765.739718443112,54,0.005013621999751194,CONVERGENCE: RELATIVE REDUCTION OF F <= FACTR*EPSMCH
2.5,2.0,0.0,2000,84,qlog,2.8329881774249177,0.01,True,True,False,6,4686594.723909323,111,0.04929270600041491,CONVERGENCE: RELATIVE REDUCTION OF F <= FACTR*EPSMCH
2.5,2.0,0.0,2000,84,cdf,2.513300956373942,1.985708933754598,True,False,False,6,2.8654826719803377e-05,63,0.062111519000609405,CONVERGENCE: NORM OF PROJECTED GRADIENT <= PGTOL
2.5,2.0,0.0,2000,85,pdf,1.6,2.0,True,False,True,9,222.22222222222032,3,0.000912927998797386,CONVERGENCE: NORM OF PROJECTED GRADIENT <= PGTOL
2.5,2.0,0.0,2000,85,mle,2.5051730144844244,2.0257604480769547,True,False,False,9,9648.213150920894,54,0.0318908380013454,CONVERGENCE: RELATIVE REDUCTION OF F <= FACTR*EPSMCH
2.5,2.0,0.0,2000,85,qlog,2.82166306841635,0.01,False,True,False,9,21927630.414597224,177,0.026987545999872964,ABNORMAL: 
2.5,2.0,0.0,2000,85,cdf,2.507930121611998,2.0437026926072517,True,False,False,9,5.596690115310375e-05,60,0.0486511299986887,CONVERGENCE: NORM OF PROJECTED GRADIENT <= PGTOL
2.5,2.0,0.0,2000,86,pdf,1.6,2.0,True,False,True,8,249.99999999810188,3,0.0007732579997536959,CONVERGENCE: NORM OF PROJECTED GRADIENT <= PGTOL
2.5,2.0,0.0,2000,86,mle,2.476866730392665,1.6904863409960686,True,False,False,8,9290.915467924066,51,0.024497902999428334,CONVERGENCE: RELATIVE REDUCTION OF F <= FACTR*EPSMCH
2.5,2.0,0.0,2000,86,qlog,2.806094183108999,0.01,True,True,False,8,45010.54822416889,180,0.024840440000843955,CONVERGENCE: RELATIVE REDUCTION OF F <= FACTR*EPSMCH
2.5,2.0,0.0,2000,86,cdf,2.4799637460777215,1.703359186128682,True,False,False,8,3.721843635476674e-05,60,0.03987136700015981,CONVERGENCE: NORM OF PROJECTED GRADIENT <= PGTOL
2.5,2.0,0.0,2000,87,pdf,1.6,2.0,True,False,True,10,199.9999999999581,3,0.0007459059997927397,CONVERGENCE: NORM OF PROJECTED GRADIENT <= PGTOL
2.5,2.0,0.0,2000,87,mle,2.4863255145553538,1.653552321311103,True,False,False,10,9486.803884962326,51,0.005003305999707663,CONVERGENCE: RELATIVE REDUCTION OF F <= FACTR*EPSMCH
2.5,2.0,0.0,2000,87,qlog,2.820594659704008,0.01,True,True,False,10,325026.6085510189,102,0.025476418999460293,CONVERGENCE: RELATIVE REDUCTION OF F <= FACTR*EPSMCH
2.5,2.0,0.0,2000,87,cdf,2.475945233629811,1.5418784077006225,True,False,False,10,0.0001527487708291294,60,0.043779767000160064,CONVERGENCE: NORM OF PROJECTED GRADIENT <= PGTOL
2.5,2.0,0.0,2000,88,pdf,1.6,2.0,True,False,True,3,666.6666666666314,3,0.0008219909996114438,CONVERGENCE: NORM OF PROJECTED GRADIENT <= PGTOL
2.5,2.0,0.0,2000,88,mle,2.511273978769359,2.6236014118501227,True,False,False,3,9513.092146548093,57,0.006315544000244699,CONVERGENCE: RELATIVE REDUCTION OF F <= FACTR*EPSMCH
2.5,2.0,0.0,2000,88,qlog,nan,nan,False,False,False,3,nan,0,0.0011467479998827912,ValueError('q-logarithm requires y > 0.')
2.5,2.0,0.0,2000,88,cdf,2.5115784240238113,2.6544956203313896,True,False,False,3,3.445308120187752e-05,60,0.05198596899936092,CONVERGENCE: NORM OF PROJECTED GRADIENT <= PGTOL
2.5,2.0,0.0,2000,89,pdf,1.6,2.0,True,False,True,7,285.714285714285,3,0.0007126830005290685,CONVERGENCE: NORM OF PROJECTED GRADIENT <= PGTOL
2.5,2.0,0.0,2000,89,mle,2.5090371064731594,1.765303911105423,True,False,False,7,9863.715419597067,54,0.004306183000153396,CONVERGENCE: RELATIVE REDUCTION OF F <= FACTR*EPSMCH
2.5,2.0,0.0,2000,89,qlog,nan,nan,False,False,False,7,nan,0,0.009712316999866744,ValueError('q-logarithm requires y > 0.')
2.5,2.0,0.0,2000,89,cdf,2.5085730776994124,1.7404371058536605,True,False,False,7,8.246797844676588e-05,63,0.047039930999744684,CONVERGENCE: NORM OF PROJECTED GRADIENT <= PGTOL
2.5,2.0,0.0,2000,90,pdf,1.6,2.0,True,False,True,3,666.6666666666666,3,0.0007426769989251625,CONVERGENCE: NORM OF PROJECTED GRADIENT <= PGTOL
2.5,2.0,0.0,2000,90,mle,2.497324327305622,2.2205205076488137,True,False,False,3,9401.607207640624,57,0.004241013999489951,CONVERGENCE: NORM OF PROJECTED GRADIENT <= PGTOL
2.5,2.0,0.0,2000,90,qlog,nan,nan,False,False,False,3,nan,0,0.0017299640003329841,ValueError('q-logarithm requires y > 0.')
2.5,2.0,0.0,2000,90,cdf,2.4880701211286715,2.1041923028538214,True,False,False,3,1.602306226866812e-05,63,0.05910474499978591,CONVERGENCE: NORM OF PROJECTED GRADIENT <= PGTOL
2.5,2.0,0.0,2000,91,pdf,1.6,2.0,True,False,True,8,249.99999999999918,3,0.0007777779992466094,CONVERGENCE: NORM OF PROJECTED GRADIENT <= PGTOL
2.5,2.0,0.0,2000,91,mle,2.5004931555286514,1.9050840518467524,True,False,False,8,9616.786232866183,54,0.006738488000337384,CONVERGENCE: RELATIVE REDUCTION OF F <= FACTR*EPSMCH
2.5,2.0,0.0,2000,91,qlog,nan,nan,False,False,False,8,nan,0,0.001430616999641643,ValueError('q-logarithm requires y > 0.')
2.5,2.0,0.0,2000,91,cdf,2.5008156455460853,2.016306128041834,True,False,False,8,0.00016606994715006546,63,0.05749550899963651,CONVERGENCE: NORM OF PROJECTED GRADIENT <= PGTOL
2.5,2.0,0.0,2000,92,pdf,1.6,2.0,True,False,True,3,666.6666666666666,3,0.0006833060015196679,CONVERGENCE: NORM OF PROJECTED GRADIENT <= PGTOL
2.5,2.0,0.0,2000,92,mle,2.498828181757884,2.3494688384443654,True,False,False,3,9374.476668509005,57,0.006578639999133884,CONVERGENCE: RELATIVE REDUCTION OF F <= FACTR*EPSMCH
2.5,2.0,0.0,2000,92,qlog,nan,nan,False,False,False,3,nan,0,0.0010782000008475734,ValueError('q-logarithm requires y > 0.')
2.5,2.0,0.0,2000,92,cdf,2.5016502356294015,2.348432857605881,True,False,False,3,1.2789204858759794e-05,57,0.043701313001292874,CONVERGENCE: NORM OF PROJECTED GRADIENT <= PGTOL
2.5,2.0,0.0,2000,93,pdf,2.2335170486536096,1.9862418587048307,True,False,False,4,0.7499775908419266,99,0.00891183000021556,CONVERGENCE: RELATIVE REDUCTION OF F <= FACTR*EPSMCH
2.5,2.0,0.0,2000,93,mle,2.5092224993771635,1.909156138867059,True,False,False,4,9789.144362440542,54,0.010487919000297552,CONVERGENCE: RELATIVE REDUCTION OF F <= FACTR*EPSMCH
2.5,2.0,0.0,2000,93,qlog,nan,nan,False,False,False,4,nan,0,0.00174836500082165,ValueError('q-logarithm requires y > 0.')
2.5,2.0,0.0,2000,93,cdf,2.5173870714584967,1.9886043301863814,True,False,False,4,7.292934920339461e-05,60,0.0603391910008213,CONVERGENCE: NORM OF PROJECTED GRADIENT <= PGTOL
2.5,2.0,0.0,2000,94,pdf,1.6,2.0,True,False,True,7,285.7142857142856,3,0.002054686001429218,CONVERGENCE: NORM OF PROJECTED GRADIENT <= PGTOL
2.5,2.0,0.0,2000,94,mle,2.502956297108532,1.9918465424179737,True,False,False,7,9620.918728585211,54,0.008904511998480302,CONVERGENCE: RELATIVE REDUCTION OF F <= FACTR*EPSMCH
2.5,2.0,0.0,2000,94,qlog,nan,nan,False,False,False,7,nan,0,0.0017082060003303923,ValueError('q-logarithm requires y > 0.')
2.5,2.0,0.0,2000,94,cdf,2.494318332046284,1.832825135966234,True,False,False,7,2.6359167646427586e-05,30,0.023879987998952856,CONVERGENCE: NORM OF PROJECTED GRADIENT <= PGTOL
2.5,2.0,0.0,2000,95,pdf,1.6,2.0,True,False,True,8,249.99999999999147,3,0.0008210969990614103,CONVERGENCE: NORM OF PROJECTED GRADIENT <= PGTOL
2.5,2.0,0.0,2000,95,mle,2.5041127150986777,2.0960482916052596,True,False,False,8,9592.925030518601,57,0.023919518998809508,CONVERGENCE: RELATIVE REDUCTION OF F <= FACTR*EPSMCH
2.5,2.0,0.0,2000,95,qlog,nan,nan,False,False,False,8,nan,0,0.01803377000032924,ValueError('q-logarithm requires y > 0.')
2.5,2.0,0.0,2000,95,cdf,2.4977709183831864,2.056665921064887,True,False,False,8,6.08830541064621e-05,63,0.057301709999592276,CONVERGENCE: NORM OF PROJECTED GRADIENT <= PGTOL
2.5,2.0,0.0,2000,96,pdf,1.6,2.0,True,False,True,6,333.33333333333235,3,0.0008396729990636231,CONVERGENCE: NORM OF PROJECTED GRADIENT <= PGTOL
2.5,2.0,0.0,2000,96,mle,2.504936494220254,2.521149615717593,True,False,False,6,9424.710315718046,57,0.024447873000099207,CONVERGENCE: RELATIVE REDUCTION OF F <= FACTR*EPSMCH
2.5,2.0,0.0,2000,96,qlog,nan,nan,False,False,False,6,nan,0,0.001371891999951913,ValueError('q-logarithm requires y > 0.')
2.5,2.0,0.0,2000,96,cdf,2.503156197558179,2.419427259457154,True,False,False,6,1.4064286569961052e-05,60,0.05402638400119031,CONVERGENCE: NORM OF PROJECTED GRADIENT <= PGTOL
2.5,2.0,0.0,2000,97,pdf,1.6,2.0,True,False,True,4,500.00000000000387,3,0.0011323109993099933,CONVERGENCE: NORM OF PROJECTED GRADIENT <= PGTOL
2.5,2.0,0.0,2000,97,mle,2.4968153632285204,1.9795236577436808,True,False,False,4,9506.609384085805,54,0.007222575999549008,CONVERGENCE: RELATIVE REDUCTION OF F <= FACTR*EPSMCH
2.5,2.0,0.0,2000,97,qlog,nan,nan,False,False,False,4,nan,0,0.001460448998841457,ValueError('q-logarithm requires y > 0.')
2.5,2.0,0.0,2000,97,cdf,2.4917991027879247,1.9035242404881494,True,False,False,4,1.858943278175352e-05,60,0.08174248400064243,CONVERGENCE: NORM OF PROJECTED GRADIENT <= PGTOL
2.5,2.0,0.0,2000,98,pdf,1.6,2.0,True,False,True,3,666.6666666666624,3,0.0009164749990304699,CONVERGENCE: NORM OF PROJECTED GRADIENT <= PGTOL
2.5,2.0,0.0,2000,98,mle,2.4997714460367697,2.1620864037238503,True,False,False,3,9476.062665448919,57,0.051922488999480265,CONVERGENCE: RELATIVE REDUCTION OF F <= FACTR*EPSMCH
2.5,2.0,0.0,2000,98,qlog,nan,nan,False,False,False,3,nan,0,0.0016306889992847573,ValueError('q-logarithm requires y > 0.')
2.5,2.0,0.0,2000,98,cdf,2.49757414496079,2.150546769326822,True,False,False,3,6.505190962101851e-06,63,0.09951003899914213,CONVERGENCE: NORM OF PROJECTED GRADIENT <= PGTOL
2.5,2.0,0.0,2000,99,pdf,1.6,2.0,True,False,True,4,499.99999999999994,3,0.0016175670007214649,CONVERGENCE: NORM OF PROJECTED GRADIENT <= PGTOL
2.5,2.0,0.0,2000,99,mle,2.5154916184843943,2.5520679334710934,False,False,False,4,9627.772025792556,147,0.014836960999673465,ABNORMAL: 
2.5,2.0,0.0,2000,99,qlog,nan,nan,False,False,False,4,nan,0,0.0011277659996267175,ValueError('q-logarithm requires y > 0.')
2.5,2.0,0.0,2000,99,cdf,2.5195546018364126,2.52875095629607,True,False,False,4,0.00011733200395481713,66,0.06844313200053875,CONVERGENCE: NORM OF PROJECTED GRADIENT <= PGTOL
