q_true,b_true,n,rep,condition,bins,method,q_hat,b_hat,success,at_bound,occupied_bins,message,seconds
1.5,2.0,2000,0,clean,10,pdf,1.5409379552356528,2.3258202909248546,True,False,10,CONVERGENCE: RELATIVE REDUCTION OF F <= FACTR*EPSMCH,0
1.5,2.0,2000,0,clean,10,qlog,1.98,1.9748230498286015,True,False,10,barrido q-log; q por deviance de bins,0
1.5,2.0,2000,0,clean,20,pdf,1.5229719084244386,2.249179580577676,True,False,20,CONVERGENCE: RELATIVE REDUCTION OF F <= FACTR*EPSMCH,0
1.5,2.0,2000,0,clean,20,qlog,1.62,1.8584874308641004,True,False,20,barrido q-log; q por deviance de bins,0
1.5,2.0,2000,0,clean,30,pdf,1.504595250709782,2.166144563000681,True,False,30,CONVERGENCE: RELATIVE REDUCTION OF F <= FACTR*EPSMCH,0
1.5,2.0,2000,0,clean,30,qlog,1.52,1.855934488417265,True,False,30,barrido q-log; q por deviance de bins,0
1.5,2.0,2000,0,clean,40,pdf,1.502425068283189,2.1628664868452696,True,False,39,CONVERGENCE: RELATIVE REDUCTION OF F <= FACTR*EPSMCH,0
1.5,2.0,2000,0,clean,40,qlog,1.5,1.8850645516007416,True,False,39,barrido q-log; q por deviance de bins,0
1.5,2.0,2000,0,clean,50,pdf,1.5016837398801486,2.1606185525923713,True,False,48,CONVERGENCE: RELATIVE REDUCTION OF F <= FACTR*EPSMCH,0
1.5,2.0,2000,0,clean,50,qlog,1.5,1.9487956610775266,True,False,48,barrido q-log; q por deviance de bins,0
1.5,2.0,2000,0,clean,60,pdf,1.50232989889269,2.1613569002577466,True,False,58,CONVERGENCE: RELATIVE REDUCTION OF F <= FACTR*EPSMCH,0
1.5,2.0,2000,0,clean,60,qlog,1.5,1.9585921700382904,True,False,58,barrido q-log; q por deviance de bins,0
1.5,2.0,2000,0,clean,70,pdf,1.5076423341680618,2.189688906787294,True,False,68,CONVERGENCE: RELATIVE REDUCTION OF F <= FACTR*EPSMCH,0
1.5,2.0,2000,0,clean,70,qlog,1.5,1.9291459560026543,True,False,68,barrido q-log; q por deviance de bins,0
1.5,2.0,2000,0,clean,80,pdf,1.5011681225307043,2.1606344088364264,True,False,76,CONVERGENCE: RELATIVE REDUCTION OF F <= FACTR*EPSMCH,0
1.5,2.0,2000,0,clean,80,qlog,1.5,1.9302830277084602,True,False,76,barrido q-log; q por deviance de bins,0
1.5,2.0,2000,0,clean,90,pdf,1.4951070734839618,2.1347648938672634,True,False,86,CONVERGENCE: RELATIVE REDUCTION OF F <= FACTR*EPSMCH,0
1.5,2.0,2000,0,clean,90,qlog,1.5,1.9371683487324687,True,False,86,barrido q-log; q por deviance de bins,0
1.5,2.0,2000,0,clean,100,pdf,1.506315244491569,2.1810245127421344,True,False,94,CONVERGENCE: RELATIVE REDUCTION OF F <= FACTR*EPSMCH,0
1.5,2.0,2000,0,clean,100,qlog,1.52,1.970088575964207,True,False,94,barrido q-log; q por deviance de bins,0
1.5,2.0,2000,0,clean,110,pdf,1.5068381172662582,2.1796474315832834,True,False,104,CONVERGENCE: RELATIVE REDUCTION OF F <= FACTR*EPSMCH,0
1.5,2.0,2000,0,clean,110,qlog,1.52,1.9541819722063232,True,False,104,barrido q-log; q por deviance de bins,0
1.5,2.0,2000,0,clean,120,pdf,1.4990006436789516,2.151397649504436,True,False,113,CONVERGENCE: RELATIVE REDUCTION OF F <= FACTR*EPSMCH,0
1.5,2.0,2000,0,clean,120,qlog,1.5,1.8745571347864083,True,False,113,barrido q-log; q por deviance de bins,0
1.5,2.0,2000,0,clean,130,pdf,1.5033922242682982,2.1709685012353197,True,False,122,CONVERGENCE: RELATIVE REDUCTION OF F <= FACTR*EPSMCH,0
1.5,2.0,2000,0,clean,130,qlog,1.52,1.904015280566908,True,False,122,barrido q-log; q por deviance de bins,0
1.5,2.0,2000,0,clean,140,pdf,1.5042610996877432,2.1754504052898955,True,False,132,CONVERGENCE: RELATIVE REDUCTION OF F <= FACTR*EPSMCH,0
1.5,2.0,2000,0,clean,140,qlog,1.52,1.9029481312891343,True,False,132,barrido q-log; q por deviance de bins,0
1.5,2.0,2000,0,clean,150,pdf,1.5006337860988053,2.159794563229288,True,False,140,CONVERGENCE: RELATIVE REDUCTION OF F <= FACTR*EPSMCH,0
1.5,2.0,2000,0,clean,150,qlog,1.52,1.8885933696587678,True,False,140,barrido q-log; q por deviance de bins,0
1.5,2.0,2000,0,clean,160,pdf,1.501694631065905,2.1623559822239553,True,False,149,CONVERGENCE: RELATIVE REDUCTION OF F <= FACTR*EPSMCH,0
1.5,2.0,2000,0,clean,160,qlog,1.52,1.8885402939370497,True,False,149,barrido q-log; q por deviance de bins,0
1.5,2.0,2000,0,clean,170,pdf,1.5024342685719807,2.1678413607362397,True,False,158,CONVERGENCE: RELATIVE REDUCTION OF F <= FACTR*EPSMCH,0
1.5,2.0,2000,0,clean,170,qlog,1.52,1.8087485557605436,True,False,158,barrido q-log; q por deviance de bins,0
1.5,2.0,2000,0,clean,180,pdf,1.4978330999191238,2.14746026634185,True,False,168,CONVERGENCE: RELATIVE REDUCTION OF F <= FACTR*EPSMCH,0
1.5,2.0,2000,0,clean,180,qlog,1.52,1.8236811689923693,True,False,168,barrido q-log; q por deviance de bins,0
1.5,2.0,2000,0,clean,190,pdf,1.5034716515429671,2.1717368307009415,True,False,178,CONVERGENCE: RELATIVE REDUCTION OF F <= FACTR*EPSMCH,0
1.5,2.0,2000,0,clean,190,qlog,1.52,1.8271278299295761,True,False,178,barrido q-log; q por deviance de bins,0
1.5,2.0,2000,0,clean,200,pdf,1.5022031587271314,2.1651680817616237,True,False,185,CONVERGENCE: RELATIVE REDUCTION OF F <= FACTR*EPSMCH,0
1.5,2.0,2000,0,clean,200,qlog,1.52,1.7493636530312562,True,False,185,barrido q-log; q por deviance de bins,0
1.5,2.0,2000,0,noisy,10,pdf,1.4053161188951764,1.4953091469472084,True,False,10,CONVERGENCE: RELATIVE REDUCTION OF F <= FACTR*EPSMCH,0
1.5,2.0,2000,0,noisy,10,qlog,1.94,1.364543208640841,True,False,10,barrido q-log; q por deviance de bins,0
1.5,2.0,2000,0,noisy,20,pdf,1.4437428383448603,1.6071829730191414,True,False,20,CONVERGENCE: NORM OF PROJECTED GRADIENT <= PGTOL,0
1.5,2.0,2000,0,noisy,20,qlog,1.56,1.369500389978329,True,False,20,barrido q-log; q por deviance de bins,0
1.5,2.0,2000,0,noisy,30,pdf,1.4360569358283453,1.583399973664852,True,False,30,CONVERGENCE: RELATIVE REDUCTION OF F <= FACTR*EPSMCH,0
1.5,2.0,2000,0,noisy,30,qlog,1.46,1.3916022112958768,True,False,30,barrido q-log; q por deviance de bins,0
1.5,2.0,2000,0,noisy,40,pdf,1.4412135938280315,1.597731368017002,True,False,39,CONVERGENCE: RELATIVE REDUCTION OF F <= FACTR*EPSMCH,0
1.5,2.0,2000,0,noisy,40,qlog,1.46,1.4854543184815543,True,False,39,barrido q-log; q por deviance de bins,0
1.5,2.0,2000,0,noisy,50,pdf,1.4389473222634108,1.5964674341009857,True,False,48,CONVERGENCE: NORM OF PROJECTED GRADIENT <= PGTOL,0
1.5,2.0,2000,0,noisy,50,qlog,1.46,1.5265815545482464,True,False,48,barrido q-log; q por deviance de bins,0
1.5,2.0,2000,0,noisy,60,pdf,1.4498587841191168,1.6185445280634445,True,False,58,CONVERGENCE: RELATIVE REDUCTION OF F <= FACTR*EPSMCH,0
1.5,2.0,2000,0,noisy,60,qlog,1.46,1.5374460524971365,True,False,58,barrido q-log; q por deviance de bins,0
1.5,2.0,2000,0,noisy,70,pdf,1.4412876001171524,1.5952928247201041,True,False,66,CONVERGENCE: RELATIVE REDUCTION OF F <= FACTR*EPSMCH,0
1.5,2.0,2000,0,noisy,70,qlog,1.46,1.5204547385474219,True,False,66,barrido q-log; q por deviance de bins,0
1.5,2.0,2000,0,noisy,80,pdf,1.449636761302162,1.6180304335412643,True,False,76,CONVERGENCE: RELATIVE REDUCTION OF F <= FACTR*EPSMCH,0
1.5,2.0,2000,0,noisy,80,qlog,1.46,1.513366547544662,True,False,76,barrido q-log; q por deviance de bins,0
1.5,2.0,2000,0,noisy,90,pdf,1.4484197695542087,1.6129702126000225,True,False,86,CONVERGENCE: RELATIVE REDUCTION OF F <= FACTR*EPSMCH,0
1.5,2.0,2000,0,noisy,90,qlog,1.46,1.4865708380914762,True,False,86,barrido q-log; q por deviance de bins,0
1.5,2.0,2000,0,noisy,100,pdf,1.4449937512467224,1.6044816766832612,True,False,94,CONVERGENCE: RELATIVE REDUCTION OF F <= FACTR*EPSMCH,0
1.5,2.0,2000,0,noisy,100,qlog,1.46,1.489991788326571,True,False,94,barrido q-log; q por deviance de bins,0
1.5,2.0,2000,0,noisy,110,pdf,1.447698763723159,1.6103154200504597,True,False,104,CONVERGENCE: RELATIVE REDUCTION OF F <= FACTR*EPSMCH,0
1.5,2.0,2000,0,noisy,110,qlog,1.46,1.469852678832664,True,False,104,barrido q-log; q por deviance de bins,0
1.5,2.0,2000,0,noisy,120,pdf,1.449711879463775,1.6154222020191407,True,False,112,CONVERGENCE: RELATIVE REDUCTION OF F <= FACTR*EPSMCH,0
1.5,2.0,2000,0,noisy,120,qlog,1.46,1.4371023443930824,True,False,112,barrido q-log; q por deviance de bins,0
1.5,2.0,2000,0,noisy,130,pdf,1.4434567761143142,1.6015512677742347,True,False,122,CONVERGENCE: RELATIVE REDUCTION OF F <= FACTR*EPSMCH,0
1.5,2.0,2000,0,noisy,130,qlog,1.46,1.4426904232739284,True,False,122,barrido q-log; q por deviance de bins,0
1.5,2.0,2000,0,noisy,140,pdf,1.4425464666532446,1.5992186508901982,True,False,130,CONVERGENCE: RELATIVE REDUCTION OF F <= FACTR*EPSMCH,0
1.5,2.0,2000,0,noisy,140,qlog,1.46,1.444045878943987,True,False,130,barrido q-log; q por deviance de bins,0
1.5,2.0,2000,0,noisy,150,pdf,1.4454113702187676,1.6083289857380905,True,False,140,CONVERGENCE: RELATIVE REDUCTION OF F <= FACTR*EPSMCH,0
1.5,2.0,2000,0,noisy,150,qlog,1.48,1.5027819319543756,True,False,140,barrido q-log; q por deviance de bins,0
1.5,2.0,2000,0,noisy,160,pdf,1.4470313216023205,1.6103292016308008,True,False,149,CONVERGENCE: RELATIVE REDUCTION OF F <= FACTR*EPSMCH,0
1.5,2.0,2000,0,noisy,160,qlog,1.48,1.4708459405943408,True,False,149,barrido q-log; q por deviance de bins,0
1.5,2.0,2000,0,noisy,170,pdf,1.4458693909647626,1.6056058017857742,True,False,158,CONVERGENCE: RELATIVE REDUCTION OF F <= FACTR*EPSMCH,0
1.5,2.0,2000,0,noisy,170,qlog,1.48,1.4282886500929284,True,False,158,barrido q-log; q por deviance de bins,0
1.5,2.0,2000,0,noisy,180,pdf,1.4513522679812856,1.621558813936396,True,False,167,CONVERGENCE: RELATIVE REDUCTION OF F <= FACTR*EPSMCH,0
1.5,2.0,2000,0,noisy,180,qlog,1.48,1.4273196742261955,True,False,167,barrido q-log; q por deviance de bins,0
1.5,2.0,2000,0,noisy,190,pdf,1.4403521794056193,1.5926117061757046,True,False,175,CONVERGENCE: RELATIVE REDUCTION OF F <= FACTR*EPSMCH,0
1.5,2.0,2000,0,noisy,190,qlog,1.48,1.4032182879799668,True,False,175,barrido q-log; q por deviance de bins,0
1.5,2.0,2000,0,noisy,200,pdf,1.4461512251865238,1.6090943010338739,True,False,185,CONVERGENCE: RELATIVE REDUCTION OF F <= FACTR*EPSMCH,0
1.5,2.0,2000,0,noisy,200,qlog,1.48,1.4037947861463727,True,False,185,barrido q-log; q por deviance de bins,0
1.5,2.0,2000,1,clean,10,pdf,1.4418678647920036,1.8414600066583215,True,False,10,CONVERGENCE: RELATIVE REDUCTION OF F <= FACTR*EPSMCH,0
1.5,2.0,2000,1,clean,10,qlog,2.02,1.4028614538459654,True,False,10,barrido q-log; q por deviance de bins,0
1.5,2.0,2000,1,clean,20,pdf,1.4361387878408176,1.8048390425034122,True,False,19,CONVERGENCE: RELATIVE REDUCTION OF F <= FACTR*EPSMCH,0
1.5,2.0,2000,1,clean,20,qlog,1.62,1.4941989748850402,True,False,19,barrido q-log; q por deviance de bins,0
1.5,2.0,2000,1,clean,30,pdf,1.4765856019697332,1.930492929350731,True,False,29,CONVERGENCE: RELATIVE REDUCTION OF F <= FACTR*EPSMCH,0
1.5,2.0,2000,1,clean,30,qlog,1.54,1.66547179481409,True,False,29,barrido q-log; q por deviance de bins,0
1.5,2.0,2000,1,clean,40,pdf,1.4647714061556403,1.8892086784819544,True,False,38,CONVERGENCE: RELATIVE REDUCTION OF F <= FACTR*EPSMCH,0
1.5,2.0,2000,1,clean,40,qlog,1.52,1.7075485381330748,True,False,38,barrido q-log; q por deviance de bins,0
1.5,2.0,2000,1,clean,50,pdf,1.4618075509406143,1.8798953521648603,True,False,47,CONVERGENCE: RELATIVE REDUCTION OF F <= FACTR*EPSMCH,0
1.5,2.0,2000,1,clean,50,qlog,1.52,1.7190106292909388,True,False,47,barrido q-log; q por deviance de bins,0
1.5,2.0,2000,1,clean,60,pdf,1.4711219428096753,1.915531688093674,True,False,56,CONVERGENCE: RELATIVE REDUCTION OF F <= FACTR*EPSMCH,0
1.5,2.0,2000,1,clean,60,qlog,1.52,1.6697547651877536,True,False,56,barrido q-log; q por deviance de bins,0
1.5,2.0,2000,1,clean,70,pdf,1.4720400380305187,1.9164629957284878,True,False,66,CONVERGENCE: RELATIVE REDUCTION OF F <= FACTR*EPSMCH,0
1.5,2.0,2000,1,clean,70,qlog,1.54,1.728776195907391,True,False,66,barrido q-log; q por deviance de bins,0
1.5,2.0,2000,1,clean,80,pdf,1.4655551752078642,1.8955593132980153,True,False,74,CONVERGENCE: RELATIVE REDUCTION OF F <= FACTR*EPSMCH,0
1.5,2.0,2000,1,clean,80,qlog,1.54,1.672612399412693,True,False,74,barrido q-log; q por deviance de bins,0
1.5,2.0,2000,1,clean,90,pdf,1.4673062920345261,1.8967248492030306,True,False,84,CONVERGENCE: RELATIVE REDUCTION OF F <= FACTR*EPSMCH,0
1.5,2.0,2000,1,clean,90,qlog,1.5,1.6343311302235322,True,False,84,barrido q-log; q por deviance de bins,0
1.5,2.0,2000,1,clean,100,pdf,1.4693440014346395,1.902409110181875,True,False,93,CONVERGENCE: RELATIVE REDUCTION OF F <= FACTR*EPSMCH,0
1.5,2.0,2000,1,clean,100,qlog,1.5,1.584276506170344,True,False,93,barrido q-log; q por deviance de bins,0
1.5,2.0,2000,1,clean,110,pdf,1.4737441037819763,1.9225341964960265,True,False,101,CONVERGENCE: RELATIVE REDUCTION OF F <= FACTR*EPSMCH,0
1.5,2.0,2000,1,clean,110,qlog,1.52,1.6648322161828164,True,False,101,barrido q-log; q por deviance de bins,0
1.5,2.0,2000,1,clean,120,pdf,1.476961800344986,1.9300849986767612,True,False,112,CONVERGENCE: RELATIVE REDUCTION OF F <= FACTR*EPSMCH,0
1.5,2.0,2000,1,clean,120,qlog,1.52,1.643101269533723,True,False,112,barrido q-log; q por deviance de bins,0
1.5,2.0,2000,1,clean,130,pdf,1.472115289051235,1.9133559322366076,True,False,120,CONVERGENCE: RELATIVE REDUCTION OF F <= FACTR*EPSMCH,0
1.5,2.0,2000,1,clean,130,qlog,1.52,1.5721238495402399,True,False,120,barrido q-log; q por deviance de bins,0
1.5,2.0,2000,1,clean,140,pdf,1.472352786102423,1.917123531197772,True,False,129,CONVERGENCE: RELATIVE REDUCTION OF F <= FACTR*EPSMCH,0
1.5,2.0,2000,1,clean,140,qlog,1.54,1.6779457015671364,True,False,129,barrido q-log; q por deviance de bins,0
1.5,2.0,2000,1,clean,150,pdf,1.4706595011749148,1.9083058182154304,True,False,136,CONVERGENCE: RELATIVE REDUCTION OF F <= FACTR*EPSMCH,0
1.5,2.0,2000,1,clean,150,qlog,1.54,1.592581316613206,True,False,136,barrido q-log; q por deviance de bins,0
1.5,2.0,2000,1,clean,160,pdf,1.4703205019634547,1.910370066707778,True,False,146,CONVERGENCE: RELATIVE REDUCTION OF F <= FACTR*EPSMCH,0
1.5,2.0,2000,1,clean,160,qlog,1.54,1.595955671469196,True,False,146,barrido q-log; q por deviance de bins,0
1.5,2.0,2000,1,clean,170,pdf,1.4685796728860891,1.9056867605543208,True,False,156,CONVERGENCE: RELATIVE REDUCTION OF F <= FACTR*EPSMCH,0
1.5,2.0,2000,1,clean,170,qlog,1.54,1.6157348629943697,True,False,156,barrido q-log; q por deviance de bins,0
1.5,2.0,2000,1,clean,180,pdf,1.4693460189590806,1.9043581734465034,True,False,162,CONVERGENCE: RELATIVE REDUCTION OF F <= FACTR*EPSMCH,0
1.5,2.0,2000,1,clean,180,qlog,1.54,1.5425476139231904,True,False,162,barrido q-log; q por deviance de bins,0
1.5,2.0,2000,1,clean,190,pdf,1.4747730277954059,1.9219735332693368,True,False,172,CONVERGENCE: RELATIVE REDUCTION OF F <= FACTR*EPSMCH,0
1.5,2.0,2000,1,clean,190,qlog,1.54,1.552851149389936,True,False,172,barrido q-log; q por deviance de bins,0
1.5,2.0,2000,1,clean,200,pdf,1.472835221210527,1.9161358013753205,True,False,179,CONVERGENCE: RELATIVE REDUCTION OF F <= FACTR*EPSMCH,0
1.5,2.0,2000,1,clean,200,qlog,1.54,1.4858802980597552,True,False,179,barrido q-log; q por deviance de bins,0
1.5,2.0,2000,1,noisy,10,pdf,1.3929708958586449,1.422947419244374,True,False,10,CONVERGENCE: RELATIVE REDUCTION OF F <= FACTR*EPSMCH,0
1.5,2.0,2000,1,noisy,10,qlog,2.0,1.1182463557211868,True,False,10,barrido q-log; q por deviance de bins,0
1.5,2.0,2000,1,noisy,20,pdf,1.4101883464379592,1.4556901806285574,True,False,19,CONVERGENCE: RELATIVE REDUCTION OF F <= FACTR*EPSMCH,0
1.5,2.0,2000,1,noisy,20,qlog,1.6,1.2396813768382218,True,False,19,barrido q-log; q por deviance de bins,0
1.5,2.0,2000,1,noisy,30,pdf,1.432481714140273,1.5048769014475967,True,False,29,CONVERGENCE: RELATIVE REDUCTION OF F <= FACTR*EPSMCH,0
1.5,2.0,2000,1,noisy,30,qlog,1.5,1.314304698871324,True,False,29,barrido q-log; q por deviance de bins,0
1.5,2.0,2000,1,noisy,40,pdf,1.4435559493804078,1.5347370694582587,True,False,38,CONVERGENCE: RELATIVE REDUCTION OF F <= FACTR*EPSMCH,0
1.5,2.0,2000,1,noisy,40,qlog,1.5,1.3834988567619548,True,False,38,barrido q-log; q por deviance de bins,0
1.5,2.0,2000,1,noisy,50,pdf,1.4274264206713312,1.4913549254006582,True,False,47,CONVERGENCE: RELATIVE REDUCTION OF F <= FACTR*EPSMCH,0
1.5,2.0,2000,1,noisy,50,qlog,1.5,1.3970208399098603,True,False,47,barrido q-log; q por deviance de bins,0
1.5,2.0,2000,1,noisy,60,pdf,1.436491913304347,1.5169463467409605,True,False,56,CONVERGENCE: RELATIVE REDUCTION OF F <= FACTR*EPSMCH,0
1.5,2.0,2000,1,noisy,60,qlog,1.5,1.3762606640550261,True,False,56,barrido q-log; q por deviance de bins,0
1.5,2.0,2000,1,noisy,70,pdf,1.4370258778976353,1.5210290031116982,True,False,66,CONVERGENCE: RELATIVE REDUCTION OF F <= FACTR*EPSMCH,0
1.5,2.0,2000,1,noisy,70,qlog,1.52,1.3864927616370497,True,False,66,barrido q-log; q por deviance de bins,0
1.5,2.0,2000,1,noisy,80,pdf,1.4381132413769255,1.5236199018802183,True,False,74,CONVERGENCE: RELATIVE REDUCTION OF F <= FACTR*EPSMCH,0
1.5,2.0,2000,1,noisy,80,qlog,1.52,1.33861618808382,True,False,74,barrido q-log; q por deviance de bins,0
1.5,2.0,2000,1,noisy,90,pdf,1.4324670672635589,1.5142947213206817,True,False,84,CONVERGENCE: RELATIVE REDUCTION OF F <= FACTR*EPSMCH,0
1.5,2.0,2000,1,noisy,90,qlog,1.52,1.3140561641836475,True,False,84,barrido q-log; q por deviance de bins,0
1.5,2.0,2000,1,noisy,100,pdf,1.4306074358152443,1.5078831877525347,True,False,93,CONVERGENCE: RELATIVE REDUCTION OF F <= FACTR*EPSMCH,0
1.5,2.0,2000,1,noisy,100,qlog,1.48,1.313803399834036,True,False,93,barrido q-log; q por deviance de bins,0
1.5,2.0,2000,1,noisy,110,pdf,1.428694539947598,1.505019830475731,True,False,102,CONVERGENCE: RELATIVE REDUCTION OF F <= FACTR*EPSMCH,0
1.5,2.0,2000,1,noisy,110,qlog,1.5,1.335820592162784,True,False,102,barrido q-log; q por deviance de bins,0
1.5,2.0,2000,1,noisy,120,pdf,1.432219538100529,1.5132589294369148,True,False,111,CONVERGENCE: RELATIVE REDUCTION OF F <= FACTR*EPSMCH,0
1.5,2.0,2000,1,noisy,120,qlog,1.5,1.3274975984514747,True,False,111,barrido q-log; q por deviance de bins,0
1.5,2.0,2000,1,noisy,130,pdf,1.4322076774801573,1.516396312154302,True,False,119,CONVERGENCE: RELATIVE REDUCTION OF F <= FACTR*EPSMCH,0
1.5,2.0,2000,1,noisy,130,qlog,1.5,1.2657764369673,True,False,119,barrido q-log; q por deviance de bins,0
1.5,2.0,2000,1,noisy,140,pdf,1.430864352451307,1.512416301187,True,False,128,CONVERGENCE: RELATIVE REDUCTION OF F <= FACTR*EPSMCH,0
1.5,2.0,2000,1,noisy,140,qlog,1.5,1.2702694318465109,True,False,128,barrido q-log; q por deviance de bins,0
1.5,2.0,2000,1,noisy,150,pdf,1.429615497264785,1.5084964516820274,True,False,137,CONVERGENCE: RELATIVE REDUCTION OF F <= FACTR*EPSMCH,0
1.5,2.0,2000,1,noisy,150,qlog,1.52,1.2668968255614328,True,False,137,barrido q-log; q por deviance de bins,0
1.5,2.0,2000,1,noisy,160,pdf,1.437432924589546,1.5278173718098709,True,False,145,CONVERGENCE: RELATIVE REDUCTION OF F <= FACTR*EPSMCH,0
1.5,2.0,2000,1,noisy,160,qlog,1.52,1.2489663230483998,True,False,145,barrido q-log; q por deviance de bins,0
1.5,2.0,2000,1,noisy,170,pdf,1.4356466426502974,1.5233654944738908,True,False,155,CONVERGENCE: RELATIVE REDUCTION OF F <= FACTR*EPSMCH,0
1.5,2.0,2000,1,noisy,170,qlog,1.52,1.2119572124013318,True,False,155,barrido q-log; q por deviance de bins,0
1.5,2.0,2000,1,noisy,180,pdf,1.4306263893457867,1.5100702844790679,True,False,163,CONVERGENCE: RELATIVE REDUCTION OF F <= FACTR*EPSMCH,0
1.5,2.0,2000,1,noisy,180,qlog,1.52,1.214288718447998,True,False,163,barrido q-log; q por deviance de bins,0
1.5,2.0,2000,1,noisy,190,pdf,1.436056471451409,1.5241229659473985,True,False,173,CONVERGENCE: RELATIVE REDUCTION OF F <= FACTR*EPSMCH,0
1.5,2.0,2000,1,noisy,190,qlog,1.52,1.2358257366445802,True,False,173,barrido q-log; q por deviance de bins,0
1.5,2.0,2000,1,noisy,200,pdf,1.4322441213293875,1.5149520100864113,True,False,179,CONVERGENCE: RELATIVE REDUCTION OF F <= FACTR*EPSMCH,0
1.5,2.0,2000,1,noisy,200,qlog,1.52,1.1966698402725513,True,False,179,barrido q-log; q por deviance de bins,0
1.5,2.0,2000,2,clean,10,pdf,1.470695231463123,1.8276361291412506,True,False,10,CONVERGENCE: NORM OF PROJECTED GRADIENT <= PGTOL,0
1.5,2.0,2000,2,clean,10,qlog,1.9,1.5983107432173305,True,False,10,barrido q-log; q por deviance de bins,0
1.5,2.0,2000,2,clean,20,pdf,1.4577028013267253,1.7839677977561597,True,False,20,CONVERGENCE: NORM OF PROJECTED GRADIENT <= PGTOL,0
1.5,2.0,2000,2,clean,20,qlog,1.54,1.4898064291071424,True,False,20,barrido q-log; q por deviance de bins,0
1.5,2.0,2000,2,clean,30,pdf,1.465418263836912,1.8145483090811263,True,False,30,CONVERGENCE: RELATIVE REDUCTION OF F <= FACTR*EPSMCH,0
1.5,2.0,2000,2,clean,30,qlog,1.5,1.658460804404369,True,False,30,barrido q-log; q por deviance de bins,0
1.5,2.0,2000,2,clean,40,pdf,1.470049889593931,1.830718038791483,True,False,40,CONVERGENCE: RELATIVE REDUCTION OF F <= FACTR*EPSMCH,0
1.5,2.0,2000,2,clean,40,qlog,1.48,1.628668886672177,True,False,40,barrido q-log; q por deviance de bins,0
1.5,2.0,2000,2,clean,50,pdf,1.4772773965152242,1.8507597807033884,True,False,50,CONVERGENCE: RELATIVE REDUCTION OF F <= FACTR*EPSMCH,0
1.5,2.0,2000,2,clean,50,qlog,1.48,1.660410372891863,True,False,50,barrido q-log; q por deviance de bins,0
1.5,2.0,2000,2,clean,60,pdf,1.4748527831290306,1.8436968902237485,True,False,59,CONVERGENCE: RELATIVE REDUCTION OF F <= FACTR*EPSMCH,0
1.5,2.0,2000,2,clean,60,qlog,1.48,1.7162725545318898,True,False,59,barrido q-log; q por deviance de bins,0
1.5,2.0,2000,2,clean,70,pdf,1.4776766950997697,1.8555224374914647,True,False,68,CONVERGENCE: RELATIVE REDUCTION OF F <= FACTR*EPSMCH,0
1.5,2.0,2000,2,clean,70,qlog,1.48,1.6872320090182475,True,False,68,barrido q-log; q por deviance de bins,0
1.5,2.0,2000,2,clean,80,pdf,1.475725503716973,1.8521448631195272,True,False,79,CONVERGENCE: RELATIVE REDUCTION OF F <= FACTR*EPSMCH,0
1.5,2.0,2000,2,clean,80,qlog,1.48,1.664198702435862,True,False,79,barrido q-log; q por deviance de bins,0
1.5,2.0,2000,2,clean,90,pdf,1.4771106161374452,1.850373652179764,True,False,87,CONVERGENCE: RELATIVE REDUCTION OF F <= FACTR*EPSMCH,0
1.5,2.0,2000,2,clean,90,qlog,1.48,1.6475350608976993,True,False,87,barrido q-log; q por deviance de bins,0
1.5,2.0,2000,2,clean,100,pdf,1.4788782340209854,1.856724319929538,True,False,97,CONVERGENCE: RELATIVE REDUCTION OF F <= FACTR*EPSMCH,0
1.5,2.0,2000,2,clean,100,qlog,1.48,1.6595356873906546,True,False,97,barrido q-log; q por deviance de bins,0
1.5,2.0,2000,2,clean,110,pdf,1.4807581495496347,1.8645115541821946,True,False,106,CONVERGENCE: RELATIVE REDUCTION OF F <= FACTR*EPSMCH,0
1.5,2.0,2000,2,clean,110,qlog,1.5,1.6768714818972577,True,False,106,barrido q-log; q por deviance de bins,0
1.5,2.0,2000,2,clean,120,pdf,1.4767432433240473,1.853282994767039,True,False,115,CONVERGENCE: RELATIVE REDUCTION OF F <= FACTR*EPSMCH,0
1.5,2.0,2000,2,clean,120,qlog,1.5,1.674033244973223,True,False,115,barrido q-log; q por deviance de bins,0
1.5,2.0,2000,2,clean,130,pdf,1.4785577730547124,1.8567583508208982,True,False,125,CONVERGENCE: RELATIVE REDUCTION OF F <= FACTR*EPSMCH,0
1.5,2.0,2000,2,clean,130,qlog,1.5,1.638586280116233,True,False,125,barrido q-log; q por deviance de bins,0
1.5,2.0,2000,2,clean,140,pdf,1.479963733212317,1.8622956054864102,True,False,133,CONVERGENCE: RELATIVE REDUCTION OF F <= FACTR*EPSMCH,0
1.5,2.0,2000,2,clean,140,qlog,1.5,1.6765426783126083,True,False,133,barrido q-log; q por deviance de bins,0
1.5,2.0,2000,2,clean,150,pdf,1.479376567877916,1.8586358131827838,True,False,143,CONVERGENCE: RELATIVE REDUCTION OF F <= FACTR*EPSMCH,0
1.5,2.0,2000,2,clean,150,qlog,1.5,1.6098326592648369,True,False,143,barrido q-log; q por deviance de bins,0
1.5,2.0,2000,2,clean,160,pdf,1.4791484772373433,1.860102420279683,True,False,152,CONVERGENCE: RELATIVE REDUCTION OF F <= FACTR*EPSMCH,0
1.5,2.0,2000,2,clean,160,qlog,1.5,1.60590133575142,True,False,152,barrido q-log; q por deviance de bins,0
1.5,2.0,2000,2,clean,170,pdf,1.4793852882517555,1.8575356357097275,True,False,160,CONVERGENCE: RELATIVE REDUCTION OF F <= FACTR*EPSMCH,0
1.5,2.0,2000,2,clean,170,qlog,1.5,1.5657209601678441,True,False,160,barrido q-log; q por deviance de bins,0
1.5,2.0,2000,2,clean,180,pdf,1.4806494195519595,1.862161840952785,True,False,169,CONVERGENCE: RELATIVE REDUCTION OF F <= FACTR*EPSMCH,0
1.5,2.0,2000,2,clean,180,qlog,1.5,1.57809816633979,True,False,169,barrido q-log; q por deviance de bins,0
1.5,2.0,2000,2,clean,190,pdf,1.4800762941676748,1.8615338696726844,True,False,178,CONVERGENCE: RELATIVE REDUCTION OF F <= FACTR*EPSMCH,0
1.5,2.0,2000,2,clean,190,qlog,1.5,1.5501932535275131,True,False,178,barrido q-log; q por deviance de bins,0
1.5,2.0,2000,2,clean,200,pdf,1.4794216016619268,1.859466242858132,True,False,188,CONVERGENCE: RELATIVE REDUCTION OF F <= FACTR*EPSMCH,0
1.5,2.0,2000,2,clean,200,qlog,1.5,1.5501716181563678,True,False,188,barrido q-log; q por deviance de bins,0
1.5,2.0,2000,2,noisy,10,pdf,1.455557358842745,1.5141038412139205,True,False,10,CONVERGENCE: RELATIVE REDUCTION OF F <= FACTR*EPSMCH,0
1.5,2.0,2000,2,noisy,10,qlog,1.88,1.3904140927975521,True,False,10,barrido q-log; q por deviance de bins,0
1.5,2.0,2000,2,noisy,20,pdf,1.4253007222058516,1.4206170318001385,True,False,20,CONVERGENCE: RELATIVE REDUCTION OF F <= FACTR*EPSMCH,0
1.5,2.0,2000,2,noisy,20,qlog,1.5,1.1837518866037031,True,False,20,barrido q-log; q por deviance de bins,0
1.5,2.0,2000,2,noisy,30,pdf,1.4509750569812698,1.4898216842669225,True,False,30,CONVERGENCE: RELATIVE REDUCTION OF F <= FACTR*EPSMCH,0
1.5,2.0,2000,2,noisy,30,qlog,1.48,1.360782036630195,True,False,30,barrido q-log; q por deviance de bins,0
1.5,2.0,2000,2,noisy,40,pdf,1.4446651690791181,1.4680206188714606,True,False,40,CONVERGENCE: RELATIVE REDUCTION OF F <= FACTR*EPSMCH,0
1.5,2.0,2000,2,noisy,40,qlog,1.46,1.334490353683176,True,False,40,barrido q-log; q por deviance de bins,0
1.5,2.0,2000,2,noisy,50,pdf,1.4526783474808527,1.4826595745020397,True,False,50,CONVERGENCE: RELATIVE REDUCTION OF F <= FACTR*EPSMCH,0
1.5,2.0,2000,2,noisy,50,qlog,1.46,1.3487017348029924,True,False,50,barrido q-log; q por deviance de bins,0
1.5,2.0,2000,2,noisy,60,pdf,1.4481275384464236,1.4745075944835409,True,False,59,CONVERGENCE: RELATIVE REDUCTION OF F <= FACTR*EPSMCH,0
1.5,2.0,2000,2,noisy,60,qlog,1.46,1.3724618312772643,True,False,59,barrido q-log; q por deviance de bins,0
1.5,2.0,2000,2,noisy,70,pdf,1.439824294893898,1.45466764185089,True,False,69,CONVERGENCE: RELATIVE REDUCTION OF F <= FACTR*EPSMCH,0
1.5,2.0,2000,2,noisy,70,qlog,1.44,1.3272360454112733,True,False,69,barrido q-log; q por deviance de bins,0
1.5,2.0,2000,2,noisy,80,pdf,1.4419309364923125,1.4609427765279872,True,False,78,CONVERGENCE: RELATIVE REDUCTION OF F <= FACTR*EPSMCH,0
1.5,2.0,2000,2,noisy,80,qlog,1.44,1.3012812218491907,True,False,78,barrido q-log; q por deviance de bins,0
1.5,2.0,2000,2,noisy,90,pdf,1.4469078849318364,1.4731821226091089,True,False,87,CONVERGENCE: RELATIVE REDUCTION OF F <= FACTR*EPSMCH,0
1.5,2.0,2000,2,noisy,90,qlog,1.46,1.3629452950128564,True,False,87,barrido q-log; q por deviance de bins,0
1.5,2.0,2000,2,noisy,100,pdf,1.4491387179154152,1.477896253049093,True,False,97,CONVERGENCE: RELATIVE REDUCTION OF F <= FACTR*EPSMCH,0
1.5,2.0,2000,2,noisy,100,qlog,1.46,1.3385154520292226,True,False,97,barrido q-log; q por deviance de bins,0
1.5,2.0,2000,2,noisy,110,pdf,1.4522606908029405,1.4879484046805105,True,False,105,CONVERGENCE: RELATIVE REDUCTION OF F <= FACTR*EPSMCH,0
1.5,2.0,2000,2,noisy,110,qlog,1.46,1.3323855604385526,True,False,105,barrido q-log; q por deviance de bins,0
1.5,2.0,2000,2,noisy,120,pdf,1.4443036924832526,1.4664870112391464,True,False,115,CONVERGENCE: RELATIVE REDUCTION OF F <= FACTR*EPSMCH,0
1.5,2.0,2000,2,noisy,120,qlog,1.46,1.3118946727862084,True,False,115,barrido q-log; q por deviance de bins,0
1.5,2.0,2000,2,noisy,130,pdf,1.4493679232217305,1.479905455531112,True,False,124,CONVERGENCE: RELATIVE REDUCTION OF F <= FACTR*EPSMCH,0
1.5,2.0,2000,2,noisy,130,qlog,1.46,1.3256365229706286,True,False,124,barrido q-log; q por deviance de bins,0
1.5,2.0,2000,2,noisy,140,pdf,1.4474538868000542,1.4739579674532164,True,False,132,CONVERGENCE: RELATIVE REDUCTION OF F <= FACTR*EPSMCH,0
1.5,2.0,2000,2,noisy,140,qlog,1.46,1.2636504159622763,True,False,132,barrido q-log; q por deviance de bins,0
1.5,2.0,2000,2,noisy,150,pdf,1.4489783898542041,1.4794214809376571,True,False,141,CONVERGENCE: RELATIVE REDUCTION OF F <= FACTR*EPSMCH,0
1.5,2.0,2000,2,noisy,150,qlog,1.46,1.267889036072469,True,False,141,barrido q-log; q por deviance de bins,0
1.5,2.0,2000,2,noisy,160,pdf,1.4453060897312606,1.4706523999098617,True,False,150,CONVERGENCE: RELATIVE REDUCTION OF F <= FACTR*EPSMCH,0
1.5,2.0,2000,2,noisy,160,qlog,1.46,1.2397894930946043,True,False,150,barrido q-log; q por deviance de bins,0
1.5,2.0,2000,2,noisy,170,pdf,1.4418483849961505,1.4644365883348431,True,False,159,CONVERGENCE: RELATIVE REDUCTION OF F <= FACTR*EPSMCH,0
1.5,2.0,2000,2,noisy,170,qlog,1.46,1.2463100590517557,True,False,159,barrido q-log; q por deviance de bins,0
1.5,2.0,2000,2,noisy,180,pdf,1.4464248589552433,1.4739451537105313,True,False,168,CONVERGENCE: RELATIVE REDUCTION OF F <= FACTR*EPSMCH,0
1.5,2.0,2000,2,noisy,180,qlog,1.46,1.2222134234113542,True,False,168,barrido q-log; q por deviance de bins,0
1.5,2.0,2000,2,noisy,190,pdf,1.4482521748637922,1.4763181731908164,True,False,176,CONVERGENCE: RELATIVE REDUCTION OF F <= FACTR*EPSMCH,0
1.5,2.0,2000,2,noisy,190,qlog,1.46,1.1768256734597853,True,False,176,barrido q-log; q por deviance de bins,0
1.5,2.0,2000,2,noisy,200,pdf,1.4485766888740277,1.4779943993666864,True,False,187,CONVERGENCE: RELATIVE REDUCTION OF F <= FACTR*EPSMCH,0
1.5,2.0,2000,2,noisy,200,qlog,1.46,1.187873672130073,True,False,187,barrido q-log; q por deviance de bins,0
1.5,2.0,2000,3,clean,10,pdf,1.4860306402931296,1.8717358320508308,True,False,10,CONVERGENCE: RELATIVE REDUCTION OF F <= FACTR*EPSMCH,0
1.5,2.0,2000,3,clean,10,qlog,1.94,1.689983322406704,True,False,10,barrido q-log; q por deviance de bins,0
1.5,2.0,2000,3,clean,20,pdf,1.495301915693885,1.9020435786656036,True,False,20,CONVERGENCE: RELATIVE REDUCTION OF F <= FACTR*EPSMCH,0
1.5,2.0,2000,3,clean,20,qlog,1.58,1.5887932164802878,True,False,20,barrido q-log; q por deviance de bins,0
1.5,2.0,2000,3,clean,30,pdf,1.4914431625461446,1.890470812013673,True,False,29,CONVERGENCE: RELATIVE REDUCTION OF F <= FACTR*EPSMCH,0
1.5,2.0,2000,3,clean,30,qlog,1.52,1.6807929897836307,True,False,29,barrido q-log; q por deviance de bins,0
1.5,2.0,2000,3,clean,40,pdf,1.5056620929799922,1.9444391708640663,True,False,39,CONVERGENCE: RELATIVE REDUCTION OF F <= FACTR*EPSMCH,0
1.5,2.0,2000,3,clean,40,qlog,1.52,1.769896771877039,True,False,39,barrido q-log; q por deviance de bins,0
1.5,2.0,2000,3,clean,50,pdf,1.511278963959949,1.9590655336869138,True,False,49,CONVERGENCE: RELATIVE REDUCTION OF F <= FACTR*EPSMCH,0
1.5,2.0,2000,3,clean,50,qlog,1.52,1.8178050839000583,True,False,49,barrido q-log; q por deviance de bins,0
1.5,2.0,2000,3,clean,60,pdf,1.5001370326809895,1.9186852338955935,True,False,58,CONVERGENCE: RELATIVE REDUCTION OF F <= FACTR*EPSMCH,0
1.5,2.0,2000,3,clean,60,qlog,1.5,1.7538690919595552,True,False,58,barrido q-log; q por deviance de bins,0
1.5,2.0,2000,3,clean,70,pdf,1.504993933585821,1.9380893557950387,True,False,67,CONVERGENCE: RELATIVE REDUCTION OF F <= FACTR*EPSMCH,0
1.5,2.0,2000,3,clean,70,qlog,1.52,1.7704658633456556,True,False,67,barrido q-log; q por deviance de bins,0
1.5,2.0,2000,3,clean,80,pdf,1.511278118805482,1.9588732990689426,True,False,77,CONVERGENCE: RELATIVE REDUCTION OF F <= FACTR*EPSMCH,0
1.5,2.0,2000,3,clean,80,qlog,1.52,1.8053478526261262,True,False,77,barrido q-log; q por deviance de bins,0
1.5,2.0,2000,3,clean,90,pdf,1.5092902625390603,1.9492892206091545,True,False,86,CONVERGENCE: RELATIVE REDUCTION OF F <= FACTR*EPSMCH,0
1.5,2.0,2000,3,clean,90,qlog,1.52,1.7980210838144872,True,False,86,barrido q-log; q por deviance de bins,0
1.5,2.0,2000,3,clean,100,pdf,1.5131811564969162,1.9620647197518004,True,False,96,CONVERGENCE: RELATIVE REDUCTION OF F <= FACTR*EPSMCH,0
1.5,2.0,2000,3,clean,100,qlog,1.52,1.763119968665881,True,False,96,barrido q-log; q por deviance de bins,0
1.5,2.0,2000,3,clean,110,pdf,1.5045662246535103,1.934430970843136,True,False,105,CONVERGENCE: RELATIVE REDUCTION OF F <= FACTR*EPSMCH,0
1.5,2.0,2000,3,clean,110,qlog,1.52,1.7843983210224803,True,False,105,barrido q-log; q por deviance de bins,0
1.5,2.0,2000,3,clean,120,pdf,1.5047406408010158,1.9359755498492095,True,False,114,CONVERGENCE: RELATIVE REDUCTION OF F <= FACTR*EPSMCH,0
1.5,2.0,2000,3,clean,120,qlog,1.52,1.7548552499305043,True,False,114,barrido q-log; q por deviance de bins,0
1.5,2.0,2000,3,clean,130,pdf,1.5094300472039432,1.9545944490640583,True,False,123,CONVERGENCE: RELATIVE REDUCTION OF F <= FACTR*EPSMCH,0
1.5,2.0,2000,3,clean,130,qlog,1.52,1.7262355714156021,True,False,123,barrido q-log; q por deviance de bins,0
1.5,2.0,2000,3,clean,140,pdf,1.5051622712240234,1.9384831547980825,True,False,133,CONVERGENCE: RELATIVE REDUCTION OF F <= FACTR*EPSMCH,0
1.5,2.0,2000,3,clean,140,qlog,1.52,1.724012042186886,True,False,133,barrido q-log; q por deviance de bins,0
1.5,2.0,2000,3,clean,150,pdf,1.5084658342701174,1.9499833686887287,True,False,141,CONVERGENCE: RELATIVE REDUCTION OF F <= FACTR*EPSMCH,0
1.5,2.0,2000,3,clean,150,qlog,1.52,1.7459213345142026,True,False,141,barrido q-log; q por deviance de bins,0
1.5,2.0,2000,3,clean,160,pdf,1.5098441879603253,1.955959658497797,True,False,151,CONVERGENCE: RELATIVE REDUCTION OF F <= FACTR*EPSMCH,0
1.5,2.0,2000,3,clean,160,qlog,1.52,1.6839938178834353,True,False,151,barrido q-log; q por deviance de bins,0
1.5,2.0,2000,3,clean,170,pdf,1.513676874494182,1.9684598870918166,True,False,161,CONVERGENCE: RELATIVE REDUCTION OF F <= FACTR*EPSMCH,0
1.5,2.0,2000,3,clean,170,qlog,1.52,1.642569104769531,True,False,161,barrido q-log; q por deviance de bins,0
1.5,2.0,2000,3,clean,180,pdf,1.5060802528733397,1.9407487034915711,True,False,169,CONVERGENCE: RELATIVE REDUCTION OF F <= FACTR*EPSMCH,0
1.5,2.0,2000,3,clean,180,qlog,1.52,1.6362332508946447,True,False,169,barrido q-log; q por deviance de bins,0
1.5,2.0,2000,3,clean,190,pdf,1.5058038627177286,1.9396759757000872,True,False,179,CONVERGENCE: RELATIVE REDUCTION OF F <= FACTR*EPSMCH,0
1.5,2.0,2000,3,clean,190,qlog,1.52,1.6547302062402274,True,False,179,barrido q-log; q por deviance de bins,0
1.5,2.0,2000,3,clean,200,pdf,1.509679395179227,1.954244881769386,True,False,189,CONVERGENCE: RELATIVE REDUCTION OF F <= FACTR*EPSMCH,0
1.5,2.0,2000,3,clean,200,qlog,1.52,1.6243179270131536,True,False,189,barrido q-log; q por deviance de bins,0
1.5,2.0,2000,3,noisy,10,pdf,1.399766337060456,1.334954618166496,True,False,10,CONVERGENCE: RELATIVE REDUCTION OF F <= FACTR*EPSMCH,0
1.5,2.0,2000,3,noisy,10,qlog,1.88,1.2329847585658253,True,False,10,barrido q-log; q por deviance de bins,0
1.5,2.0,2000,3,noisy,20,pdf,1.4407038772063732,1.4484894399969082,True,False,20,CONVERGENCE: RELATIVE REDUCTION OF F <= FACTR*EPSMCH,0
1.5,2.0,2000,3,noisy,20,qlog,1.54,1.2635590772579064,True,False,20,barrido q-log; q por deviance de bins,0
1.5,2.0,2000,3,noisy,30,pdf,1.449227829873371,1.47499793767226,True,False,29,CONVERGENCE: RELATIVE REDUCTION OF F <= FACTR*EPSMCH,0
1.5,2.0,2000,3,noisy,30,qlog,1.48,1.3258825017226636,True,False,29,barrido q-log; q por deviance de bins,0
1.5,2.0,2000,3,noisy,40,pdf,1.4452065195389612,1.4612864707485202,True,False,39,CONVERGENCE: RELATIVE REDUCTION OF F <= FACTR*EPSMCH,0
1.5,2.0,2000,3,noisy,40,qlog,1.46,1.344250699522725,True,False,39,barrido q-log; q por deviance de bins,0
1.5,2.0,2000,3,noisy,50,pdf,1.4610291507065318,1.5042578650485274,True,False,49,CONVERGENCE: RELATIVE REDUCTION OF F <= FACTR*EPSMCH,0
1.5,2.0,2000,3,noisy,50,qlog,1.48,1.4204902330034515,True,False,49,barrido q-log; q por deviance de bins,0
1.5,2.0,2000,3,noisy,60,pdf,1.4593885078289381,1.4957267192399053,True,False,58,CONVERGENCE: RELATIVE REDUCTION OF F <= FACTR*EPSMCH,0
1.5,2.0,2000,3,noisy,60,qlog,1.46,1.3538048066165564,True,False,58,barrido q-log; q por deviance de bins,0
1.5,2.0,2000,3,noisy,70,pdf,1.4632718065048056,1.509717279047708,True,False,68,CONVERGENCE: RELATIVE REDUCTION OF F <= FACTR*EPSMCH,0
1.5,2.0,2000,3,noisy,70,qlog,1.46,1.3855351742930233,True,False,68,barrido q-log; q por deviance de bins,0
1.5,2.0,2000,3,noisy,80,pdf,1.454594733682662,1.486074645779431,True,False,76,CONVERGENCE: RELATIVE REDUCTION OF F <= FACTR*EPSMCH,0
1.5,2.0,2000,3,noisy,80,qlog,1.46,1.3667812561504478,True,False,76,barrido q-log; q por deviance de bins,0
1.5,2.0,2000,3,noisy,90,pdf,1.464166659864935,1.5130601329438578,True,False,86,CONVERGENCE: RELATIVE REDUCTION OF F <= FACTR*EPSMCH,0
1.5,2.0,2000,3,noisy,90,qlog,1.48,1.4365760676212191,True,False,86,barrido q-log; q por deviance de bins,0
1.5,2.0,2000,3,noisy,100,pdf,1.4607870053604528,1.5047664217407464,True,False,96,CONVERGENCE: RELATIVE REDUCTION OF F <= FACTR*EPSMCH,0
1.5,2.0,2000,3,noisy,100,qlog,1.46,1.344828138106335,True,False,96,barrido q-log; q por deviance de bins,0
1.5,2.0,2000,3,noisy,110,pdf,1.4622089814563473,1.508367188438437,True,False,105,CONVERGENCE: RELATIVE REDUCTION OF F <= FACTR*EPSMCH,0
1.5,2.0,2000,3,noisy,110,qlog,1.48,1.3940171526366463,True,False,105,barrido q-log; q por deviance de bins,0
1.5,2.0,2000,3,noisy,120,pdf,1.4573781783704705,1.4942709345556804,True,False,113,CONVERGENCE: RELATIVE REDUCTION OF F <= FACTR*EPSMCH,0
1.5,2.0,2000,3,noisy,120,qlog,1.46,1.3126983110645127,True,False,113,barrido q-log; q por deviance de bins,0
1.5,2.0,2000,3,noisy,130,pdf,1.4582427294822036,1.4987412817085075,True,False,124,CONVERGENCE: RELATIVE REDUCTION OF F <= FACTR*EPSMCH,0
1.5,2.0,2000,3,noisy,130,qlog,1.46,1.3287375821678917,True,False,124,barrido q-log; q por deviance de bins,0
1.5,2.0,2000,3,noisy,140,pdf,1.462953365977426,1.511966628046583,True,False,132,CONVERGENCE: RELATIVE REDUCTION OF F <= FACTR*EPSMCH,0
1.5,2.0,2000,3,noisy,140,qlog,1.48,1.3638087400538705,True,False,132,barrido q-log; q por deviance de bins,0
1.5,2.0,2000,3,noisy,150,pdf,1.458253270850188,1.4977226781274482,True,False,142,CONVERGENCE: RELATIVE REDUCTION OF F <= FACTR*EPSMCH,0
1.5,2.0,2000,3,noisy,150,qlog,1.46,1.2835072032348465,True,False,142,barrido q-log; q por deviance de bins,0
1.5,2.0,2000,3,noisy,160,pdf,1.4618455033621234,1.5064233376865692,True,False,150,CONVERGENCE: RELATIVE REDUCTION OF F <= FACTR*EPSMCH,0
1.5,2.0,2000,3,noisy,160,qlog,1.48,1.300170032298877,True,False,150,barrido q-log; q por deviance de bins,0
1.5,2.0,2000,3,noisy,170,pdf,1.4627206718238621,1.509471628762355,True,False,159,CONVERGENCE: RELATIVE REDUCTION OF F <= FACTR*EPSMCH,0
1.5,2.0,2000,3,noisy,170,qlog,1.48,1.3060339470542242,True,False,159,barrido q-log; q por deviance de bins,0
1.5,2.0,2000,3,noisy,180,pdf,1.4628556088034312,1.5095728202100431,True,False,168,CONVERGENCE: RELATIVE REDUCTION OF F <= FACTR*EPSMCH,0
1.5,2.0,2000,3,noisy,180,qlog,1.48,1.3368095840424443,True,False,168,barrido q-log; q por deviance de bins,0
1.5,2.0,2000,3,noisy,190,pdf,1.4602222265260363,1.5019903463498818,True,False,178,CONVERGENCE: RELATIVE REDUCTION OF F <= FACTR*EPSMCH,0
1.5,2.0,2000,3,noisy,190,qlog,1.48,1.2798473329961009,True,False,178,barrido q-log; q por deviance de bins,0
1.5,2.0,2000,3,noisy,200,pdf,1.458409300147228,1.4994638572602306,True,False,187,CONVERGENCE: RELATIVE REDUCTION OF F <= FACTR*EPSMCH,0
1.5,2.0,2000,3,noisy,200,qlog,1.48,1.2849404578730381,True,False,187,barrido q-log; q por deviance de bins,0
1.5,2.0,2000,4,clean,10,pdf,1.490780508006114,1.9338403521653187,True,False,10,CONVERGENCE: RELATIVE REDUCTION OF F <= FACTR*EPSMCH,0
1.5,2.0,2000,4,clean,10,qlog,2.0,1.467167988366857,True,False,10,barrido q-log; q por deviance de bins,0
1.5,2.0,2000,4,clean,20,pdf,1.5096240336391518,1.9819271451869922,True,False,20,CONVERGENCE: RELATIVE REDUCTION OF F <= FACTR*EPSMCH,0
1.5,2.0,2000,4,clean,20,qlog,1.6400000000000001,1.6375489751368442,True,False,20,barrido q-log; q por deviance de bins,0
1.5,2.0,2000,4,clean,30,pdf,1.5087026997322752,1.9980558115548517,True,False,29,CONVERGENCE: RELATIVE REDUCTION OF F <= FACTR*EPSMCH,0
1.5,2.0,2000,4,clean,30,qlog,1.54,1.7083169035567511,True,False,29,barrido q-log; q por deviance de bins,0
1.5,2.0,2000,4,clean,40,pdf,1.4876414663062238,1.9155508702364747,True,False,39,CONVERGENCE: RELATIVE REDUCTION OF F <= FACTR*EPSMCH,0
1.5,2.0,2000,4,clean,40,qlog,1.5,1.6913479927618618,True,False,39,barrido q-log; q por deviance de bins,0
1.5,2.0,2000,4,clean,50,pdf,1.4989260285757304,1.9703051509028395,True,False,48,CONVERGENCE: RELATIVE REDUCTION OF F <= FACTR*EPSMCH,0
1.5,2.0,2000,4,clean,50,qlog,1.52,1.819458278479733,True,False,48,barrido q-log; q por deviance de bins,0
1.5,2.0,2000,4,clean,60,pdf,1.4952046611630934,1.9496231782624451,True,False,58,CONVERGENCE: RELATIVE REDUCTION OF F <= FACTR*EPSMCH,0
1.5,2.0,2000,4,clean,60,qlog,1.5,1.7509444503617668,True,False,58,barrido q-log; q por deviance de bins,0
1.5,2.0,2000,4,clean,70,pdf,1.491801001283952,1.938151681514948,True,False,66,CONVERGENCE: RELATIVE REDUCTION OF F <= FACTR*EPSMCH,0
1.5,2.0,2000,4,clean,70,qlog,1.52,1.7967794442143183,True,False,66,barrido q-log; q por deviance de bins,0
1.5,2.0,2000,4,clean,80,pdf,1.4886467952303928,1.9238672295590071,True,False,76,CONVERGENCE: RELATIVE REDUCTION OF F <= FACTR*EPSMCH,0
1.5,2.0,2000,4,clean,80,qlog,1.5,1.7354630265566402,True,False,76,barrido q-log; q por deviance de bins,0
1.5,2.0,2000,4,clean,90,pdf,1.4976915409102225,1.9606066079647433,True,False,85,CONVERGENCE: RELATIVE REDUCTION OF F <= FACTR*EPSMCH,0
1.5,2.0,2000,4,clean,90,qlog,1.52,1.7849735662660167,True,False,85,barrido q-log; q por deviance de bins,0
1.5,2.0,2000,4,clean,100,pdf,1.4933253205116819,1.9439031909995566,True,False,95,CONVERGENCE: RELATIVE REDUCTION OF F <= FACTR*EPSMCH,0
1.5,2.0,2000,4,clean,100,qlog,1.52,1.7343812255948903,True,False,95,barrido q-log; q por deviance de bins,0
1.5,2.0,2000,4,clean,110,pdf,1.4916802104777775,1.940911795259763,True,False,104,CONVERGENCE: RELATIVE REDUCTION OF F <= FACTR*EPSMCH,0
1.5,2.0,2000,4,clean,110,qlog,1.52,1.725405032320299,True,False,104,barrido q-log; q por deviance de bins,0
1.5,2.0,2000,4,clean,120,pdf,1.4899327820746155,1.9329476506186416,True,False,113,CONVERGENCE: RELATIVE REDUCTION OF F <= FACTR*EPSMCH,0
1.5,2.0,2000,4,clean,120,qlog,1.52,1.7170336395862138,True,False,113,barrido q-log; q por deviance de bins,0
1.5,2.0,2000,4,clean,130,pdf,1.4936545047366776,1.9463482807936037,True,False,121,CONVERGENCE: RELATIVE REDUCTION OF F <= FACTR*EPSMCH,0
1.5,2.0,2000,4,clean,130,qlog,1.52,1.6862569993407561,True,False,121,barrido q-log; q por deviance de bins,0
1.5,2.0,2000,4,clean,140,pdf,1.4917973945916083,1.9368740363400831,True,False,131,CONVERGENCE: RELATIVE REDUCTION OF F <= FACTR*EPSMCH,0
1.5,2.0,2000,4,clean,140,qlog,1.52,1.657413014274561,True,False,131,barrido q-log; q por deviance de bins,0
1.5,2.0,2000,4,clean,150,pdf,1.4963918489294605,1.9565613054292528,True,False,141,CONVERGENCE: RELATIVE REDUCTION OF F <= FACTR*EPSMCH,0
1.5,2.0,2000,4,clean,150,qlog,1.52,1.6193445993113078,True,False,141,barrido q-log; q por deviance de bins,0
1.5,2.0,2000,4,clean,160,pdf,1.4894897731473526,1.9294118354913787,True,False,146,CONVERGENCE: RELATIVE REDUCTION OF F <= FACTR*EPSMCH,0
1.5,2.0,2000,4,clean,160,qlog,1.52,1.5712225557418122,True,False,146,barrido q-log; q por deviance de bins,0
1.5,2.0,2000,4,clean,170,pdf,1.4895566494742178,1.9292262983052821,True,False,158,CONVERGENCE: RELATIVE REDUCTION OF F <= FACTR*EPSMCH,0
1.5,2.0,2000,4,clean,170,qlog,1.54,1.6423510637500884,True,False,158,barrido q-log; q por deviance de bins,0
1.5,2.0,2000,4,clean,180,pdf,1.4921613520155859,1.9378894316590791,True,False,164,CONVERGENCE: RELATIVE REDUCTION OF F <= FACTR*EPSMCH,0
1.5,2.0,2000,4,clean,180,qlog,1.54,1.6388224872190709,True,False,164,barrido q-log; q por deviance de bins,0
1.5,2.0,2000,4,clean,190,pdf,1.4907593870536786,1.9349622623618865,True,False,175,CONVERGENCE: RELATIVE REDUCTION OF F <= FACTR*EPSMCH,0
1.5,2.0,2000,4,clean,190,qlog,1.54,1.6048193377325695,True,False,175,barrido q-log; q por deviance de bins,0
1.5,2.0,2000,4,clean,200,pdf,1.4931718877420435,1.942650901002835,True,False,183,CONVERGENCE: RELATIVE REDUCTION OF F <= FACTR*EPSMCH,0
1.5,2.0,2000,4,clean,200,qlog,1.54,1.5591779122933274,True,False,183,barrido q-log; q por deviance de bins,0
1.5,2.0,2000,4,noisy,10,pdf,1.3308530826017535,1.2023841531707393,True,False,10,CONVERGENCE: RELATIVE REDUCTION OF F <= FACTR*EPSMCH,0
1.5,2.0,2000,4,noisy,10,qlog,1.96,1.085617073040811,True,False,10,barrido q-log; q por deviance de bins,0
1.5,2.0,2000,4,noisy,20,pdf,1.4149556451141652,1.3707737434122844,True,False,20,CONVERGENCE: RELATIVE REDUCTION OF F <= FACTR*EPSMCH,0
1.5,2.0,2000,4,noisy,20,qlog,1.56,1.1667388307856728,True,False,20,barrido q-log; q por deviance de bins,0
1.5,2.0,2000,4,noisy,30,pdf,1.4209939206826179,1.3835788970751608,True,False,29,CONVERGENCE: RELATIVE REDUCTION OF F <= FACTR*EPSMCH,0
1.5,2.0,2000,4,noisy,30,qlog,1.48,1.2576460834036884,True,False,29,barrido q-log; q por deviance de bins,0
1.5,2.0,2000,4,noisy,40,pdf,1.4220324869865393,1.3938673390260377,True,False,39,CONVERGENCE: RELATIVE REDUCTION OF F <= FACTR*EPSMCH,0
1.5,2.0,2000,4,noisy,40,qlog,1.44,1.2569954308347802,True,False,39,barrido q-log; q por deviance de bins,0
1.5,2.0,2000,4,noisy,50,pdf,1.4338747131068839,1.4203665019654759,True,False,48,CONVERGENCE: RELATIVE REDUCTION OF F <= FACTR*EPSMCH,0
1.5,2.0,2000,4,noisy,50,qlog,1.46,1.334768974252906,True,False,48,barrido q-log; q por deviance de bins,0
1.5,2.0,2000,4,noisy,60,pdf,1.4235929759803492,1.3945349955669508,True,False,58,CONVERGENCE: RELATIVE REDUCTION OF F <= FACTR*EPSMCH,0
1.5,2.0,2000,4,noisy,60,qlog,1.44,1.2861668199656067,True,False,58,barrido q-log; q por deviance de bins,0
1.5,2.0,2000,4,noisy,70,pdf,1.4276185174309417,1.4085567390792806,True,False,67,CONVERGENCE: RELATIVE REDUCTION OF F <= FACTR*EPSMCH,0
1.5,2.0,2000,4,noisy,70,qlog,1.46,1.317176508188702,True,False,67,barrido q-log; q por deviance de bins,0
1.5,2.0,2000,4,noisy,80,pdf,1.4237680986931252,1.401306824755926,True,False,76,CONVERGENCE: RELATIVE REDUCTION OF F <= FACTR*EPSMCH,0
1.5,2.0,2000,4,noisy,80,qlog,1.46,1.3285883241362326,True,False,76,barrido q-log; q por deviance de bins,0
1.5,2.0,2000,4,noisy,90,pdf,1.4279194842638674,1.4075166243338755,True,False,86,CONVERGENCE: RELATIVE REDUCTION OF F <= FACTR*EPSMCH,0
1.5,2.0,2000,4,noisy,90,qlog,1.46,1.2961919129697415,True,False,86,barrido q-log; q por deviance de bins,0
1.5,2.0,2000,4,noisy,100,pdf,1.4263557426520737,1.4041426097657825,True,False,95,CONVERGENCE: RELATIVE REDUCTION OF F <= FACTR*EPSMCH,0
1.5,2.0,2000,4,noisy,100,qlog,1.46,1.2755449268957242,True,False,95,barrido q-log; q por deviance de bins,0
1.5,2.0,2000,4,noisy,110,pdf,1.428850274967152,1.4109811028850632,True,False,104,CONVERGENCE: RELATIVE REDUCTION OF F <= FACTR*EPSMCH,0
1.5,2.0,2000,4,noisy,110,qlog,1.48,1.3062791874851098,True,False,104,barrido q-log; q por deviance de bins,0
1.5,2.0,2000,4,noisy,120,pdf,1.4291660900651824,1.4080801666768237,True,False,113,CONVERGENCE: RELATIVE REDUCTION OF F <= FACTR*EPSMCH,0
1.5,2.0,2000,4,noisy,120,qlog,1.48,1.3003392467779153,True,False,113,barrido q-log; q por deviance de bins,0
1.5,2.0,2000,4,noisy,130,pdf,1.4278970801528554,1.4085265912011782,True,False,122,CONVERGENCE: RELATIVE REDUCTION OF F <= FACTR*EPSMCH,0
1.5,2.0,2000,4,noisy,130,qlog,1.48,1.2631618202747694,True,False,122,barrido q-log; q por deviance de bins,0
1.5,2.0,2000,4,noisy,140,pdf,1.430395191825085,1.413746693913514,True,False,132,CONVERGENCE: RELATIVE REDUCTION OF F <= FACTR*EPSMCH,0
1.5,2.0,2000,4,noisy,140,qlog,1.48,1.2870166135311896,True,False,132,barrido q-log; q por deviance de bins,0
1.5,2.0,2000,4,noisy,150,pdf,1.433094916272361,1.418614706455628,True,False,140,CONVERGENCE: RELATIVE REDUCTION OF F <= FACTR*EPSMCH,0
1.5,2.0,2000,4,noisy,150,qlog,1.48,1.24307849382589,True,False,140,barrido q-log; q por deviance de bins,0
1.5,2.0,2000,4,noisy,160,pdf,1.428370896387962,1.4081819602974759,True,False,150,CONVERGENCE: RELATIVE REDUCTION OF F <= FACTR*EPSMCH,0
1.5,2.0,2000,4,noisy,160,qlog,1.48,1.2261183296389344,True,False,150,barrido q-log; q por deviance de bins,0
1.5,2.0,2000,4,noisy,170,pdf,1.4299878159571673,1.411831661552919,True,False,159,CONVERGENCE: RELATIVE REDUCTION OF F <= FACTR*EPSMCH,0
1.5,2.0,2000,4,noisy,170,qlog,1.48,1.2275225337693343,True,False,159,barrido q-log; q por deviance de bins,0
1.5,2.0,2000,4,noisy,180,pdf,1.4275356265450965,1.4066145619573933,True,False,168,CONVERGENCE: RELATIVE REDUCTION OF F <= FACTR*EPSMCH,0
1.5,2.0,2000,4,noisy,180,qlog,1.48,1.196718451805185,True,False,168,barrido q-log; q por deviance de bins,0
1.5,2.0,2000,4,noisy,190,pdf,1.427429654713299,1.4068077833069064,True,False,177,CONVERGENCE: RELATIVE REDUCTION OF F <= FACTR*EPSMCH,0
1.5,2.0,2000,4,noisy,190,qlog,1.5,1.2148267522192182,True,False,177,barrido q-log; q por deviance de bins,0
1.5,2.0,2000,4,noisy,200,pdf,1.4319186919372457,1.4154048543239564,True,False,185,CONVERGENCE: RELATIVE REDUCTION OF F <= FACTR*EPSMCH,0
1.5,2.0,2000,4,noisy,200,qlog,1.5,1.217505010589675,True,False,185,barrido q-log; q por deviance de bins,0
1.5,2.0,2000,5,clean,10,pdf,1.4300482642583296,1.8149426433950362,True,False,10,CONVERGENCE: NORM OF PROJECTED GRADIENT <= PGTOL,0
1.5,2.0,2000,5,clean,10,qlog,1.96,1.6576792789048373,True,False,10,barrido q-log; q por deviance de bins,0
1.5,2.0,2000,5,clean,20,pdf,1.4770605059231012,1.9776203123890057,True,False,20,CONVERGENCE: RELATIVE REDUCTION OF F <= FACTR*EPSMCH,0
1.5,2.0,2000,5,clean,20,qlog,1.58,1.6520557186162408,True,False,20,barrido q-log; q por deviance de bins,0
1.5,2.0,2000,5,clean,30,pdf,1.4942660106553192,2.04265908424674,True,False,30,CONVERGENCE: NORM OF PROJECTED GRADIENT <= PGTOL,0
1.5,2.0,2000,5,clean,30,qlog,1.52,1.788007975714848,True,False,30,barrido q-log; q por deviance de bins,0
1.5,2.0,2000,5,clean,40,pdf,1.5271452950110131,2.170130305725317,True,False,40,CONVERGENCE: RELATIVE REDUCTION OF F <= FACTR*EPSMCH,0
1.5,2.0,2000,5,clean,40,qlog,1.54,1.941813893074421,True,False,40,barrido q-log; q por deviance de bins,0
1.5,2.0,2000,5,clean,50,pdf,1.5142899508914318,2.111597233827926,True,False,50,CONVERGENCE: RELATIVE REDUCTION OF F <= FACTR*EPSMCH,0
1.5,2.0,2000,5,clean,50,qlog,1.52,1.9051104099509462,True,False,50,barrido q-log; q por deviance de bins,0
1.5,2.0,2000,5,clean,60,pdf,1.5104797022690308,2.1000985969442056,True,False,60,CONVERGENCE: RELATIVE REDUCTION OF F <= FACTR*EPSMCH,0
1.5,2.0,2000,5,clean,60,qlog,1.52,1.886161663621312,True,False,60,barrido q-log; q por deviance de bins,0
1.5,2.0,2000,5,clean,70,pdf,1.524582650111638,2.1587664054072317,True,False,68,CONVERGENCE: RELATIVE REDUCTION OF F <= FACTR*EPSMCH,0
1.5,2.0,2000,5,clean,70,qlog,1.54,1.9578012118336197,True,False,68,barrido q-log; q por deviance de bins,0
1.5,2.0,2000,5,clean,80,pdf,1.5165198370499902,2.125287980558879,True,False,79,CONVERGENCE: RELATIVE REDUCTION OF F <= FACTR*EPSMCH,0
1.5,2.0,2000,5,clean,80,qlog,1.52,1.8773050605867485,True,False,79,barrido q-log; q por deviance de bins,0
1.5,2.0,2000,5,clean,90,pdf,1.5142186146009105,2.1202601813430015,True,False,89,CONVERGENCE: RELATIVE REDUCTION OF F <= FACTR*EPSMCH,0
1.5,2.0,2000,5,clean,90,qlog,1.52,1.8516339702715836,True,False,89,barrido q-log; q por deviance de bins,0
1.5,2.0,2000,5,clean,100,pdf,1.522033904647714,2.1452406865497333,True,False,98,CONVERGENCE: RELATIVE REDUCTION OF F <= FACTR*EPSMCH,0
1.5,2.0,2000,5,clean,100,qlog,1.54,1.9238431684523685,True,False,98,barrido q-log; q por deviance de bins,0
1.5,2.0,2000,5,clean,110,pdf,1.5201065024874985,2.1390968677475337,True,False,107,CONVERGENCE: RELATIVE REDUCTION OF F <= FACTR*EPSMCH,0
1.5,2.0,2000,5,clean,110,qlog,1.54,1.8640207817123053,True,False,107,barrido q-log; q por deviance de bins,0
1.5,2.0,2000,5,clean,120,pdf,1.5200040165226665,2.1400577822690625,True,False,117,CONVERGENCE: RELATIVE REDUCTION OF F <= FACTR*EPSMCH,0
1.5,2.0,2000,5,clean,120,qlog,1.54,1.842046565469839,True,False,117,barrido q-log; q por deviance de bins,0
1.5,2.0,2000,5,clean,130,pdf,1.520689687847745,2.1436201849287855,True,False,125,CONVERGENCE: RELATIVE REDUCTION OF F <= FACTR*EPSMCH,0
1.5,2.0,2000,5,clean,130,qlog,1.54,1.8373382232847304,True,False,125,barrido q-log; q por deviance de bins,0
1.5,2.0,2000,5,clean,140,pdf,1.5207446252181709,2.1429980725921816,True,False,135,CONVERGENCE: RELATIVE REDUCTION OF F <= FACTR*EPSMCH,0
1.5,2.0,2000,5,clean,140,qlog,1.54,1.8264120973471667,True,False,135,barrido q-log; q por deviance de bins,0
1.5,2.0,2000,5,clean,150,pdf,1.520609865463801,2.138484668532919,True,False,144,CONVERGENCE: RELATIVE REDUCTION OF F <= FACTR*EPSMCH,0
1.5,2.0,2000,5,clean,150,qlog,1.54,1.7219053568962002,True,False,144,barrido q-log; q por deviance de bins,0
1.5,2.0,2000,5,clean,160,pdf,1.5219587998641375,2.14683141348148,True,False,153,CONVERGENCE: RELATIVE REDUCTION OF F <= FACTR*EPSMCH,0
1.5,2.0,2000,5,clean,160,qlog,1.54,1.754186459901044,True,False,153,barrido q-log; q por deviance de bins,0
1.5,2.0,2000,5,clean,170,pdf,1.5205870546800906,2.1403830882124897,True,False,163,CONVERGENCE: RELATIVE REDUCTION OF F <= FACTR*EPSMCH,0
1.5,2.0,2000,5,clean,170,qlog,1.54,1.6731221610785594,True,False,163,barrido q-log; q por deviance de bins,0
1.5,2.0,2000,5,clean,180,pdf,1.5184110869062064,2.1346728276599096,True,False,171,CONVERGENCE: RELATIVE REDUCTION OF F <= FACTR*EPSMCH,0
1.5,2.0,2000,5,clean,180,qlog,1.54,1.645699741497127,True,False,171,barrido q-log; q por deviance de bins,0
1.5,2.0,2000,5,clean,190,pdf,1.521263863187111,2.144483129744027,True,False,181,CONVERGENCE: RELATIVE REDUCTION OF F <= FACTR*EPSMCH,0
1.5,2.0,2000,5,clean,190,qlog,1.54,1.5981913210680712,True,False,181,barrido q-log; q por deviance de bins,0
1.5,2.0,2000,5,clean,200,pdf,1.5229508645889056,2.150533089390474,True,False,188,CONVERGENCE: RELATIVE REDUCTION OF F <= FACTR*EPSMCH,0
1.5,2.0,2000,5,clean,200,qlog,1.56,1.62463119055797,True,False,188,barrido q-log; q por deviance de bins,0
1.5,2.0,2000,5,noisy,10,pdf,1.283757947460492,1.1729368508048315,True,False,10,CONVERGENCE: RELATIVE REDUCTION OF F <= FACTR*EPSMCH,0
1.5,2.0,2000,5,noisy,10,qlog,1.9,1.0928899520164796,True,False,10,barrido q-log; q por deviance de bins,0
1.5,2.0,2000,5,noisy,20,pdf,1.3884775337649033,1.375985219270526,True,False,20,CONVERGENCE: RELATIVE REDUCTION OF F <= FACTR*EPSMCH,0
1.5,2.0,2000,5,noisy,20,qlog,1.52,1.1889049626115726,True,False,20,barrido q-log; q por deviance de bins,0
1.5,2.0,2000,5,noisy,30,pdf,1.403799779067144,1.4215437999035934,True,False,30,CONVERGENCE: RELATIVE REDUCTION OF F <= FACTR*EPSMCH,0
1.5,2.0,2000,5,noisy,30,qlog,1.46,1.3015996000415178,True,False,30,barrido q-log; q por deviance de bins,0
1.5,2.0,2000,5,noisy,40,pdf,1.449018630759207,1.511227687287043,True,False,40,CONVERGENCE: RELATIVE REDUCTION OF F <= FACTR*EPSMCH,0
1.5,2.0,2000,5,noisy,40,qlog,1.48,1.3707199150830713,True,False,40,barrido q-log; q por deviance de bins,0
1.5,2.0,2000,5,noisy,50,pdf,1.4465933392829777,1.5138976799242307,True,False,50,CONVERGENCE: RELATIVE REDUCTION OF F <= FACTR*EPSMCH,0
1.5,2.0,2000,5,noisy,50,qlog,1.48,1.430088765139848,True,False,50,barrido q-log; q por deviance de bins,0
1.5,2.0,2000,5,noisy,60,pdf,1.4329272816654375,1.4787729463784036,True,False,59,CONVERGENCE: RELATIVE REDUCTION OF F <= FACTR*EPSMCH,0
1.5,2.0,2000,5,noisy,60,qlog,1.48,1.3749432363376928,True,False,59,barrido q-log; q por deviance de bins,0
1.5,2.0,2000,5,noisy,70,pdf,1.4552007941448428,1.5338025916579034,True,False,68,CONVERGENCE: RELATIVE REDUCTION OF F <= FACTR*EPSMCH,0
1.5,2.0,2000,5,noisy,70,qlog,1.48,1.3638647675363402,True,False,68,barrido q-log; q por deviance de bins,0
1.5,2.0,2000,5,noisy,80,pdf,1.4471877776423012,1.5134679006841196,True,False,79,CONVERGENCE: RELATIVE REDUCTION OF F <= FACTR*EPSMCH,0
1.5,2.0,2000,5,noisy,80,qlog,1.46,1.331479508952817,True,False,79,barrido q-log; q por deviance de bins,0
1.5,2.0,2000,5,noisy,90,pdf,1.4401522225294823,1.4975286317717629,True,False,88,CONVERGENCE: RELATIVE REDUCTION OF F <= FACTR*EPSMCH,0
1.5,2.0,2000,5,noisy,90,qlog,1.46,1.2813698655927734,True,False,88,barrido q-log; q por deviance de bins,0
1.5,2.0,2000,5,noisy,100,pdf,1.4509892203608248,1.5250476604818264,True,False,97,CONVERGENCE: RELATIVE REDUCTION OF F <= FACTR*EPSMCH,0
1.5,2.0,2000,5,noisy,100,qlog,1.48,1.338824941674372,True,False,97,barrido q-log; q por deviance de bins,0
1.5,2.0,2000,5,noisy,110,pdf,1.450634525420537,1.5228578632535419,True,False,107,CONVERGENCE: RELATIVE REDUCTION OF F <= FACTR*EPSMCH,0
1.5,2.0,2000,5,noisy,110,qlog,1.48,1.3203933952760019,True,False,107,barrido q-log; q por deviance de bins,0
1.5,2.0,2000,5,noisy,120,pdf,1.4500910924726986,1.519649465782175,True,False,114,CONVERGENCE: RELATIVE REDUCTION OF F <= FACTR*EPSMCH,0
1.5,2.0,2000,5,noisy,120,qlog,1.5,1.3227557168004094,True,False,114,barrido q-log; q por deviance de bins,0
1.5,2.0,2000,5,noisy,130,pdf,1.4553783034272785,1.531771577818751,True,False,124,CONVERGENCE: RELATIVE REDUCTION OF F <= FACTR*EPSMCH,0
1.5,2.0,2000,5,noisy,130,qlog,1.48,1.2573286776480226,True,False,124,barrido q-log; q por deviance de bins,0
1.5,2.0,2000,5,noisy,140,pdf,1.452346877678471,1.52807412455584,True,False,135,CONVERGENCE: RELATIVE REDUCTION OF F <= FACTR*EPSMCH,0
1.5,2.0,2000,5,noisy,140,qlog,1.5,1.289831128202224,True,False,135,barrido q-log; q por deviance de bins,0
1.5,2.0,2000,5,noisy,150,pdf,1.4460741983425958,1.5120344338531322,True,False,141,CONVERGENCE: RELATIVE REDUCTION OF F <= FACTR*EPSMCH,0
1.5,2.0,2000,5,noisy,150,qlog,1.5,1.2327790851781686,True,False,141,barrido q-log; q por deviance de bins,0
1.5,2.0,2000,5,noisy,160,pdf,1.4501969266319883,1.5206095033240183,True,False,152,CONVERGENCE: RELATIVE REDUCTION OF F <= FACTR*EPSMCH,0
1.5,2.0,2000,5,noisy,160,qlog,1.5,1.2523184246690637,True,False,152,barrido q-log; q por deviance de bins,0
1.5,2.0,2000,5,noisy,170,pdf,1.4526543662253466,1.5289393833421896,True,False,159,CONVERGENCE: RELATIVE REDUCTION OF F <= FACTR*EPSMCH,0
1.5,2.0,2000,5,noisy,170,qlog,1.5,1.1841351553657247,True,False,159,barrido q-log; q por deviance de bins,0
1.5,2.0,2000,5,noisy,180,pdf,1.4444206084895712,1.5089806310182605,True,False,170,CONVERGENCE: RELATIVE REDUCTION OF F <= FACTR*EPSMCH,0
1.5,2.0,2000,5,noisy,180,qlog,1.5,1.2344802120583933,True,False,170,barrido q-log; q por deviance de bins,0
1.5,2.0,2000,5,noisy,190,pdf,1.4519105715148564,1.5270123812813248,True,False,177,CONVERGENCE: RELATIVE REDUCTION OF F <= FACTR*EPSMCH,0
1.5,2.0,2000,5,noisy,190,qlog,1.5,1.2024291581927877,True,False,177,barrido q-log; q por deviance de bins,0
1.5,2.0,2000,5,noisy,200,pdf,1.4526792554758294,1.5300309991601344,True,False,187,CONVERGENCE: RELATIVE REDUCTION OF F <= FACTR*EPSMCH,0
1.5,2.0,2000,5,noisy,200,qlog,1.5,1.1469083935292907,True,False,187,barrido q-log; q por deviance de bins,0
1.5,2.0,2000,6,clean,10,pdf,1.5158650323131926,2.036828148530415,True,False,10,CONVERGENCE: RELATIVE REDUCTION OF F <= FACTR*EPSMCH,0
1.5,2.0,2000,6,clean,10,qlog,1.92,1.9358541216189702,True,False,10,barrido q-log; q por deviance de bins,0
1.5,2.0,2000,6,clean,20,pdf,1.5009364761098583,1.9663542755276788,True,False,20,CONVERGENCE: RELATIVE REDUCTION OF F <= FACTR*EPSMCH,0
1.5,2.0,2000,6,clean,20,qlog,1.58,1.7197898430553054,True,False,20,barrido q-log; q por deviance de bins,0
1.5,2.0,2000,6,clean,30,pdf,1.512177796732256,2.000106137272802,True,False,30,CONVERGENCE: RELATIVE REDUCTION OF F <= FACTR*EPSMCH,0
1.5,2.0,2000,6,clean,30,qlog,1.54,1.8277912574955617,True,False,30,barrido q-log; q por deviance de bins,0
1.5,2.0,2000,6,clean,40,pdf,1.5075773386451041,1.9847502282673373,True,False,40,CONVERGENCE: RELATIVE REDUCTION OF F <= FACTR*EPSMCH,0
1.5,2.0,2000,6,clean,40,qlog,1.52,1.8521347545438147,True,False,40,barrido q-log; q por deviance de bins,0
1.5,2.0,2000,6,clean,50,pdf,1.5115679166401212,1.9957970305352248,True,False,50,CONVERGENCE: RELATIVE REDUCTION OF F <= FACTR*EPSMCH,0
1.5,2.0,2000,6,clean,50,qlog,1.52,1.8610357231606187,True,False,50,barrido q-log; q por deviance de bins,0
1.5,2.0,2000,6,clean,60,pdf,1.5111125099221443,1.9911180589353537,True,False,60,CONVERGENCE: RELATIVE REDUCTION OF F <= FACTR*EPSMCH,0
1.5,2.0,2000,6,clean,60,qlog,1.52,1.8033284813291488,True,False,60,barrido q-log; q por deviance de bins,0
1.5,2.0,2000,6,clean,70,pdf,1.5069450560622735,1.9757757795005422,True,False,69,CONVERGENCE: RELATIVE REDUCTION OF F <= FACTR*EPSMCH,0
1.5,2.0,2000,6,clean,70,qlog,1.52,1.8851689448432638,True,False,69,barrido q-log; q por deviance de bins,0
1.5,2.0,2000,6,clean,80,pdf,1.5093545140788038,1.9866280705900015,True,False,79,CONVERGENCE: RELATIVE REDUCTION OF F <= FACTR*EPSMCH,0
1.5,2.0,2000,6,clean,80,qlog,1.52,1.8624038284478968,True,False,79,barrido q-log; q por deviance de bins,0
1.5,2.0,2000,6,clean,90,pdf,1.5108213557577832,1.9902294215680014,True,False,88,CONVERGENCE: RELATIVE REDUCTION OF F <= FACTR*EPSMCH,0
1.5,2.0,2000,6,clean,90,qlog,1.52,1.7955831102809807,True,False,88,barrido q-log; q por deviance de bins,0
1.5,2.0,2000,6,clean,100,pdf,1.5091424971455512,1.9856031404110184,True,False,98,CONVERGENCE: RELATIVE REDUCTION OF F <= FACTR*EPSMCH,0
1.5,2.0,2000,6,clean,100,qlog,1.52,1.851882044187522,True,False,98,barrido q-log; q por deviance de bins,0
1.5,2.0,2000,6,clean,110,pdf,1.5095242862432967,1.9862890962262618,True,False,107,CONVERGENCE: RELATIVE REDUCTION OF F <= FACTR*EPSMCH,0
1.5,2.0,2000,6,clean,110,qlog,1.52,1.823088993867087,True,False,107,barrido q-log; q por deviance de bins,0
1.5,2.0,2000,6,clean,120,pdf,1.5109938785295047,1.9920286076087246,True,False,117,CONVERGENCE: RELATIVE REDUCTION OF F <= FACTR*EPSMCH,0
1.5,2.0,2000,6,clean,120,qlog,1.52,1.7859477604422425,True,False,117,barrido q-log; q por deviance de bins,0
1.5,2.0,2000,6,clean,130,pdf,1.5056058619897188,1.973677050321549,True,False,124,CONVERGENCE: RELATIVE REDUCTION OF F <= FACTR*EPSMCH,0
1.5,2.0,2000,6,clean,130,qlog,1.52,1.7562066140152384,True,False,124,barrido q-log; q por deviance de bins,0
1.5,2.0,2000,6,clean,140,pdf,1.5120482978248595,1.9962148725661362,True,False,136,CONVERGENCE: RELATIVE REDUCTION OF F <= FACTR*EPSMCH,0
1.5,2.0,2000,6,clean,140,qlog,1.52,1.8324537149328934,True,False,136,barrido q-log; q por deviance de bins,0
1.5,2.0,2000,6,clean,150,pdf,1.5095005554574115,1.9868834995000946,True,False,144,CONVERGENCE: RELATIVE REDUCTION OF F <= FACTR*EPSMCH,0
1.5,2.0,2000,6,clean,150,qlog,1.52,1.7621128271445672,True,False,144,barrido q-log; q por deviance de bins,0
1.5,2.0,2000,6,clean,160,pdf,1.5103126710448067,1.986746665339604,True,False,154,CONVERGENCE: RELATIVE REDUCTION OF F <= FACTR*EPSMCH,0
1.5,2.0,2000,6,clean,160,qlog,1.52,1.7609962982588456,True,False,154,barrido q-log; q por deviance de bins,0
1.5,2.0,2000,6,clean,170,pdf,1.5114107875326412,1.9943616380883304,True,False,163,CONVERGENCE: RELATIVE REDUCTION OF F <= FACTR*EPSMCH,0
1.5,2.0,2000,6,clean,170,qlog,1.52,1.7169290739312173,True,False,163,barrido q-log; q por deviance de bins,0
1.5,2.0,2000,6,clean,180,pdf,1.5114567949473479,1.9913319248176473,True,False,172,CONVERGENCE: RELATIVE REDUCTION OF F <= FACTR*EPSMCH,0
1.5,2.0,2000,6,clean,180,qlog,1.52,1.6855109675977855,True,False,172,barrido q-log; q por deviance de bins,0
1.5,2.0,2000,6,clean,190,pdf,1.5106903254281434,1.9925275598926901,True,False,181,CONVERGENCE: RELATIVE REDUCTION OF F <= FACTR*EPSMCH,0
1.5,2.0,2000,6,clean,190,qlog,1.52,1.7244019916040092,True,False,181,barrido q-log; q por deviance de bins,0
1.5,2.0,2000,6,clean,200,pdf,1.510493431148699,1.9872984570536147,True,False,189,CONVERGENCE: RELATIVE REDUCTION OF F <= FACTR*EPSMCH,0
1.5,2.0,2000,6,clean,200,qlog,1.54,1.7162879017143782,True,False,189,barrido q-log; q por deviance de bins,0
1.5,2.0,2000,6,noisy,10,pdf,1.471892794608074,1.5303343174990764,True,False,10,CONVERGENCE: RELATIVE REDUCTION OF F <= FACTR*EPSMCH,0
1.5,2.0,2000,6,noisy,10,qlog,1.88,1.4644289802168091,True,False,10,barrido q-log; q por deviance de bins,0
1.5,2.0,2000,6,noisy,20,pdf,1.4622423432964176,1.5003884855213103,True,False,20,CONVERGENCE: NORM OF PROJECTED GRADIENT <= PGTOL,0
1.5,2.0,2000,6,noisy,20,qlog,1.54,1.3223347169472195,True,False,20,barrido q-log; q por deviance de bins,0
1.5,2.0,2000,6,noisy,30,pdf,1.4696411619207261,1.5202073594839594,True,False,30,CONVERGENCE: RELATIVE REDUCTION OF F <= FACTR*EPSMCH,0
1.5,2.0,2000,6,noisy,30,qlog,1.48,1.3334118405664075,True,False,30,barrido q-log; q por deviance de bins,0
1.5,2.0,2000,6,noisy,40,pdf,1.4484513416298859,1.472973611345435,True,False,40,CONVERGENCE: RELATIVE REDUCTION OF F <= FACTR*EPSMCH,0
1.5,2.0,2000,6,noisy,40,qlog,1.46,1.3282245650452809,True,False,40,barrido q-log; q por deviance de bins,0
1.5,2.0,2000,6,noisy,50,pdf,1.4592376775148244,1.5023575717549074,True,False,50,CONVERGENCE: RELATIVE REDUCTION OF F <= FACTR*EPSMCH,0
1.5,2.0,2000,6,noisy,50,qlog,1.48,1.3939491168874898,True,False,50,barrido q-log; q por deviance de bins,0
1.5,2.0,2000,6,noisy,60,pdf,1.4561443184443421,1.493347234728767,True,False,59,CONVERGENCE: RELATIVE REDUCTION OF F <= FACTR*EPSMCH,0
1.5,2.0,2000,6,noisy,60,qlog,1.48,1.3511815345162563,True,False,59,barrido q-log; q por deviance de bins,0
1.5,2.0,2000,6,noisy,70,pdf,1.4646176352844855,1.514512538380998,True,False,70,CONVERGENCE: RELATIVE REDUCTION OF F <= FACTR*EPSMCH,0
1.5,2.0,2000,6,noisy,70,qlog,1.48,1.3670293646143623,True,False,70,barrido q-log; q por deviance de bins,0
1.5,2.0,2000,6,noisy,80,pdf,1.4540060122476546,1.4888615550459425,True,False,79,CONVERGENCE: RELATIVE REDUCTION OF F <= FACTR*EPSMCH,0
1.5,2.0,2000,6,noisy,80,qlog,1.46,1.3095325486696796,True,False,79,barrido q-log; q por deviance de bins,0
1.5,2.0,2000,6,noisy,90,pdf,1.455934738774844,1.491864104125104,True,False,88,CONVERGENCE: RELATIVE REDUCTION OF F <= FACTR*EPSMCH,0
1.5,2.0,2000,6,noisy,90,qlog,1.46,1.2904495104121594,True,False,88,barrido q-log; q por deviance de bins,0
1.5,2.0,2000,6,noisy,100,pdf,1.463053842767458,1.509041757629426,True,False,97,CONVERGENCE: RELATIVE REDUCTION OF F <= FACTR*EPSMCH,0
1.5,2.0,2000,6,noisy,100,qlog,1.48,1.3628377646934737,True,False,97,barrido q-log; q por deviance de bins,0
1.5,2.0,2000,6,noisy,110,pdf,1.4622814844702068,1.5053271056853519,True,False,107,CONVERGENCE: RELATIVE REDUCTION OF F <= FACTR*EPSMCH,0
1.5,2.0,2000,6,noisy,110,qlog,1.48,1.2939776710809645,True,False,107,barrido q-log; q por deviance de bins,0
1.5,2.0,2000,6,noisy,120,pdf,1.4590939782605405,1.4994989066778353,True,False,115,CONVERGENCE: RELATIVE REDUCTION OF F <= FACTR*EPSMCH,0
1.5,2.0,2000,6,noisy,120,qlog,1.48,1.2530378181787858,True,False,115,barrido q-log; q por deviance de bins,0
1.5,2.0,2000,6,noisy,130,pdf,1.4611175060131603,1.5030932394894956,True,False,124,CONVERGENCE: RELATIVE REDUCTION OF F <= FACTR*EPSMCH,0
1.5,2.0,2000,6,noisy,130,qlog,1.48,1.2688370357216536,True,False,124,barrido q-log; q por deviance de bins,0
1.5,2.0,2000,6,noisy,140,pdf,1.4631576223477658,1.5078579456192471,True,False,135,CONVERGENCE: RELATIVE REDUCTION OF F <= FACTR*EPSMCH,0
1.5,2.0,2000,6,noisy,140,qlog,1.48,1.2401180651223624,True,False,135,barrido q-log; q por deviance de bins,0
1.5,2.0,2000,6,noisy,150,pdf,1.4584606310150094,1.4939301496144888,True,False,143,CONVERGENCE: RELATIVE REDUCTION OF F <= FACTR*EPSMCH,0
1.5,2.0,2000,6,noisy,150,qlog,1.46,1.2200406444013012,True,False,143,barrido q-log; q por deviance de bins,0
1.5,2.0,2000,6,noisy,160,pdf,1.4592366881748118,1.4985315539531852,True,False,151,CONVERGENCE: RELATIVE REDUCTION OF F <= FACTR*EPSMCH,0
1.5,2.0,2000,6,noisy,160,qlog,1.48,1.2182833076400927,True,False,151,barrido q-log; q por deviance de bins,0
1.5,2.0,2000,6,noisy,170,pdf,1.4579376026468722,1.495779313243998,True,False,160,CONVERGENCE: NORM OF PROJECTED GRADIENT <= PGTOL,0
1.5,2.0,2000,6,noisy,170,qlog,1.48,1.1960838824471962,True,False,160,barrido q-log; q por deviance de bins,0
1.5,2.0,2000,6,noisy,180,pdf,1.4591023796869174,1.4981122230253918,True,False,170,CONVERGENCE: RELATIVE REDUCTION OF F <= FACTR*EPSMCH,0
1.5,2.0,2000,6,noisy,180,qlog,1.48,1.174042511392413,True,False,170,barrido q-log; q por deviance de bins,0
1.5,2.0,2000,6,noisy,190,pdf,1.4570124609806798,1.4921356944276343,True,False,177,CONVERGENCE: RELATIVE REDUCTION OF F <= FACTR*EPSMCH,0
1.5,2.0,2000,6,noisy,190,qlog,1.48,1.1759204569636819,True,False,177,barrido q-log; q por deviance de bins,0
1.5,2.0,2000,6,noisy,200,pdf,1.4602596665329133,1.5006550877998477,True,False,188,CONVERGENCE: RELATIVE REDUCTION OF F <= FACTR*EPSMCH,0
1.5,2.0,2000,6,noisy,200,qlog,1.48,1.2015725404045061,True,False,188,barrido q-log; q por deviance de bins,0
1.5,2.0,2000,7,clean,10,pdf,1.5037048657664154,1.9409236621423154,True,False,10,CONVERGENCE: RELATIVE REDUCTION OF F <= FACTR*EPSMCH,0
1.5,2.0,2000,7,clean,10,qlog,2.0,1.570874501959462,True,False,10,barrido q-log; q por deviance de bins,0
1.5,2.0,2000,7,clean,20,pdf,1.534243719439427,2.0583635040024144,True,False,20,CONVERGENCE: RELATIVE REDUCTION OF F <= FACTR*EPSMCH,0
1.5,2.0,2000,7,clean,20,qlog,1.6600000000000001,1.7263654992320103,True,False,20,barrido q-log; q por deviance de bins,0
1.5,2.0,2000,7,clean,30,pdf,1.5162452893245688,1.9806813865823991,True,False,29,CONVERGENCE: RELATIVE REDUCTION OF F <= FACTR*EPSMCH,0
1.5,2.0,2000,7,clean,30,qlog,1.56,1.7266464222957798,True,False,29,barrido q-log; q por deviance de bins,0
1.5,2.0,2000,7,clean,40,pdf,1.5193753287548046,2.0052375717999924,True,False,39,CONVERGENCE: RELATIVE REDUCTION OF F <= FACTR*EPSMCH,0
1.5,2.0,2000,7,clean,40,qlog,1.54,1.7774979306865217,True,False,39,barrido q-log; q por deviance de bins,0
1.5,2.0,2000,7,clean,50,pdf,1.5189418838598872,2.011651571139147,True,False,48,CONVERGENCE: RELATIVE REDUCTION OF F <= FACTR*EPSMCH,0
1.5,2.0,2000,7,clean,50,qlog,1.54,1.8092743091201742,True,False,48,barrido q-log; q por deviance de bins,0
1.5,2.0,2000,7,clean,60,pdf,1.5181159041558845,2.0048246273899037,True,False,58,CONVERGENCE: RELATIVE REDUCTION OF F <= FACTR*EPSMCH,0
1.5,2.0,2000,7,clean,60,qlog,1.52,1.78929545424545,True,False,58,barrido q-log; q por deviance de bins,0
1.5,2.0,2000,7,clean,70,pdf,1.5280338542800054,2.039057503917641,True,False,68,CONVERGENCE: RELATIVE REDUCTION OF F <= FACTR*EPSMCH,0
1.5,2.0,2000,7,clean,70,qlog,1.54,1.8037763693226299,True,False,68,barrido q-log; q por deviance de bins,0
1.5,2.0,2000,7,clean,80,pdf,1.5271867700418273,2.033899675554998,True,False,77,CONVERGENCE: RELATIVE REDUCTION OF F <= FACTR*EPSMCH,0
1.5,2.0,2000,7,clean,80,qlog,1.54,1.8348063558861463,True,False,77,barrido q-log; q por deviance de bins,0
1.5,2.0,2000,7,clean,90,pdf,1.5288815754611813,2.0433444766920608,True,False,87,CONVERGENCE: RELATIVE REDUCTION OF F <= FACTR*EPSMCH,0
1.5,2.0,2000,7,clean,90,qlog,1.54,1.7898535842338392,True,False,87,barrido q-log; q por deviance de bins,0
1.5,2.0,2000,7,clean,100,pdf,1.5242255390980124,2.028060954738212,True,False,95,CONVERGENCE: RELATIVE REDUCTION OF F <= FACTR*EPSMCH,0
1.5,2.0,2000,7,clean,100,qlog,1.54,1.765636894124756,True,False,95,barrido q-log; q por deviance de bins,0
1.5,2.0,2000,7,clean,110,pdf,1.522967597933856,2.022007516921725,True,False,105,CONVERGENCE: RELATIVE REDUCTION OF F <= FACTR*EPSMCH,0
1.5,2.0,2000,7,clean,110,qlog,1.54,1.767470458587408,True,False,105,barrido q-log; q por deviance de bins,0
1.5,2.0,2000,7,clean,120,pdf,1.5220898045010132,2.0196361602151596,True,False,114,CONVERGENCE: RELATIVE REDUCTION OF F <= FACTR*EPSMCH,0
1.5,2.0,2000,7,clean,120,qlog,1.54,1.7567096278727548,True,False,114,barrido q-log; q por deviance de bins,0
1.5,2.0,2000,7,clean,130,pdf,1.523725875029768,2.024860302383141,True,False,124,CONVERGENCE: RELATIVE REDUCTION OF F <= FACTR*EPSMCH,0
1.5,2.0,2000,7,clean,130,qlog,1.54,1.7314322062972145,True,False,124,barrido q-log; q por deviance de bins,0
1.5,2.0,2000,7,clean,140,pdf,1.5240885048809838,2.0274068443405064,True,False,133,CONVERGENCE: RELATIVE REDUCTION OF F <= FACTR*EPSMCH,0
1.5,2.0,2000,7,clean,140,qlog,1.54,1.6848903922467517,True,False,133,barrido q-log; q por deviance de bins,0
1.5,2.0,2000,7,clean,150,pdf,1.5239546714967787,2.026486374608959,True,False,141,CONVERGENCE: RELATIVE REDUCTION OF F <= FACTR*EPSMCH,0
1.5,2.0,2000,7,clean,150,qlog,1.54,1.6765711039935476,True,False,141,barrido q-log; q por deviance de bins,0
1.5,2.0,2000,7,clean,160,pdf,1.5262113043269396,2.033878870133119,True,False,151,CONVERGENCE: RELATIVE REDUCTION OF F <= FACTR*EPSMCH,0
1.5,2.0,2000,7,clean,160,qlog,1.54,1.6490460007173962,True,False,151,barrido q-log; q por deviance de bins,0
1.5,2.0,2000,7,clean,170,pdf,1.5256740946665255,2.032156813325628,True,False,161,CONVERGENCE: RELATIVE REDUCTION OF F <= FACTR*EPSMCH,0
1.5,2.0,2000,7,clean,170,qlog,1.54,1.641334355341201,True,False,161,barrido q-log; q por deviance de bins,0
1.5,2.0,2000,7,clean,180,pdf,1.5275598464652724,2.037368298891026,True,False,168,CONVERGENCE: RELATIVE REDUCTION OF F <= FACTR*EPSMCH,0
1.5,2.0,2000,7,clean,180,qlog,1.56,1.664283243786589,True,False,168,barrido q-log; q por deviance de bins,0
1.5,2.0,2000,7,clean,190,pdf,1.5277574974717736,2.039310991461695,True,False,177,CONVERGENCE: RELATIVE REDUCTION OF F <= FACTR*EPSMCH,0
1.5,2.0,2000,7,clean,190,qlog,1.56,1.6669027235007403,True,False,177,barrido q-log; q por deviance de bins,0
1.5,2.0,2000,7,clean,200,pdf,1.5282646599027583,2.04161133521513,True,False,187,CONVERGENCE: RELATIVE REDUCTION OF F <= FACTR*EPSMCH,0
1.5,2.0,2000,7,clean,200,qlog,1.56,1.640264514155596,True,False,187,barrido q-log; q por deviance de bins,0
1.5,2.0,2000,7,noisy,10,pdf,1.4179865981014406,1.3993132891680191,True,False,10,CONVERGENCE: RELATIVE REDUCTION OF F <= FACTR*EPSMCH,0
1.5,2.0,2000,7,noisy,10,qlog,1.98,1.192763295573428,True,False,10,barrido q-log; q por deviance de bins,0
1.5,2.0,2000,7,noisy,20,pdf,1.4834689000465031,1.5513954220645065,True,False,20,CONVERGENCE: NORM OF PROJECTED GRADIENT <= PGTOL,0
1.5,2.0,2000,7,noisy,20,qlog,1.62,1.3341114588934226,True,False,20,barrido q-log; q por deviance de bins,0
1.5,2.0,2000,7,noisy,30,pdf,1.4710987063890628,1.5240219640153287,True,False,29,CONVERGENCE: RELATIVE REDUCTION OF F <= FACTR*EPSMCH,0
1.5,2.0,2000,7,noisy,30,qlog,1.52,1.3561753525953408,True,False,29,barrido q-log; q por deviance de bins,0
1.5,2.0,2000,7,noisy,40,pdf,1.481681250449992,1.5513345858562722,True,False,39,CONVERGENCE: RELATIVE REDUCTION OF F <= FACTR*EPSMCH,0
1.5,2.0,2000,7,noisy,40,qlog,1.52,1.4330368208510338,True,False,39,barrido q-log; q por deviance de bins,0
1.5,2.0,2000,7,noisy,50,pdf,1.473422311796648,1.5312090973095887,True,False,48,CONVERGENCE: RELATIVE REDUCTION OF F <= FACTR*EPSMCH,0
1.5,2.0,2000,7,noisy,50,qlog,1.5,1.3926925865113193,True,False,48,barrido q-log; q por deviance de bins,0
1.5,2.0,2000,7,noisy,60,pdf,1.47369535711994,1.5330685945013076,True,False,58,CONVERGENCE: RELATIVE REDUCTION OF F <= FACTR*EPSMCH,0
1.5,2.0,2000,7,noisy,60,qlog,1.5,1.4515829091749899,True,False,58,barrido q-log; q por deviance de bins,0
1.5,2.0,2000,7,noisy,70,pdf,1.468819684507413,1.5209360739404814,True,False,67,CONVERGENCE: RELATIVE REDUCTION OF F <= FACTR*EPSMCH,0
1.5,2.0,2000,7,noisy,70,qlog,1.48,1.3793119390971014,True,False,67,barrido q-log; q por deviance de bins,0
1.5,2.0,2000,7,noisy,80,pdf,1.4784388424485275,1.5425974532694344,True,False,77,CONVERGENCE: RELATIVE REDUCTION OF F <= FACTR*EPSMCH,0
1.5,2.0,2000,7,noisy,80,qlog,1.5,1.3959610550156678,True,False,77,barrido q-log; q por deviance de bins,0
1.5,2.0,2000,7,noisy,90,pdf,1.4695940417022988,1.520524213111212,True,False,85,CONVERGENCE: RELATIVE REDUCTION OF F <= FACTR*EPSMCH,0
1.5,2.0,2000,7,noisy,90,qlog,1.5,1.397077271913684,True,False,85,barrido q-log; q por deviance de bins,0
1.5,2.0,2000,7,noisy,100,pdf,1.4740602366466835,1.5350098249262456,True,False,95,CONVERGENCE: RELATIVE REDUCTION OF F <= FACTR*EPSMCH,0
1.5,2.0,2000,7,noisy,100,qlog,1.5,1.3625216594764649,True,False,95,barrido q-log; q por deviance de bins,0
1.5,2.0,2000,7,noisy,110,pdf,1.4770280448003483,1.54068035503784,True,False,104,CONVERGENCE: RELATIVE REDUCTION OF F <= FACTR*EPSMCH,0
1.5,2.0,2000,7,noisy,110,qlog,1.5,1.3602231227900696,True,False,104,barrido q-log; q por deviance de bins,0
1.5,2.0,2000,7,noisy,120,pdf,1.477974201334879,1.5395789998483167,True,False,114,CONVERGENCE: RELATIVE REDUCTION OF F <= FACTR*EPSMCH,0
1.5,2.0,2000,7,noisy,120,qlog,1.5,1.3627649206828867,True,False,114,barrido q-log; q por deviance de bins,0
1.5,2.0,2000,7,noisy,130,pdf,1.476057803386016,1.5358324867361508,True,False,123,CONVERGENCE: RELATIVE REDUCTION OF F <= FACTR*EPSMCH,0
1.5,2.0,2000,7,noisy,130,qlog,1.5,1.31423864711553,True,False,123,barrido q-log; q por deviance de bins,0
1.5,2.0,2000,7,noisy,140,pdf,1.4740724068151172,1.5320429872159589,True,False,132,CONVERGENCE: RELATIVE REDUCTION OF F <= FACTR*EPSMCH,0
1.5,2.0,2000,7,noisy,140,qlog,1.5,1.3239433431255696,True,False,132,barrido q-log; q por deviance de bins,0
1.5,2.0,2000,7,noisy,150,pdf,1.4772957264543725,1.5417792196886233,True,False,142,CONVERGENCE: RELATIVE REDUCTION OF F <= FACTR*EPSMCH,0
1.5,2.0,2000,7,noisy,150,qlog,1.52,1.3801288928419406,True,False,142,barrido q-log; q por deviance de bins,0
1.5,2.0,2000,7,noisy,160,pdf,1.4709081720271378,1.524110939111558,True,False,149,CONVERGENCE: RELATIVE REDUCTION OF F <= FACTR*EPSMCH,0
1.5,2.0,2000,7,noisy,160,qlog,1.52,1.340755854740311,True,False,149,barrido q-log; q por deviance de bins,0
1.5,2.0,2000,7,noisy,170,pdf,1.4724375484445664,1.530191656886629,True,False,159,CONVERGENCE: RELATIVE REDUCTION OF F <= FACTR*EPSMCH,0
1.5,2.0,2000,7,noisy,170,qlog,1.52,1.345490952804979,True,False,159,barrido q-log; q por deviance de bins,0
1.5,2.0,2000,7,noisy,180,pdf,1.4745097163023189,1.535735768825533,True,False,167,CONVERGENCE: RELATIVE REDUCTION OF F <= FACTR*EPSMCH,0
1.5,2.0,2000,7,noisy,180,qlog,1.52,1.3139293489704484,True,False,167,barrido q-log; q por deviance de bins,0
1.5,2.0,2000,7,noisy,190,pdf,1.4700511662518105,1.523200766696909,True,False,177,CONVERGENCE: RELATIVE REDUCTION OF F <= FACTR*EPSMCH,0
1.5,2.0,2000,7,noisy,190,qlog,1.52,1.3383002465103917,True,False,177,barrido q-log; q por deviance de bins,0
1.5,2.0,2000,7,noisy,200,pdf,1.4723069846271315,1.5308466136189245,True,False,184,CONVERGENCE: RELATIVE REDUCTION OF F <= FACTR*EPSMCH,0
1.5,2.0,2000,7,noisy,200,qlog,1.52,1.2697340924379583,True,False,184,barrido q-log; q por deviance de bins,0
1.5,2.0,2000,8,clean,10,pdf,1.5409127631667552,2.220335727511825,True,False,10,CONVERGENCE: RELATIVE REDUCTION OF F <= FACTR*EPSMCH,0
1.5,2.0,2000,8,clean,10,qlog,1.92,1.8103757343695606,True,False,10,barrido q-log; q por deviance de bins,0
1.5,2.0,2000,8,clean,20,pdf,1.5449254052931163,2.233256997320148,True,False,20,CONVERGENCE: RELATIVE REDUCTION OF F <= FACTR*EPSMCH,0
1.5,2.0,2000,8,clean,20,qlog,1.62,1.8909350152672748,True,False,20,barrido q-log; q por deviance de bins,0
1.5,2.0,2000,8,clean,30,pdf,1.5137824438131404,2.1078550664727924,True,False,30,CONVERGENCE: RELATIVE REDUCTION OF F <= FACTR*EPSMCH,0
1.5,2.0,2000,8,clean,30,qlog,1.54,1.8765382726669162,True,False,30,barrido q-log; q por deviance de bins,0
1.5,2.0,2000,8,clean,40,pdf,1.5105770457490937,2.1021546228524888,True,False,39,CONVERGENCE: RELATIVE REDUCTION OF F <= FACTR*EPSMCH,0
1.5,2.0,2000,8,clean,40,qlog,1.52,1.8623660289721395,True,False,39,barrido q-log; q por deviance de bins,0
1.5,2.0,2000,8,clean,50,pdf,1.5221233934267289,2.1481900195798027,True,False,49,CONVERGENCE: RELATIVE REDUCTION OF F <= FACTR*EPSMCH,0
1.5,2.0,2000,8,clean,50,qlog,1.52,1.9221173566313534,True,False,49,barrido q-log; q por deviance de bins,0
1.5,2.0,2000,8,clean,60,pdf,1.520562829540691,2.1398633315707842,True,False,59,CONVERGENCE: RELATIVE REDUCTION OF F <= FACTR*EPSMCH,0
1.5,2.0,2000,8,clean,60,qlog,1.52,1.9367899513550637,True,False,59,barrido q-log; q por deviance de bins,0
1.5,2.0,2000,8,clean,70,pdf,1.519665584552461,2.139279197155347,True,False,69,CONVERGENCE: RELATIVE REDUCTION OF F <= FACTR*EPSMCH,0
1.5,2.0,2000,8,clean,70,qlog,1.52,1.9608461281027914,True,False,69,barrido q-log; q por deviance de bins,0
1.5,2.0,2000,8,clean,80,pdf,1.5218417351335018,2.1464467578200668,True,False,77,CONVERGENCE: RELATIVE REDUCTION OF F <= FACTR*EPSMCH,0
1.5,2.0,2000,8,clean,80,qlog,1.52,1.9060862258959463,True,False,77,barrido q-log; q por deviance de bins,0
1.5,2.0,2000,8,clean,90,pdf,1.518487337520224,2.133616325742556,True,False,87,CONVERGENCE: RELATIVE REDUCTION OF F <= FACTR*EPSMCH,0
1.5,2.0,2000,8,clean,90,qlog,1.52,1.88202550589445,True,False,87,barrido q-log; q por deviance de bins,0
1.5,2.0,2000,8,clean,100,pdf,1.5200645397699009,2.1376855038005402,True,False,97,CONVERGENCE: RELATIVE REDUCTION OF F <= FACTR*EPSMCH,0
1.5,2.0,2000,8,clean,100,qlog,1.52,1.869995038029819,True,False,97,barrido q-log; q por deviance de bins,0
1.5,2.0,2000,8,clean,110,pdf,1.520598877473608,2.142452778506642,True,False,107,CONVERGENCE: RELATIVE REDUCTION OF F <= FACTR*EPSMCH,0
1.5,2.0,2000,8,clean,110,qlog,1.52,1.890196549927265,True,False,107,barrido q-log; q por deviance de bins,0
1.5,2.0,2000,8,clean,120,pdf,1.5195980861481917,2.133898911399543,True,False,115,CONVERGENCE: RELATIVE REDUCTION OF F <= FACTR*EPSMCH,0
1.5,2.0,2000,8,clean,120,qlog,1.52,1.8372122193177918,True,False,115,barrido q-log; q por deviance de bins,0
1.5,2.0,2000,8,clean,130,pdf,1.5211373749321853,2.1404208355823773,True,False,124,CONVERGENCE: RELATIVE REDUCTION OF F <= FACTR*EPSMCH,0
1.5,2.0,2000,8,clean,130,qlog,1.52,1.8095970306623828,True,False,124,barrido q-log; q por deviance de bins,0
1.5,2.0,2000,8,clean,140,pdf,1.5198649905064303,2.1384604536055773,True,False,134,CONVERGENCE: RELATIVE REDUCTION OF F <= FACTR*EPSMCH,0
1.5,2.0,2000,8,clean,140,qlog,1.52,1.840824479360269,True,False,134,barrido q-log; q por deviance de bins,0
1.5,2.0,2000,8,clean,150,pdf,1.5209696433921063,2.139375488898311,True,False,143,CONVERGENCE: RELATIVE REDUCTION OF F <= FACTR*EPSMCH,0
1.5,2.0,2000,8,clean,150,qlog,1.52,1.7709650118145865,True,False,143,barrido q-log; q por deviance de bins,0
1.5,2.0,2000,8,clean,160,pdf,1.5205486749723585,2.140154303610036,True,False,152,CONVERGENCE: RELATIVE REDUCTION OF F <= FACTR*EPSMCH,0
1.5,2.0,2000,8,clean,160,qlog,1.54,1.8193480012775098,True,False,152,barrido q-log; q por deviance de bins,0
1.5,2.0,2000,8,clean,170,pdf,1.517836999268599,2.129716563013404,True,False,163,CONVERGENCE: RELATIVE REDUCTION OF F <= FACTR*EPSMCH,0
1.5,2.0,2000,8,clean,170,qlog,1.52,1.7809914176324362,True,False,163,barrido q-log; q por deviance de bins,0
1.5,2.0,2000,8,clean,180,pdf,1.5214488173839977,2.1448460765360693,True,False,171,CONVERGENCE: RELATIVE REDUCTION OF F <= FACTR*EPSMCH,0
1.5,2.0,2000,8,clean,180,qlog,1.52,1.7340367754217603,True,False,171,barrido q-log; q por deviance de bins,0
1.5,2.0,2000,8,clean,190,pdf,1.5181849331516533,2.132787839538226,True,False,179,CONVERGENCE: RELATIVE REDUCTION OF F <= FACTR*EPSMCH,0
1.5,2.0,2000,8,clean,190,qlog,1.54,1.7875877029218612,True,False,179,barrido q-log; q por deviance de bins,0
1.5,2.0,2000,8,clean,200,pdf,1.5197916753558878,2.1378426075863586,True,False,190,CONVERGENCE: RELATIVE REDUCTION OF F <= FACTR*EPSMCH,0
1.5,2.0,2000,8,clean,200,qlog,1.52,1.7377401455108776,True,False,190,barrido q-log; q por deviance de bins,0
1.5,2.0,2000,8,noisy,10,pdf,1.3976850051444292,1.4240742273033824,True,False,10,CONVERGENCE: RELATIVE REDUCTION OF F <= FACTR*EPSMCH,0
1.5,2.0,2000,8,noisy,10,qlog,1.88,1.2881079481814128,True,False,10,barrido q-log; q por deviance de bins,0
1.5,2.0,2000,8,noisy,20,pdf,1.4681628041258483,1.6000337538521152,True,False,20,CONVERGENCE: RELATIVE REDUCTION OF F <= FACTR*EPSMCH,0
1.5,2.0,2000,8,noisy,20,qlog,1.56,1.3946359907589,True,False,20,barrido q-log; q por deviance de bins,0
1.5,2.0,2000,8,noisy,30,pdf,1.448972585789812,1.5570497881842145,True,False,30,CONVERGENCE: RELATIVE REDUCTION OF F <= FACTR*EPSMCH,0
1.5,2.0,2000,8,noisy,30,qlog,1.48,1.4219683853717229,True,False,30,barrido q-log; q por deviance de bins,0
1.5,2.0,2000,8,noisy,40,pdf,1.455952312565943,1.5748445522022185,True,False,39,CONVERGENCE: RELATIVE REDUCTION OF F <= FACTR*EPSMCH,0
1.5,2.0,2000,8,noisy,40,qlog,1.48,1.4635815330344983,True,False,39,barrido q-log; q por deviance de bins,0
1.5,2.0,2000,8,noisy,50,pdf,1.458667781313604,1.5861431903505334,True,False,49,CONVERGENCE: RELATIVE REDUCTION OF F <= FACTR*EPSMCH,0
1.5,2.0,2000,8,noisy,50,qlog,1.48,1.4818199069578795,True,False,49,barrido q-log; q por deviance de bins,0
1.5,2.0,2000,8,noisy,60,pdf,1.4600130046575837,1.5878941212408126,True,False,59,CONVERGENCE: RELATIVE REDUCTION OF F <= FACTR*EPSMCH,0
1.5,2.0,2000,8,noisy,60,qlog,1.46,1.4467807340508,True,False,59,barrido q-log; q por deviance de bins,0
1.5,2.0,2000,8,noisy,70,pdf,1.4600578953943115,1.586233378109916,True,False,67,CONVERGENCE: RELATIVE REDUCTION OF F <= FACTR*EPSMCH,0
1.5,2.0,2000,8,noisy,70,qlog,1.48,1.489516054637299,True,False,67,barrido q-log; q por deviance de bins,0
1.5,2.0,2000,8,noisy,80,pdf,1.4626229148904863,1.59345154594032,True,False,76,CONVERGENCE: RELATIVE REDUCTION OF F <= FACTR*EPSMCH,0
1.5,2.0,2000,8,noisy,80,qlog,1.48,1.5023348924901854,True,False,76,barrido q-log; q por deviance de bins,0
1.5,2.0,2000,8,noisy,90,pdf,1.456893338617706,1.5818547895712243,True,False,87,CONVERGENCE: RELATIVE REDUCTION OF F <= FACTR*EPSMCH,0
1.5,2.0,2000,8,noisy,90,qlog,1.46,1.4229843260648896,True,False,87,barrido q-log; q por deviance de bins,0
1.5,2.0,2000,8,noisy,100,pdf,1.4555546917254207,1.5766340625783473,True,False,96,CONVERGENCE: RELATIVE REDUCTION OF F <= FACTR*EPSMCH,0
1.5,2.0,2000,8,noisy,100,qlog,1.48,1.4414847197156058,True,False,96,barrido q-log; q por deviance de bins,0
1.5,2.0,2000,8,noisy,110,pdf,1.4552277480075055,1.575794656439484,True,False,105,CONVERGENCE: RELATIVE REDUCTION OF F <= FACTR*EPSMCH,0
1.5,2.0,2000,8,noisy,110,qlog,1.46,1.3728086496800396,True,False,105,barrido q-log; q por deviance de bins,0
1.5,2.0,2000,8,noisy,120,pdf,1.461324968493563,1.593318492645166,True,False,114,CONVERGENCE: RELATIVE REDUCTION OF F <= FACTR*EPSMCH,0
1.5,2.0,2000,8,noisy,120,qlog,1.48,1.4433678161501706,True,False,114,barrido q-log; q por deviance de bins,0
1.5,2.0,2000,8,noisy,130,pdf,1.4588937727904292,1.5837710923713508,True,False,122,CONVERGENCE: RELATIVE REDUCTION OF F <= FACTR*EPSMCH,0
1.5,2.0,2000,8,noisy,130,qlog,1.48,1.379921038625872,True,False,122,barrido q-log; q por deviance de bins,0
1.5,2.0,2000,8,noisy,140,pdf,1.4597851560982413,1.5878163220581094,True,False,132,CONVERGENCE: RELATIVE REDUCTION OF F <= FACTR*EPSMCH,0
1.5,2.0,2000,8,noisy,140,qlog,1.48,1.3866201480081926,True,False,132,barrido q-log; q por deviance de bins,0
1.5,2.0,2000,8,noisy,150,pdf,1.4560311151016714,1.5772931743149599,True,False,142,CONVERGENCE: RELATIVE REDUCTION OF F <= FACTR*EPSMCH,0
1.5,2.0,2000,8,noisy,150,qlog,1.48,1.3531944938763556,True,False,142,barrido q-log; q por deviance de bins,0
1.5,2.0,2000,8,noisy,160,pdf,1.45917782609578,1.5876010516377823,True,False,150,CONVERGENCE: RELATIVE REDUCTION OF F <= FACTR*EPSMCH,0
1.5,2.0,2000,8,noisy,160,qlog,1.48,1.3715979324052723,True,False,150,barrido q-log; q por deviance de bins,0
1.5,2.0,2000,8,noisy,170,pdf,1.4570774145307004,1.582595432001017,True,False,159,CONVERGENCE: RELATIVE REDUCTION OF F <= FACTR*EPSMCH,0
1.5,2.0,2000,8,noisy,170,qlog,1.48,1.374125818346108,True,False,159,barrido q-log; q por deviance de bins,0
1.5,2.0,2000,8,noisy,180,pdf,1.4584504114942838,1.5860026706763162,True,False,167,CONVERGENCE: RELATIVE REDUCTION OF F <= FACTR*EPSMCH,0
1.5,2.0,2000,8,noisy,180,qlog,1.48,1.3085275187670644,True,False,167,barrido q-log; q por deviance de bins,0
1.5,2.0,2000,8,noisy,190,pdf,1.4579287050997196,1.5835031266309707,True,False,179,CONVERGENCE: RELATIVE REDUCTION OF F <= FACTR*EPSMCH,0
1.5,2.0,2000,8,noisy,190,qlog,1.48,1.3349722835014688,True,False,179,barrido q-log; q por deviance de bins,0
1.5,2.0,2000,8,noisy,200,pdf,1.4605353828489844,1.5904635930848208,True,False,187,CONVERGENCE: RELATIVE REDUCTION OF F <= FACTR*EPSMCH,0
1.5,2.0,2000,8,noisy,200,qlog,1.48,1.2751195958594432,True,False,187,barrido q-log; q por deviance de bins,0
1.5,2.0,2000,9,clean,10,pdf,1.5073643444436637,2.115106321823199,True,False,10,CONVERGENCE: RELATIVE REDUCTION OF F <= FACTR*EPSMCH,0
1.5,2.0,2000,9,clean,10,qlog,1.98,1.8660850532155007,True,False,10,barrido q-log; q por deviance de bins,0
1.5,2.0,2000,9,clean,20,pdf,1.5463105191901099,2.2740026132585096,True,False,20,CONVERGENCE: RELATIVE REDUCTION OF F <= FACTR*EPSMCH,0
1.5,2.0,2000,9,clean,20,qlog,1.6400000000000001,1.9066728113015108,True,False,20,barrido q-log; q por deviance de bins,0
1.5,2.0,2000,9,clean,30,pdf,1.5366728844669557,2.2321129810282763,True,False,30,CONVERGENCE: RELATIVE REDUCTION OF F <= FACTR*EPSMCH,0
1.5,2.0,2000,9,clean,30,qlog,1.58,1.9862692812256226,True,False,30,barrido q-log; q por deviance de bins,0
1.5,2.0,2000,9,clean,40,pdf,1.5319146662821452,2.219331507246164,True,False,39,CONVERGENCE: RELATIVE REDUCTION OF F <= FACTR*EPSMCH,0
1.5,2.0,2000,9,clean,40,qlog,1.56,2.0218574734200354,True,False,39,barrido q-log; q por deviance de bins,0
1.5,2.0,2000,9,clean,50,pdf,1.5368402286768494,2.233104576328154,True,False,49,CONVERGENCE: RELATIVE REDUCTION OF F <= FACTR*EPSMCH,0
1.5,2.0,2000,9,clean,50,qlog,1.56,2.061780012767419,True,False,49,barrido q-log; q por deviance de bins,0
1.5,2.0,2000,9,clean,60,pdf,1.550796267521696,2.288467985899426,True,False,59,CONVERGENCE: RELATIVE REDUCTION OF F <= FACTR*EPSMCH,0
1.5,2.0,2000,9,clean,60,qlog,1.58,2.0762763398674573,True,False,59,barrido q-log; q por deviance de bins,0
1.5,2.0,2000,9,clean,70,pdf,1.5412869756983547,2.2573437991326015,True,False,67,CONVERGENCE: RELATIVE REDUCTION OF F <= FACTR*EPSMCH,0
1.5,2.0,2000,9,clean,70,qlog,1.58,2.070468168420603,True,False,67,barrido q-log; q por deviance de bins,0
1.5,2.0,2000,9,clean,80,pdf,1.5345258232501409,2.2279735705118786,True,False,78,CONVERGENCE: RELATIVE REDUCTION OF F <= FACTR*EPSMCH,0
1.5,2.0,2000,9,clean,80,qlog,1.54,1.9780883546370869,True,False,78,barrido q-log; q por deviance de bins,0
1.5,2.0,2000,9,clean,90,pdf,1.5367487897175176,2.2348248723318838,True,False,88,CONVERGENCE: RELATIVE REDUCTION OF F <= FACTR*EPSMCH,0
1.5,2.0,2000,9,clean,90,qlog,1.54,1.8911327626086294,True,False,88,barrido q-log; q por deviance de bins,0
1.5,2.0,2000,9,clean,100,pdf,1.5404364345353896,2.248954359165228,True,False,97,CONVERGENCE: RELATIVE REDUCTION OF F <= FACTR*EPSMCH,0
1.5,2.0,2000,9,clean,100,qlog,1.56,2.0444982568570023,True,False,97,barrido q-log; q por deviance de bins,0
1.5,2.0,2000,9,clean,110,pdf,1.54112815384526,2.2503366177614454,True,False,106,CONVERGENCE: RELATIVE REDUCTION OF F <= FACTR*EPSMCH,0
1.5,2.0,2000,9,clean,110,qlog,1.56,1.9715898513173868,True,False,106,barrido q-log; q por deviance de bins,0
1.5,2.0,2000,9,clean,120,pdf,1.541660419229508,2.254928550579428,True,False,115,CONVERGENCE: RELATIVE REDUCTION OF F <= FACTR*EPSMCH,0
1.5,2.0,2000,9,clean,120,qlog,1.56,1.9011288983724526,True,False,115,barrido q-log; q por deviance de bins,0
1.5,2.0,2000,9,clean,130,pdf,1.539541610354264,2.2500263973323165,True,False,125,CONVERGENCE: RELATIVE REDUCTION OF F <= FACTR*EPSMCH,0
1.5,2.0,2000,9,clean,130,qlog,1.56,1.8626006768215346,True,False,125,barrido q-log; q por deviance de bins,0
1.5,2.0,2000,9,clean,140,pdf,1.5402910058448904,2.253609120945901,True,False,133,CONVERGENCE: RELATIVE REDUCTION OF F <= FACTR*EPSMCH,0
1.5,2.0,2000,9,clean,140,qlog,1.56,1.8890810983241753,True,False,133,barrido q-log; q por deviance de bins,0
1.5,2.0,2000,9,clean,150,pdf,1.536624173678843,2.233673166586482,True,False,143,CONVERGENCE: RELATIVE REDUCTION OF F <= FACTR*EPSMCH,0
1.5,2.0,2000,9,clean,150,qlog,1.56,1.8294134624576333,True,False,143,barrido q-log; q por deviance de bins,0
1.5,2.0,2000,9,clean,160,pdf,1.5416821716220401,2.2537569990661543,True,False,152,CONVERGENCE: RELATIVE REDUCTION OF F <= FACTR*EPSMCH,0
1.5,2.0,2000,9,clean,160,qlog,1.56,1.808562905861692,True,False,152,barrido q-log; q por deviance de bins,0
1.5,2.0,2000,9,clean,170,pdf,1.5423351263779235,2.258128475131911,True,False,162,CONVERGENCE: RELATIVE REDUCTION OF F <= FACTR*EPSMCH,0
1.5,2.0,2000,9,clean,170,qlog,1.56,1.8096067553223356,True,False,162,barrido q-log; q por deviance de bins,0
1.5,2.0,2000,9,clean,180,pdf,1.5400514277688577,2.2476402791207115,True,False,168,CONVERGENCE: RELATIVE REDUCTION OF F <= FACTR*EPSMCH,0
1.5,2.0,2000,9,clean,180,qlog,1.56,1.7016461582537634,True,False,168,barrido q-log; q por deviance de bins,0
1.5,2.0,2000,9,clean,190,pdf,1.5408801002269463,2.2504725549816302,True,False,177,CONVERGENCE: RELATIVE REDUCTION OF F <= FACTR*EPSMCH,0
1.5,2.0,2000,9,clean,190,qlog,1.58,1.7967041804767705,True,False,177,barrido q-log; q por deviance de bins,0
1.5,2.0,2000,9,clean,200,pdf,1.5398580111759617,2.2456458684139413,True,False,188,CONVERGENCE: RELATIVE REDUCTION OF F <= FACTR*EPSMCH,0
1.5,2.0,2000,9,clean,200,qlog,1.58,1.8545844017543438,True,False,188,barrido q-log; q por deviance de bins,0
1.5,2.0,2000,9,noisy,10,pdf,1.4317454080155918,1.498755327312902,True,False,10,CONVERGENCE: RELATIVE REDUCTION OF F <= FACTR*EPSMCH,0
1.5,2.0,2000,9,noisy,10,qlog,1.94,1.3993504377669388,True,False,10,barrido q-log; q por deviance de bins,0
1.5,2.0,2000,9,noisy,20,pdf,1.4648867778786563,1.5992620511072921,True,False,20,CONVERGENCE: RELATIVE REDUCTION OF F <= FACTR*EPSMCH,0
1.5,2.0,2000,9,noisy,20,qlog,1.58,1.399171425373073,True,False,20,barrido q-log; q por deviance de bins,0
1.5,2.0,2000,9,noisy,30,pdf,1.4924048663318077,1.6821251309944802,True,False,30,CONVERGENCE: RELATIVE REDUCTION OF F <= FACTR*EPSMCH,0
1.5,2.0,2000,9,noisy,30,qlog,1.54,1.5391013120251635,True,False,30,barrido q-log; q por deviance de bins,0
1.5,2.0,2000,9,noisy,40,pdf,1.4911371187723959,1.6709930576499434,True,False,39,CONVERGENCE: RELATIVE REDUCTION OF F <= FACTR*EPSMCH,0
1.5,2.0,2000,9,noisy,40,qlog,1.52,1.541923117319422,True,False,39,barrido q-log; q por deviance de bins,0
1.5,2.0,2000,9,noisy,50,pdf,1.4920928607199937,1.679029945025518,True,False,49,CONVERGENCE: RELATIVE REDUCTION OF F <= FACTR*EPSMCH,0
1.5,2.0,2000,9,noisy,50,qlog,1.52,1.5599655810114532,True,False,49,barrido q-log; q por deviance de bins,0
1.5,2.0,2000,9,noisy,60,pdf,1.4838351535517638,1.655442391535671,True,False,59,CONVERGENCE: RELATIVE REDUCTION OF F <= FACTR*EPSMCH,0
1.5,2.0,2000,9,noisy,60,qlog,1.52,1.522396087312561,True,False,59,barrido q-log; q por deviance de bins,0
1.5,2.0,2000,9,noisy,70,pdf,1.494456791396261,1.6785217758673394,True,False,67,CONVERGENCE: RELATIVE REDUCTION OF F <= FACTR*EPSMCH,0
1.5,2.0,2000,9,noisy,70,qlog,1.54,1.5176193697794618,True,False,67,barrido q-log; q por deviance de bins,0
1.5,2.0,2000,9,noisy,80,pdf,1.492418728712197,1.6757889989682215,True,False,78,CONVERGENCE: RELATIVE REDUCTION OF F <= FACTR*EPSMCH,0
1.5,2.0,2000,9,noisy,80,qlog,1.52,1.5221498320405358,True,False,78,barrido q-log; q por deviance de bins,0
1.5,2.0,2000,9,noisy,90,pdf,1.4869671297338087,1.6611736034803326,True,False,88,CONVERGENCE: RELATIVE REDUCTION OF F <= FACTR*EPSMCH,0
1.5,2.0,2000,9,noisy,90,qlog,1.5,1.478166704332463,True,False,88,barrido q-log; q por deviance de bins,0
1.5,2.0,2000,9,noisy,100,pdf,1.482497388200548,1.6471154497589668,True,False,95,CONVERGENCE: RELATIVE REDUCTION OF F <= FACTR*EPSMCH,0
1.5,2.0,2000,9,noisy,100,qlog,1.5,1.453074093712477,True,False,95,barrido q-log; q por deviance de bins,0
1.5,2.0,2000,9,noisy,110,pdf,1.4858596601050484,1.6556435596770733,True,False,106,CONVERGENCE: RELATIVE REDUCTION OF F <= FACTR*EPSMCH,0
1.5,2.0,2000,9,noisy,110,qlog,1.5,1.4129591314613132,True,False,106,barrido q-log; q por deviance de bins,0
1.5,2.0,2000,9,noisy,120,pdf,1.4916245696032926,1.6784124117645116,True,False,115,CONVERGENCE: RELATIVE REDUCTION OF F <= FACTR*EPSMCH,0
1.5,2.0,2000,9,noisy,120,qlog,1.52,1.4318922534109069,True,False,115,barrido q-log; q por deviance de bins,0
1.5,2.0,2000,9,noisy,130,pdf,1.4879178437671936,1.6628316114177029,True,False,125,CONVERGENCE: RELATIVE REDUCTION OF F <= FACTR*EPSMCH,0
1.5,2.0,2000,9,noisy,130,qlog,1.52,1.4651589111144223,True,False,125,barrido q-log; q por deviance de bins,0
1.5,2.0,2000,9,noisy,140,pdf,1.486939359673733,1.6593375463199445,True,False,133,CONVERGENCE: RELATIVE REDUCTION OF F <= FACTR*EPSMCH,0
1.5,2.0,2000,9,noisy,140,qlog,1.52,1.383722124969977,True,False,133,barrido q-log; q por deviance de bins,0
1.5,2.0,2000,9,noisy,150,pdf,1.4910148481743681,1.6754025013506855,True,False,142,CONVERGENCE: RELATIVE REDUCTION OF F <= FACTR*EPSMCH,0
1.5,2.0,2000,9,noisy,150,qlog,1.54,1.4006860968567307,True,False,142,barrido q-log; q por deviance de bins,0
1.5,2.0,2000,9,noisy,160,pdf,1.4874790117323307,1.6624725499266417,True,False,153,CONVERGENCE: RELATIVE REDUCTION OF F <= FACTR*EPSMCH,0
1.5,2.0,2000,9,noisy,160,qlog,1.52,1.4078205327605406,True,False,153,barrido q-log; q por deviance de bins,0
1.5,2.0,2000,9,noisy,170,pdf,1.4879948375274932,1.6636936120049124,True,False,159,CONVERGENCE: RELATIVE REDUCTION OF F <= FACTR*EPSMCH,0
1.5,2.0,2000,9,noisy,170,qlog,1.52,1.3691455533652075,True,False,159,barrido q-log; q por deviance de bins,0
1.5,2.0,2000,9,noisy,180,pdf,1.4872659829879034,1.663109368886828,True,False,169,CONVERGENCE: RELATIVE REDUCTION OF F <= FACTR*EPSMCH,0
1.5,2.0,2000,9,noisy,180,qlog,1.52,1.341752589311144,True,False,169,barrido q-log; q por deviance de bins,0
1.5,2.0,2000,9,noisy,190,pdf,1.4899228510760978,1.6709703350360052,True,False,179,CONVERGENCE: RELATIVE REDUCTION OF F <= FACTR*EPSMCH,0
1.5,2.0,2000,9,noisy,190,qlog,1.54,1.3628038390484414,True,False,179,barrido q-log; q por deviance de bins,0
1.5,2.0,2000,9,noisy,200,pdf,1.4881556578519914,1.6632972455914694,True,False,187,CONVERGENCE: RELATIVE REDUCTION OF F <= FACTR*EPSMCH,0
1.5,2.0,2000,9,noisy,200,qlog,1.54,1.3602033561417768,True,False,187,barrido q-log; q por deviance de bins,0
1.5,5.0,2000,0,clean,10,pdf,1.4671891921095375,4.6320465877747,True,False,10,CONVERGENCE: NORM OF PROJECTED GRADIENT <= PGTOL,0
1.5,5.0,2000,0,clean,10,qlog,2.12,2.972925879681544,True,False,10,barrido q-log; q por deviance de bins,0
1.5,5.0,2000,0,clean,20,pdf,1.4705593997194364,4.647482160046243,True,False,20,CONVERGENCE: NORM OF PROJECTED GRADIENT <= PGTOL,0
1.5,5.0,2000,0,clean,20,qlog,1.74,4.17519717056659,True,False,20,barrido q-log; q por deviance de bins,0
1.5,5.0,2000,0,clean,30,pdf,1.4898417229096068,4.8215898345968515,True,False,29,CONVERGENCE: NORM OF PROJECTED GRADIENT <= PGTOL,0
1.5,5.0,2000,0,clean,30,qlog,1.56,3.9889341323753538,True,False,29,barrido q-log; q por deviance de bins,0
1.5,5.0,2000,0,clean,40,pdf,1.4967764147327978,4.876636690877186,True,False,38,CONVERGENCE: NORM OF PROJECTED GRADIENT <= PGTOL,0
1.5,5.0,2000,0,clean,40,qlog,1.54,4.289342289005647,True,False,38,barrido q-log; q por deviance de bins,0
1.5,5.0,2000,0,clean,50,pdf,1.5133937230484489,5.041075292816993,True,False,48,CONVERGENCE: RELATIVE REDUCTION OF F <= FACTR*EPSMCH,0
1.5,5.0,2000,0,clean,50,qlog,1.54,4.471160523556137,True,False,48,barrido q-log; q por deviance de bins,0
1.5,5.0,2000,0,clean,60,pdf,1.5038641467725158,4.94100094071799,True,False,56,CONVERGENCE: RELATIVE REDUCTION OF F <= FACTR*EPSMCH,0
1.5,5.0,2000,0,clean,60,qlog,1.54,4.4787435400849605,True,False,56,barrido q-log; q por deviance de bins,0
1.5,5.0,2000,0,clean,70,pdf,1.5085890029004074,4.982940041062218,True,False,66,CONVERGENCE: RELATIVE REDUCTION OF F <= FACTR*EPSMCH,0
1.5,5.0,2000,0,clean,70,qlog,1.56,4.627526785138439,True,False,66,barrido q-log; q por deviance de bins,0
1.5,5.0,2000,0,clean,80,pdf,1.5046931174506895,4.9504977459475645,True,False,74,CONVERGENCE: RELATIVE REDUCTION OF F <= FACTR*EPSMCH,0
1.5,5.0,2000,0,clean,80,qlog,1.56,4.66392619068643,True,False,74,barrido q-log; q por deviance de bins,0
1.5,5.0,2000,0,clean,90,pdf,1.5012257697224516,4.921209724960537,True,False,83,CONVERGENCE: RELATIVE REDUCTION OF F <= FACTR*EPSMCH,0
1.5,5.0,2000,0,clean,90,qlog,1.56,4.562117089560805,True,False,83,barrido q-log; q por deviance de bins,0
1.5,5.0,2000,0,clean,100,pdf,1.508515006526523,4.989964142252195,True,False,92,CONVERGENCE: RELATIVE REDUCTION OF F <= FACTR*EPSMCH,0
1.5,5.0,2000,0,clean,100,qlog,1.58,4.67944662549128,True,False,92,barrido q-log; q por deviance de bins,0
1.5,5.0,2000,0,clean,110,pdf,1.5077448829707556,4.974473970276853,True,False,101,CONVERGENCE: RELATIVE REDUCTION OF F <= FACTR*EPSMCH,0
1.5,5.0,2000,0,clean,110,qlog,1.58,4.61334093626585,True,False,101,barrido q-log; q por deviance de bins,0
1.5,5.0,2000,0,clean,120,pdf,1.506133721533208,4.959010470425352,True,False,110,CONVERGENCE: RELATIVE REDUCTION OF F <= FACTR*EPSMCH,0
1.5,5.0,2000,0,clean,120,qlog,1.58,4.524932546931876,True,False,110,barrido q-log; q por deviance de bins,0
1.5,5.0,2000,0,clean,130,pdf,1.5039434889714716,4.9454581389015155,True,False,119,CONVERGENCE: RELATIVE REDUCTION OF F <= FACTR*EPSMCH,0
1.5,5.0,2000,0,clean,130,qlog,1.58,4.320637495062003,True,False,119,barrido q-log; q por deviance de bins,0
1.5,5.0,2000,0,clean,140,pdf,1.505184336640215,4.963044441868292,True,False,128,CONVERGENCE: RELATIVE REDUCTION OF F <= FACTR*EPSMCH,0
1.5,5.0,2000,0,clean,140,qlog,1.6,4.446411838431041,True,False,128,barrido q-log; q por deviance de bins,0
1.5,5.0,2000,0,clean,150,pdf,1.5054789743145252,4.959742768209157,True,False,137,CONVERGENCE: RELATIVE REDUCTION OF F <= FACTR*EPSMCH,0
1.5,5.0,2000,0,clean,150,qlog,1.6,4.540861255869867,True,False,137,barrido q-log; q por deviance de bins,0
1.5,5.0,2000,0,clean,160,pdf,1.5060745428197053,4.965085515368517,True,False,145,CONVERGENCE: RELATIVE REDUCTION OF F <= FACTR*EPSMCH,0
1.5,5.0,2000,0,clean,160,qlog,1.6,4.463115051244434,True,False,145,barrido q-log; q por deviance de bins,0
1.5,5.0,2000,0,clean,170,pdf,1.510510416870223,5.006274580987002,True,False,155,CONVERGENCE: RELATIVE REDUCTION OF F <= FACTR*EPSMCH,0
1.5,5.0,2000,0,clean,170,qlog,1.6,4.247410558650646,True,False,155,barrido q-log; q por deviance de bins,0
1.5,5.0,2000,0,clean,180,pdf,1.5080521955582085,4.9781515899631685,True,False,162,CONVERGENCE: RELATIVE REDUCTION OF F <= FACTR*EPSMCH,0
1.5,5.0,2000,0,clean,180,qlog,1.6,4.2312295416292995,True,False,162,barrido q-log; q por deviance de bins,0
1.5,5.0,2000,0,clean,190,pdf,1.5076115944104282,4.975038307113951,True,False,173,CONVERGENCE: RELATIVE REDUCTION OF F <= FACTR*EPSMCH,0
1.5,5.0,2000,0,clean,190,qlog,1.6,4.1210330642117015,True,False,173,barrido q-log; q por deviance de bins,0
1.5,5.0,2000,0,clean,200,pdf,1.5071349716463798,4.967244413708293,True,False,181,CONVERGENCE: RELATIVE REDUCTION OF F <= FACTR*EPSMCH,0
1.5,5.0,2000,0,clean,200,qlog,1.62,4.2005126709031195,True,False,181,barrido q-log; q por deviance de bins,0
1.5,5.0,2000,0,noisy,10,pdf,1.4683761002999938,3.8178851912932816,True,False,10,CONVERGENCE: RELATIVE REDUCTION OF F <= FACTR*EPSMCH,0
1.5,5.0,2000,0,noisy,10,qlog,2.1,2.4685795901020247,True,False,10,barrido q-log; q por deviance de bins,0
1.5,5.0,2000,0,noisy,20,pdf,1.4644376154275438,3.788007171402329,True,False,20,CONVERGENCE: NORM OF PROJECTED GRADIENT <= PGTOL,0
1.5,5.0,2000,0,noisy,20,qlog,1.7200000000000002,3.332760960183171,True,False,20,barrido q-log; q por deviance de bins,0
1.5,5.0,2000,0,noisy,30,pdf,1.4688899465367549,3.805574667451859,True,False,29,CONVERGENCE: RELATIVE REDUCTION OF F <= FACTR*EPSMCH,0
1.5,5.0,2000,0,noisy,30,qlog,1.54,3.179137446870545,True,False,29,barrido q-log; q por deviance de bins,0
1.5,5.0,2000,0,noisy,40,pdf,1.4523747552270816,3.697670770917044,True,False,38,CONVERGENCE: RELATIVE REDUCTION OF F <= FACTR*EPSMCH,0
1.5,5.0,2000,0,noisy,40,qlog,1.52,3.4109612041165613,True,False,38,barrido q-log; q por deviance de bins,0
1.5,5.0,2000,0,noisy,50,pdf,1.47706839105915,3.850179679109006,True,False,48,CONVERGENCE: RELATIVE REDUCTION OF F <= FACTR*EPSMCH,0
1.5,5.0,2000,0,noisy,50,qlog,1.52,3.5309193968274317,True,False,48,barrido q-log; q por deviance de bins,0
1.5,5.0,2000,0,noisy,60,pdf,1.458448697327876,3.7501301179906195,True,False,56,CONVERGENCE: RELATIVE REDUCTION OF F <= FACTR*EPSMCH,0
1.5,5.0,2000,0,noisy,60,qlog,1.52,3.5510791780319173,True,False,56,barrido q-log; q por deviance de bins,0
1.5,5.0,2000,0,noisy,70,pdf,1.4626852457869346,3.767634366814023,True,False,65,CONVERGENCE: RELATIVE REDUCTION OF F <= FACTR*EPSMCH,0
1.5,5.0,2000,0,noisy,70,qlog,1.52,3.5312038210286194,True,False,65,barrido q-log; q por deviance de bins,0
1.5,5.0,2000,0,noisy,80,pdf,1.4559036931895746,3.722010988176968,True,False,74,CONVERGENCE: RELATIVE REDUCTION OF F <= FACTR*EPSMCH,0
1.5,5.0,2000,0,noisy,80,qlog,1.54,3.652924279919491,True,False,74,barrido q-log; q por deviance de bins,0
1.5,5.0,2000,0,noisy,90,pdf,1.4559866053036998,3.718321277942403,True,False,83,CONVERGENCE: RELATIVE REDUCTION OF F <= FACTR*EPSMCH,0
1.5,5.0,2000,0,noisy,90,qlog,1.54,3.544442529841275,True,False,83,barrido q-log; q por deviance de bins,0
1.5,5.0,2000,0,noisy,100,pdf,1.4717438763742243,3.8236218166795153,True,False,92,CONVERGENCE: RELATIVE REDUCTION OF F <= FACTR*EPSMCH,0
1.5,5.0,2000,0,noisy,100,qlog,1.54,3.488969985352611,True,False,92,barrido q-log; q por deviance de bins,0
1.5,5.0,2000,0,noisy,110,pdf,1.4610542377994764,3.7572459677716825,True,False,101,CONVERGENCE: RELATIVE REDUCTION OF F <= FACTR*EPSMCH,0
1.5,5.0,2000,0,noisy,110,qlog,1.56,3.6023226230581993,True,False,101,barrido q-log; q por deviance de bins,0
1.5,5.0,2000,0,noisy,120,pdf,1.4596222457658503,3.7497095004705017,True,False,110,CONVERGENCE: RELATIVE REDUCTION OF F <= FACTR*EPSMCH,0
1.5,5.0,2000,0,noisy,120,qlog,1.56,3.529407544434681,True,False,110,barrido q-log; q por deviance de bins,0
1.5,5.0,2000,0,noisy,130,pdf,1.4492656767562841,3.6874608006328025,True,False,119,CONVERGENCE: RELATIVE REDUCTION OF F <= FACTR*EPSMCH,0
1.5,5.0,2000,0,noisy,130,qlog,1.56,3.4315260062439976,True,False,119,barrido q-log; q por deviance de bins,0
1.5,5.0,2000,0,noisy,140,pdf,1.4564079478034655,3.731943847204478,True,False,127,CONVERGENCE: RELATIVE REDUCTION OF F <= FACTR*EPSMCH,0
1.5,5.0,2000,0,noisy,140,qlog,1.56,3.3093501130775964,True,False,127,barrido q-log; q por deviance de bins,0
1.5,5.0,2000,0,noisy,150,pdf,1.463244659710587,3.7794929656811544,True,False,136,CONVERGENCE: RELATIVE REDUCTION OF F <= FACTR*EPSMCH,0
1.5,5.0,2000,0,noisy,150,qlog,1.58,3.4859005596733255,True,False,136,barrido q-log; q por deviance de bins,0
1.5,5.0,2000,0,noisy,160,pdf,1.4569623891596912,3.7377050055848073,True,False,145,CONVERGENCE: RELATIVE REDUCTION OF F <= FACTR*EPSMCH,0
1.5,5.0,2000,0,noisy,160,qlog,1.58,3.394596357696614,True,False,145,barrido q-log; q por deviance de bins,0
1.5,5.0,2000,0,noisy,170,pdf,1.4603060266206105,3.761148655065119,True,False,154,CONVERGENCE: RELATIVE REDUCTION OF F <= FACTR*EPSMCH,0
1.5,5.0,2000,0,noisy,170,qlog,1.58,3.2679007053796614,True,False,154,barrido q-log; q por deviance de bins,0
1.5,5.0,2000,0,noisy,180,pdf,1.456291882581672,3.735015310440652,True,False,163,CONVERGENCE: RELATIVE REDUCTION OF F <= FACTR*EPSMCH,0
1.5,5.0,2000,0,noisy,180,qlog,1.58,3.209373123586571,True,False,163,barrido q-log; q por deviance de bins,0
1.5,5.0,2000,0,noisy,190,pdf,1.4555988515248286,3.727703161753628,True,False,171,CONVERGENCE: RELATIVE REDUCTION OF F <= FACTR*EPSMCH,0
1.5,5.0,2000,0,noisy,190,qlog,1.58,3.0913835516691077,True,False,171,barrido q-log; q por deviance de bins,0
1.5,5.0,2000,0,noisy,200,pdf,1.4644588903150808,3.7836138519425377,True,False,181,CONVERGENCE: RELATIVE REDUCTION OF F <= FACTR*EPSMCH,0
1.5,5.0,2000,0,noisy,200,qlog,1.6,3.3294133478377534,True,False,181,barrido q-log; q por deviance de bins,0
1.5,5.0,2000,1,clean,10,pdf,1.52792716024892,5.844332498534631,True,False,10,CONVERGENCE: RELATIVE REDUCTION OF F <= FACTR*EPSMCH,0
1.5,5.0,2000,1,clean,10,qlog,2.0,4.945916873774067,True,False,10,barrido q-log; q por deviance de bins,0
1.5,5.0,2000,1,clean,20,pdf,1.5324232586945024,5.886483647280233,True,False,20,CONVERGENCE: NORM OF PROJECTED GRADIENT <= PGTOL,0
1.5,5.0,2000,1,clean,20,qlog,1.6400000000000001,4.9185112476837265,True,False,20,barrido q-log; q por deviance de bins,0
1.5,5.0,2000,1,clean,30,pdf,1.5174127093377063,5.718362975630854,True,False,29,CONVERGENCE: RELATIVE REDUCTION OF F <= FACTR*EPSMCH,0
1.5,5.0,2000,1,clean,30,qlog,1.56,4.985811253633709,True,False,29,barrido q-log; q por deviance de bins,0
1.5,5.0,2000,1,clean,40,pdf,1.5284009352288828,5.801871804679476,True,False,39,CONVERGENCE: RELATIVE REDUCTION OF F <= FACTR*EPSMCH,0
1.5,5.0,2000,1,clean,40,qlog,1.54,5.137187975833365,True,False,39,barrido q-log; q por deviance de bins,0
1.5,5.0,2000,1,clean,50,pdf,1.534283709034072,5.899073712774101,True,False,49,CONVERGENCE: RELATIVE REDUCTION OF F <= FACTR*EPSMCH,0
1.5,5.0,2000,1,clean,50,qlog,1.54,5.205085236040577,True,False,49,barrido q-log; q por deviance de bins,0
1.5,5.0,2000,1,clean,60,pdf,1.5293742921751716,5.821676922902982,True,False,58,CONVERGENCE: RELATIVE REDUCTION OF F <= FACTR*EPSMCH,0
1.5,5.0,2000,1,clean,60,qlog,1.54,5.2832275997241,True,False,58,barrido q-log; q por deviance de bins,0
1.5,5.0,2000,1,clean,70,pdf,1.5304993357457781,5.837011661844872,True,False,68,CONVERGENCE: RELATIVE REDUCTION OF F <= FACTR*EPSMCH,0
1.5,5.0,2000,1,clean,70,qlog,1.54,5.28527031377748,True,False,68,barrido q-log; q por deviance de bins,0
1.5,5.0,2000,1,clean,80,pdf,1.5347044190335744,5.8748359257439615,True,False,77,CONVERGENCE: RELATIVE REDUCTION OF F <= FACTR*EPSMCH,0
1.5,5.0,2000,1,clean,80,qlog,1.54,5.208856179186424,True,False,77,barrido q-log; q por deviance de bins,0
1.5,5.0,2000,1,clean,90,pdf,1.5320952071851683,5.8566842526538325,True,False,87,CONVERGENCE: RELATIVE REDUCTION OF F <= FACTR*EPSMCH,0
1.5,5.0,2000,1,clean,90,qlog,1.54,5.116777838059329,True,False,87,barrido q-log; q por deviance de bins,0
1.5,5.0,2000,1,clean,100,pdf,1.5330438905201442,5.875665408957182,True,False,97,CONVERGENCE: RELATIVE REDUCTION OF F <= FACTR*EPSMCH,0
1.5,5.0,2000,1,clean,100,qlog,1.54,5.095311686469716,True,False,97,barrido q-log; q por deviance de bins,0
1.5,5.0,2000,1,clean,110,pdf,1.5282065850715765,5.816708815272341,True,False,104,CONVERGENCE: RELATIVE REDUCTION OF F <= FACTR*EPSMCH,0
1.5,5.0,2000,1,clean,110,qlog,1.54,5.026471480359296,True,False,104,barrido q-log; q por deviance de bins,0
1.5,5.0,2000,1,clean,120,pdf,1.5278670976766233,5.81016283506916,True,False,114,CONVERGENCE: RELATIVE REDUCTION OF F <= FACTR*EPSMCH,0
1.5,5.0,2000,1,clean,120,qlog,1.54,4.98731937032738,True,False,114,barrido q-log; q por deviance de bins,0
1.5,5.0,2000,1,clean,130,pdf,1.530938836886662,5.846326660131837,True,False,124,CONVERGENCE: RELATIVE REDUCTION OF F <= FACTR*EPSMCH,0
1.5,5.0,2000,1,clean,130,qlog,1.54,4.835607471323137,True,False,124,barrido q-log; q por deviance de bins,0
1.5,5.0,2000,1,clean,140,pdf,1.5273034646437988,5.808246713854991,True,False,131,CONVERGENCE: RELATIVE REDUCTION OF F <= FACTR*EPSMCH,0
1.5,5.0,2000,1,clean,140,qlog,1.54,4.712688780610604,True,False,131,barrido q-log; q por deviance de bins,0
1.5,5.0,2000,1,clean,150,pdf,1.53008322978904,5.835791994046732,True,False,143,CONVERGENCE: RELATIVE REDUCTION OF F <= FACTR*EPSMCH,0
1.5,5.0,2000,1,clean,150,qlog,1.54,4.7634891166555215,True,False,143,barrido q-log; q por deviance de bins,0
1.5,5.0,2000,1,clean,160,pdf,1.533458740765033,5.869912543722563,True,False,150,CONVERGENCE: RELATIVE REDUCTION OF F <= FACTR*EPSMCH,0
1.5,5.0,2000,1,clean,160,qlog,1.54,4.636676881685015,True,False,150,barrido q-log; q por deviance de bins,0
1.5,5.0,2000,1,clean,170,pdf,1.5310917291965833,5.845039446076383,True,False,159,CONVERGENCE: RELATIVE REDUCTION OF F <= FACTR*EPSMCH,0
1.5,5.0,2000,1,clean,170,qlog,1.54,4.427172103890176,True,False,159,barrido q-log; q por deviance de bins,0
1.5,5.0,2000,1,clean,180,pdf,1.5321208118431926,5.859041254436642,True,False,167,CONVERGENCE: RELATIVE REDUCTION OF F <= FACTR*EPSMCH,0
1.5,5.0,2000,1,clean,180,qlog,1.54,4.497207602063704,True,False,167,barrido q-log; q por deviance de bins,0
1.5,5.0,2000,1,clean,190,pdf,1.532200076524131,5.850551649721269,True,False,177,CONVERGENCE: RELATIVE REDUCTION OF F <= FACTR*EPSMCH,0
1.5,5.0,2000,1,clean,190,qlog,1.54,4.408320760636018,True,False,177,barrido q-log; q por deviance de bins,0
1.5,5.0,2000,1,clean,200,pdf,1.5311868677041889,5.848652420721973,True,False,186,CONVERGENCE: RELATIVE REDUCTION OF F <= FACTR*EPSMCH,0
1.5,5.0,2000,1,clean,200,qlog,1.54,4.34456283850006,True,False,186,barrido q-log; q por deviance de bins,0
1.5,5.0,2000,1,noisy,10,pdf,1.4021471888098291,3.7654913499999605,True,False,10,CONVERGENCE: RELATIVE REDUCTION OF F <= FACTR*EPSMCH,0
1.5,5.0,2000,1,noisy,10,qlog,1.94,3.172728012787549,True,False,10,barrido q-log; q por deviance de bins,0
1.5,5.0,2000,1,noisy,20,pdf,1.4468570572614579,4.056673280674907,True,False,20,CONVERGENCE: NORM OF PROJECTED GRADIENT <= PGTOL,0
1.5,5.0,2000,1,noisy,20,qlog,1.58,3.4706608787984186,True,False,20,barrido q-log; q por deviance de bins,0
1.5,5.0,2000,1,noisy,30,pdf,1.4578426122165347,4.148648158512887,True,False,29,CONVERGENCE: RELATIVE REDUCTION OF F <= FACTR*EPSMCH,0
1.5,5.0,2000,1,noisy,30,qlog,1.52,3.751833631914722,True,False,29,barrido q-log; q por deviance de bins,0
1.5,5.0,2000,1,noisy,40,pdf,1.447719238742572,4.082486849462693,True,False,39,CONVERGENCE: RELATIVE REDUCTION OF F <= FACTR*EPSMCH,0
1.5,5.0,2000,1,noisy,40,qlog,1.48,3.7512099341446037,True,False,39,barrido q-log; q por deviance de bins,0
1.5,5.0,2000,1,noisy,50,pdf,1.4766069219922604,4.2773762193692635,True,False,48,CONVERGENCE: RELATIVE REDUCTION OF F <= FACTR*EPSMCH,0
1.5,5.0,2000,1,noisy,50,qlog,1.5,3.942067910954875,True,False,48,barrido q-log; q por deviance de bins,0
1.5,5.0,2000,1,noisy,60,pdf,1.4691539706711496,4.230634196391103,True,False,58,CONVERGENCE: RELATIVE REDUCTION OF F <= FACTR*EPSMCH,0
1.5,5.0,2000,1,noisy,60,qlog,1.48,3.8160770338807466,True,False,58,barrido q-log; q por deviance de bins,0
1.5,5.0,2000,1,noisy,70,pdf,1.4714152316450606,4.236226941426728,True,False,67,CONVERGENCE: RELATIVE REDUCTION OF F <= FACTR*EPSMCH,0
1.5,5.0,2000,1,noisy,70,qlog,1.48,3.7789294522143697,True,False,67,barrido q-log; q por deviance de bins,0
1.5,5.0,2000,1,noisy,80,pdf,1.4635064779023126,4.186990763990108,True,False,77,CONVERGENCE: RELATIVE REDUCTION OF F <= FACTR*EPSMCH,0
1.5,5.0,2000,1,noisy,80,qlog,1.48,3.80469371836293,True,False,77,barrido q-log; q por deviance de bins,0
1.5,5.0,2000,1,noisy,90,pdf,1.4749000433660024,4.275544014192289,True,False,87,CONVERGENCE: RELATIVE REDUCTION OF F <= FACTR*EPSMCH,0
1.5,5.0,2000,1,noisy,90,qlog,1.5,3.8817407691123877,True,False,87,barrido q-log; q por deviance de bins,0
1.5,5.0,2000,1,noisy,100,pdf,1.4754470803322908,4.27019903003879,True,False,96,CONVERGENCE: RELATIVE REDUCTION OF F <= FACTR*EPSMCH,0
1.5,5.0,2000,1,noisy,100,qlog,1.5,3.8956595811866115,True,False,96,barrido q-log; q por deviance de bins,0
1.5,5.0,2000,1,noisy,110,pdf,1.4684364352808512,4.23024458521154,True,False,104,CONVERGENCE: RELATIVE REDUCTION OF F <= FACTR*EPSMCH,0
1.5,5.0,2000,1,noisy,110,qlog,1.5,3.77910501953743,True,False,104,barrido q-log; q por deviance de bins,0
1.5,5.0,2000,1,noisy,120,pdf,1.4627558195394776,4.186347165356661,True,False,114,CONVERGENCE: RELATIVE REDUCTION OF F <= FACTR*EPSMCH,0
1.5,5.0,2000,1,noisy,120,qlog,1.48,3.6197194634298504,True,False,114,barrido q-log; q por deviance de bins,0
1.5,5.0,2000,1,noisy,130,pdf,1.4682874273089097,4.22554753156159,True,False,123,CONVERGENCE: RELATIVE REDUCTION OF F <= FACTR*EPSMCH,0
1.5,5.0,2000,1,noisy,130,qlog,1.5,3.6226894203373523,True,False,123,barrido q-log; q por deviance de bins,0
1.5,5.0,2000,1,noisy,140,pdf,1.47352466588689,4.258900253029625,True,False,132,CONVERGENCE: RELATIVE REDUCTION OF F <= FACTR*EPSMCH,0
1.5,5.0,2000,1,noisy,140,qlog,1.5,3.6418757797869903,True,False,132,barrido q-log; q por deviance de bins,0
1.5,5.0,2000,1,noisy,150,pdf,1.4734138102272458,4.257034360310416,True,False,140,CONVERGENCE: RELATIVE REDUCTION OF F <= FACTR*EPSMCH,0
1.5,5.0,2000,1,noisy,150,qlog,1.5,3.647836967571342,True,False,140,barrido q-log; q por deviance de bins,0
1.5,5.0,2000,1,noisy,160,pdf,1.4688135647683456,4.226805822679373,True,False,151,CONVERGENCE: RELATIVE REDUCTION OF F <= FACTR*EPSMCH,0
1.5,5.0,2000,1,noisy,160,qlog,1.5,3.5296039986781516,True,False,151,barrido q-log; q por deviance de bins,0
1.5,5.0,2000,1,noisy,170,pdf,1.4711849370464387,4.246298126364742,True,False,160,CONVERGENCE: RELATIVE REDUCTION OF F <= FACTR*EPSMCH,0
1.5,5.0,2000,1,noisy,170,qlog,1.5,3.466943198437967,True,False,160,barrido q-log; q por deviance de bins,0
1.5,5.0,2000,1,noisy,180,pdf,1.4696991883652883,4.236381086786216,True,False,166,CONVERGENCE: RELATIVE REDUCTION OF F <= FACTR*EPSMCH,0
1.5,5.0,2000,1,noisy,180,qlog,1.5,3.416557594620112,True,False,166,barrido q-log; q por deviance de bins,0
1.5,5.0,2000,1,noisy,190,pdf,1.473059435740964,4.2626502953372745,True,False,178,CONVERGENCE: RELATIVE REDUCTION OF F <= FACTR*EPSMCH,0
1.5,5.0,2000,1,noisy,190,qlog,1.5,3.356574874696276,True,False,178,barrido q-log; q por deviance de bins,0
1.5,5.0,2000,1,noisy,200,pdf,1.471709431170235,4.251466586334193,True,False,184,CONVERGENCE: RELATIVE REDUCTION OF F <= FACTR*EPSMCH,0
1.5,5.0,2000,1,noisy,200,qlog,1.52,3.4012018146050083,True,False,184,barrido q-log; q por deviance de bins,0
1.5,5.0,2000,2,clean,10,pdf,1.5093317324422886,5.093900856430602,True,False,10,CONVERGENCE: RELATIVE REDUCTION OF F <= FACTR*EPSMCH,0
1.5,5.0,2000,2,clean,10,qlog,2.16,2.633694573096034,True,False,10,barrido q-log; q por deviance de bins,0
1.5,5.0,2000,2,clean,20,pdf,1.523328988512742,5.251868453035088,True,False,20,CONVERGENCE: RELATIVE REDUCTION OF F <= FACTR*EPSMCH,0
1.5,5.0,2000,2,clean,20,qlog,1.8,4.493550016269566,True,False,20,barrido q-log; q por deviance de bins,0
1.5,5.0,2000,2,clean,30,pdf,1.537398894762336,5.377734310500734,True,False,29,CONVERGENCE: RELATIVE REDUCTION OF F <= FACTR*EPSMCH,0
1.5,5.0,2000,2,clean,30,qlog,1.62,4.3771390511095465,True,False,29,barrido q-log; q por deviance de bins,0
1.5,5.0,2000,2,clean,40,pdf,1.5438410155233464,5.4407189997784435,True,False,38,CONVERGENCE: RELATIVE REDUCTION OF F <= FACTR*EPSMCH,0
1.5,5.0,2000,2,clean,40,qlog,1.6,4.87547300266184,True,False,38,barrido q-log; q por deviance de bins,0
1.5,5.0,2000,2,clean,50,pdf,1.548584911820385,5.491851542724155,True,False,48,CONVERGENCE: RELATIVE REDUCTION OF F <= FACTR*EPSMCH,0
1.5,5.0,2000,2,clean,50,qlog,1.6,5.120753249973525,True,False,48,barrido q-log; q por deviance de bins,0
1.5,5.0,2000,2,clean,60,pdf,1.5346271098212676,5.35840671629732,True,False,56,CONVERGENCE: RELATIVE REDUCTION OF F <= FACTR*EPSMCH,0
1.5,5.0,2000,2,clean,60,qlog,1.58,4.796962587843756,True,False,56,barrido q-log; q por deviance de bins,0
1.5,5.0,2000,2,clean,70,pdf,1.5378441480759306,5.37862338114834,True,False,66,CONVERGENCE: RELATIVE REDUCTION OF F <= FACTR*EPSMCH,0
1.5,5.0,2000,2,clean,70,qlog,1.6,5.040893845173858,True,False,66,barrido q-log; q por deviance de bins,0
1.5,5.0,2000,2,clean,80,pdf,1.5429414689837397,5.4406312766214695,True,False,75,CONVERGENCE: RELATIVE REDUCTION OF F <= FACTR*EPSMCH,0
1.5,5.0,2000,2,clean,80,qlog,1.6,5.039936983442125,True,False,75,barrido q-log; q por deviance de bins,0
1.5,5.0,2000,2,clean,90,pdf,1.5406690240952932,5.4056330737719644,True,False,84,CONVERGENCE: RELATIVE REDUCTION OF F <= FACTR*EPSMCH,0
1.5,5.0,2000,2,clean,90,qlog,1.6,4.811546910057865,True,False,84,barrido q-log; q por deviance de bins,0
1.5,5.0,2000,2,clean,100,pdf,1.5478653381677505,5.485273345390367,True,False,93,CONVERGENCE: RELATIVE REDUCTION OF F <= FACTR*EPSMCH,0
1.5,5.0,2000,2,clean,100,qlog,1.62,5.1253534561696155,True,False,93,barrido q-log; q por deviance de bins,0
1.5,5.0,2000,2,clean,110,pdf,1.5347950897149087,5.354736753713666,True,False,102,CONVERGENCE: RELATIVE REDUCTION OF F <= FACTR*EPSMCH,0
1.5,5.0,2000,2,clean,110,qlog,1.62,4.8997384838765345,True,False,102,barrido q-log; q por deviance de bins,0
1.5,5.0,2000,2,clean,120,pdf,1.5390067340437463,5.400849398251065,True,False,111,CONVERGENCE: RELATIVE REDUCTION OF F <= FACTR*EPSMCH,0
1.5,5.0,2000,2,clean,120,qlog,1.62,4.7760916840007255,True,False,111,barrido q-log; q por deviance de bins,0
1.5,5.0,2000,2,clean,130,pdf,1.5396580903991752,5.403901427866515,True,False,120,CONVERGENCE: RELATIVE REDUCTION OF F <= FACTR*EPSMCH,0
1.5,5.0,2000,2,clean,130,qlog,1.6400000000000001,4.971582946406484,True,False,120,barrido q-log; q por deviance de bins,0
1.5,5.0,2000,2,clean,140,pdf,1.5365799056321552,5.37194834411011,True,False,129,CONVERGENCE: RELATIVE REDUCTION OF F <= FACTR*EPSMCH,0
1.5,5.0,2000,2,clean,140,qlog,1.6400000000000001,4.802394875560768,True,False,129,barrido q-log; q por deviance de bins,0
1.5,5.0,2000,2,clean,150,pdf,1.5439068676348928,5.448747247446816,True,False,138,CONVERGENCE: RELATIVE REDUCTION OF F <= FACTR*EPSMCH,0
1.5,5.0,2000,2,clean,150,qlog,1.6400000000000001,4.844888276532482,True,False,138,barrido q-log; q por deviance de bins,0
1.5,5.0,2000,2,clean,160,pdf,1.541564582539923,5.4224708618725845,True,False,147,CONVERGENCE: RELATIVE REDUCTION OF F <= FACTR*EPSMCH,0
1.5,5.0,2000,2,clean,160,qlog,1.6400000000000001,4.765291934523707,True,False,147,barrido q-log; q por deviance de bins,0
1.5,5.0,2000,2,clean,170,pdf,1.5391951376784012,5.400837884538165,True,False,155,CONVERGENCE: RELATIVE REDUCTION OF F <= FACTR*EPSMCH,0
1.5,5.0,2000,2,clean,170,qlog,1.6600000000000001,4.9188475568748276,True,False,155,barrido q-log; q por deviance de bins,0
1.5,5.0,2000,2,clean,180,pdf,1.5379242921086411,5.3815312611598385,True,False,164,CONVERGENCE: RELATIVE REDUCTION OF F <= FACTR*EPSMCH,0
1.5,5.0,2000,2,clean,180,qlog,1.6600000000000001,4.7492984079437885,True,False,164,barrido q-log; q por deviance de bins,0
1.5,5.0,2000,2,clean,190,pdf,1.5390813702125752,5.3946739826245915,True,False,172,CONVERGENCE: RELATIVE REDUCTION OF F <= FACTR*EPSMCH,0
1.5,5.0,2000,2,clean,190,qlog,1.6600000000000001,4.656071060649085,True,False,172,barrido q-log; q por deviance de bins,0
1.5,5.0,2000,2,clean,200,pdf,1.546146273520462,5.472683472284745,True,False,181,CONVERGENCE: RELATIVE REDUCTION OF F <= FACTR*EPSMCH,0
1.5,5.0,2000,2,clean,200,qlog,1.6600000000000001,4.667711191575158,True,False,181,barrido q-log; q por deviance de bins,0
1.5,5.0,2000,2,noisy,10,pdf,1.426789216583148,3.723728353936356,True,False,10,CONVERGENCE: NORM OF PROJECTED GRADIENT <= PGTOL,0
1.5,5.0,2000,2,noisy,10,qlog,2.14,2.10576407291702,True,False,10,barrido q-log; q por deviance de bins,0
1.5,5.0,2000,2,noisy,20,pdf,1.4659065618675071,3.959379989928582,True,False,20,CONVERGENCE: RELATIVE REDUCTION OF F <= FACTR*EPSMCH,0
1.5,5.0,2000,2,noisy,20,qlog,1.76,3.44970976512382,True,False,20,barrido q-log; q por deviance de bins,0
1.5,5.0,2000,2,noisy,30,pdf,1.4922300478123338,4.145350807092396,True,False,29,CONVERGENCE: RELATIVE REDUCTION OF F <= FACTR*EPSMCH,0
1.5,5.0,2000,2,noisy,30,qlog,1.58,3.4336028537440484,True,False,29,barrido q-log; q por deviance de bins,0
1.5,5.0,2000,2,noisy,40,pdf,1.4918476563191951,4.113103537094027,True,False,38,CONVERGENCE: RELATIVE REDUCTION OF F <= FACTR*EPSMCH,0
1.5,5.0,2000,2,noisy,40,qlog,1.56,3.7084323873413547,True,False,38,barrido q-log; q por deviance de bins,0
1.5,5.0,2000,2,noisy,50,pdf,1.4880160930682285,4.08276854455855,True,False,48,CONVERGENCE: RELATIVE REDUCTION OF F <= FACTR*EPSMCH,0
1.5,5.0,2000,2,noisy,50,qlog,1.56,3.8782919376385423,True,False,48,barrido q-log; q por deviance de bins,0
1.5,5.0,2000,2,noisy,60,pdf,1.496128064359648,4.161766075467513,True,False,56,CONVERGENCE: RELATIVE REDUCTION OF F <= FACTR*EPSMCH,0
1.5,5.0,2000,2,noisy,60,qlog,1.56,3.822902285333873,True,False,56,barrido q-log; q por deviance de bins,0
1.5,5.0,2000,2,noisy,70,pdf,1.4896374025051133,4.096733230976266,True,False,66,CONVERGENCE: RELATIVE REDUCTION OF F <= FACTR*EPSMCH,0
1.5,5.0,2000,2,noisy,70,qlog,1.56,3.784419460406319,True,False,66,barrido q-log; q por deviance de bins,0
1.5,5.0,2000,2,noisy,80,pdf,1.4920493136357071,4.1164601542269095,True,False,75,CONVERGENCE: RELATIVE REDUCTION OF F <= FACTR*EPSMCH,0
1.5,5.0,2000,2,noisy,80,qlog,1.58,3.868219816849625,True,False,75,barrido q-log; q por deviance de bins,0
1.5,5.0,2000,2,noisy,90,pdf,1.4875793509324597,4.09287777077872,True,False,84,CONVERGENCE: RELATIVE REDUCTION OF F <= FACTR*EPSMCH,0
1.5,5.0,2000,2,noisy,90,qlog,1.58,3.8403706533888142,True,False,84,barrido q-log; q por deviance de bins,0
1.5,5.0,2000,2,noisy,100,pdf,1.4897814859656677,4.10555082332491,True,False,93,CONVERGENCE: RELATIVE REDUCTION OF F <= FACTR*EPSMCH,0
1.5,5.0,2000,2,noisy,100,qlog,1.6,3.932886258793126,True,False,93,barrido q-log; q por deviance de bins,0
1.5,5.0,2000,2,noisy,110,pdf,1.4879468280824701,4.086966855510181,True,False,101,CONVERGENCE: RELATIVE REDUCTION OF F <= FACTR*EPSMCH,0
1.5,5.0,2000,2,noisy,110,qlog,1.6,3.7585385050495197,True,False,101,barrido q-log; q por deviance de bins,0
1.5,5.0,2000,2,noisy,120,pdf,1.4920651391204571,4.123858034193842,True,False,110,CONVERGENCE: RELATIVE REDUCTION OF F <= FACTR*EPSMCH,0
1.5,5.0,2000,2,noisy,120,qlog,1.6,3.7220999435100475,True,False,110,barrido q-log; q por deviance de bins,0
1.5,5.0,2000,2,noisy,130,pdf,1.4944053406337643,4.130993331783567,True,False,119,CONVERGENCE: RELATIVE REDUCTION OF F <= FACTR*EPSMCH,0
1.5,5.0,2000,2,noisy,130,qlog,1.6,3.565364263007071,True,False,119,barrido q-log; q por deviance de bins,0
1.5,5.0,2000,2,noisy,140,pdf,1.4919209297855345,4.118913744722383,True,False,127,CONVERGENCE: RELATIVE REDUCTION OF F <= FACTR*EPSMCH,0
1.5,5.0,2000,2,noisy,140,qlog,1.62,3.7203551371580126,True,False,127,barrido q-log; q por deviance de bins,0
1.5,5.0,2000,2,noisy,150,pdf,1.4933104538558593,4.13492896048212,True,False,137,CONVERGENCE: RELATIVE REDUCTION OF F <= FACTR*EPSMCH,0
1.5,5.0,2000,2,noisy,150,qlog,1.62,3.530399536001487,True,False,137,barrido q-log; q por deviance de bins,0
1.5,5.0,2000,2,noisy,160,pdf,1.490939873079075,4.112213961847402,True,False,146,CONVERGENCE: RELATIVE REDUCTION OF F <= FACTR*EPSMCH,0
1.5,5.0,2000,2,noisy,160,qlog,1.62,3.4027772437317902,True,False,146,barrido q-log; q por deviance de bins,0
1.5,5.0,2000,2,noisy,170,pdf,1.4921874754079447,4.123521694344536,True,False,155,CONVERGENCE: RELATIVE REDUCTION OF F <= FACTR*EPSMCH,0
1.5,5.0,2000,2,noisy,170,qlog,1.62,3.442336309891514,True,False,155,barrido q-log; q por deviance de bins,0
1.5,5.0,2000,2,noisy,180,pdf,1.4931981936181693,4.131217812155167,True,False,164,CONVERGENCE: RELATIVE REDUCTION OF F <= FACTR*EPSMCH,0
1.5,5.0,2000,2,noisy,180,qlog,1.6400000000000001,3.5742380240169394,True,False,164,barrido q-log; q por deviance de bins,0
1.5,5.0,2000,2,noisy,190,pdf,1.4889767614562515,4.098247261791891,True,False,169,CONVERGENCE: RELATIVE REDUCTION OF F <= FACTR*EPSMCH,0
1.5,5.0,2000,2,noisy,190,qlog,1.6400000000000001,3.396345935035054,True,False,169,barrido q-log; q por deviance de bins,0
1.5,5.0,2000,2,noisy,200,pdf,1.4919448742436376,4.1188604833214635,True,False,180,CONVERGENCE: RELATIVE REDUCTION OF F <= FACTR*EPSMCH,0
1.5,5.0,2000,2,noisy,200,qlog,1.6400000000000001,3.338609807408688,True,False,180,barrido q-log; q por deviance de bins,0
1.5,5.0,2000,3,clean,10,pdf,1.5124221710831636,5.298560734733585,True,False,10,CONVERGENCE: NORM OF PROJECTED GRADIENT <= PGTOL,0
1.5,5.0,2000,3,clean,10,qlog,2.08,3.7205346697532518,True,False,10,barrido q-log; q por deviance de bins,0
1.5,5.0,2000,3,clean,20,pdf,1.5276472746014076,5.494965998295288,True,False,20,CONVERGENCE: NORM OF PROJECTED GRADIENT <= PGTOL,0
1.5,5.0,2000,3,clean,20,qlog,1.7200000000000002,4.720355689983852,True,False,20,barrido q-log; q por deviance de bins,0
1.5,5.0,2000,3,clean,30,pdf,1.519593837797707,5.3756963424840025,True,False,29,CONVERGENCE: RELATIVE REDUCTION OF F <= FACTR*EPSMCH,0
1.5,5.0,2000,3,clean,30,qlog,1.58,4.5318263957949885,True,False,29,barrido q-log; q por deviance de bins,0
1.5,5.0,2000,3,clean,40,pdf,1.5361772432830008,5.571808985076112,True,False,39,CONVERGENCE: RELATIVE REDUCTION OF F <= FACTR*EPSMCH,0
1.5,5.0,2000,3,clean,40,qlog,1.58,5.069811331289169,True,False,39,barrido q-log; q por deviance de bins,0
1.5,5.0,2000,3,clean,50,pdf,1.5329654318529498,5.513077681521054,True,False,47,CONVERGENCE: RELATIVE REDUCTION OF F <= FACTR*EPSMCH,0
1.5,5.0,2000,3,clean,50,qlog,1.58,5.058565184850334,True,False,47,barrido q-log; q por deviance de bins,0
1.5,5.0,2000,3,clean,60,pdf,1.511858449927125,5.309102951382315,True,False,58,CONVERGENCE: RELATIVE REDUCTION OF F <= FACTR*EPSMCH,0
1.5,5.0,2000,3,clean,60,qlog,1.54,4.806851040380239,True,False,58,barrido q-log; q por deviance de bins,0
1.5,5.0,2000,3,clean,70,pdf,1.5226024083078984,5.430263043999624,True,False,67,CONVERGENCE: RELATIVE REDUCTION OF F <= FACTR*EPSMCH,0
1.5,5.0,2000,3,clean,70,qlog,1.54,4.763726018200736,True,False,67,barrido q-log; q por deviance de bins,0
1.5,5.0,2000,3,clean,80,pdf,1.5256162310060633,5.461451301510835,True,False,76,CONVERGENCE: RELATIVE REDUCTION OF F <= FACTR*EPSMCH,0
1.5,5.0,2000,3,clean,80,qlog,1.56,4.949771806586352,True,False,76,barrido q-log; q por deviance de bins,0
1.5,5.0,2000,3,clean,90,pdf,1.5289650045520358,5.47654672812588,True,False,85,CONVERGENCE: RELATIVE REDUCTION OF F <= FACTR*EPSMCH,0
1.5,5.0,2000,3,clean,90,qlog,1.56,4.603799258687366,True,False,85,barrido q-log; q por deviance de bins,0
1.5,5.0,2000,3,clean,100,pdf,1.5258293605629953,5.4603708976171195,True,False,93,CONVERGENCE: RELATIVE REDUCTION OF F <= FACTR*EPSMCH,0
1.5,5.0,2000,3,clean,100,qlog,1.56,4.680999954129734,True,False,93,barrido q-log; q por deviance de bins,0
1.5,5.0,2000,3,clean,110,pdf,1.5328463510767172,5.515649276198846,True,False,103,CONVERGENCE: RELATIVE REDUCTION OF F <= FACTR*EPSMCH,0
1.5,5.0,2000,3,clean,110,qlog,1.56,4.639894354100226,True,False,103,barrido q-log; q por deviance de bins,0
1.5,5.0,2000,3,clean,120,pdf,1.522463649068089,5.414065165373901,True,False,111,CONVERGENCE: RELATIVE REDUCTION OF F <= FACTR*EPSMCH,0
1.5,5.0,2000,3,clean,120,qlog,1.56,4.446968455726257,True,False,111,barrido q-log; q por deviance de bins,0
1.5,5.0,2000,3,clean,130,pdf,1.5323272583370056,5.521581511374862,True,False,121,CONVERGENCE: RELATIVE REDUCTION OF F <= FACTR*EPSMCH,0
1.5,5.0,2000,3,clean,130,qlog,1.58,4.626308033353936,True,False,121,barrido q-log; q por deviance de bins,0
1.5,5.0,2000,3,clean,140,pdf,1.5274041049164497,5.46566419336501,True,False,129,CONVERGENCE: RELATIVE REDUCTION OF F <= FACTR*EPSMCH,0
1.5,5.0,2000,3,clean,140,qlog,1.58,4.598620534517657,True,False,129,barrido q-log; q por deviance de bins,0
1.5,5.0,2000,3,clean,150,pdf,1.5287482081167272,5.476950107277485,True,False,137,CONVERGENCE: RELATIVE REDUCTION OF F <= FACTR*EPSMCH,0
1.5,5.0,2000,3,clean,150,qlog,1.58,4.42532293948406,True,False,137,barrido q-log; q por deviance de bins,0
1.5,5.0,2000,3,clean,160,pdf,1.530854807009563,5.508667137129382,True,False,146,CONVERGENCE: RELATIVE REDUCTION OF F <= FACTR*EPSMCH,0
1.5,5.0,2000,3,clean,160,qlog,1.58,4.364073645768253,True,False,146,barrido q-log; q por deviance de bins,0
1.5,5.0,2000,3,clean,170,pdf,1.5281253900624965,5.473785734264868,True,False,156,CONVERGENCE: RELATIVE REDUCTION OF F <= FACTR*EPSMCH,0
1.5,5.0,2000,3,clean,170,qlog,1.58,4.188909767097547,True,False,156,barrido q-log; q por deviance de bins,0
1.5,5.0,2000,3,clean,180,pdf,1.5251217529169498,5.445102701387584,True,False,163,CONVERGENCE: RELATIVE REDUCTION OF F <= FACTR*EPSMCH,0
1.5,5.0,2000,3,clean,180,qlog,1.58,4.118663986848481,True,False,163,barrido q-log; q por deviance de bins,0
1.5,5.0,2000,3,clean,190,pdf,1.5251591602116776,5.452269801413599,True,False,173,CONVERGENCE: RELATIVE REDUCTION OF F <= FACTR*EPSMCH,0
1.5,5.0,2000,3,clean,190,qlog,1.6,4.339818076125297,True,False,173,barrido q-log; q por deviance de bins,0
1.5,5.0,2000,3,clean,200,pdf,1.5269350151416639,5.474240464028999,True,False,180,CONVERGENCE: RELATIVE REDUCTION OF F <= FACTR*EPSMCH,0
1.5,5.0,2000,3,clean,200,qlog,1.6,4.361303679210335,True,False,180,barrido q-log; q por deviance de bins,0
1.5,5.0,2000,3,noisy,10,pdf,1.4172273075913453,3.7110831934675064,True,False,10,CONVERGENCE: RELATIVE REDUCTION OF F <= FACTR*EPSMCH,0
1.5,5.0,2000,3,noisy,10,qlog,2.06,2.9186777466141955,True,False,10,barrido q-log; q por deviance de bins,0
1.5,5.0,2000,3,noisy,20,pdf,1.4587318476082451,4.007491122371961,True,False,20,CONVERGENCE: RELATIVE REDUCTION OF F <= FACTR*EPSMCH,0
1.5,5.0,2000,3,noisy,20,qlog,1.6600000000000001,3.4107949778564315,True,False,20,barrido q-log; q por deviance de bins,0
1.5,5.0,2000,3,noisy,30,pdf,1.4521603063026687,3.9518189813370475,True,False,29,CONVERGENCE: RELATIVE REDUCTION OF F <= FACTR*EPSMCH,0
1.5,5.0,2000,3,noisy,30,qlog,1.52,3.329459387094308,True,False,29,barrido q-log; q por deviance de bins,0
1.5,5.0,2000,3,noisy,40,pdf,1.4710801907459523,4.101484067895359,True,False,39,CONVERGENCE: RELATIVE REDUCTION OF F <= FACTR*EPSMCH,0
1.5,5.0,2000,3,noisy,40,qlog,1.54,3.7916633162540574,True,False,39,barrido q-log; q por deviance de bins,0
1.5,5.0,2000,3,noisy,50,pdf,1.4704860562341504,4.07850110483397,True,False,47,CONVERGENCE: RELATIVE REDUCTION OF F <= FACTR*EPSMCH,0
1.5,5.0,2000,3,noisy,50,qlog,1.54,3.831491749070215,True,False,47,barrido q-log; q por deviance de bins,0
1.5,5.0,2000,3,noisy,60,pdf,1.4633781182031007,4.026284371911901,True,False,58,CONVERGENCE: RELATIVE REDUCTION OF F <= FACTR*EPSMCH,0
1.5,5.0,2000,3,noisy,60,qlog,1.5,3.715785912144716,True,False,58,barrido q-log; q por deviance de bins,0
1.5,5.0,2000,3,noisy,70,pdf,1.4711960616185225,4.097691952730381,True,False,67,CONVERGENCE: RELATIVE REDUCTION OF F <= FACTR*EPSMCH,0
1.5,5.0,2000,3,noisy,70,qlog,1.52,3.8463554685859735,True,False,67,barrido q-log; q por deviance de bins,0
1.5,5.0,2000,3,noisy,80,pdf,1.4560394915070294,3.990662946359272,True,False,76,CONVERGENCE: RELATIVE REDUCTION OF F <= FACTR*EPSMCH,0
1.5,5.0,2000,3,noisy,80,qlog,1.52,3.753532093031383,True,False,76,barrido q-log; q por deviance de bins,0
1.5,5.0,2000,3,noisy,90,pdf,1.4659614113930106,4.049819154429208,True,False,84,CONVERGENCE: RELATIVE REDUCTION OF F <= FACTR*EPSMCH,0
1.5,5.0,2000,3,noisy,90,qlog,1.52,3.6357866711694706,True,False,84,barrido q-log; q por deviance de bins,0
1.5,5.0,2000,3,noisy,100,pdf,1.4676712960563305,4.068988873566012,True,False,94,CONVERGENCE: RELATIVE REDUCTION OF F <= FACTR*EPSMCH,0
1.5,5.0,2000,3,noisy,100,qlog,1.52,3.5937369608848946,True,False,94,barrido q-log; q por deviance de bins,0
1.5,5.0,2000,3,noisy,110,pdf,1.4668325176331483,4.061421927151613,True,False,102,CONVERGENCE: RELATIVE REDUCTION OF F <= FACTR*EPSMCH,0
1.5,5.0,2000,3,noisy,110,qlog,1.54,3.69245365978738,True,False,102,barrido q-log; q por deviance de bins,0
1.5,5.0,2000,3,noisy,120,pdf,1.466576918312822,4.064610801625044,True,False,112,CONVERGENCE: RELATIVE REDUCTION OF F <= FACTR*EPSMCH,0
1.5,5.0,2000,3,noisy,120,qlog,1.54,3.676949209157396,True,False,112,barrido q-log; q por deviance de bins,0
1.5,5.0,2000,3,noisy,130,pdf,1.4681027022998736,4.071734116807344,True,False,121,CONVERGENCE: RELATIVE REDUCTION OF F <= FACTR*EPSMCH,0
1.5,5.0,2000,3,noisy,130,qlog,1.54,3.612673700889052,True,False,121,barrido q-log; q por deviance de bins,0
1.5,5.0,2000,3,noisy,140,pdf,1.4659637723185877,4.060156427442058,True,False,130,CONVERGENCE: RELATIVE REDUCTION OF F <= FACTR*EPSMCH,0
1.5,5.0,2000,3,noisy,140,qlog,1.54,3.539851954489476,True,False,130,barrido q-log; q por deviance de bins,0
1.5,5.0,2000,3,noisy,150,pdf,1.4659244892114034,4.054127288230572,True,False,138,CONVERGENCE: RELATIVE REDUCTION OF F <= FACTR*EPSMCH,0
1.5,5.0,2000,3,noisy,150,qlog,1.56,3.672088503395691,True,False,138,barrido q-log; q por deviance de bins,0
1.5,5.0,2000,3,noisy,160,pdf,1.4625456536130956,4.031265459684507,True,False,147,CONVERGENCE: RELATIVE REDUCTION OF F <= FACTR*EPSMCH,0
1.5,5.0,2000,3,noisy,160,qlog,1.56,3.517030525243391,True,False,147,barrido q-log; q por deviance de bins,0
1.5,5.0,2000,3,noisy,170,pdf,1.4711773475030396,4.098132932954074,True,False,157,CONVERGENCE: RELATIVE REDUCTION OF F <= FACTR*EPSMCH,0
1.5,5.0,2000,3,noisy,170,qlog,1.56,3.598558444510678,True,False,157,barrido q-log; q por deviance de bins,0
1.5,5.0,2000,3,noisy,180,pdf,1.465769518073606,4.055594992051328,True,False,164,CONVERGENCE: RELATIVE REDUCTION OF F <= FACTR*EPSMCH,0
1.5,5.0,2000,3,noisy,180,qlog,1.56,3.4700687276012685,True,False,164,barrido q-log; q por deviance de bins,0
1.5,5.0,2000,3,noisy,190,pdf,1.467562695602924,4.071278826629518,True,False,174,CONVERGENCE: RELATIVE REDUCTION OF F <= FACTR*EPSMCH,0
1.5,5.0,2000,3,noisy,190,qlog,1.56,3.4509673879739493,True,False,174,barrido q-log; q por deviance de bins,0
1.5,5.0,2000,3,noisy,200,pdf,1.4674547048149669,4.074625715699439,True,False,181,CONVERGENCE: RELATIVE REDUCTION OF F <= FACTR*EPSMCH,0
1.5,5.0,2000,3,noisy,200,qlog,1.56,3.357087573295962,True,False,181,barrido q-log; q por deviance de bins,0
1.5,5.0,2000,4,clean,10,pdf,1.5204823643730736,5.530255451157879,True,False,10,CONVERGENCE: RELATIVE REDUCTION OF F <= FACTR*EPSMCH,0
1.5,5.0,2000,4,clean,10,qlog,1.8599999999999999,5.2133169995748645,True,False,10,barrido q-log; q por deviance de bins,0
1.5,5.0,2000,4,clean,20,pdf,1.489571773920685,5.227429639079791,True,False,20,CONVERGENCE: RELATIVE REDUCTION OF F <= FACTR*EPSMCH,0
1.5,5.0,2000,4,clean,20,qlog,1.54,4.511721731783318,True,False,20,barrido q-log; q por deviance de bins,0
1.5,5.0,2000,4,clean,30,pdf,1.4568422271756132,4.946139842899446,True,False,30,CONVERGENCE: RELATIVE REDUCTION OF F <= FACTR*EPSMCH,0
1.5,5.0,2000,4,clean,30,qlog,1.46,4.326047317204273,True,False,30,barrido q-log; q por deviance de bins,0
1.5,5.0,2000,4,clean,40,pdf,1.4606770300312726,4.962025642295003,True,False,40,CONVERGENCE: RELATIVE REDUCTION OF F <= FACTR*EPSMCH,0
1.5,5.0,2000,4,clean,40,qlog,1.46,4.4685608302157185,True,False,40,barrido q-log; q por deviance de bins,0
1.5,5.0,2000,4,clean,50,pdf,1.442356821603405,4.825300471436719,True,False,50,CONVERGENCE: RELATIVE REDUCTION OF F <= FACTR*EPSMCH,0
1.5,5.0,2000,4,clean,50,qlog,1.44,4.384159537316871,True,False,50,barrido q-log; q por deviance de bins,0
1.5,5.0,2000,4,clean,60,pdf,1.4502778732132515,4.905139724537535,True,False,60,CONVERGENCE: RELATIVE REDUCTION OF F <= FACTR*EPSMCH,0
1.5,5.0,2000,4,clean,60,qlog,1.44,4.407507096210981,True,False,60,barrido q-log; q por deviance de bins,0
1.5,5.0,2000,4,clean,70,pdf,1.4385867326587163,4.807880391782228,True,False,69,CONVERGENCE: RELATIVE REDUCTION OF F <= FACTR*EPSMCH,0
1.5,5.0,2000,4,clean,70,qlog,1.44,4.373105117836534,True,False,69,barrido q-log; q por deviance de bins,0
1.5,5.0,2000,4,clean,80,pdf,1.4454107714948934,4.857670748021474,True,False,79,CONVERGENCE: RELATIVE REDUCTION OF F <= FACTR*EPSMCH,0
1.5,5.0,2000,4,clean,80,qlog,1.44,4.336921294134035,True,False,79,barrido q-log; q por deviance de bins,0
1.5,5.0,2000,4,clean,90,pdf,1.446081530219889,4.870753149481392,True,False,89,CONVERGENCE: RELATIVE REDUCTION OF F <= FACTR*EPSMCH,0
1.5,5.0,2000,4,clean,90,qlog,1.44,4.267168389651846,True,False,89,barrido q-log; q por deviance de bins,0
1.5,5.0,2000,4,clean,100,pdf,1.442561566158849,4.838447832806713,True,False,98,CONVERGENCE: RELATIVE REDUCTION OF F <= FACTR*EPSMCH,0
1.5,5.0,2000,4,clean,100,qlog,1.44,4.281719124932352,True,False,98,barrido q-log; q por deviance de bins,0
1.5,5.0,2000,4,clean,110,pdf,1.444850330345897,4.854103793053712,True,False,107,CONVERGENCE: RELATIVE REDUCTION OF F <= FACTR*EPSMCH,0
1.5,5.0,2000,4,clean,110,qlog,1.44,4.247610358458151,True,False,107,barrido q-log; q por deviance de bins,0
1.5,5.0,2000,4,clean,120,pdf,1.445592801716094,4.860864924813499,True,False,117,CONVERGENCE: RELATIVE REDUCTION OF F <= FACTR*EPSMCH,0
1.5,5.0,2000,4,clean,120,qlog,1.44,4.25719974018302,True,False,117,barrido q-log; q por deviance de bins,0
1.5,5.0,2000,4,clean,130,pdf,1.4429613430975112,4.848352488524944,True,False,126,CONVERGENCE: RELATIVE REDUCTION OF F <= FACTR*EPSMCH,0
1.5,5.0,2000,4,clean,130,qlog,1.44,4.140557979666646,True,False,126,barrido q-log; q por deviance de bins,0
1.5,5.0,2000,4,clean,140,pdf,1.4401535368664338,4.821130111873306,True,False,135,CONVERGENCE: RELATIVE REDUCTION OF F <= FACTR*EPSMCH,0
1.5,5.0,2000,4,clean,140,qlog,1.44,4.162273467849268,True,False,135,barrido q-log; q por deviance de bins,0
1.5,5.0,2000,4,clean,150,pdf,1.442797250539105,4.845105390290935,True,False,144,CONVERGENCE: RELATIVE REDUCTION OF F <= FACTR*EPSMCH,0
1.5,5.0,2000,4,clean,150,qlog,1.44,4.051199756772988,True,False,144,barrido q-log; q por deviance de bins,0
1.5,5.0,2000,4,clean,160,pdf,1.4429733236381808,4.838790537675488,True,False,154,CONVERGENCE: RELATIVE REDUCTION OF F <= FACTR*EPSMCH,0
1.5,5.0,2000,4,clean,160,qlog,1.44,4.092971105413036,True,False,154,barrido q-log; q por deviance de bins,0
1.5,5.0,2000,4,clean,170,pdf,1.441506821657351,4.832384990871289,True,False,163,CONVERGENCE: RELATIVE REDUCTION OF F <= FACTR*EPSMCH,0
1.5,5.0,2000,4,clean,170,qlog,1.44,4.043091162671718,True,False,163,barrido q-log; q por deviance de bins,0
1.5,5.0,2000,4,clean,180,pdf,1.4431086513592004,4.847377275489322,True,False,170,CONVERGENCE: RELATIVE REDUCTION OF F <= FACTR*EPSMCH,0
1.5,5.0,2000,4,clean,180,qlog,1.44,3.936829502344684,True,False,170,barrido q-log; q por deviance de bins,0
1.5,5.0,2000,4,clean,190,pdf,1.4437741565821463,4.850415666925574,True,False,181,CONVERGENCE: RELATIVE REDUCTION OF F <= FACTR*EPSMCH,0
1.5,5.0,2000,4,clean,190,qlog,1.44,3.9000120740079924,True,False,181,barrido q-log; q por deviance de bins,0
1.5,5.0,2000,4,clean,200,pdf,1.4421486070563705,4.838475702607172,True,False,187,CONVERGENCE: RELATIVE REDUCTION OF F <= FACTR*EPSMCH,0
1.5,5.0,2000,4,clean,200,qlog,1.44,3.835547324132217,True,False,187,barrido q-log; q por deviance de bins,0
1.5,5.0,2000,4,noisy,10,pdf,1.3246922946929311,3.146774027161916,True,False,10,CONVERGENCE: RELATIVE REDUCTION OF F <= FACTR*EPSMCH,0
1.5,5.0,2000,4,noisy,10,qlog,1.76,3.277183636282702,True,False,10,barrido q-log; q por deviance de bins,0
1.5,5.0,2000,4,noisy,20,pdf,1.3724295124409074,3.4050021862430335,True,False,20,CONVERGENCE: RELATIVE REDUCTION OF F <= FACTR*EPSMCH,0
1.5,5.0,2000,4,noisy,20,qlog,1.42,2.9602260138636582,True,False,20,barrido q-log; q por deviance de bins,0
1.5,5.0,2000,4,noisy,30,pdf,1.3605115553247529,3.3469806791429146,True,False,30,CONVERGENCE: RELATIVE REDUCTION OF F <= FACTR*EPSMCH,0
1.5,5.0,2000,4,noisy,30,qlog,1.38,3.106365615360189,True,False,30,barrido q-log; q por deviance de bins,0
1.5,5.0,2000,4,noisy,40,pdf,1.3670057309465016,3.3889993126622766,True,False,40,CONVERGENCE: RELATIVE REDUCTION OF F <= FACTR*EPSMCH,0
1.5,5.0,2000,4,noisy,40,qlog,1.38,3.21604651201349,True,False,40,barrido q-log; q por deviance de bins,0
1.5,5.0,2000,4,noisy,50,pdf,1.3483619625176098,3.293774734577729,True,False,50,CONVERGENCE: RELATIVE REDUCTION OF F <= FACTR*EPSMCH,0
1.5,5.0,2000,4,noisy,50,qlog,1.36,3.1958025332508533,True,False,50,barrido q-log; q por deviance de bins,0
1.5,5.0,2000,4,noisy,60,pdf,1.364400840223075,3.3802609263721854,True,False,60,CONVERGENCE: RELATIVE REDUCTION OF F <= FACTR*EPSMCH,0
1.5,5.0,2000,4,noisy,60,qlog,1.36,3.1805195481488266,True,False,60,barrido q-log; q por deviance de bins,0
1.5,5.0,2000,4,noisy,70,pdf,1.3631370383270398,3.384850625247385,True,False,70,CONVERGENCE: RELATIVE REDUCTION OF F <= FACTR*EPSMCH,0
1.5,5.0,2000,4,noisy,70,qlog,1.36,3.1733403676791236,True,False,70,barrido q-log; q por deviance de bins,0
1.5,5.0,2000,4,noisy,80,pdf,1.3577013503305906,3.352442163037793,True,False,78,CONVERGENCE: RELATIVE REDUCTION OF F <= FACTR*EPSMCH,0
1.5,5.0,2000,4,noisy,80,qlog,1.36,3.118935266584028,True,False,78,barrido q-log; q por deviance de bins,0
1.5,5.0,2000,4,noisy,90,pdf,1.365403551693446,3.3961923603400064,True,False,88,CONVERGENCE: RELATIVE REDUCTION OF F <= FACTR*EPSMCH,0
1.5,5.0,2000,4,noisy,90,qlog,1.38,3.235247195794901,True,False,88,barrido q-log; q por deviance de bins,0
1.5,5.0,2000,4,noisy,100,pdf,1.354250712157153,3.3279234504749504,True,False,98,CONVERGENCE: RELATIVE REDUCTION OF F <= FACTR*EPSMCH,0
1.5,5.0,2000,4,noisy,100,qlog,1.36,3.132920685475031,True,False,98,barrido q-log; q por deviance de bins,0
1.5,5.0,2000,4,noisy,110,pdf,1.3640585310262359,3.3864808057322815,True,False,106,CONVERGENCE: RELATIVE REDUCTION OF F <= FACTR*EPSMCH,0
1.5,5.0,2000,4,noisy,110,qlog,1.38,3.1568628613247234,True,False,106,barrido q-log; q por deviance de bins,0
1.5,5.0,2000,4,noisy,120,pdf,1.361711552104733,3.3760658186903183,True,False,115,CONVERGENCE: RELATIVE REDUCTION OF F <= FACTR*EPSMCH,0
1.5,5.0,2000,4,noisy,120,qlog,1.38,3.190864142265717,True,False,115,barrido q-log; q por deviance de bins,0
1.5,5.0,2000,4,noisy,130,pdf,1.3563339452449303,3.345505027232801,True,False,125,CONVERGENCE: RELATIVE REDUCTION OF F <= FACTR*EPSMCH,0
1.5,5.0,2000,4,noisy,130,qlog,1.36,3.071975410019918,True,False,125,barrido q-log; q por deviance de bins,0
1.5,5.0,2000,4,noisy,140,pdf,1.360287617188511,3.3700277049744463,True,False,132,CONVERGENCE: RELATIVE REDUCTION OF F <= FACTR*EPSMCH,0
1.5,5.0,2000,4,noisy,140,qlog,1.38,3.092471483136967,True,False,132,barrido q-log; q por deviance de bins,0
1.5,5.0,2000,4,noisy,150,pdf,1.3582832037746535,3.3588343157380143,True,False,143,CONVERGENCE: RELATIVE REDUCTION OF F <= FACTR*EPSMCH,0
1.5,5.0,2000,4,noisy,150,qlog,1.36,2.9509727996711597,True,False,143,barrido q-log; q por deviance de bins,0
1.5,5.0,2000,4,noisy,160,pdf,1.3611231330441114,3.3746143596291307,True,False,151,CONVERGENCE: RELATIVE REDUCTION OF F <= FACTR*EPSMCH,0
1.5,5.0,2000,4,noisy,160,qlog,1.38,3.0473852653299724,True,False,151,barrido q-log; q por deviance de bins,0
1.5,5.0,2000,4,noisy,170,pdf,1.3626009436769013,3.3823197019206312,True,False,161,CONVERGENCE: RELATIVE REDUCTION OF F <= FACTR*EPSMCH,0
1.5,5.0,2000,4,noisy,170,qlog,1.38,3.0471599161183884,True,False,161,barrido q-log; q por deviance de bins,0
1.5,5.0,2000,4,noisy,180,pdf,1.3638493671134075,3.38494835993497,True,False,170,CONVERGENCE: RELATIVE REDUCTION OF F <= FACTR*EPSMCH,0
1.5,5.0,2000,4,noisy,180,qlog,1.38,2.9910609541852553,True,False,170,barrido q-log; q por deviance de bins,0
1.5,5.0,2000,4,noisy,190,pdf,1.36102064993954,3.3720521230883986,True,False,178,CONVERGENCE: RELATIVE REDUCTION OF F <= FACTR*EPSMCH,0
1.5,5.0,2000,4,noisy,190,qlog,1.38,2.977511971917449,True,False,178,barrido q-log; q por deviance de bins,0
1.5,5.0,2000,4,noisy,200,pdf,1.358655716459115,3.357993537889573,True,False,187,CONVERGENCE: RELATIVE REDUCTION OF F <= FACTR*EPSMCH,0
1.5,5.0,2000,4,noisy,200,qlog,1.38,2.9948867316343586,True,False,187,barrido q-log; q por deviance de bins,0
1.5,5.0,2000,5,clean,10,pdf,1.5067963001668847,5.193032207294702,True,False,10,CONVERGENCE: RELATIVE REDUCTION OF F <= FACTR*EPSMCH,0
1.5,5.0,2000,5,clean,10,qlog,1.98,4.122719433541019,True,False,10,barrido q-log; q por deviance de bins,0
1.5,5.0,2000,5,clean,20,pdf,1.5092657640985105,5.205879336133989,True,False,20,CONVERGENCE: NORM OF PROJECTED GRADIENT <= PGTOL,0
1.5,5.0,2000,5,clean,20,qlog,1.6400000000000001,4.42157283283041,True,False,20,barrido q-log; q por deviance de bins,0
1.5,5.0,2000,5,clean,30,pdf,1.4992242610520967,5.096646234000394,True,False,29,CONVERGENCE: RELATIVE REDUCTION OF F <= FACTR*EPSMCH,0
1.5,5.0,2000,5,clean,30,qlog,1.54,4.489978674917991,True,False,29,barrido q-log; q por deviance de bins,0
1.5,5.0,2000,5,clean,40,pdf,1.490676405995163,5.012810762433389,True,False,39,CONVERGENCE: RELATIVE REDUCTION OF F <= FACTR*EPSMCH,0
1.5,5.0,2000,5,clean,40,qlog,1.52,4.46207328960749,True,False,39,barrido q-log; q por deviance de bins,0
1.5,5.0,2000,5,clean,50,pdf,1.5028657190590844,5.113229056646984,True,False,48,CONVERGENCE: RELATIVE REDUCTION OF F <= FACTR*EPSMCH,0
1.5,5.0,2000,5,clean,50,qlog,1.52,4.654340590354571,True,False,48,barrido q-log; q por deviance de bins,0
1.5,5.0,2000,5,clean,60,pdf,1.5107944197611565,5.185566177947701,True,False,57,CONVERGENCE: RELATIVE REDUCTION OF F <= FACTR*EPSMCH,0
1.5,5.0,2000,5,clean,60,qlog,1.52,4.631328755049801,True,False,57,barrido q-log; q por deviance de bins,0
1.5,5.0,2000,5,clean,70,pdf,1.508007879119167,5.160080378171972,True,False,66,CONVERGENCE: RELATIVE REDUCTION OF F <= FACTR*EPSMCH,0
1.5,5.0,2000,5,clean,70,qlog,1.52,4.661198043942296,True,False,66,barrido q-log; q por deviance de bins,0
1.5,5.0,2000,5,clean,80,pdf,1.5007034865890125,5.093140845299987,True,False,76,CONVERGENCE: RELATIVE REDUCTION OF F <= FACTR*EPSMCH,0
1.5,5.0,2000,5,clean,80,qlog,1.52,4.54539175302922,True,False,76,barrido q-log; q por deviance de bins,0
1.5,5.0,2000,5,clean,90,pdf,1.5074984739982777,5.1540994393460355,True,False,84,CONVERGENCE: RELATIVE REDUCTION OF F <= FACTR*EPSMCH,0
1.5,5.0,2000,5,clean,90,qlog,1.52,4.557646925788808,True,False,84,barrido q-log; q por deviance de bins,0
1.5,5.0,2000,5,clean,100,pdf,1.5072761109970498,5.1516566421447765,True,False,94,CONVERGENCE: RELATIVE REDUCTION OF F <= FACTR*EPSMCH,0
1.5,5.0,2000,5,clean,100,qlog,1.52,4.515802487725966,True,False,94,barrido q-log; q por deviance de bins,0
1.5,5.0,2000,5,clean,110,pdf,1.5065124879657543,5.137084712848936,True,False,102,CONVERGENCE: RELATIVE REDUCTION OF F <= FACTR*EPSMCH,0
1.5,5.0,2000,5,clean,110,qlog,1.52,4.43630034702542,True,False,102,barrido q-log; q por deviance de bins,0
1.5,5.0,2000,5,clean,120,pdf,1.5069162451997284,5.148491275898018,True,False,112,CONVERGENCE: RELATIVE REDUCTION OF F <= FACTR*EPSMCH,0
1.5,5.0,2000,5,clean,120,qlog,1.52,4.434199770492415,True,False,112,barrido q-log; q por deviance de bins,0
1.5,5.0,2000,5,clean,130,pdf,1.5114837573359232,5.181990653032808,True,False,121,CONVERGENCE: RELATIVE REDUCTION OF F <= FACTR*EPSMCH,0
1.5,5.0,2000,5,clean,130,qlog,1.52,4.419456832444823,True,False,121,barrido q-log; q por deviance de bins,0
1.5,5.0,2000,5,clean,140,pdf,1.5108381354738891,5.1800235397531535,True,False,129,CONVERGENCE: RELATIVE REDUCTION OF F <= FACTR*EPSMCH,0
1.5,5.0,2000,5,clean,140,qlog,1.52,4.276123887386372,True,False,129,barrido q-log; q por deviance de bins,0
1.5,5.0,2000,5,clean,150,pdf,1.5067196537235796,5.146622457649189,True,False,139,CONVERGENCE: RELATIVE REDUCTION OF F <= FACTR*EPSMCH,0
1.5,5.0,2000,5,clean,150,qlog,1.52,4.312640616903092,True,False,139,barrido q-log; q por deviance de bins,0
1.5,5.0,2000,5,clean,160,pdf,1.504666439728241,5.121801192051374,True,False,149,CONVERGENCE: RELATIVE REDUCTION OF F <= FACTR*EPSMCH,0
1.5,5.0,2000,5,clean,160,qlog,1.52,4.112164631739631,True,False,149,barrido q-log; q por deviance de bins,0
1.5,5.0,2000,5,clean,170,pdf,1.506747899858648,5.144525781123139,True,False,157,CONVERGENCE: RELATIVE REDUCTION OF F <= FACTR*EPSMCH,0
1.5,5.0,2000,5,clean,170,qlog,1.52,4.144576966216723,True,False,157,barrido q-log; q por deviance de bins,0
1.5,5.0,2000,5,clean,180,pdf,1.508413112513891,5.160273656450216,True,False,166,CONVERGENCE: RELATIVE REDUCTION OF F <= FACTR*EPSMCH,0
1.5,5.0,2000,5,clean,180,qlog,1.54,4.278784974334661,True,False,166,barrido q-log; q por deviance de bins,0
1.5,5.0,2000,5,clean,190,pdf,1.5095987075304433,5.1732350406017815,True,False,174,CONVERGENCE: RELATIVE REDUCTION OF F <= FACTR*EPSMCH,0
1.5,5.0,2000,5,clean,190,qlog,1.54,4.273318459049119,True,False,174,barrido q-log; q por deviance de bins,0
1.5,5.0,2000,5,clean,200,pdf,1.5054201842727273,5.136603285554516,True,False,183,CONVERGENCE: RELATIVE REDUCTION OF F <= FACTR*EPSMCH,0
1.5,5.0,2000,5,clean,200,qlog,1.54,4.223261627429303,True,False,183,barrido q-log; q por deviance de bins,0
1.5,5.0,2000,5,noisy,10,pdf,1.4826100071931003,4.126860726784698,True,False,10,CONVERGENCE: RELATIVE REDUCTION OF F <= FACTR*EPSMCH,0
1.5,5.0,2000,5,noisy,10,qlog,1.96,3.527468845103502,True,False,10,barrido q-log; q por deviance de bins,0
1.5,5.0,2000,5,noisy,20,pdf,1.477623573032957,4.077504334283216,True,False,20,CONVERGENCE: RELATIVE REDUCTION OF F <= FACTR*EPSMCH,0
1.5,5.0,2000,5,noisy,20,qlog,1.6,3.4336647674634193,True,False,20,barrido q-log; q por deviance de bins,0
1.5,5.0,2000,5,noisy,30,pdf,1.4702158581451779,4.05394556462079,True,False,29,CONVERGENCE: NORM OF PROJECTED GRADIENT <= PGTOL,0
1.5,5.0,2000,5,noisy,30,qlog,1.5,3.522124524882403,True,False,29,barrido q-log; q por deviance de bins,0
1.5,5.0,2000,5,noisy,40,pdf,1.4609666651216657,3.967993897571045,True,False,39,CONVERGENCE: RELATIVE REDUCTION OF F <= FACTR*EPSMCH,0
1.5,5.0,2000,5,noisy,40,qlog,1.48,3.4905329893927624,True,False,39,barrido q-log; q por deviance de bins,0
1.5,5.0,2000,5,noisy,50,pdf,1.4653870694464792,3.997374793814636,True,False,48,CONVERGENCE: RELATIVE REDUCTION OF F <= FACTR*EPSMCH,0
1.5,5.0,2000,5,noisy,50,qlog,1.48,3.7125048897934296,True,False,48,barrido q-log; q por deviance de bins,0
1.5,5.0,2000,5,noisy,60,pdf,1.4724621537472096,4.050035689420028,True,False,57,CONVERGENCE: RELATIVE REDUCTION OF F <= FACTR*EPSMCH,0
1.5,5.0,2000,5,noisy,60,qlog,1.48,3.6076381734368437,True,False,57,barrido q-log; q por deviance de bins,0
1.5,5.0,2000,5,noisy,70,pdf,1.4679366174691284,4.025407578602588,True,False,66,CONVERGENCE: RELATIVE REDUCTION OF F <= FACTR*EPSMCH,0
1.5,5.0,2000,5,noisy,70,qlog,1.48,3.668411025539122,True,False,66,barrido q-log; q por deviance de bins,0
1.5,5.0,2000,5,noisy,80,pdf,1.4607046073835408,3.97816924440239,True,False,76,CONVERGENCE: RELATIVE REDUCTION OF F <= FACTR*EPSMCH,0
1.5,5.0,2000,5,noisy,80,qlog,1.48,3.640109598705787,True,False,76,barrido q-log; q por deviance de bins,0
1.5,5.0,2000,5,noisy,90,pdf,1.45928346932034,3.9692057897177966,True,False,84,CONVERGENCE: RELATIVE REDUCTION OF F <= FACTR*EPSMCH,0
1.5,5.0,2000,5,noisy,90,qlog,1.48,3.626103687355714,True,False,84,barrido q-log; q por deviance de bins,0
1.5,5.0,2000,5,noisy,100,pdf,1.463993985859789,3.99650889637175,True,False,94,CONVERGENCE: RELATIVE REDUCTION OF F <= FACTR*EPSMCH,0
1.5,5.0,2000,5,noisy,100,qlog,1.48,3.570412601362895,True,False,94,barrido q-log; q por deviance de bins,0
1.5,5.0,2000,5,noisy,110,pdf,1.460281043610719,3.9715023910750453,True,False,102,CONVERGENCE: RELATIVE REDUCTION OF F <= FACTR*EPSMCH,0
1.5,5.0,2000,5,noisy,110,qlog,1.48,3.517367733023827,True,False,102,barrido q-log; q por deviance de bins,0
1.5,5.0,2000,5,noisy,120,pdf,1.4616207999707904,3.983495764323731,True,False,112,CONVERGENCE: RELATIVE REDUCTION OF F <= FACTR*EPSMCH,0
1.5,5.0,2000,5,noisy,120,qlog,1.48,3.460561860385675,True,False,112,barrido q-log; q por deviance de bins,0
1.5,5.0,2000,5,noisy,130,pdf,1.459996691947103,3.9683778053529135,True,False,121,CONVERGENCE: RELATIVE REDUCTION OF F <= FACTR*EPSMCH,0
1.5,5.0,2000,5,noisy,130,qlog,1.48,3.496035808165703,True,False,121,barrido q-log; q por deviance de bins,0
1.5,5.0,2000,5,noisy,140,pdf,1.462486017710619,3.9889838506076347,True,False,129,CONVERGENCE: RELATIVE REDUCTION OF F <= FACTR*EPSMCH,0
1.5,5.0,2000,5,noisy,140,qlog,1.5,3.5279359356528057,True,False,129,barrido q-log; q por deviance de bins,0
1.5,5.0,2000,5,noisy,150,pdf,1.4619740359789777,3.9823796024461116,True,False,137,CONVERGENCE: RELATIVE REDUCTION OF F <= FACTR*EPSMCH,0
1.5,5.0,2000,5,noisy,150,qlog,1.5,3.4764582856440036,True,False,137,barrido q-log; q por deviance de bins,0
1.5,5.0,2000,5,noisy,160,pdf,1.462393947444822,3.9887433676282686,True,False,149,CONVERGENCE: RELATIVE REDUCTION OF F <= FACTR*EPSMCH,0
1.5,5.0,2000,5,noisy,160,qlog,1.5,3.5126761938184874,True,False,149,barrido q-log; q por deviance de bins,0
1.5,5.0,2000,5,noisy,170,pdf,1.4647006574980743,4.004168276316414,True,False,155,CONVERGENCE: RELATIVE REDUCTION OF F <= FACTR*EPSMCH,0
1.5,5.0,2000,5,noisy,170,qlog,1.5,3.3863861602128473,True,False,155,barrido q-log; q por deviance de bins,0
1.5,5.0,2000,5,noisy,180,pdf,1.4616328777225163,3.980806839447096,True,False,166,CONVERGENCE: RELATIVE REDUCTION OF F <= FACTR*EPSMCH,0
1.5,5.0,2000,5,noisy,180,qlog,1.5,3.4165155184524543,True,False,166,barrido q-log; q por deviance de bins,0
1.5,5.0,2000,5,noisy,190,pdf,1.4597408839645691,3.9690173150375174,True,False,173,CONVERGENCE: RELATIVE REDUCTION OF F <= FACTR*EPSMCH,0
1.5,5.0,2000,5,noisy,190,qlog,1.5,3.3458713182662363,True,False,173,barrido q-log; q por deviance de bins,0
1.5,5.0,2000,5,noisy,200,pdf,1.4631258104735467,3.99135322277967,True,False,180,CONVERGENCE: RELATIVE REDUCTION OF F <= FACTR*EPSMCH,0
1.5,5.0,2000,5,noisy,200,qlog,1.5,3.344553248640279,True,False,180,barrido q-log; q por deviance de bins,0
1.5,5.0,2000,6,clean,10,pdf,1.5562935888064726,5.125266123259444,True,False,10,CONVERGENCE: NORM OF PROJECTED GRADIENT <= PGTOL,0
1.5,5.0,2000,6,clean,10,qlog,2.06,3.9098657250527107,True,False,10,barrido q-log; q por deviance de bins,0
1.5,5.0,2000,6,clean,20,pdf,1.5228156181988206,4.810805780926242,True,False,20,CONVERGENCE: RELATIVE REDUCTION OF F <= FACTR*EPSMCH,0
1.5,5.0,2000,6,clean,20,qlog,1.6800000000000002,3.937890356775002,True,False,20,barrido q-log; q por deviance de bins,0
1.5,5.0,2000,6,clean,30,pdf,1.5349808551836561,4.936792516765049,True,False,29,CONVERGENCE: RELATIVE REDUCTION OF F <= FACTR*EPSMCH,0
1.5,5.0,2000,6,clean,30,qlog,1.58,4.214253396723312,True,False,29,barrido q-log; q por deviance de bins,0
1.5,5.0,2000,6,clean,40,pdf,1.5406757119446222,4.9950451567955705,True,False,39,CONVERGENCE: RELATIVE REDUCTION OF F <= FACTR*EPSMCH,0
1.5,5.0,2000,6,clean,40,qlog,1.58,4.554916511173323,True,False,39,barrido q-log; q por deviance de bins,0
1.5,5.0,2000,6,clean,50,pdf,1.5369494337907894,4.969884237765235,True,False,47,CONVERGENCE: RELATIVE REDUCTION OF F <= FACTR*EPSMCH,0
1.5,5.0,2000,6,clean,50,qlog,1.56,4.324873123409846,True,False,47,barrido q-log; q por deviance de bins,0
1.5,5.0,2000,6,clean,60,pdf,1.5407031241849383,4.9912017297761535,True,False,57,CONVERGENCE: RELATIVE REDUCTION OF F <= FACTR*EPSMCH,0
1.5,5.0,2000,6,clean,60,qlog,1.58,4.633626342846483,True,False,57,barrido q-log; q por deviance de bins,0
1.5,5.0,2000,6,clean,70,pdf,1.5406026618270132,4.996031303905091,True,False,66,CONVERGENCE: RELATIVE REDUCTION OF F <= FACTR*EPSMCH,0
1.5,5.0,2000,6,clean,70,qlog,1.58,4.524609120433107,True,False,66,barrido q-log; q por deviance de bins,0
1.5,5.0,2000,6,clean,80,pdf,1.5330876227177808,4.920902892763659,True,False,76,CONVERGENCE: RELATIVE REDUCTION OF F <= FACTR*EPSMCH,0
1.5,5.0,2000,6,clean,80,qlog,1.54,4.32857860489145,True,False,76,barrido q-log; q por deviance de bins,0
1.5,5.0,2000,6,clean,90,pdf,1.5317676310402062,4.918172310329971,True,False,85,CONVERGENCE: RELATIVE REDUCTION OF F <= FACTR*EPSMCH,0
1.5,5.0,2000,6,clean,90,qlog,1.54,4.295397080934984,True,False,85,barrido q-log; q por deviance de bins,0
1.5,5.0,2000,6,clean,100,pdf,1.533394481064375,4.932100596460891,True,False,94,CONVERGENCE: RELATIVE REDUCTION OF F <= FACTR*EPSMCH,0
1.5,5.0,2000,6,clean,100,qlog,1.56,4.342633149309601,True,False,94,barrido q-log; q por deviance de bins,0
1.5,5.0,2000,6,clean,110,pdf,1.5348166150516835,4.9359302017012485,True,False,103,CONVERGENCE: RELATIVE REDUCTION OF F <= FACTR*EPSMCH,0
1.5,5.0,2000,6,clean,110,qlog,1.56,4.263365256572715,True,False,103,barrido q-log; q por deviance de bins,0
1.5,5.0,2000,6,clean,120,pdf,1.534423713876805,4.947409418505057,True,False,113,CONVERGENCE: RELATIVE REDUCTION OF F <= FACTR*EPSMCH,0
1.5,5.0,2000,6,clean,120,qlog,1.56,4.231162775519124,True,False,113,barrido q-log; q por deviance de bins,0
1.5,5.0,2000,6,clean,130,pdf,1.5360280085392604,4.961465076758975,True,False,121,CONVERGENCE: RELATIVE REDUCTION OF F <= FACTR*EPSMCH,0
1.5,5.0,2000,6,clean,130,qlog,1.56,4.056270397734871,True,False,121,barrido q-log; q por deviance de bins,0
1.5,5.0,2000,6,clean,140,pdf,1.5299621539306356,4.911850884445801,True,False,130,CONVERGENCE: RELATIVE REDUCTION OF F <= FACTR*EPSMCH,0
1.5,5.0,2000,6,clean,140,qlog,1.56,4.0350952414412244,True,False,130,barrido q-log; q por deviance de bins,0
1.5,5.0,2000,6,clean,150,pdf,1.5345839085130735,4.949283747582973,True,False,137,CONVERGENCE: RELATIVE REDUCTION OF F <= FACTR*EPSMCH,0
1.5,5.0,2000,6,clean,150,qlog,1.58,4.187348620040514,True,False,137,barrido q-log; q por deviance de bins,0
1.5,5.0,2000,6,clean,160,pdf,1.5355627119820883,4.960498371743324,True,False,148,CONVERGENCE: RELATIVE REDUCTION OF F <= FACTR*EPSMCH,0
1.5,5.0,2000,6,clean,160,qlog,1.56,3.9861805691584866,True,False,148,barrido q-log; q por deviance de bins,0
1.5,5.0,2000,6,clean,170,pdf,1.5339792231950655,4.938378953478545,True,False,155,CONVERGENCE: RELATIVE REDUCTION OF F <= FACTR*EPSMCH,0
1.5,5.0,2000,6,clean,170,qlog,1.58,4.208346911845756,True,False,155,barrido q-log; q por deviance de bins,0
1.5,5.0,2000,6,clean,180,pdf,1.5339058026850554,4.935737371224214,True,False,164,CONVERGENCE: RELATIVE REDUCTION OF F <= FACTR*EPSMCH,0
1.5,5.0,2000,6,clean,180,qlog,1.58,3.940820549732043,True,False,164,barrido q-log; q por deviance de bins,0
1.5,5.0,2000,6,clean,190,pdf,1.5369130298349603,4.964576586692576,True,False,171,CONVERGENCE: RELATIVE REDUCTION OF F <= FACTR*EPSMCH,0
1.5,5.0,2000,6,clean,190,qlog,1.58,3.8949034157703193,True,False,171,barrido q-log; q por deviance de bins,0
1.5,5.0,2000,6,clean,200,pdf,1.537329941555798,4.9673958796218525,True,False,179,CONVERGENCE: RELATIVE REDUCTION OF F <= FACTR*EPSMCH,0
1.5,5.0,2000,6,clean,200,qlog,1.58,3.8901623163522023,True,False,179,barrido q-log; q por deviance de bins,0
1.5,5.0,2000,6,noisy,10,pdf,1.440977299717798,3.5287562834883275,True,False,10,CONVERGENCE: RELATIVE REDUCTION OF F <= FACTR*EPSMCH,0
1.5,5.0,2000,6,noisy,10,qlog,2.02,2.76508532863793,True,False,10,barrido q-log; q por deviance de bins,0
1.5,5.0,2000,6,noisy,20,pdf,1.4413309013871618,3.5179403190946728,True,False,19,CONVERGENCE: RELATIVE REDUCTION OF F <= FACTR*EPSMCH,0
1.5,5.0,2000,6,noisy,20,qlog,1.62,2.9947741224357523,True,False,19,barrido q-log; q por deviance de bins,0
1.5,5.0,2000,6,noisy,30,pdf,1.4666466441100268,3.678821062504469,True,False,29,CONVERGENCE: RELATIVE REDUCTION OF F <= FACTR*EPSMCH,0
1.5,5.0,2000,6,noisy,30,qlog,1.52,3.2224315781293127,True,False,29,barrido q-log; q por deviance de bins,0
1.5,5.0,2000,6,noisy,40,pdf,1.47432518360756,3.729383256981997,True,False,38,CONVERGENCE: RELATIVE REDUCTION OF F <= FACTR*EPSMCH,0
1.5,5.0,2000,6,noisy,40,qlog,1.52,3.3821681212901824,True,False,38,barrido q-log; q por deviance de bins,0
1.5,5.0,2000,6,noisy,50,pdf,1.4800541586173794,3.7601208780048663,True,False,47,CONVERGENCE: RELATIVE REDUCTION OF F <= FACTR*EPSMCH,0
1.5,5.0,2000,6,noisy,50,qlog,1.52,3.399523062998425,True,False,47,barrido q-log; q por deviance de bins,0
1.5,5.0,2000,6,noisy,60,pdf,1.4720009912202694,3.7141365666872437,True,False,56,CONVERGENCE: RELATIVE REDUCTION OF F <= FACTR*EPSMCH,0
1.5,5.0,2000,6,noisy,60,qlog,1.52,3.4485369610129784,True,False,56,barrido q-log; q por deviance de bins,0
1.5,5.0,2000,6,noisy,70,pdf,1.478858815765912,3.766985187882942,True,False,66,CONVERGENCE: RELATIVE REDUCTION OF F <= FACTR*EPSMCH,0
1.5,5.0,2000,6,noisy,70,qlog,1.54,3.5531311195269724,True,False,66,barrido q-log; q por deviance de bins,0
1.5,5.0,2000,6,noisy,80,pdf,1.4723123140596683,3.7196278302017727,True,False,75,CONVERGENCE: RELATIVE REDUCTION OF F <= FACTR*EPSMCH,0
1.5,5.0,2000,6,noisy,80,qlog,1.5,3.424614829648433,True,False,75,barrido q-log; q por deviance de bins,0
1.5,5.0,2000,6,noisy,90,pdf,1.4787106311220777,3.762867849528842,True,False,85,CONVERGENCE: RELATIVE REDUCTION OF F <= FACTR*EPSMCH,0
1.5,5.0,2000,6,noisy,90,qlog,1.52,3.4683577381676933,True,False,85,barrido q-log; q por deviance de bins,0
1.5,5.0,2000,6,noisy,100,pdf,1.480649916268929,3.7677864865284194,True,False,93,CONVERGENCE: RELATIVE REDUCTION OF F <= FACTR*EPSMCH,0
1.5,5.0,2000,6,noisy,100,qlog,1.52,3.46532487678666,True,False,93,barrido q-log; q por deviance de bins,0
1.5,5.0,2000,6,noisy,110,pdf,1.4855032669169463,3.79875087789325,True,False,103,CONVERGENCE: RELATIVE REDUCTION OF F <= FACTR*EPSMCH,0
1.5,5.0,2000,6,noisy,110,qlog,1.52,3.4566380127212017,True,False,103,barrido q-log; q por deviance de bins,0
1.5,5.0,2000,6,noisy,120,pdf,1.4760109380724629,3.740916143237527,True,False,111,CONVERGENCE: RELATIVE REDUCTION OF F <= FACTR*EPSMCH,0
1.5,5.0,2000,6,noisy,120,qlog,1.52,3.3603610503585406,True,False,111,barrido q-log; q por deviance de bins,0
1.5,5.0,2000,6,noisy,130,pdf,1.4794420794559406,3.7595962036624293,True,False,121,CONVERGENCE: RELATIVE REDUCTION OF F <= FACTR*EPSMCH,0
1.5,5.0,2000,6,noisy,130,qlog,1.52,3.3008812623897827,True,False,121,barrido q-log; q por deviance de bins,0
1.5,5.0,2000,6,noisy,140,pdf,1.4837363162904984,3.788944547154837,True,False,129,CONVERGENCE: RELATIVE REDUCTION OF F <= FACTR*EPSMCH,0
1.5,5.0,2000,6,noisy,140,qlog,1.54,3.360835723257755,True,False,129,barrido q-log; q por deviance de bins,0
1.5,5.0,2000,6,noisy,150,pdf,1.4821270273579998,3.775943043783175,True,False,139,CONVERGENCE: RELATIVE REDUCTION OF F <= FACTR*EPSMCH,0
1.5,5.0,2000,6,noisy,150,qlog,1.54,3.2478625864329227,True,False,139,barrido q-log; q por deviance de bins,0
1.5,5.0,2000,6,noisy,160,pdf,1.4803669521735523,3.7649184965691727,True,False,147,CONVERGENCE: RELATIVE REDUCTION OF F <= FACTR*EPSMCH,0
1.5,5.0,2000,6,noisy,160,qlog,1.54,3.2616500865475464,True,False,147,barrido q-log; q por deviance de bins,0
1.5,5.0,2000,6,noisy,170,pdf,1.4817041166184417,3.7765915064199103,True,False,157,CONVERGENCE: RELATIVE REDUCTION OF F <= FACTR*EPSMCH,0
1.5,5.0,2000,6,noisy,170,qlog,1.54,3.3294306948258194,True,False,157,barrido q-log; q por deviance de bins,0
1.5,5.0,2000,6,noisy,180,pdf,1.4800816820280474,3.770174816466948,True,False,164,CONVERGENCE: RELATIVE REDUCTION OF F <= FACTR*EPSMCH,0
1.5,5.0,2000,6,noisy,180,qlog,1.54,3.16736061586772,True,False,164,barrido q-log; q por deviance de bins,0
1.5,5.0,2000,6,noisy,190,pdf,1.481516021067254,3.7763847558871517,True,False,174,CONVERGENCE: RELATIVE REDUCTION OF F <= FACTR*EPSMCH,0
1.5,5.0,2000,6,noisy,190,qlog,1.56,3.1801109071877383,True,False,174,barrido q-log; q por deviance de bins,0
1.5,5.0,2000,6,noisy,200,pdf,1.4815717248187845,3.7747105909464596,True,False,182,CONVERGENCE: RELATIVE REDUCTION OF F <= FACTR*EPSMCH,0
1.5,5.0,2000,6,noisy,200,qlog,1.54,3.014275987633635,True,False,182,barrido q-log; q por deviance de bins,0
1.5,5.0,2000,7,clean,10,pdf,1.5194052117653074,5.065978623854997,True,False,10,CONVERGENCE: RELATIVE REDUCTION OF F <= FACTR*EPSMCH,0
1.5,5.0,2000,7,clean,10,qlog,1.98,4.397252637541246,True,False,10,barrido q-log; q por deviance de bins,0
1.5,5.0,2000,7,clean,20,pdf,1.5245461017061044,5.0993720759484535,True,False,20,CONVERGENCE: RELATIVE REDUCTION OF F <= FACTR*EPSMCH,0
1.5,5.0,2000,7,clean,20,qlog,1.62,4.262499494071513,True,False,20,barrido q-log; q por deviance de bins,0
1.5,5.0,2000,7,clean,30,pdf,1.5339886463489243,5.155590670090654,True,False,30,CONVERGENCE: RELATIVE REDUCTION OF F <= FACTR*EPSMCH,0
1.5,5.0,2000,7,clean,30,qlog,1.56,4.506218052561468,True,False,30,barrido q-log; q por deviance de bins,0
1.5,5.0,2000,7,clean,40,pdf,1.5351772848579481,5.1607333772476265,True,False,40,CONVERGENCE: RELATIVE REDUCTION OF F <= FACTR*EPSMCH,0
1.5,5.0,2000,7,clean,40,qlog,1.54,4.645423810064778,True,False,40,barrido q-log; q por deviance de bins,0
1.5,5.0,2000,7,clean,50,pdf,1.5291045605343316,5.124413167984186,True,False,50,CONVERGENCE: RELATIVE REDUCTION OF F <= FACTR*EPSMCH,0
1.5,5.0,2000,7,clean,50,qlog,1.54,4.695563770569734,True,False,50,barrido q-log; q por deviance de bins,0
1.5,5.0,2000,7,clean,60,pdf,1.5372802140526791,5.195104584140688,True,False,59,CONVERGENCE: RELATIVE REDUCTION OF F <= FACTR*EPSMCH,0
1.5,5.0,2000,7,clean,60,qlog,1.54,4.702087828963335,True,False,59,barrido q-log; q por deviance de bins,0
1.5,5.0,2000,7,clean,70,pdf,1.5418956559819366,5.239148109047983,True,False,68,CONVERGENCE: RELATIVE REDUCTION OF F <= FACTR*EPSMCH,0
1.5,5.0,2000,7,clean,70,qlog,1.56,4.759849686110381,True,False,68,barrido q-log; q por deviance de bins,0
1.5,5.0,2000,7,clean,80,pdf,1.5363698985969858,5.183029553661168,True,False,78,CONVERGENCE: RELATIVE REDUCTION OF F <= FACTR*EPSMCH,0
1.5,5.0,2000,7,clean,80,qlog,1.54,4.591059961761515,True,False,78,barrido q-log; q por deviance de bins,0
1.5,5.0,2000,7,clean,90,pdf,1.5391746535672193,5.220781018077202,True,False,87,CONVERGENCE: RELATIVE REDUCTION OF F <= FACTR*EPSMCH,0
1.5,5.0,2000,7,clean,90,qlog,1.54,4.671769375060048,True,False,87,barrido q-log; q por deviance de bins,0
1.5,5.0,2000,7,clean,100,pdf,1.5408854069636584,5.227644290757933,True,False,97,CONVERGENCE: RELATIVE REDUCTION OF F <= FACTR*EPSMCH,0
1.5,5.0,2000,7,clean,100,qlog,1.56,4.730062835493719,True,False,97,barrido q-log; q por deviance de bins,0
1.5,5.0,2000,7,clean,110,pdf,1.540013061956061,5.22516786369115,True,False,104,CONVERGENCE: RELATIVE REDUCTION OF F <= FACTR*EPSMCH,0
1.5,5.0,2000,7,clean,110,qlog,1.56,4.38108938987327,True,False,104,barrido q-log; q por deviance de bins,0
1.5,5.0,2000,7,clean,120,pdf,1.5373666542366653,5.19780204456618,True,False,115,CONVERGENCE: RELATIVE REDUCTION OF F <= FACTR*EPSMCH,0
1.5,5.0,2000,7,clean,120,qlog,1.54,4.523042699967219,True,False,115,barrido q-log; q por deviance de bins,0
1.5,5.0,2000,7,clean,130,pdf,1.539090877472328,5.218988850049017,True,False,124,CONVERGENCE: RELATIVE REDUCTION OF F <= FACTR*EPSMCH,0
1.5,5.0,2000,7,clean,130,qlog,1.56,4.494432258152768,True,False,124,barrido q-log; q por deviance de bins,0
1.5,5.0,2000,7,clean,140,pdf,1.538566030281855,5.208479063424201,True,False,133,CONVERGENCE: RELATIVE REDUCTION OF F <= FACTR*EPSMCH,0
1.5,5.0,2000,7,clean,140,qlog,1.56,4.434553168758133,True,False,133,barrido q-log; q por deviance de bins,0
1.5,5.0,2000,7,clean,150,pdf,1.53921165777255,5.217889801242857,True,False,143,CONVERGENCE: RELATIVE REDUCTION OF F <= FACTR*EPSMCH,0
1.5,5.0,2000,7,clean,150,qlog,1.56,4.4572795909075085,True,False,143,barrido q-log; q por deviance de bins,0
1.5,5.0,2000,7,clean,160,pdf,1.5383645992526294,5.2112761708700805,True,False,152,CONVERGENCE: RELATIVE REDUCTION OF F <= FACTR*EPSMCH,0
1.5,5.0,2000,7,clean,160,qlog,1.56,4.392932661647603,True,False,152,barrido q-log; q por deviance de bins,0
1.5,5.0,2000,7,clean,170,pdf,1.5410877987855363,5.239289934741683,True,False,160,CONVERGENCE: RELATIVE REDUCTION OF F <= FACTR*EPSMCH,0
1.5,5.0,2000,7,clean,170,qlog,1.56,4.32161701729777,True,False,160,barrido q-log; q por deviance de bins,0
1.5,5.0,2000,7,clean,180,pdf,1.5392450711489918,5.2266454353060245,True,False,170,CONVERGENCE: RELATIVE REDUCTION OF F <= FACTR*EPSMCH,0
1.5,5.0,2000,7,clean,180,qlog,1.56,4.222967987330709,True,False,170,barrido q-log; q por deviance de bins,0
1.5,5.0,2000,7,clean,190,pdf,1.5376302951263205,5.210087316309659,True,False,179,CONVERGENCE: RELATIVE REDUCTION OF F <= FACTR*EPSMCH,0
1.5,5.0,2000,7,clean,190,qlog,1.56,4.062799069187317,True,False,179,barrido q-log; q por deviance de bins,0
1.5,5.0,2000,7,clean,200,pdf,1.5385772615524216,5.217905764483203,True,False,188,CONVERGENCE: RELATIVE REDUCTION OF F <= FACTR*EPSMCH,0
1.5,5.0,2000,7,clean,200,qlog,1.56,4.1405247999378325,True,False,188,barrido q-log; q por deviance de bins,0
1.5,5.0,2000,7,noisy,10,pdf,1.4164468666963599,3.6510721538746838,True,False,10,CONVERGENCE: RELATIVE REDUCTION OF F <= FACTR*EPSMCH,0
1.5,5.0,2000,7,noisy,10,qlog,1.94,3.472611885222858,True,False,10,barrido q-log; q por deviance de bins,0
1.5,5.0,2000,7,noisy,20,pdf,1.4644212986951446,3.943907993733547,True,False,20,CONVERGENCE: RELATIVE REDUCTION OF F <= FACTR*EPSMCH,0
1.5,5.0,2000,7,noisy,20,qlog,1.56,3.3372276487330237,True,False,20,barrido q-log; q por deviance de bins,0
1.5,5.0,2000,7,noisy,30,pdf,1.4957848916454028,4.158906319688233,True,False,30,CONVERGENCE: RELATIVE REDUCTION OF F <= FACTR*EPSMCH,0
1.5,5.0,2000,7,noisy,30,qlog,1.54,3.785929974770701,True,False,30,barrido q-log; q por deviance de bins,0
1.5,5.0,2000,7,noisy,40,pdf,1.4950169570540643,4.164661455525607,True,False,40,CONVERGENCE: RELATIVE REDUCTION OF F <= FACTR*EPSMCH,0
1.5,5.0,2000,7,noisy,40,qlog,1.52,3.9284671621894973,True,False,40,barrido q-log; q por deviance de bins,0
1.5,5.0,2000,7,noisy,50,pdf,1.487551661082212,4.095492631378193,True,False,50,CONVERGENCE: RELATIVE REDUCTION OF F <= FACTR*EPSMCH,0
1.5,5.0,2000,7,noisy,50,qlog,1.5,3.727141770929543,True,False,50,barrido q-log; q por deviance de bins,0
1.5,5.0,2000,7,noisy,60,pdf,1.5012861604092,4.181366456744856,True,False,59,CONVERGENCE: RELATIVE REDUCTION OF F <= FACTR*EPSMCH,0
1.5,5.0,2000,7,noisy,60,qlog,1.52,3.8650546547040703,True,False,59,barrido q-log; q por deviance de bins,0
1.5,5.0,2000,7,noisy,70,pdf,1.503149167826499,4.196438710463195,True,False,68,CONVERGENCE: RELATIVE REDUCTION OF F <= FACTR*EPSMCH,0
1.5,5.0,2000,7,noisy,70,qlog,1.52,3.7552126863511184,True,False,68,barrido q-log; q por deviance de bins,0
1.5,5.0,2000,7,noisy,80,pdf,1.4962765609412179,4.160149370124948,True,False,79,CONVERGENCE: RELATIVE REDUCTION OF F <= FACTR*EPSMCH,0
1.5,5.0,2000,7,noisy,80,qlog,1.5,3.7932957363208875,True,False,79,barrido q-log; q por deviance de bins,0
1.5,5.0,2000,7,noisy,90,pdf,1.4927411784799784,4.143419093436878,True,False,87,CONVERGENCE: RELATIVE REDUCTION OF F <= FACTR*EPSMCH,0
1.5,5.0,2000,7,noisy,90,qlog,1.5,3.8055224149057545,True,False,87,barrido q-log; q por deviance de bins,0
1.5,5.0,2000,7,noisy,100,pdf,1.4944894332924825,4.154762424554734,True,False,97,CONVERGENCE: RELATIVE REDUCTION OF F <= FACTR*EPSMCH,0
1.5,5.0,2000,7,noisy,100,qlog,1.52,3.750215181135961,True,False,97,barrido q-log; q por deviance de bins,0
1.5,5.0,2000,7,noisy,110,pdf,1.499186483806365,4.186377955441215,True,False,106,CONVERGENCE: RELATIVE REDUCTION OF F <= FACTR*EPSMCH,0
1.5,5.0,2000,7,noisy,110,qlog,1.52,3.854469740320388,True,False,106,barrido q-log; q por deviance de bins,0
1.5,5.0,2000,7,noisy,120,pdf,1.4959416956394724,4.165471236757109,True,False,115,CONVERGENCE: RELATIVE REDUCTION OF F <= FACTR*EPSMCH,0
1.5,5.0,2000,7,noisy,120,qlog,1.52,3.653615315645758,True,False,115,barrido q-log; q por deviance de bins,0
1.5,5.0,2000,7,noisy,130,pdf,1.493432983518734,4.142737336716329,True,False,123,CONVERGENCE: RELATIVE REDUCTION OF F <= FACTR*EPSMCH,0
1.5,5.0,2000,7,noisy,130,qlog,1.52,3.497732852498938,True,False,123,barrido q-log; q por deviance de bins,0
1.5,5.0,2000,7,noisy,140,pdf,1.4988754579012058,4.180599889806297,True,False,133,CONVERGENCE: RELATIVE REDUCTION OF F <= FACTR*EPSMCH,0
1.5,5.0,2000,7,noisy,140,qlog,1.52,3.573043303891078,True,False,133,barrido q-log; q por deviance de bins,0
1.5,5.0,2000,7,noisy,150,pdf,1.4954698120838101,4.154783202336317,True,False,142,CONVERGENCE: NORM OF PROJECTED GRADIENT <= PGTOL,0
1.5,5.0,2000,7,noisy,150,qlog,1.52,3.5631133727591724,True,False,142,barrido q-log; q por deviance de bins,0
1.5,5.0,2000,7,noisy,160,pdf,1.4978929996445438,4.16538672679788,True,False,153,CONVERGENCE: RELATIVE REDUCTION OF F <= FACTR*EPSMCH,0
1.5,5.0,2000,7,noisy,160,qlog,1.52,3.6165087062301193,True,False,153,barrido q-log; q por deviance de bins,0
1.5,5.0,2000,7,noisy,170,pdf,1.5045583830381821,4.21527788535309,True,False,159,CONVERGENCE: RELATIVE REDUCTION OF F <= FACTR*EPSMCH,0
1.5,5.0,2000,7,noisy,170,qlog,1.54,3.4669387069837936,True,False,159,barrido q-log; q por deviance de bins,0
1.5,5.0,2000,7,noisy,180,pdf,1.4978921723441745,4.163618633272881,True,False,170,CONVERGENCE: RELATIVE REDUCTION OF F <= FACTR*EPSMCH,0
1.5,5.0,2000,7,noisy,180,qlog,1.52,3.42947941555182,True,False,170,barrido q-log; q por deviance de bins,0
1.5,5.0,2000,7,noisy,190,pdf,1.497733546758316,4.162240718754722,True,False,179,CONVERGENCE: RELATIVE REDUCTION OF F <= FACTR*EPSMCH,0
1.5,5.0,2000,7,noisy,190,qlog,1.52,3.4096183303831262,True,False,179,barrido q-log; q por deviance de bins,0
1.5,5.0,2000,7,noisy,200,pdf,1.4982626457561363,4.171015261740687,True,False,188,CONVERGENCE: RELATIVE REDUCTION OF F <= FACTR*EPSMCH,0
1.5,5.0,2000,7,noisy,200,qlog,1.52,3.2353761733540547,True,False,188,barrido q-log; q por deviance de bins,0
1.5,5.0,2000,8,clean,10,pdf,1.4494179679152401,4.441274763998781,True,False,10,CONVERGENCE: NORM OF PROJECTED GRADIENT <= PGTOL,0
1.5,5.0,2000,8,clean,10,qlog,1.82,4.327188298062909,True,False,10,barrido q-log; q por deviance de bins,0
1.5,5.0,2000,8,clean,20,pdf,1.5044590759667553,4.826269341138615,True,False,20,CONVERGENCE: RELATIVE REDUCTION OF F <= FACTR*EPSMCH,0
1.5,5.0,2000,8,clean,20,qlog,1.56,4.150479919115455,True,False,20,barrido q-log; q por deviance de bins,0
1.5,5.0,2000,8,clean,30,pdf,1.4999244783213748,4.775282963237806,True,False,30,CONVERGENCE: RELATIVE REDUCTION OF F <= FACTR*EPSMCH,0
1.5,5.0,2000,8,clean,30,qlog,1.52,4.285655926831492,True,False,30,barrido q-log; q por deviance de bins,0
1.5,5.0,2000,8,clean,40,pdf,1.504380872596883,4.796047896889731,True,False,40,CONVERGENCE: RELATIVE REDUCTION OF F <= FACTR*EPSMCH,0
1.5,5.0,2000,8,clean,40,qlog,1.52,4.292422100494818,True,False,40,barrido q-log; q por deviance de bins,0
1.5,5.0,2000,8,clean,50,pdf,1.5092682065570322,4.865941711345475,True,False,50,CONVERGENCE: RELATIVE REDUCTION OF F <= FACTR*EPSMCH,0
1.5,5.0,2000,8,clean,50,qlog,1.52,4.386995214376706,True,False,50,barrido q-log; q por deviance de bins,0
1.5,5.0,2000,8,clean,60,pdf,1.4987643907444028,4.7703243795419175,True,False,60,CONVERGENCE: RELATIVE REDUCTION OF F <= FACTR*EPSMCH,0
1.5,5.0,2000,8,clean,60,qlog,1.5,4.25537907477527,True,False,60,barrido q-log; q por deviance de bins,0
1.5,5.0,2000,8,clean,70,pdf,1.503628874139539,4.812434679432411,True,False,69,CONVERGENCE: RELATIVE REDUCTION OF F <= FACTR*EPSMCH,0
1.5,5.0,2000,8,clean,70,qlog,1.5,4.247091983929124,True,False,69,barrido q-log; q por deviance de bins,0
1.5,5.0,2000,8,clean,80,pdf,1.5071713848395005,4.834302518677854,True,False,79,CONVERGENCE: RELATIVE REDUCTION OF F <= FACTR*EPSMCH,0
1.5,5.0,2000,8,clean,80,qlog,1.5,4.126771366978516,True,False,79,barrido q-log; q por deviance de bins,0
1.5,5.0,2000,8,clean,90,pdf,1.5035748307765622,4.807149927023474,True,False,88,CONVERGENCE: RELATIVE REDUCTION OF F <= FACTR*EPSMCH,0
1.5,5.0,2000,8,clean,90,qlog,1.5,4.125579791279103,True,False,88,barrido q-log; q por deviance de bins,0
1.5,5.0,2000,8,clean,100,pdf,1.5060517322271263,4.8235931000332295,True,False,99,CONVERGENCE: RELATIVE REDUCTION OF F <= FACTR*EPSMCH,0
1.5,5.0,2000,8,clean,100,qlog,1.5,4.140297607849511,True,False,99,barrido q-log; q por deviance de bins,0
1.5,5.0,2000,8,clean,110,pdf,1.5047301104128823,4.815150717134297,True,False,109,CONVERGENCE: RELATIVE REDUCTION OF F <= FACTR*EPSMCH,0
1.5,5.0,2000,8,clean,110,qlog,1.5,4.081917280745803,True,False,109,barrido q-log; q por deviance de bins,0
1.5,5.0,2000,8,clean,120,pdf,1.5024429678599245,4.798849536967681,True,False,118,CONVERGENCE: RELATIVE REDUCTION OF F <= FACTR*EPSMCH,0
1.5,5.0,2000,8,clean,120,qlog,1.5,3.958902860473876,True,False,118,barrido q-log; q por deviance de bins,0
1.5,5.0,2000,8,clean,130,pdf,1.5038862526513286,4.805960595965077,True,False,126,CONVERGENCE: RELATIVE REDUCTION OF F <= FACTR*EPSMCH,0
1.5,5.0,2000,8,clean,130,qlog,1.52,4.049928946194493,True,False,126,barrido q-log; q por deviance de bins,0
1.5,5.0,2000,8,clean,140,pdf,1.5035534469590766,4.812790355989409,True,False,138,CONVERGENCE: RELATIVE REDUCTION OF F <= FACTR*EPSMCH,0
1.5,5.0,2000,8,clean,140,qlog,1.5,3.981078024763234,True,False,138,barrido q-log; q por deviance de bins,0
1.5,5.0,2000,8,clean,150,pdf,1.5047692481410506,4.815699064982669,True,False,147,CONVERGENCE: RELATIVE REDUCTION OF F <= FACTR*EPSMCH,0
1.5,5.0,2000,8,clean,150,qlog,1.5,3.983435688633729,True,False,147,barrido q-log; q por deviance de bins,0
1.5,5.0,2000,8,clean,160,pdf,1.5053402443218389,4.822758085468681,True,False,157,CONVERGENCE: RELATIVE REDUCTION OF F <= FACTR*EPSMCH,0
1.5,5.0,2000,8,clean,160,qlog,1.5,3.8236422770655545,True,False,157,barrido q-log; q por deviance de bins,0
1.5,5.0,2000,8,clean,170,pdf,1.5070210872939311,4.8381088375786785,True,False,165,CONVERGENCE: RELATIVE REDUCTION OF F <= FACTR*EPSMCH,0
1.5,5.0,2000,8,clean,170,qlog,1.5,3.7370683845387935,True,False,165,barrido q-log; q por deviance de bins,0
1.5,5.0,2000,8,clean,180,pdf,1.5024396198691639,4.798885506557363,True,False,175,CONVERGENCE: RELATIVE REDUCTION OF F <= FACTR*EPSMCH,0
1.5,5.0,2000,8,clean,180,qlog,1.5,3.7121777139692864,True,False,175,barrido q-log; q por deviance de bins,0
1.5,5.0,2000,8,clean,190,pdf,1.5041920799864128,4.816194693197249,True,False,185,CONVERGENCE: RELATIVE REDUCTION OF F <= FACTR*EPSMCH,0
1.5,5.0,2000,8,clean,190,qlog,1.5,3.8265607948721416,True,False,185,barrido q-log; q por deviance de bins,0
1.5,5.0,2000,8,clean,200,pdf,1.5046248294413587,4.817850552944969,True,False,194,CONVERGENCE: RELATIVE REDUCTION OF F <= FACTR*EPSMCH,0
1.5,5.0,2000,8,clean,200,qlog,1.5,3.7116035957390703,True,False,194,barrido q-log; q por deviance de bins,0
1.5,5.0,2000,8,noisy,10,pdf,1.2678059863850177,2.739427532895797,True,False,10,CONVERGENCE: NORM OF PROJECTED GRADIENT <= PGTOL,0
1.5,5.0,2000,8,noisy,10,qlog,1.74,2.96869197296645,True,False,10,barrido q-log; q por deviance de bins,0
1.5,5.0,2000,8,noisy,20,pdf,1.4184996469973619,3.3878293786126012,True,False,20,CONVERGENCE: RELATIVE REDUCTION OF F <= FACTR*EPSMCH,0
1.5,5.0,2000,8,noisy,20,qlog,1.48,3.0003935972488085,True,False,20,barrido q-log; q por deviance de bins,0
1.5,5.0,2000,8,noisy,30,pdf,1.4264498488304038,3.46556534983792,True,False,30,CONVERGENCE: RELATIVE REDUCTION OF F <= FACTR*EPSMCH,0
1.5,5.0,2000,8,noisy,30,qlog,1.46,3.0915584256467863,True,False,30,barrido q-log; q por deviance de bins,0
1.5,5.0,2000,8,noisy,40,pdf,1.4199591737193193,3.415810236348757,True,False,40,CONVERGENCE: NORM OF PROJECTED GRADIENT <= PGTOL,0
1.5,5.0,2000,8,noisy,40,qlog,1.44,3.119358020342626,True,False,40,barrido q-log; q por deviance de bins,0
1.5,5.0,2000,8,noisy,50,pdf,1.4268102604879238,3.4482419527526273,True,False,50,CONVERGENCE: RELATIVE REDUCTION OF F <= FACTR*EPSMCH,0
1.5,5.0,2000,8,noisy,50,qlog,1.46,3.275042385859003,True,False,50,barrido q-log; q por deviance de bins,0
1.5,5.0,2000,8,noisy,60,pdf,1.4296406495558354,3.472260979126845,True,False,60,CONVERGENCE: RELATIVE REDUCTION OF F <= FACTR*EPSMCH,0
1.5,5.0,2000,8,noisy,60,qlog,1.44,3.047838410247193,True,False,60,barrido q-log; q por deviance de bins,0
1.5,5.0,2000,8,noisy,70,pdf,1.4203182849791731,3.427111698385467,True,False,70,CONVERGENCE: RELATIVE REDUCTION OF F <= FACTR*EPSMCH,0
1.5,5.0,2000,8,noisy,70,qlog,1.44,3.080844952555077,True,False,70,barrido q-log; q por deviance de bins,0
1.5,5.0,2000,8,noisy,80,pdf,1.4175932813469176,3.414484589082958,True,False,79,CONVERGENCE: RELATIVE REDUCTION OF F <= FACTR*EPSMCH,0
1.5,5.0,2000,8,noisy,80,qlog,1.44,3.093433029245811,True,False,79,barrido q-log; q por deviance de bins,0
1.5,5.0,2000,8,noisy,90,pdf,1.4259412643213925,3.4633856126952347,True,False,88,CONVERGENCE: RELATIVE REDUCTION OF F <= FACTR*EPSMCH,0
1.5,5.0,2000,8,noisy,90,qlog,1.44,3.017801660135402,True,False,88,barrido q-log; q por deviance de bins,0
1.5,5.0,2000,8,noisy,100,pdf,1.425476947468027,3.4595333014352607,True,False,98,CONVERGENCE: RELATIVE REDUCTION OF F <= FACTR*EPSMCH,0
1.5,5.0,2000,8,noisy,100,qlog,1.46,3.1026563732208263,True,False,98,barrido q-log; q por deviance de bins,0
1.5,5.0,2000,8,noisy,110,pdf,1.4263478440005373,3.4643663971100116,True,False,108,CONVERGENCE: RELATIVE REDUCTION OF F <= FACTR*EPSMCH,0
1.5,5.0,2000,8,noisy,110,qlog,1.44,2.9876174896315737,True,False,108,barrido q-log; q por deviance de bins,0
1.5,5.0,2000,8,noisy,120,pdf,1.4235033762833689,3.4490498843231214,True,False,118,CONVERGENCE: RELATIVE REDUCTION OF F <= FACTR*EPSMCH,0
1.5,5.0,2000,8,noisy,120,qlog,1.44,2.9639192169780513,True,False,118,barrido q-log; q por deviance de bins,0
1.5,5.0,2000,8,noisy,130,pdf,1.4250493383405947,3.4531220475169166,True,False,128,CONVERGENCE: RELATIVE REDUCTION OF F <= FACTR*EPSMCH,0
1.5,5.0,2000,8,noisy,130,qlog,1.44,2.9143790950606605,True,False,128,barrido q-log; q por deviance de bins,0
1.5,5.0,2000,8,noisy,140,pdf,1.4235383934210968,3.448925020163688,True,False,137,CONVERGENCE: RELATIVE REDUCTION OF F <= FACTR*EPSMCH,0
1.5,5.0,2000,8,noisy,140,qlog,1.44,2.9465697802217314,True,False,137,barrido q-log; q por deviance de bins,0
1.5,5.0,2000,8,noisy,150,pdf,1.4255758429640135,3.45042242260892,True,False,145,CONVERGENCE: RELATIVE REDUCTION OF F <= FACTR*EPSMCH,0
1.5,5.0,2000,8,noisy,150,qlog,1.46,2.9087977256574327,True,False,145,barrido q-log; q por deviance de bins,0
1.5,5.0,2000,8,noisy,160,pdf,1.4219531556410545,3.4386390802407982,True,False,154,CONVERGENCE: RELATIVE REDUCTION OF F <= FACTR*EPSMCH,0
1.5,5.0,2000,8,noisy,160,qlog,1.44,2.8329841370345683,True,False,154,barrido q-log; q por deviance de bins,0
1.5,5.0,2000,8,noisy,170,pdf,1.4254403106369673,3.458223302965997,True,False,165,CONVERGENCE: RELATIVE REDUCTION OF F <= FACTR*EPSMCH,0
1.5,5.0,2000,8,noisy,170,qlog,1.44,2.7429831090283376,True,False,165,barrido q-log; q por deviance de bins,0
1.5,5.0,2000,8,noisy,180,pdf,1.4252642918181395,3.4584448266275323,True,False,175,CONVERGENCE: RELATIVE REDUCTION OF F <= FACTR*EPSMCH,0
1.5,5.0,2000,8,noisy,180,qlog,1.44,2.7898910614433525,True,False,175,barrido q-log; q por deviance de bins,0
1.5,5.0,2000,8,noisy,190,pdf,1.4226888450036934,3.445972857698959,True,False,185,CONVERGENCE: RELATIVE REDUCTION OF F <= FACTR*EPSMCH,0
1.5,5.0,2000,8,noisy,190,qlog,1.44,2.87777663967703,True,False,185,barrido q-log; q por deviance de bins,0
1.5,5.0,2000,8,noisy,200,pdf,1.4246790894527872,3.4548608255272755,True,False,192,CONVERGENCE: RELATIVE REDUCTION OF F <= FACTR*EPSMCH,0
1.5,5.0,2000,8,noisy,200,qlog,1.46,2.821138496638688,True,False,192,barrido q-log; q por deviance de bins,0
1.5,5.0,2000,9,clean,10,pdf,1.5149530337376595,5.45888911047737,True,False,10,CONVERGENCE: RELATIVE REDUCTION OF F <= FACTR*EPSMCH,0
1.5,5.0,2000,9,clean,10,qlog,2.02,4.014355683610279,True,False,10,barrido q-log; q por deviance de bins,0
1.5,5.0,2000,9,clean,20,pdf,1.4997673439323809,5.372962529690174,True,False,20,CONVERGENCE: RELATIVE REDUCTION OF F <= FACTR*EPSMCH,0
1.5,5.0,2000,9,clean,20,qlog,1.6600000000000001,4.481300198681418,True,False,20,barrido q-log; q por deviance de bins,0
1.5,5.0,2000,9,clean,30,pdf,1.5617353539873857,6.04049169353766,True,False,30,CONVERGENCE: RELATIVE REDUCTION OF F <= FACTR*EPSMCH,0
1.5,5.0,2000,9,clean,30,qlog,1.6,5.176527401531332,True,False,30,barrido q-log; q por deviance de bins,0
1.5,5.0,2000,9,clean,40,pdf,1.5414524665004892,5.810298421457296,True,False,39,CONVERGENCE: RELATIVE REDUCTION OF F <= FACTR*EPSMCH,0
1.5,5.0,2000,9,clean,40,qlog,1.58,5.279093233868772,True,False,39,barrido q-log; q por deviance de bins,0
1.5,5.0,2000,9,clean,50,pdf,1.5412423588243565,5.799123619071961,True,False,49,CONVERGENCE: RELATIVE REDUCTION OF F <= FACTR*EPSMCH,0
1.5,5.0,2000,9,clean,50,qlog,1.56,5.140218161835793,True,False,49,barrido q-log; q por deviance de bins,0
1.5,5.0,2000,9,clean,60,pdf,1.551717854842968,5.913086952549669,True,False,58,CONVERGENCE: RELATIVE REDUCTION OF F <= FACTR*EPSMCH,0
1.5,5.0,2000,9,clean,60,qlog,1.56,5.138147058097047,True,False,58,barrido q-log; q por deviance de bins,0
1.5,5.0,2000,9,clean,70,pdf,1.5488045197568063,5.855940003285867,True,False,68,CONVERGENCE: RELATIVE REDUCTION OF F <= FACTR*EPSMCH,0
1.5,5.0,2000,9,clean,70,qlog,1.56,5.152482593866353,True,False,68,barrido q-log; q por deviance de bins,0
1.5,5.0,2000,9,clean,80,pdf,1.5456854115064491,5.834303977864653,True,False,77,CONVERGENCE: RELATIVE REDUCTION OF F <= FACTR*EPSMCH,0
1.5,5.0,2000,9,clean,80,qlog,1.56,5.1823729313293105,True,False,77,barrido q-log; q por deviance de bins,0
1.5,5.0,2000,9,clean,90,pdf,1.5548335890541318,5.9347952595237965,True,False,85,CONVERGENCE: RELATIVE REDUCTION OF F <= FACTR*EPSMCH,0
1.5,5.0,2000,9,clean,90,qlog,1.58,5.219917103654474,True,False,85,barrido q-log; q por deviance de bins,0
1.5,5.0,2000,9,clean,100,pdf,1.5476362108789605,5.8461439164943,True,False,95,CONVERGENCE: RELATIVE REDUCTION OF F <= FACTR*EPSMCH,0
1.5,5.0,2000,9,clean,100,qlog,1.56,5.011713363629611,True,False,95,barrido q-log; q por deviance de bins,0
1.5,5.0,2000,9,clean,110,pdf,1.5467276048232903,5.84181969868378,True,False,103,CONVERGENCE: RELATIVE REDUCTION OF F <= FACTR*EPSMCH,0
1.5,5.0,2000,9,clean,110,qlog,1.56,4.90965565395648,True,False,103,barrido q-log; q por deviance de bins,0
1.5,5.0,2000,9,clean,120,pdf,1.5493219252078385,5.8776908393751945,True,False,112,CONVERGENCE: RELATIVE REDUCTION OF F <= FACTR*EPSMCH,0
1.5,5.0,2000,9,clean,120,qlog,1.56,4.826109511976332,True,False,112,barrido q-log; q por deviance de bins,0
1.5,5.0,2000,9,clean,130,pdf,1.549174548131415,5.864557979214342,True,False,121,CONVERGENCE: RELATIVE REDUCTION OF F <= FACTR*EPSMCH,0
1.5,5.0,2000,9,clean,130,qlog,1.58,5.078885715829252,True,False,121,barrido q-log; q por deviance de bins,0
1.5,5.0,2000,9,clean,140,pdf,1.552677092395239,5.904542541703882,True,False,130,CONVERGENCE: RELATIVE REDUCTION OF F <= FACTR*EPSMCH,0
1.5,5.0,2000,9,clean,140,qlog,1.58,5.001823406960116,True,False,130,barrido q-log; q por deviance de bins,0
1.5,5.0,2000,9,clean,150,pdf,1.551494999579776,5.893943169173277,True,False,139,CONVERGENCE: RELATIVE REDUCTION OF F <= FACTR*EPSMCH,0
1.5,5.0,2000,9,clean,150,qlog,1.58,4.818815965525529,True,False,139,barrido q-log; q por deviance de bins,0
1.5,5.0,2000,9,clean,160,pdf,1.548256690282217,5.8589036052396954,True,False,148,CONVERGENCE: RELATIVE REDUCTION OF F <= FACTR*EPSMCH,0
1.5,5.0,2000,9,clean,160,qlog,1.58,4.753305658189964,True,False,148,barrido q-log; q por deviance de bins,0
1.5,5.0,2000,9,clean,170,pdf,1.551906005498711,5.895778042394226,True,False,157,CONVERGENCE: RELATIVE REDUCTION OF F <= FACTR*EPSMCH,0
1.5,5.0,2000,9,clean,170,qlog,1.58,4.771808355964295,True,False,157,barrido q-log; q por deviance de bins,0
1.5,5.0,2000,9,clean,180,pdf,1.5507389695102847,5.889651812866759,True,False,165,CONVERGENCE: RELATIVE REDUCTION OF F <= FACTR*EPSMCH,0
1.5,5.0,2000,9,clean,180,qlog,1.58,4.4750110397450396,True,False,165,barrido q-log; q por deviance de bins,0
1.5,5.0,2000,9,clean,190,pdf,1.5500094498671457,5.8816090510998995,True,False,173,CONVERGENCE: RELATIVE REDUCTION OF F <= FACTR*EPSMCH,0
1.5,5.0,2000,9,clean,190,qlog,1.58,4.674070660508339,True,False,173,barrido q-log; q por deviance de bins,0
1.5,5.0,2000,9,clean,200,pdf,1.5482179656734176,5.861789498916526,True,False,183,CONVERGENCE: RELATIVE REDUCTION OF F <= FACTR*EPSMCH,0
1.5,5.0,2000,9,clean,200,qlog,1.58,4.558738645811661,True,False,183,barrido q-log; q por deviance de bins,0
1.5,5.0,2000,9,noisy,10,pdf,1.434960541340733,3.876129965181863,True,False,10,CONVERGENCE: RELATIVE REDUCTION OF F <= FACTR*EPSMCH,0
1.5,5.0,2000,9,noisy,10,qlog,1.98,2.917373571532227,True,False,10,barrido q-log; q por deviance de bins,0
1.5,5.0,2000,9,noisy,20,pdf,1.4461750292622053,3.9910908823965214,True,False,20,CONVERGENCE: RELATIVE REDUCTION OF F <= FACTR*EPSMCH,0
1.5,5.0,2000,9,noisy,20,qlog,1.6,3.2929842472150024,True,False,20,barrido q-log; q por deviance de bins,0
1.5,5.0,2000,9,noisy,30,pdf,1.510587458285998,4.482401495156212,True,False,30,CONVERGENCE: RELATIVE REDUCTION OF F <= FACTR*EPSMCH,0
1.5,5.0,2000,9,noisy,30,qlog,1.56,3.9624502820803666,True,False,30,barrido q-log; q por deviance de bins,0
1.5,5.0,2000,9,noisy,40,pdf,1.4991813756621601,4.375584355106564,True,False,39,CONVERGENCE: RELATIVE REDUCTION OF F <= FACTR*EPSMCH,0
1.5,5.0,2000,9,noisy,40,qlog,1.54,3.9976411091306656,True,False,39,barrido q-log; q por deviance de bins,0
1.5,5.0,2000,9,noisy,50,pdf,1.4884199182717683,4.300446198485943,True,False,49,CONVERGENCE: RELATIVE REDUCTION OF F <= FACTR*EPSMCH,0
1.5,5.0,2000,9,noisy,50,qlog,1.52,3.8607616494618955,True,False,49,barrido q-log; q por deviance de bins,0
1.5,5.0,2000,9,noisy,60,pdf,1.4973769542403608,4.369146815479307,True,False,58,CONVERGENCE: RELATIVE REDUCTION OF F <= FACTR*EPSMCH,0
1.5,5.0,2000,9,noisy,60,qlog,1.52,3.915489673398753,True,False,58,barrido q-log; q por deviance de bins,0
1.5,5.0,2000,9,noisy,70,pdf,1.491386730920173,4.324924961236841,True,False,68,CONVERGENCE: RELATIVE REDUCTION OF F <= FACTR*EPSMCH,0
1.5,5.0,2000,9,noisy,70,qlog,1.52,3.9676717158125925,True,False,68,barrido q-log; q por deviance de bins,0
1.5,5.0,2000,9,noisy,80,pdf,1.4943215922329747,4.348005294051879,True,False,77,CONVERGENCE: RELATIVE REDUCTION OF F <= FACTR*EPSMCH,0
1.5,5.0,2000,9,noisy,80,qlog,1.52,4.038534726050376,True,False,77,barrido q-log; q por deviance de bins,0
1.5,5.0,2000,9,noisy,90,pdf,1.4997260557710679,4.4025395683827835,True,False,86,CONVERGENCE: RELATIVE REDUCTION OF F <= FACTR*EPSMCH,0
1.5,5.0,2000,9,noisy,90,qlog,1.52,3.893997181011501,True,False,86,barrido q-log; q por deviance de bins,0
1.5,5.0,2000,9,noisy,100,pdf,1.4945121311580525,4.347792196031718,True,False,95,CONVERGENCE: RELATIVE REDUCTION OF F <= FACTR*EPSMCH,0
1.5,5.0,2000,9,noisy,100,qlog,1.52,3.8815761868861665,True,False,95,barrido q-log; q por deviance de bins,0
1.5,5.0,2000,9,noisy,110,pdf,1.500159092789706,4.395162863019963,True,False,103,CONVERGENCE: RELATIVE REDUCTION OF F <= FACTR*EPSMCH,0
1.5,5.0,2000,9,noisy,110,qlog,1.54,3.973392103563058,True,False,103,barrido q-log; q por deviance de bins,0
1.5,5.0,2000,9,noisy,120,pdf,1.4965941281619493,4.369122285057755,True,False,112,CONVERGENCE: RELATIVE REDUCTION OF F <= FACTR*EPSMCH,0
1.5,5.0,2000,9,noisy,120,qlog,1.54,3.856474307284615,True,False,112,barrido q-log; q por deviance de bins,0
1.5,5.0,2000,9,noisy,130,pdf,1.4971046568672473,4.364865154501682,True,False,121,CONVERGENCE: RELATIVE REDUCTION OF F <= FACTR*EPSMCH,0
1.5,5.0,2000,9,noisy,130,qlog,1.54,3.9191745972047225,True,False,121,barrido q-log; q por deviance de bins,0
1.5,5.0,2000,9,noisy,140,pdf,1.5000292744466115,4.390872334798025,True,False,130,CONVERGENCE: RELATIVE REDUCTION OF F <= FACTR*EPSMCH,0
1.5,5.0,2000,9,noisy,140,qlog,1.54,3.898946957522545,True,False,130,barrido q-log; q por deviance de bins,0
1.5,5.0,2000,9,noisy,150,pdf,1.500371926914836,4.385959666023685,True,False,139,CONVERGENCE: RELATIVE REDUCTION OF F <= FACTR*EPSMCH,0
1.5,5.0,2000,9,noisy,150,qlog,1.54,3.720480342158357,True,False,139,barrido q-log; q por deviance de bins,0
1.5,5.0,2000,9,noisy,160,pdf,1.4999519051522006,4.385463713065326,True,False,147,CONVERGENCE: RELATIVE REDUCTION OF F <= FACTR*EPSMCH,0
1.5,5.0,2000,9,noisy,160,qlog,1.54,3.681317443899029,True,False,147,barrido q-log; q por deviance de bins,0
1.5,5.0,2000,9,noisy,170,pdf,1.4986767494378883,4.379399430304712,True,False,156,CONVERGENCE: RELATIVE REDUCTION OF F <= FACTR*EPSMCH,0
1.5,5.0,2000,9,noisy,170,qlog,1.54,3.669494331510968,True,False,156,barrido q-log; q por deviance de bins,0
1.5,5.0,2000,9,noisy,180,pdf,1.4972314461142817,4.380114015782133,True,False,165,CONVERGENCE: RELATIVE REDUCTION OF F <= FACTR*EPSMCH,0
1.5,5.0,2000,9,noisy,180,qlog,1.54,3.634113045886224,True,False,165,barrido q-log; q por deviance de bins,0
1.5,5.0,2000,9,noisy,190,pdf,1.500542906449533,4.401758760802024,True,False,171,CONVERGENCE: RELATIVE REDUCTION OF F <= FACTR*EPSMCH,0
1.5,5.0,2000,9,noisy,190,qlog,1.56,3.705536869637404,True,False,171,barrido q-log; q por deviance de bins,0
1.5,5.0,2000,9,noisy,200,pdf,1.4988314491537742,4.3841398106052765,True,False,182,CONVERGENCE: RELATIVE REDUCTION OF F <= FACTR*EPSMCH,0
1.5,5.0,2000,9,noisy,200,qlog,1.56,3.6853383918674387,True,False,182,barrido q-log; q por deviance de bins,0
1.9,2.0,2000,0,clean,10,pdf,1.9317799870794041,2.305121196187607,True,False,10,CONVERGENCE: RELATIVE REDUCTION OF F <= FACTR*EPSMCH,0
1.9,2.0,2000,0,clean,10,qlog,2.54,0.0834463402558029,True,False,10,barrido q-log; q por deviance de bins,0
1.9,2.0,2000,0,clean,20,pdf,1.9187800035582487,2.163129815967968,True,False,19,CONVERGENCE: NORM OF PROJECTED GRADIENT <= PGTOL,0
1.9,2.0,2000,0,clean,20,qlog,2.24,0.9051069529710856,True,False,19,barrido q-log; q por deviance de bins,0
1.9,2.0,2000,0,clean,30,pdf,1.9167727823398741,2.1353008149844674,True,False,29,CONVERGENCE: RELATIVE REDUCTION OF F <= FACTR*EPSMCH,0
1.9,2.0,2000,0,clean,30,qlog,2.08,1.3214190828645564,True,False,29,barrido q-log; q por deviance de bins,0
1.9,2.0,2000,0,clean,40,pdf,1.9088415037534554,2.066523997502176,True,False,38,CONVERGENCE: RELATIVE REDUCTION OF F <= FACTR*EPSMCH,0
1.9,2.0,2000,0,clean,40,qlog,2.0,1.4482338345943246,True,False,38,barrido q-log; q por deviance de bins,0
1.9,2.0,2000,0,clean,50,pdf,1.9057537152554591,2.0585325151760476,True,False,48,CONVERGENCE: RELATIVE REDUCTION OF F <= FACTR*EPSMCH,0
1.9,2.0,2000,0,clean,50,qlog,1.98,1.624476730408935,True,False,48,barrido q-log; q por deviance de bins,0
1.9,2.0,2000,0,clean,60,pdf,1.9139280638963765,2.0978365772452467,True,False,57,CONVERGENCE: NORM OF PROJECTED GRADIENT <= PGTOL,0
1.9,2.0,2000,0,clean,60,qlog,1.96,1.6274705639277203,True,False,57,barrido q-log; q por deviance de bins,0
1.9,2.0,2000,0,clean,70,pdf,1.91190174997583,2.086723093793753,True,False,65,CONVERGENCE: RELATIVE REDUCTION OF F <= FACTR*EPSMCH,0
1.9,2.0,2000,0,clean,70,qlog,1.98,1.7109863175307665,True,False,65,barrido q-log; q por deviance de bins,0
1.9,2.0,2000,0,clean,80,pdf,1.9148315807231209,2.108015964379735,True,False,75,CONVERGENCE: NORM OF PROJECTED GRADIENT <= PGTOL,0
1.9,2.0,2000,0,clean,80,qlog,1.98,1.5234748666618527,True,False,75,barrido q-log; q por deviance de bins,0
1.9,2.0,2000,0,clean,90,pdf,1.9135964673739219,2.0967788733173185,True,False,83,CONVERGENCE: RELATIVE REDUCTION OF F <= FACTR*EPSMCH,0
1.9,2.0,2000,0,clean,90,qlog,1.98,1.6342633540801323,True,False,83,barrido q-log; q por deviance de bins,0
1.9,2.0,2000,0,clean,100,pdf,1.9107449490642396,2.0836534014535584,True,False,93,CONVERGENCE: RELATIVE REDUCTION OF F <= FACTR*EPSMCH,0
1.9,2.0,2000,0,clean,100,qlog,1.98,1.5492173404986274,True,False,93,barrido q-log; q por deviance de bins,0
1.9,2.0,2000,0,clean,110,pdf,1.9116719564343487,2.0846498631855814,True,False,100,CONVERGENCE: RELATIVE REDUCTION OF F <= FACTR*EPSMCH,0
1.9,2.0,2000,0,clean,110,qlog,2.0,1.5323491297337795,True,False,100,barrido q-log; q por deviance de bins,0
1.9,2.0,2000,0,clean,120,pdf,1.9106929938068296,2.080585620464907,True,False,107,CONVERGENCE: RELATIVE REDUCTION OF F <= FACTR*EPSMCH,0
1.9,2.0,2000,0,clean,120,qlog,2.0,1.4328093737415744,True,False,107,barrido q-log; q por deviance de bins,0
1.9,2.0,2000,0,clean,130,pdf,1.9131255760807184,2.0947288207195482,True,False,117,CONVERGENCE: RELATIVE REDUCTION OF F <= FACTR*EPSMCH,0
1.9,2.0,2000,0,clean,130,qlog,2.0,1.4141418483613035,True,False,117,barrido q-log; q por deviance de bins,0
1.9,2.0,2000,0,clean,140,pdf,1.9128276779529358,2.0932136643679766,True,False,125,CONVERGENCE: RELATIVE REDUCTION OF F <= FACTR*EPSMCH,0
1.9,2.0,2000,0,clean,140,qlog,2.0,1.4010739180089844,True,False,125,barrido q-log; q por deviance de bins,0
1.9,2.0,2000,0,clean,150,pdf,1.9133446670805372,2.0965802157246154,True,False,134,CONVERGENCE: RELATIVE REDUCTION OF F <= FACTR*EPSMCH,0
1.9,2.0,2000,0,clean,150,qlog,2.02,1.3546367847538707,True,False,134,barrido q-log; q por deviance de bins,0
1.9,2.0,2000,0,clean,160,pdf,1.9147136298748915,2.1098581829835705,True,False,143,CONVERGENCE: RELATIVE REDUCTION OF F <= FACTR*EPSMCH,0
1.9,2.0,2000,0,clean,160,qlog,2.02,1.1891124485428266,True,False,143,barrido q-log; q por deviance de bins,0
1.9,2.0,2000,0,clean,170,pdf,1.9147924049378455,2.1001524222541166,True,False,148,CONVERGENCE: RELATIVE REDUCTION OF F <= FACTR*EPSMCH,0
1.9,2.0,2000,0,clean,170,qlog,2.02,1.2531463241747587,True,False,148,barrido q-log; q por deviance de bins,0
1.9,2.0,2000,0,clean,180,pdf,1.9153416025807728,2.103085559587971,True,False,159,CONVERGENCE: RELATIVE REDUCTION OF F <= FACTR*EPSMCH,0
1.9,2.0,2000,0,clean,180,qlog,2.02,1.2119765087995142,True,False,159,barrido q-log; q por deviance de bins,0
1.9,2.0,2000,0,clean,190,pdf,1.9148730134847318,2.107013491069769,True,False,166,CONVERGENCE: RELATIVE REDUCTION OF F <= FACTR*EPSMCH,0
1.9,2.0,2000,0,clean,190,qlog,2.02,1.0617812629026888,True,False,166,barrido q-log; q por deviance de bins,0
1.9,2.0,2000,0,clean,200,pdf,1.9136209062181182,2.097832967617169,True,False,173,CONVERGENCE: RELATIVE REDUCTION OF F <= FACTR*EPSMCH,0
1.9,2.0,2000,0,clean,200,qlog,2.04,1.1656791249839022,True,False,173,barrido q-log; q por deviance de bins,0
1.9,2.0,2000,0,noisy,10,pdf,1.8800343895982095,1.6739034809548023,True,False,10,CONVERGENCE: NORM OF PROJECTED GRADIENT <= PGTOL,0
1.9,2.0,2000,0,noisy,10,qlog,2.52,0.0573409440487219,True,False,10,barrido q-log; q por deviance de bins,0
1.9,2.0,2000,0,noisy,20,pdf,1.8687342745620552,1.593710103110513,True,False,19,CONVERGENCE: NORM OF PROJECTED GRADIENT <= PGTOL,0
1.9,2.0,2000,0,noisy,20,qlog,2.2199999999999998,0.6631089212937474,True,False,19,barrido q-log; q por deviance de bins,0
1.9,2.0,2000,0,noisy,30,pdf,1.8746251792224413,1.6092358983567563,True,False,29,CONVERGENCE: RELATIVE REDUCTION OF F <= FACTR*EPSMCH,0
1.9,2.0,2000,0,noisy,30,qlog,2.06,1.0403773503641878,True,False,29,barrido q-log; q por deviance de bins,0
1.9,2.0,2000,0,noisy,40,pdf,1.8707116743109036,1.5972946351553137,True,False,38,CONVERGENCE: RELATIVE REDUCTION OF F <= FACTR*EPSMCH,0
1.9,2.0,2000,0,noisy,40,qlog,1.98,1.1972321422469596,True,False,38,barrido q-log; q por deviance de bins,0
1.9,2.0,2000,0,noisy,50,pdf,1.8693614670714704,1.5997361340803478,True,False,48,CONVERGENCE: RELATIVE REDUCTION OF F <= FACTR*EPSMCH,0
1.9,2.0,2000,0,noisy,50,qlog,1.94,1.2193754489610509,True,False,48,barrido q-log; q por deviance de bins,0
1.9,2.0,2000,0,noisy,60,pdf,1.8798542842011363,1.6341773773778006,True,False,57,CONVERGENCE: RELATIVE REDUCTION OF F <= FACTR*EPSMCH,0
1.9,2.0,2000,0,noisy,60,qlog,1.96,1.4102639511089143,True,False,57,barrido q-log; q por deviance de bins,0
1.9,2.0,2000,0,noisy,70,pdf,1.8783677509352088,1.629523825593522,True,False,65,CONVERGENCE: RELATIVE REDUCTION OF F <= FACTR*EPSMCH,0
1.9,2.0,2000,0,noisy,70,qlog,1.96,1.3640275579471564,True,False,65,barrido q-log; q por deviance de bins,0
1.9,2.0,2000,0,noisy,80,pdf,1.8777740367954294,1.6274170121819325,True,False,75,CONVERGENCE: RELATIVE REDUCTION OF F <= FACTR*EPSMCH,0
1.9,2.0,2000,0,noisy,80,qlog,1.96,1.3165885294940816,True,False,75,barrido q-log; q por deviance de bins,0
1.9,2.0,2000,0,noisy,90,pdf,1.877704054128233,1.615393123180941,True,False,83,CONVERGENCE: RELATIVE REDUCTION OF F <= FACTR*EPSMCH,0
1.9,2.0,2000,0,noisy,90,qlog,1.96,1.2006890237752306,True,False,83,barrido q-log; q por deviance de bins,0
1.9,2.0,2000,0,noisy,100,pdf,1.8735376026456891,1.606099620544669,True,False,93,CONVERGENCE: RELATIVE REDUCTION OF F <= FACTR*EPSMCH,0
1.9,2.0,2000,0,noisy,100,qlog,1.98,1.2266889970388501,True,False,93,barrido q-log; q por deviance de bins,0
1.9,2.0,2000,0,noisy,110,pdf,1.8774367508352683,1.6269174884319735,True,False,101,CONVERGENCE: RELATIVE REDUCTION OF F <= FACTR*EPSMCH,0
1.9,2.0,2000,0,noisy,110,qlog,1.98,1.281264926306105,True,False,101,barrido q-log; q por deviance de bins,0
1.9,2.0,2000,0,noisy,120,pdf,1.8761497193140109,1.6147739352955444,True,False,108,CONVERGENCE: RELATIVE REDUCTION OF F <= FACTR*EPSMCH,0
1.9,2.0,2000,0,noisy,120,qlog,1.98,1.1755221143674635,True,False,108,barrido q-log; q por deviance de bins,0
1.9,2.0,2000,0,noisy,130,pdf,1.8785811352488342,1.6245152519930501,True,False,119,CONVERGENCE: RELATIVE REDUCTION OF F <= FACTR*EPSMCH,0
1.9,2.0,2000,0,noisy,130,qlog,2.0,1.1916491787351904,True,False,119,barrido q-log; q por deviance de bins,0
1.9,2.0,2000,0,noisy,140,pdf,1.8787566171896977,1.6305133776067517,True,False,126,CONVERGENCE: RELATIVE REDUCTION OF F <= FACTR*EPSMCH,0
1.9,2.0,2000,0,noisy,140,qlog,2.0,1.1677929616855016,True,False,126,barrido q-log; q por deviance de bins,0
1.9,2.0,2000,0,noisy,150,pdf,1.8797543230889737,1.630446272300019,True,False,135,CONVERGENCE: RELATIVE REDUCTION OF F <= FACTR*EPSMCH,0
1.9,2.0,2000,0,noisy,150,qlog,2.0,1.0098662300741137,True,False,135,barrido q-log; q por deviance de bins,0
1.9,2.0,2000,0,noisy,160,pdf,1.8773979033567194,1.6219519971635337,True,False,143,CONVERGENCE: RELATIVE REDUCTION OF F <= FACTR*EPSMCH,0
1.9,2.0,2000,0,noisy,160,qlog,2.0,0.9696882631465112,True,False,143,barrido q-log; q por deviance de bins,0
1.9,2.0,2000,0,noisy,170,pdf,1.879390455475611,1.6299498911462562,True,False,150,CONVERGENCE: RELATIVE REDUCTION OF F <= FACTR*EPSMCH,0
1.9,2.0,2000,0,noisy,170,qlog,2.02,1.0817623950453594,True,False,150,barrido q-log; q por deviance de bins,0
1.9,2.0,2000,0,noisy,180,pdf,1.8808632859708254,1.6338375585646205,True,False,159,CONVERGENCE: RELATIVE REDUCTION OF F <= FACTR*EPSMCH,0
1.9,2.0,2000,0,noisy,180,qlog,2.02,0.8931271119595042,True,False,159,barrido q-log; q por deviance de bins,0
1.9,2.0,2000,0,noisy,190,pdf,1.8789983185807873,1.6287862356158274,True,False,165,CONVERGENCE: RELATIVE REDUCTION OF F <= FACTR*EPSMCH,0
1.9,2.0,2000,0,noisy,190,qlog,2.02,0.8814476088846536,True,False,165,barrido q-log; q por deviance de bins,0
1.9,2.0,2000,0,noisy,200,pdf,1.87725247957708,1.6189081115685375,True,False,175,CONVERGENCE: RELATIVE REDUCTION OF F <= FACTR*EPSMCH,0
1.9,2.0,2000,0,noisy,200,qlog,2.02,0.8517067983987283,True,False,175,barrido q-log; q por deviance de bins,0
1.9,2.0,2000,1,clean,10,pdf,1.891576798274628,1.7179658022405813,True,False,10,CONVERGENCE: RELATIVE REDUCTION OF F <= FACTR*EPSMCH,0
1.9,2.0,2000,1,clean,10,qlog,2.38,0.5353487705220563,True,False,10,barrido q-log; q por deviance de bins,0
1.9,2.0,2000,1,clean,20,pdf,1.8980004310712382,1.7942680710422387,True,False,20,CONVERGENCE: RELATIVE REDUCTION OF F <= FACTR*EPSMCH,0
1.9,2.0,2000,1,clean,20,qlog,2.06,1.17743617730698,True,False,20,barrido q-log; q por deviance de bins,0
1.9,2.0,2000,1,clean,30,pdf,1.901665492203454,1.8054391720398846,True,False,30,CONVERGENCE: RELATIVE REDUCTION OF F <= FACTR*EPSMCH,0
1.9,2.0,2000,1,clean,30,qlog,1.96,1.3386058403773544,True,False,30,barrido q-log; q por deviance de bins,0
1.9,2.0,2000,1,clean,40,pdf,1.885472670326817,1.7080294084612948,True,False,40,CONVERGENCE: NORM OF PROJECTED GRADIENT <= PGTOL,0
1.9,2.0,2000,1,clean,40,qlog,1.92,1.3927928201043152,True,False,40,barrido q-log; q por deviance de bins,0
1.9,2.0,2000,1,clean,50,pdf,1.893904630071483,1.7549818615690709,True,False,49,CONVERGENCE: RELATIVE REDUCTION OF F <= FACTR*EPSMCH,0
1.9,2.0,2000,1,clean,50,qlog,1.92,1.4986955241401934,True,False,49,barrido q-log; q por deviance de bins,0
1.9,2.0,2000,1,clean,60,pdf,1.8937768054118114,1.7658325433365438,True,False,59,CONVERGENCE: RELATIVE REDUCTION OF F <= FACTR*EPSMCH,0
1.9,2.0,2000,1,clean,60,qlog,1.9,1.3404678697615224,True,False,59,barrido q-log; q por deviance de bins,0
1.9,2.0,2000,1,clean,70,pdf,1.8924743331004514,1.7468852361438896,True,False,69,CONVERGENCE: RELATIVE REDUCTION OF F <= FACTR*EPSMCH,0
1.9,2.0,2000,1,clean,70,qlog,1.9,1.4084239945139585,True,False,69,barrido q-log; q por deviance de bins,0
1.9,2.0,2000,1,clean,80,pdf,1.8914326540498692,1.7413510101657266,True,False,79,CONVERGENCE: RELATIVE REDUCTION OF F <= FACTR*EPSMCH,0
1.9,2.0,2000,1,clean,80,qlog,1.9,1.3254867264964032,True,False,79,barrido q-log; q por deviance de bins,0
1.9,2.0,2000,1,clean,90,pdf,1.897978827355302,1.775959310070702,True,False,89,CONVERGENCE: RELATIVE REDUCTION OF F <= FACTR*EPSMCH,0
1.9,2.0,2000,1,clean,90,qlog,1.9,1.291020722924022,True,False,89,barrido q-log; q por deviance de bins,0
1.9,2.0,2000,1,clean,100,pdf,1.894878410803628,1.76143013917432,True,False,96,CONVERGENCE: RELATIVE REDUCTION OF F <= FACTR*EPSMCH,0
1.9,2.0,2000,1,clean,100,qlog,1.9,1.3301586420055063,True,False,96,barrido q-log; q por deviance de bins,0
1.9,2.0,2000,1,clean,110,pdf,1.8937939126666983,1.7587198963192499,True,False,107,CONVERGENCE: RELATIVE REDUCTION OF F <= FACTR*EPSMCH,0
1.9,2.0,2000,1,clean,110,qlog,1.9,1.3495958771055767,True,False,107,barrido q-log; q por deviance de bins,0
1.9,2.0,2000,1,clean,120,pdf,1.8958940669018907,1.7685344552059017,True,False,114,CONVERGENCE: RELATIVE REDUCTION OF F <= FACTR*EPSMCH,0
1.9,2.0,2000,1,clean,120,qlog,1.9,1.269966376111875,True,False,114,barrido q-log; q por deviance de bins,0
1.9,2.0,2000,1,clean,130,pdf,1.8952667750208814,1.764224214669095,True,False,127,CONVERGENCE: RELATIVE REDUCTION OF F <= FACTR*EPSMCH,0
1.9,2.0,2000,1,clean,130,qlog,1.9,1.2612454075933623,True,False,127,barrido q-log; q por deviance de bins,0
1.9,2.0,2000,1,clean,140,pdf,1.8961128224831219,1.768883647940106,True,False,135,CONVERGENCE: RELATIVE REDUCTION OF F <= FACTR*EPSMCH,0
1.9,2.0,2000,1,clean,140,qlog,1.9,1.2385314884598093,True,False,135,barrido q-log; q por deviance de bins,0
1.9,2.0,2000,1,clean,150,pdf,1.8965358265600283,1.773620744136312,True,False,144,CONVERGENCE: RELATIVE REDUCTION OF F <= FACTR*EPSMCH,0
1.9,2.0,2000,1,clean,150,qlog,1.9,1.1435121609774703,True,False,144,barrido q-log; q por deviance de bins,0
1.9,2.0,2000,1,clean,160,pdf,1.893094763326556,1.7555948357741342,True,False,150,CONVERGENCE: RELATIVE REDUCTION OF F <= FACTR*EPSMCH,0
1.9,2.0,2000,1,clean,160,qlog,1.9,1.1477798514925466,True,False,150,barrido q-log; q por deviance de bins,0
1.9,2.0,2000,1,clean,170,pdf,1.893149042375463,1.75461109936932,True,False,158,CONVERGENCE: RELATIVE REDUCTION OF F <= FACTR*EPSMCH,0
1.9,2.0,2000,1,clean,170,qlog,1.9,1.0411940728514109,True,False,158,barrido q-log; q por deviance de bins,0
1.9,2.0,2000,1,clean,180,pdf,1.8961976516413381,1.772370811644699,True,False,167,CONVERGENCE: RELATIVE REDUCTION OF F <= FACTR*EPSMCH,0
1.9,2.0,2000,1,clean,180,qlog,1.9,1.0250716555246466,True,False,167,barrido q-log; q por deviance de bins,0
1.9,2.0,2000,1,clean,190,pdf,1.8962352545293524,1.7678763224621654,True,False,179,CONVERGENCE: RELATIVE REDUCTION OF F <= FACTR*EPSMCH,0
1.9,2.0,2000,1,clean,190,qlog,1.9,1.0527235404320987,True,False,179,barrido q-log; q por deviance de bins,0
1.9,2.0,2000,1,clean,200,pdf,1.8955018881703063,1.7680549710171343,True,False,180,CONVERGENCE: RELATIVE REDUCTION OF F <= FACTR*EPSMCH,0
1.9,2.0,2000,1,clean,200,qlog,1.92,1.015040877626233,True,False,180,barrido q-log; q por deviance de bins,0
1.9,2.0,2000,1,noisy,10,pdf,1.8339526527554304,1.2896282086718107,True,False,10,CONVERGENCE: RELATIVE REDUCTION OF F <= FACTR*EPSMCH,0
1.9,2.0,2000,1,noisy,10,qlog,2.34,0.37331192239006095,True,False,10,barrido q-log; q por deviance de bins,0
1.9,2.0,2000,1,noisy,20,pdf,1.846569545946431,1.3323805295197022,True,False,20,CONVERGENCE: NORM OF PROJECTED GRADIENT <= PGTOL,0
1.9,2.0,2000,1,noisy,20,qlog,2.02,0.8873580905017778,True,False,20,barrido q-log; q por deviance de bins,0
1.9,2.0,2000,1,noisy,30,pdf,1.863356090791694,1.39960114148649,True,False,30,CONVERGENCE: RELATIVE REDUCTION OF F <= FACTR*EPSMCH,0
1.9,2.0,2000,1,noisy,30,qlog,1.92,1.0533895872796213,True,False,30,barrido q-log; q por deviance de bins,0
1.9,2.0,2000,1,noisy,40,pdf,1.8484776805598344,1.337363040851735,True,False,40,CONVERGENCE: RELATIVE REDUCTION OF F <= FACTR*EPSMCH,0
1.9,2.0,2000,1,noisy,40,qlog,1.88,1.075355602829519,True,False,40,barrido q-log; q por deviance de bins,0
1.9,2.0,2000,1,noisy,50,pdf,1.85620638935909,1.369283616201735,True,False,49,CONVERGENCE: RELATIVE REDUCTION OF F <= FACTR*EPSMCH,0
1.9,2.0,2000,1,noisy,50,qlog,1.88,1.1231507196155464,True,False,49,barrido q-log; q por deviance de bins,0
1.9,2.0,2000,1,noisy,60,pdf,1.8589551666581992,1.3838722196486266,True,False,59,CONVERGENCE: RELATIVE REDUCTION OF F <= FACTR*EPSMCH,0
1.9,2.0,2000,1,noisy,60,qlog,1.88,1.1212113154622816,True,False,59,barrido q-log; q por deviance de bins,0
1.9,2.0,2000,1,noisy,70,pdf,1.8574271856357414,1.3750543979998935,True,False,69,CONVERGENCE: RELATIVE REDUCTION OF F <= FACTR*EPSMCH,0
1.9,2.0,2000,1,noisy,70,qlog,1.8599999999999999,1.078114301384387,True,False,69,barrido q-log; q por deviance de bins,0
1.9,2.0,2000,1,noisy,80,pdf,1.8605121832609375,1.3803772987379284,True,False,79,CONVERGENCE: NORM OF PROJECTED GRADIENT <= PGTOL,0
1.9,2.0,2000,1,noisy,80,qlog,1.88,1.1307925216749457,True,False,79,barrido q-log; q por deviance de bins,0
1.9,2.0,2000,1,noisy,90,pdf,1.8655951851372934,1.4053528781244717,True,False,89,CONVERGENCE: RELATIVE REDUCTION OF F <= FACTR*EPSMCH,0
1.9,2.0,2000,1,noisy,90,qlog,1.88,1.137623740165723,True,False,89,barrido q-log; q por deviance de bins,0
1.9,2.0,2000,1,noisy,100,pdf,1.858303058085131,1.3775292136385384,True,False,97,CONVERGENCE: RELATIVE REDUCTION OF F <= FACTR*EPSMCH,0
1.9,2.0,2000,1,noisy,100,qlog,1.88,1.0770108150495434,True,False,97,barrido q-log; q por deviance de bins,0
1.9,2.0,2000,1,noisy,110,pdf,1.8602241677560079,1.3847916181160032,True,False,106,CONVERGENCE: NORM OF PROJECTED GRADIENT <= PGTOL,0
1.9,2.0,2000,1,noisy,110,qlog,1.88,1.095455832390035,True,False,106,barrido q-log; q por deviance de bins,0
1.9,2.0,2000,1,noisy,120,pdf,1.8621303858318987,1.3934607611280814,True,False,116,CONVERGENCE: RELATIVE REDUCTION OF F <= FACTR*EPSMCH,0
1.9,2.0,2000,1,noisy,120,qlog,1.88,1.0246629477107754,True,False,116,barrido q-log; q por deviance de bins,0
1.9,2.0,2000,1,noisy,130,pdf,1.8599862073443731,1.384962699515438,True,False,125,CONVERGENCE: RELATIVE REDUCTION OF F <= FACTR*EPSMCH,0
1.9,2.0,2000,1,noisy,130,qlog,1.88,1.00228140138807,True,False,125,barrido q-log; q por deviance de bins,0
1.9,2.0,2000,1,noisy,140,pdf,1.8608490054952251,1.3858932339964334,True,False,134,CONVERGENCE: RELATIVE REDUCTION OF F <= FACTR*EPSMCH,0
1.9,2.0,2000,1,noisy,140,qlog,1.8599999999999999,0.9105817222840724,True,False,134,barrido q-log; q por deviance de bins,0
1.9,2.0,2000,1,noisy,150,pdf,1.861575685037632,1.3894698333984896,True,False,144,CONVERGENCE: RELATIVE REDUCTION OF F <= FACTR*EPSMCH,0
1.9,2.0,2000,1,noisy,150,qlog,1.88,0.9400528178429397,True,False,144,barrido q-log; q por deviance de bins,0
1.9,2.0,2000,1,noisy,160,pdf,1.8636551595721438,1.3947595119054763,True,False,150,CONVERGENCE: RELATIVE REDUCTION OF F <= FACTR*EPSMCH,0
1.9,2.0,2000,1,noisy,160,qlog,1.88,0.9409097328028246,True,False,150,barrido q-log; q por deviance de bins,0
1.9,2.0,2000,1,noisy,170,pdf,1.8618037076254121,1.389164917863544,True,False,159,CONVERGENCE: RELATIVE REDUCTION OF F <= FACTR*EPSMCH,0
1.9,2.0,2000,1,noisy,170,qlog,1.9,0.9199962406183471,True,False,159,barrido q-log; q por deviance de bins,0
1.9,2.0,2000,1,noisy,180,pdf,1.8629443098821152,1.395069929193161,True,False,168,CONVERGENCE: RELATIVE REDUCTION OF F <= FACTR*EPSMCH,0
1.9,2.0,2000,1,noisy,180,qlog,1.88,0.8956490798577229,True,False,168,barrido q-log; q por deviance de bins,0
1.9,2.0,2000,1,noisy,190,pdf,1.8626711177706885,1.3937448670623622,True,False,179,CONVERGENCE: RELATIVE REDUCTION OF F <= FACTR*EPSMCH,0
1.9,2.0,2000,1,noisy,190,qlog,1.88,0.9638608095173277,True,False,179,barrido q-log; q por deviance de bins,0
1.9,2.0,2000,1,noisy,200,pdf,1.860911108033024,1.3840817120019346,True,False,182,CONVERGENCE: RELATIVE REDUCTION OF F <= FACTR*EPSMCH,0
1.9,2.0,2000,1,noisy,200,qlog,1.88,0.8013542586383349,True,False,182,barrido q-log; q por deviance de bins,0
1.9,2.0,2000,2,clean,10,pdf,1.9061535284081124,1.8998648824585576,True,False,10,CONVERGENCE: NORM OF PROJECTED GRADIENT <= PGTOL,0
1.9,2.0,2000,2,clean,10,qlog,2.46,0.26235124187952696,True,False,10,barrido q-log; q por deviance de bins,0
1.9,2.0,2000,2,clean,20,pdf,1.9074395822176866,1.8737147394235945,True,False,20,CONVERGENCE: RELATIVE REDUCTION OF F <= FACTR*EPSMCH,0
1.9,2.0,2000,2,clean,20,qlog,2.14,1.0566427064582706,True,False,20,barrido q-log; q por deviance de bins,0
1.9,2.0,2000,2,clean,30,pdf,1.911802143164006,1.932645148365885,True,False,30,CONVERGENCE: RELATIVE REDUCTION OF F <= FACTR*EPSMCH,0
1.9,2.0,2000,2,clean,30,qlog,2.0,1.3109402390526437,True,False,30,barrido q-log; q por deviance de bins,0
1.9,2.0,2000,2,clean,40,pdf,1.9141326584909182,1.8986854931044812,True,False,40,CONVERGENCE: RELATIVE REDUCTION OF F <= FACTR*EPSMCH,0
1.9,2.0,2000,2,clean,40,qlog,1.98,1.4380848913361381,True,False,40,barrido q-log; q por deviance de bins,0
1.9,2.0,2000,2,clean,50,pdf,1.9109474656778536,1.896246917739281,True,False,50,CONVERGENCE: NORM OF PROJECTED GRADIENT <= PGTOL,0
1.9,2.0,2000,2,clean,50,qlog,1.94,1.45274065905168,True,False,50,barrido q-log; q por deviance de bins,0
1.9,2.0,2000,2,clean,60,pdf,1.909105286871875,1.8982265778334877,True,False,60,CONVERGENCE: RELATIVE REDUCTION OF F <= FACTR*EPSMCH,0
1.9,2.0,2000,2,clean,60,qlog,1.94,1.4594312331257053,True,False,60,barrido q-log; q por deviance de bins,0
1.9,2.0,2000,2,clean,70,pdf,1.9137641667666847,1.9191267529422082,True,False,69,CONVERGENCE: RELATIVE REDUCTION OF F <= FACTR*EPSMCH,0
1.9,2.0,2000,2,clean,70,qlog,1.94,1.4567071215107408,True,False,69,barrido q-log; q por deviance de bins,0
1.9,2.0,2000,2,clean,80,pdf,1.9130395218486542,1.9074170645041923,True,False,79,CONVERGENCE: RELATIVE REDUCTION OF F <= FACTR*EPSMCH,0
1.9,2.0,2000,2,clean,80,qlog,1.94,1.4255047336516877,True,False,79,barrido q-log; q por deviance de bins,0
1.9,2.0,2000,2,clean,90,pdf,1.913157282758299,1.9067239982929864,True,False,89,CONVERGENCE: RELATIVE REDUCTION OF F <= FACTR*EPSMCH,0
1.9,2.0,2000,2,clean,90,qlog,1.94,1.3998024141642076,True,False,89,barrido q-log; q por deviance de bins,0
1.9,2.0,2000,2,clean,100,pdf,1.912033592259487,1.90126231430379,True,False,99,CONVERGENCE: RELATIVE REDUCTION OF F <= FACTR*EPSMCH,0
1.9,2.0,2000,2,clean,100,qlog,1.94,1.3731920054062543,True,False,99,barrido q-log; q por deviance de bins,0
1.9,2.0,2000,2,clean,110,pdf,1.9118454018892477,1.9033018264031891,True,False,106,CONVERGENCE: RELATIVE REDUCTION OF F <= FACTR*EPSMCH,0
1.9,2.0,2000,2,clean,110,qlog,1.94,1.2587852664769004,True,False,106,barrido q-log; q por deviance de bins,0
1.9,2.0,2000,2,clean,120,pdf,1.9126494536453424,1.9090102763864638,True,False,116,CONVERGENCE: RELATIVE REDUCTION OF F <= FACTR*EPSMCH,0
1.9,2.0,2000,2,clean,120,qlog,1.94,1.1762960615966327,True,False,116,barrido q-log; q por deviance de bins,0
1.9,2.0,2000,2,clean,130,pdf,1.910941547168423,1.8976475729417812,True,False,126,CONVERGENCE: RELATIVE REDUCTION OF F <= FACTR*EPSMCH,0
1.9,2.0,2000,2,clean,130,qlog,1.96,1.2779790275586498,True,False,126,barrido q-log; q por deviance de bins,0
1.9,2.0,2000,2,clean,140,pdf,1.91237501031959,1.9056539973263416,True,False,132,CONVERGENCE: RELATIVE REDUCTION OF F <= FACTR*EPSMCH,0
1.9,2.0,2000,2,clean,140,qlog,1.96,1.1947308357009438,True,False,132,barrido q-log; q por deviance de bins,0
1.9,2.0,2000,2,clean,150,pdf,1.9150583564278594,1.921070186537493,True,False,141,CONVERGENCE: RELATIVE REDUCTION OF F <= FACTR*EPSMCH,0
1.9,2.0,2000,2,clean,150,qlog,1.96,1.225360947659657,True,False,141,barrido q-log; q por deviance de bins,0
1.9,2.0,2000,2,clean,160,pdf,1.9117027314795751,1.8997868310935229,True,False,150,CONVERGENCE: RELATIVE REDUCTION OF F <= FACTR*EPSMCH,0
1.9,2.0,2000,2,clean,160,qlog,1.96,1.1396257537237688,True,False,150,barrido q-log; q por deviance de bins,0
1.9,2.0,2000,2,clean,170,pdf,1.9129272564808208,1.9095474037153075,True,False,159,CONVERGENCE: RELATIVE REDUCTION OF F <= FACTR*EPSMCH,0
1.9,2.0,2000,2,clean,170,qlog,1.96,1.1105167437205419,True,False,159,barrido q-log; q por deviance de bins,0
1.9,2.0,2000,2,clean,180,pdf,1.9144235183536826,1.9191543400040854,True,False,167,CONVERGENCE: RELATIVE REDUCTION OF F <= FACTR*EPSMCH,0
1.9,2.0,2000,2,clean,180,qlog,1.98,1.0997196818193096,True,False,167,barrido q-log; q por deviance de bins,0
1.9,2.0,2000,2,clean,190,pdf,1.9121391079805916,1.9034422039674725,True,False,174,CONVERGENCE: RELATIVE REDUCTION OF F <= FACTR*EPSMCH,0
1.9,2.0,2000,2,clean,190,qlog,1.98,1.0025762908022806,True,False,174,barrido q-log; q por deviance de bins,0
1.9,2.0,2000,2,clean,200,pdf,1.9129378544216094,1.9075884585287965,True,False,181,CONVERGENCE: RELATIVE REDUCTION OF F <= FACTR*EPSMCH,0
1.9,2.0,2000,2,clean,200,qlog,1.98,0.9981328275416976,True,False,181,barrido q-log; q por deviance de bins,0
1.9,2.0,2000,2,noisy,10,pdf,1.8397327986259484,1.312266236319425,True,False,10,CONVERGENCE: RELATIVE REDUCTION OF F <= FACTR*EPSMCH,0
1.9,2.0,2000,2,noisy,10,qlog,2.42,0.1625185249154167,True,False,10,barrido q-log; q por deviance de bins,0
1.9,2.0,2000,2,noisy,20,pdf,1.8603857628514087,1.386795352806167,True,False,20,CONVERGENCE: RELATIVE REDUCTION OF F <= FACTR*EPSMCH,0
1.9,2.0,2000,2,noisy,20,qlog,2.12,0.8319210138399743,True,False,20,barrido q-log; q por deviance de bins,0
1.9,2.0,2000,2,noisy,30,pdf,1.867179751230292,1.4344356311903637,True,False,30,CONVERGENCE: RELATIVE REDUCTION OF F <= FACTR*EPSMCH,0
1.9,2.0,2000,2,noisy,30,qlog,1.98,1.0455166723050286,True,False,30,barrido q-log; q por deviance de bins,0
1.9,2.0,2000,2,noisy,40,pdf,1.8726459211083941,1.4386263692162118,True,False,40,CONVERGENCE: RELATIVE REDUCTION OF F <= FACTR*EPSMCH,0
1.9,2.0,2000,2,noisy,40,qlog,1.96,1.1780983911227643,True,False,40,barrido q-log; q por deviance de bins,0
1.9,2.0,2000,2,noisy,50,pdf,1.8730846369656808,1.4582549515102483,True,False,50,CONVERGENCE: RELATIVE REDUCTION OF F <= FACTR*EPSMCH,0
1.9,2.0,2000,2,noisy,50,qlog,1.92,1.1633245389996514,True,False,50,barrido q-log; q por deviance de bins,0
1.9,2.0,2000,2,noisy,60,pdf,1.86994225700037,1.4489198723719798,True,False,60,CONVERGENCE: RELATIVE REDUCTION OF F <= FACTR*EPSMCH,0
1.9,2.0,2000,2,noisy,60,qlog,1.92,1.1764142221459022,True,False,60,barrido q-log; q por deviance de bins,0
1.9,2.0,2000,2,noisy,70,pdf,1.8746912173470613,1.4607656700134304,True,False,70,CONVERGENCE: RELATIVE REDUCTION OF F <= FACTR*EPSMCH,0
1.9,2.0,2000,2,noisy,70,qlog,1.92,1.217900988695391,True,False,70,barrido q-log; q por deviance de bins,0
1.9,2.0,2000,2,noisy,80,pdf,1.874392006125493,1.4556988454012045,True,False,79,CONVERGENCE: RELATIVE REDUCTION OF F <= FACTR*EPSMCH,0
1.9,2.0,2000,2,noisy,80,qlog,1.92,1.1255272324323629,True,False,79,barrido q-log; q por deviance de bins,0
1.9,2.0,2000,2,noisy,90,pdf,1.875028919553026,1.4634364259422246,True,False,88,CONVERGENCE: RELATIVE REDUCTION OF F <= FACTR*EPSMCH,0
1.9,2.0,2000,2,noisy,90,qlog,1.92,1.1780593145192626,True,False,88,barrido q-log; q por deviance de bins,0
1.9,2.0,2000,2,noisy,100,pdf,1.8721352682974224,1.4484764856825678,True,False,99,CONVERGENCE: RELATIVE REDUCTION OF F <= FACTR*EPSMCH,0
1.9,2.0,2000,2,noisy,100,qlog,1.92,1.0759696445607434,True,False,99,barrido q-log; q por deviance de bins,0
1.9,2.0,2000,2,noisy,110,pdf,1.873909131275909,1.453527220014633,True,False,106,CONVERGENCE: RELATIVE REDUCTION OF F <= FACTR*EPSMCH,0
1.9,2.0,2000,2,noisy,110,qlog,1.94,1.1248546718053771,True,False,106,barrido q-log; q por deviance de bins,0
1.9,2.0,2000,2,noisy,120,pdf,1.8730648864449575,1.4561071687723026,True,False,117,CONVERGENCE: RELATIVE REDUCTION OF F <= FACTR*EPSMCH,0
1.9,2.0,2000,2,noisy,120,qlog,1.94,1.0608904695556072,True,False,117,barrido q-log; q por deviance de bins,0
1.9,2.0,2000,2,noisy,130,pdf,1.870407634711753,1.4422286683231185,True,False,125,CONVERGENCE: RELATIVE REDUCTION OF F <= FACTR*EPSMCH,0
1.9,2.0,2000,2,noisy,130,qlog,1.94,1.0522756150962416,True,False,125,barrido q-log; q por deviance de bins,0
1.9,2.0,2000,2,noisy,140,pdf,1.8740271055345177,1.4573012368616776,True,False,131,CONVERGENCE: RELATIVE REDUCTION OF F <= FACTR*EPSMCH,0
1.9,2.0,2000,2,noisy,140,qlog,1.94,1.0349553241454448,True,False,131,barrido q-log; q por deviance de bins,0
1.9,2.0,2000,2,noisy,150,pdf,1.8733211114446424,1.4551506935081466,True,False,141,CONVERGENCE: NORM OF PROJECTED GRADIENT <= PGTOL,0
1.9,2.0,2000,2,noisy,150,qlog,1.94,0.9743869125813333,True,False,141,barrido q-log; q por deviance de bins,0
1.9,2.0,2000,2,noisy,160,pdf,1.8713265849115606,1.4488759827574171,True,False,149,CONVERGENCE: RELATIVE REDUCTION OF F <= FACTR*EPSMCH,0
1.9,2.0,2000,2,noisy,160,qlog,1.96,0.921951026300279,True,False,149,barrido q-log; q por deviance de bins,0
1.9,2.0,2000,2,noisy,170,pdf,1.8732445744672808,1.4554573486337747,True,False,159,CONVERGENCE: RELATIVE REDUCTION OF F <= FACTR*EPSMCH,0
1.9,2.0,2000,2,noisy,170,qlog,1.94,0.9090191599064564,True,False,159,barrido q-log; q por deviance de bins,0
1.9,2.0,2000,2,noisy,180,pdf,1.875360844245588,1.4653739969778197,True,False,166,CONVERGENCE: RELATIVE REDUCTION OF F <= FACTR*EPSMCH,0
1.9,2.0,2000,2,noisy,180,qlog,1.96,0.8488703781567807,True,False,166,barrido q-log; q por deviance de bins,0
1.9,2.0,2000,2,noisy,190,pdf,1.8742467515750567,1.4611090897818027,True,False,173,CONVERGENCE: RELATIVE REDUCTION OF F <= FACTR*EPSMCH,0
1.9,2.0,2000,2,noisy,190,qlog,1.96,0.817537311531493,True,False,173,barrido q-log; q por deviance de bins,0
1.9,2.0,2000,2,noisy,200,pdf,1.8720170223178103,1.4484023671715052,True,False,183,CONVERGENCE: RELATIVE REDUCTION OF F <= FACTR*EPSMCH,0
1.9,2.0,2000,2,noisy,200,qlog,1.96,0.7764210152267831,True,False,183,barrido q-log; q por deviance de bins,0
1.9,2.0,2000,3,clean,10,pdf,1.8913017523739994,1.7528511295182492,True,False,10,CONVERGENCE: RELATIVE REDUCTION OF F <= FACTR*EPSMCH,0
1.9,2.0,2000,3,clean,10,qlog,2.3,0.8745881599023764,True,False,10,barrido q-log; q por deviance de bins,0
1.9,2.0,2000,3,clean,20,pdf,1.9008992930406965,1.8344111291139746,True,False,20,CONVERGENCE: RELATIVE REDUCTION OF F <= FACTR*EPSMCH,0
1.9,2.0,2000,3,clean,20,qlog,2.0,1.2983813812862097,True,False,20,barrido q-log; q por deviance de bins,0
1.9,2.0,2000,3,clean,30,pdf,1.9011283127881053,1.8342853187527375,True,False,30,CONVERGENCE: RELATIVE REDUCTION OF F <= FACTR*EPSMCH,0
1.9,2.0,2000,3,clean,30,qlog,1.94,1.42666642413965,True,False,30,barrido q-log; q por deviance de bins,0
1.9,2.0,2000,3,clean,40,pdf,1.8979494282488047,1.8131518102823359,True,False,40,CONVERGENCE: NORM OF PROJECTED GRADIENT <= PGTOL,0
1.9,2.0,2000,3,clean,40,qlog,1.92,1.4715139353782234,True,False,40,barrido q-log; q por deviance de bins,0
1.9,2.0,2000,3,clean,50,pdf,1.8940785931457764,1.785841900144722,True,False,50,CONVERGENCE: RELATIVE REDUCTION OF F <= FACTR*EPSMCH,0
1.9,2.0,2000,3,clean,50,qlog,1.9,1.450590503517333,True,False,50,barrido q-log; q por deviance de bins,0
1.9,2.0,2000,3,clean,60,pdf,1.9008203431608943,1.828311405794508,True,False,60,CONVERGENCE: RELATIVE REDUCTION OF F <= FACTR*EPSMCH,0
1.9,2.0,2000,3,clean,60,qlog,1.9,1.3637685765025342,True,False,60,barrido q-log; q por deviance de bins,0
1.9,2.0,2000,3,clean,70,pdf,1.8997934226743711,1.8337200894640955,True,False,70,CONVERGENCE: RELATIVE REDUCTION OF F <= FACTR*EPSMCH,0
1.9,2.0,2000,3,clean,70,qlog,1.9,1.3772794617637267,True,False,70,barrido q-log; q por deviance de bins,0
1.9,2.0,2000,3,clean,80,pdf,1.8971091303834577,1.8096879815743738,True,False,80,CONVERGENCE: RELATIVE REDUCTION OF F <= FACTR*EPSMCH,0
1.9,2.0,2000,3,clean,80,qlog,1.9,1.397428597903805,True,False,80,barrido q-log; q por deviance de bins,0
1.9,2.0,2000,3,clean,90,pdf,1.8979194832677098,1.8225458097633687,True,False,90,CONVERGENCE: RELATIVE REDUCTION OF F <= FACTR*EPSMCH,0
1.9,2.0,2000,3,clean,90,qlog,1.9,1.2628407670224095,True,False,90,barrido q-log; q por deviance de bins,0
1.9,2.0,2000,3,clean,100,pdf,1.8969900692555115,1.8078479481944731,True,False,99,CONVERGENCE: RELATIVE REDUCTION OF F <= FACTR*EPSMCH,0
1.9,2.0,2000,3,clean,100,qlog,1.9,1.3606049985074098,True,False,99,barrido q-log; q por deviance de bins,0
1.9,2.0,2000,3,clean,110,pdf,1.8991756899775136,1.8232028909253881,True,False,108,CONVERGENCE: RELATIVE REDUCTION OF F <= FACTR*EPSMCH,0
1.9,2.0,2000,3,clean,110,qlog,1.88,1.1797554246367978,True,False,108,barrido q-log; q por deviance de bins,0
1.9,2.0,2000,3,clean,120,pdf,1.8986197405140328,1.8176523131064983,True,False,118,CONVERGENCE: RELATIVE REDUCTION OF F <= FACTR*EPSMCH,0
1.9,2.0,2000,3,clean,120,qlog,1.9,1.1916566467036172,True,False,118,barrido q-log; q por deviance de bins,0
1.9,2.0,2000,3,clean,130,pdf,1.8963897553893108,1.8026896133629897,True,False,128,CONVERGENCE: RELATIVE REDUCTION OF F <= FACTR*EPSMCH,0
1.9,2.0,2000,3,clean,130,qlog,1.88,1.141708212426557,True,False,128,barrido q-log; q por deviance de bins,0
1.9,2.0,2000,3,clean,140,pdf,1.8973208816429972,1.8142699848682247,True,False,136,CONVERGENCE: RELATIVE REDUCTION OF F <= FACTR*EPSMCH,0
1.9,2.0,2000,3,clean,140,qlog,1.88,1.1211175708269892,True,False,136,barrido q-log; q por deviance de bins,0
1.9,2.0,2000,3,clean,150,pdf,1.8966583140919506,1.808035385033155,True,False,146,CONVERGENCE: RELATIVE REDUCTION OF F <= FACTR*EPSMCH,0
1.9,2.0,2000,3,clean,150,qlog,1.88,1.1133051088899675,True,False,146,barrido q-log; q por deviance de bins,0
1.9,2.0,2000,3,clean,160,pdf,1.8979053573534077,1.8159780013063394,True,False,153,CONVERGENCE: RELATIVE REDUCTION OF F <= FACTR*EPSMCH,0
1.9,2.0,2000,3,clean,160,qlog,1.88,1.0033854701661988,True,False,153,barrido q-log; q por deviance de bins,0
1.9,2.0,2000,3,clean,170,pdf,1.8973450636576266,1.8117114696108272,True,False,163,CONVERGENCE: RELATIVE REDUCTION OF F <= FACTR*EPSMCH,0
1.9,2.0,2000,3,clean,170,qlog,1.88,0.9890994456269513,True,False,163,barrido q-log; q por deviance de bins,0
1.9,2.0,2000,3,clean,180,pdf,1.8967867234116986,1.8096949874396422,True,False,170,CONVERGENCE: RELATIVE REDUCTION OF F <= FACTR*EPSMCH,0
1.9,2.0,2000,3,clean,180,qlog,1.88,0.9651381855199616,True,False,170,barrido q-log; q por deviance de bins,0
1.9,2.0,2000,3,clean,190,pdf,1.8955096169336587,1.8008183649236824,True,False,176,CONVERGENCE: RELATIVE REDUCTION OF F <= FACTR*EPSMCH,0
1.9,2.0,2000,3,clean,190,qlog,1.88,0.9424324260876437,True,False,176,barrido q-log; q por deviance de bins,0
1.9,2.0,2000,3,clean,200,pdf,1.8958607957698206,1.8026426444279358,True,False,191,CONVERGENCE: RELATIVE REDUCTION OF F <= FACTR*EPSMCH,0
1.9,2.0,2000,3,clean,200,qlog,1.88,1.0026796797133424,True,False,191,barrido q-log; q por deviance de bins,0
1.9,2.0,2000,3,noisy,10,pdf,1.8447678217790933,1.3455681636168502,True,False,10,CONVERGENCE: RELATIVE REDUCTION OF F <= FACTR*EPSMCH,0
1.9,2.0,2000,3,noisy,10,qlog,2.2800000000000002,0.6741120394933889,True,False,10,barrido q-log; q por deviance de bins,0
1.9,2.0,2000,3,noisy,20,pdf,1.8520873897756374,1.358918378832647,True,False,20,CONVERGENCE: RELATIVE REDUCTION OF F <= FACTR*EPSMCH,0
1.9,2.0,2000,3,noisy,20,qlog,1.96,0.9878700616725206,True,False,20,barrido q-log; q por deviance de bins,0
1.9,2.0,2000,3,noisy,30,pdf,1.8553211689219449,1.3633132615514711,True,False,30,CONVERGENCE: RELATIVE REDUCTION OF F <= FACTR*EPSMCH,0
1.9,2.0,2000,3,noisy,30,qlog,1.9,1.1216267619464049,True,False,30,barrido q-log; q por deviance de bins,0
1.9,2.0,2000,3,noisy,40,pdf,1.856881561966879,1.3858922884672316,True,False,40,CONVERGENCE: RELATIVE REDUCTION OF F <= FACTR*EPSMCH,0
1.9,2.0,2000,3,noisy,40,qlog,1.88,1.1081455695977758,True,False,40,barrido q-log; q por deviance de bins,0
1.9,2.0,2000,3,noisy,50,pdf,1.8585036194917142,1.393659567313898,True,False,50,CONVERGENCE: RELATIVE REDUCTION OF F <= FACTR*EPSMCH,0
1.9,2.0,2000,3,noisy,50,qlog,1.88,1.1342149449870227,True,False,50,barrido q-log; q por deviance de bins,0
1.9,2.0,2000,3,noisy,60,pdf,1.8579257584415034,1.3826884301567441,True,False,60,CONVERGENCE: NORM OF PROJECTED GRADIENT <= PGTOL,0
1.9,2.0,2000,3,noisy,60,qlog,1.8599999999999999,1.109838746015622,True,False,60,barrido q-log; q por deviance de bins,0
1.9,2.0,2000,3,noisy,70,pdf,1.8572524993536461,1.381666496053265,True,False,70,CONVERGENCE: RELATIVE REDUCTION OF F <= FACTR*EPSMCH,0
1.9,2.0,2000,3,noisy,70,qlog,1.8599999999999999,1.0566073971133698,True,False,70,barrido q-log; q por deviance de bins,0
1.9,2.0,2000,3,noisy,80,pdf,1.8544792755703858,1.3718440208821374,True,False,79,CONVERGENCE: RELATIVE REDUCTION OF F <= FACTR*EPSMCH,0
1.9,2.0,2000,3,noisy,80,qlog,1.8599999999999999,1.0091888328153695,True,False,79,barrido q-log; q por deviance de bins,0
1.9,2.0,2000,3,noisy,90,pdf,1.8549875187278564,1.3736257157803728,True,False,90,CONVERGENCE: RELATIVE REDUCTION OF F <= FACTR*EPSMCH,0
1.9,2.0,2000,3,noisy,90,qlog,1.8599999999999999,0.9868113832745703,True,False,90,barrido q-log; q por deviance de bins,0
1.9,2.0,2000,3,noisy,100,pdf,1.855879688829947,1.3807299187016056,True,False,99,CONVERGENCE: RELATIVE REDUCTION OF F <= FACTR*EPSMCH,0
1.9,2.0,2000,3,noisy,100,qlog,1.8599999999999999,1.0345301838292402,True,False,99,barrido q-log; q por deviance de bins,0
1.9,2.0,2000,3,noisy,110,pdf,1.8576734707185338,1.3833502909106588,True,False,108,CONVERGENCE: RELATIVE REDUCTION OF F <= FACTR*EPSMCH,0
1.9,2.0,2000,3,noisy,110,qlog,1.8599999999999999,0.9856695992788683,True,False,108,barrido q-log; q por deviance de bins,0
1.9,2.0,2000,3,noisy,120,pdf,1.8551375754454091,1.3743123484585182,True,False,118,CONVERGENCE: RELATIVE REDUCTION OF F <= FACTR*EPSMCH,0
1.9,2.0,2000,3,noisy,120,qlog,1.8599999999999999,0.9275037442191785,True,False,118,barrido q-log; q por deviance de bins,0
1.9,2.0,2000,3,noisy,130,pdf,1.8550444487331406,1.3738219901343764,True,False,128,CONVERGENCE: RELATIVE REDUCTION OF F <= FACTR*EPSMCH,0
1.9,2.0,2000,3,noisy,130,qlog,1.8599999999999999,0.8758712789109515,True,False,128,barrido q-log; q por deviance de bins,0
1.9,2.0,2000,3,noisy,140,pdf,1.8559614471581987,1.3768909121426405,True,False,136,CONVERGENCE: RELATIVE REDUCTION OF F <= FACTR*EPSMCH,0
1.9,2.0,2000,3,noisy,140,qlog,1.8599999999999999,0.9161229671086225,True,False,136,barrido q-log; q por deviance de bins,0
1.9,2.0,2000,3,noisy,150,pdf,1.8563312353187607,1.378691890414423,True,False,147,CONVERGENCE: RELATIVE REDUCTION OF F <= FACTR*EPSMCH,0
1.9,2.0,2000,3,noisy,150,qlog,1.8599999999999999,0.8802361756107318,True,False,147,barrido q-log; q por deviance de bins,0
1.9,2.0,2000,3,noisy,160,pdf,1.8545456754962648,1.3708960037711122,True,False,152,CONVERGENCE: RELATIVE REDUCTION OF F <= FACTR*EPSMCH,0
1.9,2.0,2000,3,noisy,160,qlog,1.8599999999999999,0.8303584898029561,True,False,152,barrido q-log; q por deviance de bins,0
1.9,2.0,2000,3,noisy,170,pdf,1.8542334337639743,1.370505435768477,True,False,164,CONVERGENCE: RELATIVE REDUCTION OF F <= FACTR*EPSMCH,0
1.9,2.0,2000,3,noisy,170,qlog,1.8599999999999999,0.8032655066759328,True,False,164,barrido q-log; q por deviance de bins,0
1.9,2.0,2000,3,noisy,180,pdf,1.8560002205166677,1.3764049319128213,True,False,171,CONVERGENCE: RELATIVE REDUCTION OF F <= FACTR*EPSMCH,0
1.9,2.0,2000,3,noisy,180,qlog,1.8599999999999999,0.7917293503862011,True,False,171,barrido q-log; q por deviance de bins,0
1.9,2.0,2000,3,noisy,190,pdf,1.8568558556259966,1.379817764965594,True,False,181,CONVERGENCE: RELATIVE REDUCTION OF F <= FACTR*EPSMCH,0
1.9,2.0,2000,3,noisy,190,qlog,1.8599999999999999,0.7316848879065411,True,False,181,barrido q-log; q por deviance de bins,0
1.9,2.0,2000,3,noisy,200,pdf,1.8539158927237633,1.3698302215974185,True,False,191,CONVERGENCE: RELATIVE REDUCTION OF F <= FACTR*EPSMCH,0
1.9,2.0,2000,3,noisy,200,qlog,1.84,0.7278975516279262,True,False,191,barrido q-log; q por deviance de bins,0
1.9,2.0,2000,4,clean,10,pdf,1.8872841359336638,1.8817626980238245,True,False,10,CONVERGENCE: NORM OF PROJECTED GRADIENT <= PGTOL,0
1.9,2.0,2000,4,clean,10,qlog,2.42,0.28973089523397716,True,False,10,barrido q-log; q por deviance de bins,0
1.9,2.0,2000,4,clean,20,pdf,1.8923736938402562,1.9233645300030606,True,False,20,CONVERGENCE: RELATIVE REDUCTION OF F <= FACTR*EPSMCH,0
1.9,2.0,2000,4,clean,20,qlog,2.1,1.0808971514027566,True,False,20,barrido q-log; q por deviance de bins,0
1.9,2.0,2000,4,clean,30,pdf,1.9116678799411455,2.063112725851299,True,False,30,CONVERGENCE: NORM OF PROJECTED GRADIENT <= PGTOL,0
1.9,2.0,2000,4,clean,30,qlog,1.98,1.3968538550221632,True,False,30,barrido q-log; q por deviance de bins,0
1.9,2.0,2000,4,clean,40,pdf,1.906730485088867,2.0401899479501755,True,False,40,CONVERGENCE: RELATIVE REDUCTION OF F <= FACTR*EPSMCH,0
1.9,2.0,2000,4,clean,40,qlog,1.94,1.4733712422161103,True,False,40,barrido q-log; q por deviance de bins,0
1.9,2.0,2000,4,clean,50,pdf,1.9182457259274064,2.1035015239127652,True,False,49,CONVERGENCE: RELATIVE REDUCTION OF F <= FACTR*EPSMCH,0
1.9,2.0,2000,4,clean,50,qlog,1.96,1.654318920063239,True,False,49,barrido q-log; q por deviance de bins,0
1.9,2.0,2000,4,clean,60,pdf,1.9201599794355726,2.11991927830329,True,False,59,CONVERGENCE: RELATIVE REDUCTION OF F <= FACTR*EPSMCH,0
1.9,2.0,2000,4,clean,60,qlog,1.96,1.575133949791646,True,False,59,barrido q-log; q por deviance de bins,0
1.9,2.0,2000,4,clean,70,pdf,1.9144074693868929,2.0695730734505777,True,False,68,CONVERGENCE: RELATIVE REDUCTION OF F <= FACTR*EPSMCH,0
1.9,2.0,2000,4,clean,70,qlog,1.96,1.4954903202533403,True,False,68,barrido q-log; q por deviance de bins,0
1.9,2.0,2000,4,clean,80,pdf,1.914729339833805,2.0807857506450502,True,False,78,CONVERGENCE: RELATIVE REDUCTION OF F <= FACTR*EPSMCH,0
1.9,2.0,2000,4,clean,80,qlog,1.96,1.4293263001173044,True,False,78,barrido q-log; q por deviance de bins,0
1.9,2.0,2000,4,clean,90,pdf,1.9163056800795881,2.087092710222749,True,False,87,CONVERGENCE: RELATIVE REDUCTION OF F <= FACTR*EPSMCH,0
1.9,2.0,2000,4,clean,90,qlog,1.98,1.539733043263649,True,False,87,barrido q-log; q por deviance de bins,0
1.9,2.0,2000,4,clean,100,pdf,1.9201757997513564,2.117162462308079,True,False,96,CONVERGENCE: RELATIVE REDUCTION OF F <= FACTR*EPSMCH,0
1.9,2.0,2000,4,clean,100,qlog,1.98,1.3726211321723816,True,False,96,barrido q-log; q por deviance de bins,0
1.9,2.0,2000,4,clean,110,pdf,1.9144187305565468,2.0756197709683466,True,False,105,CONVERGENCE: RELATIVE REDUCTION OF F <= FACTR*EPSMCH,0
1.9,2.0,2000,4,clean,110,qlog,2.0,1.4386916614349654,True,False,105,barrido q-log; q por deviance de bins,0
1.9,2.0,2000,4,clean,120,pdf,1.921002852129094,2.123045534099726,True,False,114,CONVERGENCE: RELATIVE REDUCTION OF F <= FACTR*EPSMCH,0
1.9,2.0,2000,4,clean,120,qlog,2.0,1.3224645308405287,True,False,114,barrido q-log; q por deviance de bins,0
1.9,2.0,2000,4,clean,130,pdf,1.9196497207823866,2.1103401463021907,True,False,122,CONVERGENCE: RELATIVE REDUCTION OF F <= FACTR*EPSMCH,0
1.9,2.0,2000,4,clean,130,qlog,2.0,1.2778738094217963,True,False,122,barrido q-log; q por deviance de bins,0
1.9,2.0,2000,4,clean,140,pdf,1.91378662368727,2.0685289921292354,True,False,129,CONVERGENCE: RELATIVE REDUCTION OF F <= FACTR*EPSMCH,0
1.9,2.0,2000,4,clean,140,qlog,2.0,1.066319393070657,True,False,129,barrido q-log; q por deviance de bins,0
1.9,2.0,2000,4,clean,150,pdf,1.9200016178929233,2.115073358901618,True,False,138,CONVERGENCE: RELATIVE REDUCTION OF F <= FACTR*EPSMCH,0
1.9,2.0,2000,4,clean,150,qlog,2.02,1.1687173434889426,True,False,138,barrido q-log; q por deviance de bins,0
1.9,2.0,2000,4,clean,160,pdf,1.9169328533474272,2.0900005824479453,True,False,146,CONVERGENCE: RELATIVE REDUCTION OF F <= FACTR*EPSMCH,0
1.9,2.0,2000,4,clean,160,qlog,2.02,1.0906389124158007,True,False,146,barrido q-log; q por deviance de bins,0
1.9,2.0,2000,4,clean,170,pdf,1.9175646024837052,2.1032869747219323,True,False,157,CONVERGENCE: RELATIVE REDUCTION OF F <= FACTR*EPSMCH,0
1.9,2.0,2000,4,clean,170,qlog,1.98,1.199130477736822,True,False,157,barrido q-log; q por deviance de bins,0
1.9,2.0,2000,4,clean,180,pdf,1.9175532808461102,2.095945160669809,True,False,162,CONVERGENCE: RELATIVE REDUCTION OF F <= FACTR*EPSMCH,0
1.9,2.0,2000,4,clean,180,qlog,1.98,1.0924940439975244,True,False,162,barrido q-log; q por deviance de bins,0
1.9,2.0,2000,4,clean,190,pdf,1.9188730329662982,2.102829201503126,True,False,172,CONVERGENCE: RELATIVE REDUCTION OF F <= FACTR*EPSMCH,0
1.9,2.0,2000,4,clean,190,qlog,1.98,1.0157502800304792,True,False,172,barrido q-log; q por deviance de bins,0
1.9,2.0,2000,4,clean,200,pdf,1.9178298689586795,2.102057871300125,True,False,182,CONVERGENCE: RELATIVE REDUCTION OF F <= FACTR*EPSMCH,0
1.9,2.0,2000,4,clean,200,qlog,2.0,1.0943811684004265,True,False,182,barrido q-log; q por deviance de bins,0
1.9,2.0,2000,4,noisy,10,pdf,1.8372475277724096,1.4699576087629374,True,False,10,CONVERGENCE: RELATIVE REDUCTION OF F <= FACTR*EPSMCH,0
1.9,2.0,2000,4,noisy,10,qlog,2.4000000000000004,0.20864563037719602,True,False,10,barrido q-log; q por deviance de bins,0
1.9,2.0,2000,4,noisy,20,pdf,1.8433534069463287,1.4683737103869448,True,False,20,CONVERGENCE: RELATIVE REDUCTION OF F <= FACTR*EPSMCH,0
1.9,2.0,2000,4,noisy,20,qlog,2.08,0.8472983167096311,True,False,20,barrido q-log; q por deviance de bins,0
1.9,2.0,2000,4,noisy,30,pdf,1.8646027260494982,1.5506982891529608,True,False,30,CONVERGENCE: NORM OF PROJECTED GRADIENT <= PGTOL,0
1.9,2.0,2000,4,noisy,30,qlog,1.96,1.1182855942819065,True,False,30,barrido q-log; q por deviance de bins,0
1.9,2.0,2000,4,noisy,40,pdf,1.8596502354823023,1.5301861959527054,True,False,40,CONVERGENCE: RELATIVE REDUCTION OF F <= FACTR*EPSMCH,0
1.9,2.0,2000,4,noisy,40,qlog,1.92,1.1790726200681128,True,False,40,barrido q-log; q por deviance de bins,0
1.9,2.0,2000,4,noisy,50,pdf,1.8770208409697864,1.60450292886186,True,False,49,CONVERGENCE: RELATIVE REDUCTION OF F <= FACTR*EPSMCH,0
1.9,2.0,2000,4,noisy,50,qlog,1.92,1.2272785147757934,True,False,49,barrido q-log; q por deviance de bins,0
1.9,2.0,2000,4,noisy,60,pdf,1.8735314598447563,1.5826407999358771,True,False,59,CONVERGENCE: RELATIVE REDUCTION OF F <= FACTR*EPSMCH,0
1.9,2.0,2000,4,noisy,60,qlog,1.94,1.307220762702606,True,False,59,barrido q-log; q por deviance de bins,0
1.9,2.0,2000,4,noisy,70,pdf,1.8745703563774316,1.5883078356368323,True,False,68,CONVERGENCE: RELATIVE REDUCTION OF F <= FACTR*EPSMCH,0
1.9,2.0,2000,4,noisy,70,qlog,1.94,1.2359472516248093,True,False,68,barrido q-log; q por deviance de bins,0
1.9,2.0,2000,4,noisy,80,pdf,1.8715575146670658,1.5791528310474794,True,False,78,CONVERGENCE: RELATIVE REDUCTION OF F <= FACTR*EPSMCH,0
1.9,2.0,2000,4,noisy,80,qlog,1.94,1.148245301918096,True,False,78,barrido q-log; q por deviance de bins,0
1.9,2.0,2000,4,noisy,90,pdf,1.8768954322210853,1.5975884603003947,True,False,87,CONVERGENCE: RELATIVE REDUCTION OF F <= FACTR*EPSMCH,0
1.9,2.0,2000,4,noisy,90,qlog,1.96,1.129856239621275,True,False,87,barrido q-log; q por deviance de bins,0
1.9,2.0,2000,4,noisy,100,pdf,1.8791834002977974,1.6047100171687,True,False,95,CONVERGENCE: RELATIVE REDUCTION OF F <= FACTR*EPSMCH,0
1.9,2.0,2000,4,noisy,100,qlog,1.96,1.0483639507028282,True,False,95,barrido q-log; q por deviance de bins,0
1.9,2.0,2000,4,noisy,110,pdf,1.8751288643169635,1.5878956924870424,True,False,105,CONVERGENCE: RELATIVE REDUCTION OF F <= FACTR*EPSMCH,0
1.9,2.0,2000,4,noisy,110,qlog,1.98,1.0448213270713216,True,False,105,barrido q-log; q por deviance de bins,0
1.9,2.0,2000,4,noisy,120,pdf,1.8769403460686216,1.5986701628016264,True,False,115,CONVERGENCE: RELATIVE REDUCTION OF F <= FACTR*EPSMCH,0
1.9,2.0,2000,4,noisy,120,qlog,1.98,1.0491923664070557,True,False,115,barrido q-log; q por deviance de bins,0
1.9,2.0,2000,4,noisy,130,pdf,1.877655042230802,1.602140273767849,True,False,121,CONVERGENCE: RELATIVE REDUCTION OF F <= FACTR*EPSMCH,0
1.9,2.0,2000,4,noisy,130,qlog,2.0,1.0021648132694847,True,False,121,barrido q-log; q por deviance de bins,0
1.9,2.0,2000,4,noisy,140,pdf,1.8754130612431419,1.5870978588378968,True,False,131,CONVERGENCE: RELATIVE REDUCTION OF F <= FACTR*EPSMCH,0
1.9,2.0,2000,4,noisy,140,qlog,2.0,0.9690504753432145,True,False,131,barrido q-log; q por deviance de bins,0
1.9,2.0,2000,4,noisy,150,pdf,1.88012868856653,1.6125539692926247,True,False,141,CONVERGENCE: NORM OF PROJECTED GRADIENT <= PGTOL,0
1.9,2.0,2000,4,noisy,150,qlog,2.0,0.8812767749862389,True,False,141,barrido q-log; q por deviance de bins,0
1.9,2.0,2000,4,noisy,160,pdf,1.8759376035488664,1.5943325332531906,True,False,147,CONVERGENCE: RELATIVE REDUCTION OF F <= FACTR*EPSMCH,0
1.9,2.0,2000,4,noisy,160,qlog,2.02,0.9529603230806598,True,False,147,barrido q-log; q por deviance de bins,0
1.9,2.0,2000,4,noisy,170,pdf,1.8771255496670127,1.5990623806598148,True,False,158,CONVERGENCE: RELATIVE REDUCTION OF F <= FACTR*EPSMCH,0
1.9,2.0,2000,4,noisy,170,qlog,1.96,0.9589334342943081,True,False,158,barrido q-log; q por deviance de bins,0
1.9,2.0,2000,4,noisy,180,pdf,1.8762170041373674,1.592815624180842,True,False,165,CONVERGENCE: NORM OF PROJECTED GRADIENT <= PGTOL,0
1.9,2.0,2000,4,noisy,180,qlog,1.96,0.8602929002231855,True,False,165,barrido q-log; q por deviance de bins,0
1.9,2.0,2000,4,noisy,190,pdf,1.8773015755260705,1.6016657215839878,True,False,175,CONVERGENCE: RELATIVE REDUCTION OF F <= FACTR*EPSMCH,0
1.9,2.0,2000,4,noisy,190,qlog,1.98,0.9130054037182294,True,False,175,barrido q-log; q por deviance de bins,0
1.9,2.0,2000,4,noisy,200,pdf,1.8772211039871007,1.6017975346373499,True,False,180,CONVERGENCE: RELATIVE REDUCTION OF F <= FACTR*EPSMCH,0
1.9,2.0,2000,4,noisy,200,qlog,1.98,0.8583246877561872,True,False,180,barrido q-log; q por deviance de bins,0
1.9,2.0,2000,5,clean,10,pdf,1.8871906945427,1.8430797675444102,True,False,10,CONVERGENCE: RELATIVE REDUCTION OF F <= FACTR*EPSMCH,0
1.9,2.0,2000,5,clean,10,qlog,2.3600000000000003,0.4645067504792817,True,False,10,barrido q-log; q por deviance de bins,0
1.9,2.0,2000,5,clean,20,pdf,1.9130011497323778,2.0543370789694375,True,False,20,CONVERGENCE: NORM OF PROJECTED GRADIENT <= PGTOL,0
1.9,2.0,2000,5,clean,20,qlog,2.06,1.2594303478285207,True,False,20,barrido q-log; q por deviance de bins,0
1.9,2.0,2000,5,clean,30,pdf,1.9183208879497788,2.0790680750021187,True,False,30,CONVERGENCE: RELATIVE REDUCTION OF F <= FACTR*EPSMCH,0
1.9,2.0,2000,5,clean,30,qlog,1.98,1.5749274119340602,True,False,30,barrido q-log; q por deviance de bins,0
1.9,2.0,2000,5,clean,40,pdf,1.9182113908420764,2.068259636090597,True,False,40,CONVERGENCE: RELATIVE REDUCTION OF F <= FACTR*EPSMCH,0
1.9,2.0,2000,5,clean,40,qlog,1.94,1.6120108892398994,True,False,40,barrido q-log; q por deviance de bins,0
1.9,2.0,2000,5,clean,50,pdf,1.9188333823923511,2.0809465222939307,True,False,50,CONVERGENCE: RELATIVE REDUCTION OF F <= FACTR*EPSMCH,0
1.9,2.0,2000,5,clean,50,qlog,1.94,1.643994856685864,True,False,50,barrido q-log; q por deviance de bins,0
1.9,2.0,2000,5,clean,60,pdf,1.9187428823990613,2.07403254380972,True,False,60,CONVERGENCE: RELATIVE REDUCTION OF F <= FACTR*EPSMCH,0
1.9,2.0,2000,5,clean,60,qlog,1.92,1.587824826737832,True,False,60,barrido q-log; q por deviance de bins,0
1.9,2.0,2000,5,clean,70,pdf,1.9110737809064235,2.025505088993199,True,False,70,CONVERGENCE: NORM OF PROJECTED GRADIENT <= PGTOL,0
1.9,2.0,2000,5,clean,70,qlog,1.92,1.5377085469468776,True,False,70,barrido q-log; q por deviance de bins,0
1.9,2.0,2000,5,clean,80,pdf,1.9112111885208565,2.016419233769975,True,False,79,CONVERGENCE: RELATIVE REDUCTION OF F <= FACTR*EPSMCH,0
1.9,2.0,2000,5,clean,80,qlog,1.92,1.3882611317620235,True,False,79,barrido q-log; q por deviance de bins,0
1.9,2.0,2000,5,clean,90,pdf,1.9137118054751572,2.0492278230191157,True,False,88,CONVERGENCE: RELATIVE REDUCTION OF F <= FACTR*EPSMCH,0
1.9,2.0,2000,5,clean,90,qlog,1.92,1.4936228882019205,True,False,88,barrido q-log; q por deviance de bins,0
1.9,2.0,2000,5,clean,100,pdf,1.9181794591198302,2.0767790140584528,True,False,98,CONVERGENCE: RELATIVE REDUCTION OF F <= FACTR*EPSMCH,0
1.9,2.0,2000,5,clean,100,qlog,1.92,1.419383021253802,True,False,98,barrido q-log; q por deviance de bins,0
1.9,2.0,2000,5,clean,110,pdf,1.9162573775677232,2.056369209191714,True,False,108,CONVERGENCE: RELATIVE REDUCTION OF F <= FACTR*EPSMCH,0
1.9,2.0,2000,5,clean,110,qlog,1.92,1.3617117105112861,True,False,108,barrido q-log; q por deviance de bins,0
1.9,2.0,2000,5,clean,120,pdf,1.914432398768502,2.038958923053213,True,False,115,CONVERGENCE: RELATIVE REDUCTION OF F <= FACTR*EPSMCH,0
1.9,2.0,2000,5,clean,120,qlog,1.92,1.3355433761627968,True,False,115,barrido q-log; q por deviance de bins,0
1.9,2.0,2000,5,clean,130,pdf,1.9162249502031494,2.0536481521693224,True,False,126,CONVERGENCE: RELATIVE REDUCTION OF F <= FACTR*EPSMCH,0
1.9,2.0,2000,5,clean,130,qlog,1.9,1.1954574504048774,True,False,126,barrido q-log; q por deviance de bins,0
1.9,2.0,2000,5,clean,140,pdf,1.916405926682773,2.058444907821675,True,False,134,CONVERGENCE: RELATIVE REDUCTION OF F <= FACTR*EPSMCH,0
1.9,2.0,2000,5,clean,140,qlog,1.92,1.2438249482801258,True,False,134,barrido q-log; q por deviance de bins,0
1.9,2.0,2000,5,clean,150,pdf,1.9169440421021409,2.062689923056126,True,False,143,CONVERGENCE: RELATIVE REDUCTION OF F <= FACTR*EPSMCH,0
1.9,2.0,2000,5,clean,150,qlog,1.92,1.2544691924620908,True,False,143,barrido q-log; q por deviance de bins,0
1.9,2.0,2000,5,clean,160,pdf,1.9151844915306346,2.0458234231991783,True,False,151,CONVERGENCE: RELATIVE REDUCTION OF F <= FACTR*EPSMCH,0
1.9,2.0,2000,5,clean,160,qlog,1.92,1.079713940807888,True,False,151,barrido q-log; q por deviance de bins,0
1.9,2.0,2000,5,clean,170,pdf,1.915674307509297,2.0486101622272668,True,False,159,CONVERGENCE: RELATIVE REDUCTION OF F <= FACTR*EPSMCH,0
1.9,2.0,2000,5,clean,170,qlog,1.94,1.2390401393704942,True,False,159,barrido q-log; q por deviance de bins,0
1.9,2.0,2000,5,clean,180,pdf,1.9172030600605663,2.0628130251710015,True,False,167,CONVERGENCE: RELATIVE REDUCTION OF F <= FACTR*EPSMCH,0
1.9,2.0,2000,5,clean,180,qlog,1.92,1.045753257427612,True,False,167,barrido q-log; q por deviance de bins,0
1.9,2.0,2000,5,clean,190,pdf,1.9175616143357803,2.0601712793746647,True,False,176,CONVERGENCE: RELATIVE REDUCTION OF F <= FACTR*EPSMCH,0
1.9,2.0,2000,5,clean,190,qlog,1.92,1.1497956374209612,True,False,176,barrido q-log; q por deviance de bins,0
1.9,2.0,2000,5,clean,200,pdf,1.917732626204667,2.0637733573163493,True,False,182,CONVERGENCE: RELATIVE REDUCTION OF F <= FACTR*EPSMCH,0
1.9,2.0,2000,5,clean,200,qlog,1.92,1.045385900299562,True,False,182,barrido q-log; q por deviance de bins,0
1.9,2.0,2000,5,noisy,10,pdf,1.8309235942304727,1.3169055924745237,True,False,10,CONVERGENCE: RELATIVE REDUCTION OF F <= FACTR*EPSMCH,0
1.9,2.0,2000,5,noisy,10,qlog,2.34,0.321073344344696,True,False,10,barrido q-log; q por deviance de bins,0
1.9,2.0,2000,5,noisy,20,pdf,1.8601679792425263,1.4296687529248566,True,False,20,CONVERGENCE: RELATIVE REDUCTION OF F <= FACTR*EPSMCH,0
1.9,2.0,2000,5,noisy,20,qlog,2.04,0.9510334446929868,True,False,20,barrido q-log; q por deviance de bins,0
1.9,2.0,2000,5,noisy,30,pdf,1.8636753912607833,1.4292728550360116,True,False,30,CONVERGENCE: RELATIVE REDUCTION OF F <= FACTR*EPSMCH,0
1.9,2.0,2000,5,noisy,30,qlog,1.94,1.0957005587174233,True,False,30,barrido q-log; q por deviance de bins,0
1.9,2.0,2000,5,noisy,40,pdf,1.8721164046477332,1.4796674281076345,True,False,40,CONVERGENCE: RELATIVE REDUCTION OF F <= FACTR*EPSMCH,0
1.9,2.0,2000,5,noisy,40,qlog,1.9,1.1451276409633273,True,False,40,barrido q-log; q por deviance de bins,0
1.9,2.0,2000,5,noisy,50,pdf,1.8668780332854835,1.4579155068920606,True,False,50,CONVERGENCE: RELATIVE REDUCTION OF F <= FACTR*EPSMCH,0
1.9,2.0,2000,5,noisy,50,qlog,1.88,1.141508385732313,True,False,50,barrido q-log; q por deviance de bins,0
1.9,2.0,2000,5,noisy,60,pdf,1.8673849660651989,1.4521870039153781,True,False,60,CONVERGENCE: RELATIVE REDUCTION OF F <= FACTR*EPSMCH,0
1.9,2.0,2000,5,noisy,60,qlog,1.88,1.1401282896158411,True,False,60,barrido q-log; q por deviance de bins,0
1.9,2.0,2000,5,noisy,70,pdf,1.8643353150660782,1.4409028874636607,True,False,70,CONVERGENCE: RELATIVE REDUCTION OF F <= FACTR*EPSMCH,0
1.9,2.0,2000,5,noisy,70,qlog,1.88,1.1104774925838856,True,False,70,barrido q-log; q por deviance de bins,0
1.9,2.0,2000,5,noisy,80,pdf,1.865109015301582,1.4458042916107088,True,False,79,CONVERGENCE: RELATIVE REDUCTION OF F <= FACTR*EPSMCH,0
1.9,2.0,2000,5,noisy,80,qlog,1.88,1.10895307129418,True,False,79,barrido q-log; q por deviance de bins,0
1.9,2.0,2000,5,noisy,90,pdf,1.8670360189133515,1.4550692422536133,True,False,89,CONVERGENCE: RELATIVE REDUCTION OF F <= FACTR*EPSMCH,0
1.9,2.0,2000,5,noisy,90,qlog,1.88,1.085483087476311,True,False,89,barrido q-log; q por deviance de bins,0
1.9,2.0,2000,5,noisy,100,pdf,1.8654637325441425,1.4522683225958735,True,False,99,CONVERGENCE: RELATIVE REDUCTION OF F <= FACTR*EPSMCH,0
1.9,2.0,2000,5,noisy,100,qlog,1.88,1.0694905845909795,True,False,99,barrido q-log; q por deviance de bins,0
1.9,2.0,2000,5,noisy,110,pdf,1.8678719432794133,1.4595374071131044,True,False,107,CONVERGENCE: RELATIVE REDUCTION OF F <= FACTR*EPSMCH,0
1.9,2.0,2000,5,noisy,110,qlog,1.88,1.0968756368151664,True,False,107,barrido q-log; q por deviance de bins,0
1.9,2.0,2000,5,noisy,120,pdf,1.8655249818656627,1.4488654920867234,True,False,116,CONVERGENCE: RELATIVE REDUCTION OF F <= FACTR*EPSMCH,0
1.9,2.0,2000,5,noisy,120,qlog,1.88,1.0001155381973517,True,False,116,barrido q-log; q por deviance de bins,0
1.9,2.0,2000,5,noisy,130,pdf,1.8669602618107555,1.4526542113489345,True,False,124,CONVERGENCE: RELATIVE REDUCTION OF F <= FACTR*EPSMCH,0
1.9,2.0,2000,5,noisy,130,qlog,1.88,1.0182719663410758,True,False,124,barrido q-log; q por deviance de bins,0
1.9,2.0,2000,5,noisy,140,pdf,1.8683831287149961,1.4563148505646881,True,False,131,CONVERGENCE: RELATIVE REDUCTION OF F <= FACTR*EPSMCH,0
1.9,2.0,2000,5,noisy,140,qlog,1.9,0.9728926772443569,True,False,131,barrido q-log; q por deviance de bins,0
1.9,2.0,2000,5,noisy,150,pdf,1.867839574783981,1.454748155666247,True,False,143,CONVERGENCE: RELATIVE REDUCTION OF F <= FACTR*EPSMCH,0
1.9,2.0,2000,5,noisy,150,qlog,1.88,0.9953765148656365,True,False,143,barrido q-log; q por deviance de bins,0
1.9,2.0,2000,5,noisy,160,pdf,1.8681621127144605,1.4587322875831916,True,False,149,CONVERGENCE: RELATIVE REDUCTION OF F <= FACTR*EPSMCH,0
1.9,2.0,2000,5,noisy,160,qlog,1.9,0.9017229075978411,True,False,149,barrido q-log; q por deviance de bins,0
1.9,2.0,2000,5,noisy,170,pdf,1.8668568615742878,1.4524989662268837,True,False,158,CONVERGENCE: RELATIVE REDUCTION OF F <= FACTR*EPSMCH,0
1.9,2.0,2000,5,noisy,170,qlog,1.9,0.9161072000717259,True,False,158,barrido q-log; q por deviance de bins,0
1.9,2.0,2000,5,noisy,180,pdf,1.8689852532519986,1.4618008093183537,True,False,168,CONVERGENCE: RELATIVE REDUCTION OF F <= FACTR*EPSMCH,0
1.9,2.0,2000,5,noisy,180,qlog,1.9,0.851863841716175,True,False,168,barrido q-log; q por deviance de bins,0
1.9,2.0,2000,5,noisy,190,pdf,1.8669208016229077,1.452457026730547,True,False,175,CONVERGENCE: RELATIVE REDUCTION OF F <= FACTR*EPSMCH,0
1.9,2.0,2000,5,noisy,190,qlog,1.9,0.808509109157748,True,False,175,barrido q-log; q por deviance de bins,0
1.9,2.0,2000,5,noisy,200,pdf,1.8675409387556603,1.456103409565581,True,False,181,CONVERGENCE: RELATIVE REDUCTION OF F <= FACTR*EPSMCH,0
1.9,2.0,2000,5,noisy,200,qlog,1.9,0.8354502677472505,True,False,181,barrido q-log; q por deviance de bins,0
1.9,2.0,2000,6,clean,10,pdf,1.894773478074481,2.10273017781561,True,False,10,CONVERGENCE: RELATIVE REDUCTION OF F <= FACTR*EPSMCH,0
1.9,2.0,2000,6,clean,10,qlog,2.3,0.8675065566309416,True,False,10,barrido q-log; q por deviance de bins,0
1.9,2.0,2000,6,clean,20,pdf,1.8869890716359756,1.9974586697899133,True,False,20,CONVERGENCE: RELATIVE REDUCTION OF F <= FACTR*EPSMCH,0
1.9,2.0,2000,6,clean,20,qlog,2.0,1.3949612853063431,True,False,20,barrido q-log; q por deviance de bins,0
1.9,2.0,2000,6,clean,30,pdf,1.8891046525201636,2.0106700127924455,True,False,30,CONVERGENCE: RELATIVE REDUCTION OF F <= FACTR*EPSMCH,0
1.9,2.0,2000,6,clean,30,qlog,1.92,1.5322900425450465,True,False,30,barrido q-log; q por deviance de bins,0
1.9,2.0,2000,6,clean,40,pdf,1.8958185844961983,2.04653560906463,True,False,40,CONVERGENCE: RELATIVE REDUCTION OF F <= FACTR*EPSMCH,0
1.9,2.0,2000,6,clean,40,qlog,1.92,1.6338146416691866,True,False,40,barrido q-log; q por deviance de bins,0
1.9,2.0,2000,6,clean,50,pdf,1.900211293194183,2.086188029613136,True,False,50,CONVERGENCE: RELATIVE REDUCTION OF F <= FACTR*EPSMCH,0
1.9,2.0,2000,6,clean,50,qlog,1.92,1.6660913263745698,True,False,50,barrido q-log; q por deviance de bins,0
1.9,2.0,2000,6,clean,60,pdf,1.8947655336592482,2.0402549777242815,True,False,60,CONVERGENCE: RELATIVE REDUCTION OF F <= FACTR*EPSMCH,0
1.9,2.0,2000,6,clean,60,qlog,1.92,1.6219470500338413,True,False,60,barrido q-log; q por deviance de bins,0
1.9,2.0,2000,6,clean,70,pdf,1.8930016292251468,2.0284717403070562,True,False,70,CONVERGENCE: RELATIVE REDUCTION OF F <= FACTR*EPSMCH,0
1.9,2.0,2000,6,clean,70,qlog,1.9,1.5792363849184061,True,False,70,barrido q-log; q por deviance de bins,0
1.9,2.0,2000,6,clean,80,pdf,1.893256281472871,2.025985399111151,True,False,79,CONVERGENCE: RELATIVE REDUCTION OF F <= FACTR*EPSMCH,0
1.9,2.0,2000,6,clean,80,qlog,1.9,1.5028692794300855,True,False,79,barrido q-log; q por deviance de bins,0
1.9,2.0,2000,6,clean,90,pdf,1.892000340281546,2.0198600292316633,True,False,90,CONVERGENCE: RELATIVE REDUCTION OF F <= FACTR*EPSMCH,0
1.9,2.0,2000,6,clean,90,qlog,1.9,1.5898997542130309,True,False,90,barrido q-log; q por deviance de bins,0
1.9,2.0,2000,6,clean,100,pdf,1.896604313620003,2.0522323158614824,True,False,99,CONVERGENCE: RELATIVE REDUCTION OF F <= FACTR*EPSMCH,0
1.9,2.0,2000,6,clean,100,qlog,1.9,1.3848667291357086,True,False,99,barrido q-log; q por deviance de bins,0
1.9,2.0,2000,6,clean,110,pdf,1.8957834856715607,2.044826587434802,True,False,109,CONVERGENCE: RELATIVE REDUCTION OF F <= FACTR*EPSMCH,0
1.9,2.0,2000,6,clean,110,qlog,1.92,1.558142388867217,True,False,109,barrido q-log; q por deviance de bins,0
1.9,2.0,2000,6,clean,120,pdf,1.8932535031934288,2.030258571002634,True,False,118,CONVERGENCE: RELATIVE REDUCTION OF F <= FACTR*EPSMCH,0
1.9,2.0,2000,6,clean,120,qlog,1.9,1.2919011943918477,True,False,118,barrido q-log; q por deviance de bins,0
1.9,2.0,2000,6,clean,130,pdf,1.8943929374269814,2.031758247087425,True,False,127,CONVERGENCE: RELATIVE REDUCTION OF F <= FACTR*EPSMCH,0
1.9,2.0,2000,6,clean,130,qlog,1.92,1.5136496213423605,True,False,127,barrido q-log; q por deviance de bins,0
1.9,2.0,2000,6,clean,140,pdf,1.8931701757745194,2.029691896077104,True,False,136,CONVERGENCE: RELATIVE REDUCTION OF F <= FACTR*EPSMCH,0
1.9,2.0,2000,6,clean,140,qlog,1.9,1.2819433299068597,True,False,136,barrido q-log; q por deviance de bins,0
1.9,2.0,2000,6,clean,150,pdf,1.895591088685119,2.0436261454271936,True,False,146,CONVERGENCE: RELATIVE REDUCTION OF F <= FACTR*EPSMCH,0
1.9,2.0,2000,6,clean,150,qlog,1.92,1.3378776350860617,True,False,146,barrido q-log; q por deviance de bins,0
1.9,2.0,2000,6,clean,160,pdf,1.8932550579497807,2.026239166995247,True,False,153,CONVERGENCE: RELATIVE REDUCTION OF F <= FACTR*EPSMCH,0
1.9,2.0,2000,6,clean,160,qlog,1.9,1.194655022516804,True,False,153,barrido q-log; q por deviance de bins,0
1.9,2.0,2000,6,clean,170,pdf,1.8931389583160276,2.02470250981436,True,False,163,CONVERGENCE: RELATIVE REDUCTION OF F <= FACTR*EPSMCH,0
1.9,2.0,2000,6,clean,170,qlog,1.9,1.05329326484962,True,False,163,barrido q-log; q por deviance de bins,0
1.9,2.0,2000,6,clean,180,pdf,1.8934356335355078,2.027118706717685,True,False,172,CONVERGENCE: RELATIVE REDUCTION OF F <= FACTR*EPSMCH,0
1.9,2.0,2000,6,clean,180,qlog,1.92,1.1264359312365604,True,False,172,barrido q-log; q por deviance de bins,0
1.9,2.0,2000,6,clean,190,pdf,1.8939117894756197,2.0328334633027696,True,False,178,CONVERGENCE: RELATIVE REDUCTION OF F <= FACTR*EPSMCH,0
1.9,2.0,2000,6,clean,190,qlog,1.9,1.0419226444885679,True,False,178,barrido q-log; q por deviance de bins,0
1.9,2.0,2000,6,clean,200,pdf,1.8947216772335904,2.038890620721379,True,False,189,CONVERGENCE: RELATIVE REDUCTION OF F <= FACTR*EPSMCH,0
1.9,2.0,2000,6,clean,200,qlog,1.92,1.110347359326341,True,False,189,barrido q-log; q por deviance de bins,0
1.9,2.0,2000,6,noisy,10,pdf,1.8357212475142746,1.4720021799642768,True,False,10,CONVERGENCE: RELATIVE REDUCTION OF F <= FACTR*EPSMCH,0
1.9,2.0,2000,6,noisy,10,qlog,2.2800000000000002,0.610973633245531,True,False,10,barrido q-log; q por deviance de bins,0
1.9,2.0,2000,6,noisy,20,pdf,1.840089002962437,1.4649444021892748,True,False,20,CONVERGENCE: RELATIVE REDUCTION OF F <= FACTR*EPSMCH,0
1.9,2.0,2000,6,noisy,20,qlog,1.96,1.0167339856147337,True,False,20,barrido q-log; q por deviance de bins,0
1.9,2.0,2000,6,noisy,30,pdf,1.8431510605374335,1.4667953891040777,True,False,30,CONVERGENCE: RELATIVE REDUCTION OF F <= FACTR*EPSMCH,0
1.9,2.0,2000,6,noisy,30,qlog,1.9,1.2010320620988928,True,False,30,barrido q-log; q por deviance de bins,0
1.9,2.0,2000,6,noisy,40,pdf,1.8484997576633218,1.4750780121935938,True,False,40,CONVERGENCE: RELATIVE REDUCTION OF F <= FACTR*EPSMCH,0
1.9,2.0,2000,6,noisy,40,qlog,1.88,1.205152014193058,True,False,40,barrido q-log; q por deviance de bins,0
1.9,2.0,2000,6,noisy,50,pdf,1.843687391307214,1.4539055063272088,True,False,50,CONVERGENCE: RELATIVE REDUCTION OF F <= FACTR*EPSMCH,0
1.9,2.0,2000,6,noisy,50,qlog,1.88,1.2333746725676298,True,False,50,barrido q-log; q por deviance de bins,0
1.9,2.0,2000,6,noisy,60,pdf,1.8475222853352804,1.4796471949088832,True,False,60,CONVERGENCE: RELATIVE REDUCTION OF F <= FACTR*EPSMCH,0
1.9,2.0,2000,6,noisy,60,qlog,1.9,1.2626705470600608,True,False,60,barrido q-log; q por deviance de bins,0
1.9,2.0,2000,6,noisy,70,pdf,1.8455076081181494,1.4612595967980135,True,False,70,CONVERGENCE: RELATIVE REDUCTION OF F <= FACTR*EPSMCH,0
1.9,2.0,2000,6,noisy,70,qlog,1.8599999999999999,1.1792335422123637,True,False,70,barrido q-log; q por deviance de bins,0
1.9,2.0,2000,6,noisy,80,pdf,1.8426573548043317,1.4549308563714773,True,False,79,CONVERGENCE: RELATIVE REDUCTION OF F <= FACTR*EPSMCH,0
1.9,2.0,2000,6,noisy,80,qlog,1.88,1.218010197317159,True,False,79,barrido q-log; q por deviance de bins,0
1.9,2.0,2000,6,noisy,90,pdf,1.8414140563284649,1.4526954575337288,True,False,90,CONVERGENCE: RELATIVE REDUCTION OF F <= FACTR*EPSMCH,0
1.9,2.0,2000,6,noisy,90,qlog,1.8599999999999999,1.1032752010157232,True,False,90,barrido q-log; q por deviance de bins,0
1.9,2.0,2000,6,noisy,100,pdf,1.84301760204949,1.4552738542065509,True,False,99,CONVERGENCE: RELATIVE REDUCTION OF F <= FACTR*EPSMCH,0
1.9,2.0,2000,6,noisy,100,qlog,1.88,1.174971115163547,True,False,99,barrido q-log; q por deviance de bins,0
1.9,2.0,2000,6,noisy,110,pdf,1.8470268986223166,1.4720833405476783,True,False,108,CONVERGENCE: RELATIVE REDUCTION OF F <= FACTR*EPSMCH,0
1.9,2.0,2000,6,noisy,110,qlog,1.88,1.1018712818186593,True,False,108,barrido q-log; q por deviance de bins,0
1.9,2.0,2000,6,noisy,120,pdf,1.8456845370929715,1.4702712688618618,True,False,119,CONVERGENCE: RELATIVE REDUCTION OF F <= FACTR*EPSMCH,0
1.9,2.0,2000,6,noisy,120,qlog,1.88,1.083777787782863,True,False,119,barrido q-log; q por deviance de bins,0
1.9,2.0,2000,6,noisy,130,pdf,1.8429822268011309,1.4576802399086084,True,False,125,CONVERGENCE: RELATIVE REDUCTION OF F <= FACTR*EPSMCH,0
1.9,2.0,2000,6,noisy,130,qlog,1.88,1.0769905642348876,True,False,125,barrido q-log; q por deviance de bins,0
1.9,2.0,2000,6,noisy,140,pdf,1.8441992312947915,1.456151768563214,True,False,136,CONVERGENCE: RELATIVE REDUCTION OF F <= FACTR*EPSMCH,0
1.9,2.0,2000,6,noisy,140,qlog,1.88,1.008327439422099,True,False,136,barrido q-log; q por deviance de bins,0
1.9,2.0,2000,6,noisy,150,pdf,1.844188217407194,1.4604622893058912,True,False,147,CONVERGENCE: RELATIVE REDUCTION OF F <= FACTR*EPSMCH,0
1.9,2.0,2000,6,noisy,150,qlog,1.88,1.0459943147503667,True,False,147,barrido q-log; q por deviance de bins,0
1.9,2.0,2000,6,noisy,160,pdf,1.840987445479014,1.4486279806251785,True,False,152,CONVERGENCE: RELATIVE REDUCTION OF F <= FACTR*EPSMCH,0
1.9,2.0,2000,6,noisy,160,qlog,1.88,1.016468533070125,True,False,152,barrido q-log; q por deviance de bins,0
1.9,2.0,2000,6,noisy,170,pdf,1.8438300200276057,1.4598029511297401,True,False,161,CONVERGENCE: RELATIVE REDUCTION OF F <= FACTR*EPSMCH,0
1.9,2.0,2000,6,noisy,170,qlog,1.9,0.9406383533522265,True,False,161,barrido q-log; q por deviance de bins,0
1.9,2.0,2000,6,noisy,180,pdf,1.8428612445517605,1.4571274509465102,True,False,169,CONVERGENCE: RELATIVE REDUCTION OF F <= FACTR*EPSMCH,0
1.9,2.0,2000,6,noisy,180,qlog,1.9,0.8918534540066447,True,False,169,barrido q-log; q por deviance de bins,0
1.9,2.0,2000,6,noisy,190,pdf,1.8427036734375961,1.4547649816545634,True,False,182,CONVERGENCE: RELATIVE REDUCTION OF F <= FACTR*EPSMCH,0
1.9,2.0,2000,6,noisy,190,qlog,1.88,0.902859431336765,True,False,182,barrido q-log; q por deviance de bins,0
1.9,2.0,2000,6,noisy,200,pdf,1.8440933998147004,1.4587634045562372,True,False,187,CONVERGENCE: RELATIVE REDUCTION OF F <= FACTR*EPSMCH,0
1.9,2.0,2000,6,noisy,200,qlog,1.9,0.947307521564362,True,False,187,barrido q-log; q por deviance de bins,0
1.9,2.0,2000,7,clean,10,pdf,1.8847730029270962,1.9036006587398184,True,False,10,CONVERGENCE: RELATIVE REDUCTION OF F <= FACTR*EPSMCH,0
1.9,2.0,2000,7,clean,10,qlog,2.4000000000000004,0.3462429418059404,True,False,10,barrido q-log; q por deviance de bins,0
1.9,2.0,2000,7,clean,20,pdf,1.9049167125479805,2.0357179448986082,True,False,20,CONVERGENCE: RELATIVE REDUCTION OF F <= FACTR*EPSMCH,0
1.9,2.0,2000,7,clean,20,qlog,2.1,1.2742165879289606,True,False,20,barrido q-log; q por deviance de bins,0
1.9,2.0,2000,7,clean,30,pdf,1.905996002744759,2.004322891792892,True,False,30,CONVERGENCE: RELATIVE REDUCTION OF F <= FACTR*EPSMCH,0
1.9,2.0,2000,7,clean,30,qlog,1.98,1.4741825694098443,True,False,30,barrido q-log; q por deviance de bins,0
1.9,2.0,2000,7,clean,40,pdf,1.9144045114908088,2.0749080415469687,True,False,40,CONVERGENCE: RELATIVE REDUCTION OF F <= FACTR*EPSMCH,0
1.9,2.0,2000,7,clean,40,qlog,1.96,1.6128873338155512,True,False,40,barrido q-log; q por deviance de bins,0
1.9,2.0,2000,7,clean,50,pdf,1.9132414425465651,2.0694899813929584,True,False,50,CONVERGENCE: RELATIVE REDUCTION OF F <= FACTR*EPSMCH,0
1.9,2.0,2000,7,clean,50,qlog,1.94,1.5910047751195557,True,False,50,barrido q-log; q por deviance de bins,0
1.9,2.0,2000,7,clean,60,pdf,1.9168640585726797,2.0922984637312387,True,False,59,CONVERGENCE: RELATIVE REDUCTION OF F <= FACTR*EPSMCH,0
1.9,2.0,2000,7,clean,60,qlog,1.96,1.6913042849737192,True,False,59,barrido q-log; q por deviance de bins,0
1.9,2.0,2000,7,clean,70,pdf,1.9149658315993712,2.0858163402797563,True,False,68,CONVERGENCE: RELATIVE REDUCTION OF F <= FACTR*EPSMCH,0
1.9,2.0,2000,7,clean,70,qlog,1.96,1.511971315922509,True,False,68,barrido q-log; q por deviance de bins,0
1.9,2.0,2000,7,clean,80,pdf,1.9162434231177996,2.089461434526814,True,False,78,CONVERGENCE: RELATIVE REDUCTION OF F <= FACTR*EPSMCH,0
1.9,2.0,2000,7,clean,80,qlog,1.94,1.5316625044465215,True,False,78,barrido q-log; q por deviance de bins,0
1.9,2.0,2000,7,clean,90,pdf,1.9121718315027463,2.0531236987898254,True,False,87,CONVERGENCE: RELATIVE REDUCTION OF F <= FACTR*EPSMCH,0
1.9,2.0,2000,7,clean,90,qlog,1.94,1.5113961315429174,True,False,87,barrido q-log; q por deviance de bins,0
1.9,2.0,2000,7,clean,100,pdf,1.9135489168885402,2.077540754140243,True,False,97,CONVERGENCE: RELATIVE REDUCTION OF F <= FACTR*EPSMCH,0
1.9,2.0,2000,7,clean,100,qlog,1.94,1.417313809193456,True,False,97,barrido q-log; q por deviance de bins,0
1.9,2.0,2000,7,clean,110,pdf,1.912884794035274,2.0632697888735225,True,False,106,CONVERGENCE: RELATIVE REDUCTION OF F <= FACTR*EPSMCH,0
1.9,2.0,2000,7,clean,110,qlog,1.96,1.4307259122825098,True,False,106,barrido q-log; q por deviance de bins,0
1.9,2.0,2000,7,clean,120,pdf,1.9139027585239405,2.0709739449976494,True,False,114,CONVERGENCE: RELATIVE REDUCTION OF F <= FACTR*EPSMCH,0
1.9,2.0,2000,7,clean,120,qlog,1.96,1.4093164256733997,True,False,114,barrido q-log; q por deviance de bins,0
1.9,2.0,2000,7,clean,130,pdf,1.916530171864129,2.0912376011890954,True,False,122,CONVERGENCE: RELATIVE REDUCTION OF F <= FACTR*EPSMCH,0
1.9,2.0,2000,7,clean,130,qlog,1.96,1.2846350904250659,True,False,122,barrido q-log; q por deviance de bins,0
1.9,2.0,2000,7,clean,140,pdf,1.9151863351462683,2.087317320341858,True,False,131,CONVERGENCE: RELATIVE REDUCTION OF F <= FACTR*EPSMCH,0
1.9,2.0,2000,7,clean,140,qlog,1.94,1.2522159643161268,True,False,131,barrido q-log; q por deviance de bins,0
1.9,2.0,2000,7,clean,150,pdf,1.9135902561711198,2.0688376400011674,True,False,142,CONVERGENCE: RELATIVE REDUCTION OF F <= FACTR*EPSMCH,0
1.9,2.0,2000,7,clean,150,qlog,1.96,1.2694728725734519,True,False,142,barrido q-log; q por deviance de bins,0
1.9,2.0,2000,7,clean,160,pdf,1.9145928220218682,2.079122404580856,True,False,148,CONVERGENCE: RELATIVE REDUCTION OF F <= FACTR*EPSMCH,0
1.9,2.0,2000,7,clean,160,qlog,1.94,1.2675115842564777,True,False,148,barrido q-log; q por deviance de bins,0
1.9,2.0,2000,7,clean,170,pdf,1.91417788490385,2.071828883478458,True,False,157,CONVERGENCE: RELATIVE REDUCTION OF F <= FACTR*EPSMCH,0
1.9,2.0,2000,7,clean,170,qlog,1.94,1.3489017612446648,True,False,157,barrido q-log; q por deviance de bins,0
1.9,2.0,2000,7,clean,180,pdf,1.9140655323362699,2.0744601539912737,True,False,163,CONVERGENCE: RELATIVE REDUCTION OF F <= FACTR*EPSMCH,0
1.9,2.0,2000,7,clean,180,qlog,1.94,1.0926589653286958,True,False,163,barrido q-log; q por deviance de bins,0
1.9,2.0,2000,7,clean,190,pdf,1.9156262684222471,2.081525848063262,True,False,173,CONVERGENCE: RELATIVE REDUCTION OF F <= FACTR*EPSMCH,0
1.9,2.0,2000,7,clean,190,qlog,1.96,1.2568217923697034,True,False,173,barrido q-log; q por deviance de bins,0
1.9,2.0,2000,7,clean,200,pdf,1.9134445237663407,2.070733773830697,True,False,182,CONVERGENCE: RELATIVE REDUCTION OF F <= FACTR*EPSMCH,0
1.9,2.0,2000,7,clean,200,qlog,1.94,1.1359849500266013,True,False,182,barrido q-log; q por deviance de bins,0
1.9,2.0,2000,7,noisy,10,pdf,1.819180913075298,1.3546582517894157,True,False,10,CONVERGENCE: RELATIVE REDUCTION OF F <= FACTR*EPSMCH,0
1.9,2.0,2000,7,noisy,10,qlog,2.38,0.21122119814406617,True,False,10,barrido q-log; q por deviance de bins,0
1.9,2.0,2000,7,noisy,20,pdf,1.8458644537943616,1.4297210554378634,True,False,20,CONVERGENCE: RELATIVE REDUCTION OF F <= FACTR*EPSMCH,0
1.9,2.0,2000,7,noisy,20,qlog,2.06,0.8428856802630043,True,False,20,barrido q-log; q por deviance de bins,0
1.9,2.0,2000,7,noisy,30,pdf,1.8589331695623443,1.4690966952800908,True,False,30,CONVERGENCE: NORM OF PROJECTED GRADIENT <= PGTOL,0
1.9,2.0,2000,7,noisy,30,qlog,1.94,1.0382583902729436,True,False,30,barrido q-log; q por deviance de bins,0
1.9,2.0,2000,7,noisy,40,pdf,1.860851578161994,1.4682207399615272,True,False,40,CONVERGENCE: RELATIVE REDUCTION OF F <= FACTR*EPSMCH,0
1.9,2.0,2000,7,noisy,40,qlog,1.92,1.1484306051206827,True,False,40,barrido q-log; q por deviance de bins,0
1.9,2.0,2000,7,noisy,50,pdf,1.8646138072206457,1.493256765586288,True,False,50,CONVERGENCE: RELATIVE REDUCTION OF F <= FACTR*EPSMCH,0
1.9,2.0,2000,7,noisy,50,qlog,1.92,1.1866264397985575,True,False,50,barrido q-log; q por deviance de bins,0
1.9,2.0,2000,7,noisy,60,pdf,1.8662627096264477,1.4978402576772043,True,False,59,CONVERGENCE: RELATIVE REDUCTION OF F <= FACTR*EPSMCH,0
1.9,2.0,2000,7,noisy,60,qlog,1.92,1.1351673609959383,True,False,59,barrido q-log; q por deviance de bins,0
1.9,2.0,2000,7,noisy,70,pdf,1.8638821736378886,1.4799747804599637,True,False,68,CONVERGENCE: RELATIVE REDUCTION OF F <= FACTR*EPSMCH,0
1.9,2.0,2000,7,noisy,70,qlog,1.94,1.1467269751832032,True,False,68,barrido q-log; q por deviance de bins,0
1.9,2.0,2000,7,noisy,80,pdf,1.8635494852658725,1.4770366729720394,True,False,79,CONVERGENCE: RELATIVE REDUCTION OF F <= FACTR*EPSMCH,0
1.9,2.0,2000,7,noisy,80,qlog,1.92,1.167226197783181,True,False,79,barrido q-log; q por deviance de bins,0
1.9,2.0,2000,7,noisy,90,pdf,1.8649024053829042,1.4876552526257256,True,False,88,CONVERGENCE: RELATIVE REDUCTION OF F <= FACTR*EPSMCH,0
1.9,2.0,2000,7,noisy,90,qlog,1.92,1.1109112931326084,True,False,88,barrido q-log; q por deviance de bins,0
1.9,2.0,2000,7,noisy,100,pdf,1.8652023659002888,1.4924208326862123,True,False,98,CONVERGENCE: RELATIVE REDUCTION OF F <= FACTR*EPSMCH,0
1.9,2.0,2000,7,noisy,100,qlog,1.92,1.1536282921417276,True,False,98,barrido q-log; q por deviance de bins,0
1.9,2.0,2000,7,noisy,110,pdf,1.8609563072871134,1.4746076281484273,True,False,107,CONVERGENCE: RELATIVE REDUCTION OF F <= FACTR*EPSMCH,0
1.9,2.0,2000,7,noisy,110,qlog,1.92,1.0610818723274484,True,False,107,barrido q-log; q por deviance de bins,0
1.9,2.0,2000,7,noisy,120,pdf,1.863396847698969,1.483220980128523,True,False,115,CONVERGENCE: RELATIVE REDUCTION OF F <= FACTR*EPSMCH,0
1.9,2.0,2000,7,noisy,120,qlog,1.94,1.0584257007870619,True,False,115,barrido q-log; q por deviance de bins,0
1.9,2.0,2000,7,noisy,130,pdf,1.8664090843949352,1.4924118119131538,True,False,126,CONVERGENCE: RELATIVE REDUCTION OF F <= FACTR*EPSMCH,0
1.9,2.0,2000,7,noisy,130,qlog,1.94,1.0257340970156636,True,False,126,barrido q-log; q por deviance de bins,0
1.9,2.0,2000,7,noisy,140,pdf,1.86638309674602,1.4932413040429653,True,False,133,CONVERGENCE: RELATIVE REDUCTION OF F <= FACTR*EPSMCH,0
1.9,2.0,2000,7,noisy,140,qlog,1.92,0.9931644684677982,True,False,133,barrido q-log; q por deviance de bins,0
1.9,2.0,2000,7,noisy,150,pdf,1.86594266919802,1.4929657218990682,True,False,144,CONVERGENCE: RELATIVE REDUCTION OF F <= FACTR*EPSMCH,0
1.9,2.0,2000,7,noisy,150,qlog,1.94,1.0161525627728398,True,False,144,barrido q-log; q por deviance de bins,0
1.9,2.0,2000,7,noisy,160,pdf,1.8623358787965967,1.4771597639509508,True,False,151,CONVERGENCE: RELATIVE REDUCTION OF F <= FACTR*EPSMCH,0
1.9,2.0,2000,7,noisy,160,qlog,1.9,0.9268624755131061,True,False,151,barrido q-log; q por deviance de bins,0
1.9,2.0,2000,7,noisy,170,pdf,1.8661212896829078,1.4941783425702855,True,False,161,CONVERGENCE: RELATIVE REDUCTION OF F <= FACTR*EPSMCH,0
1.9,2.0,2000,7,noisy,170,qlog,1.9,0.9473211868546957,True,False,161,barrido q-log; q por deviance de bins,0
1.9,2.0,2000,7,noisy,180,pdf,1.864622484994271,1.4867432027450491,True,False,168,CONVERGENCE: RELATIVE REDUCTION OF F <= FACTR*EPSMCH,0
1.9,2.0,2000,7,noisy,180,qlog,1.92,0.8752301350651274,True,False,168,barrido q-log; q por deviance de bins,0
1.9,2.0,2000,7,noisy,190,pdf,1.8652590893260124,1.488718783587088,True,False,178,CONVERGENCE: RELATIVE REDUCTION OF F <= FACTR*EPSMCH,0
1.9,2.0,2000,7,noisy,190,qlog,1.92,0.9065617138227012,True,False,178,barrido q-log; q por deviance de bins,0
1.9,2.0,2000,7,noisy,200,pdf,1.8653987831279972,1.4925002029979604,True,False,189,CONVERGENCE: RELATIVE REDUCTION OF F <= FACTR*EPSMCH,0
1.9,2.0,2000,7,noisy,200,qlog,1.92,0.8916782289262379,True,False,189,barrido q-log; q por deviance de bins,0
1.9,2.0,2000,8,clean,10,pdf,1.9371810698120417,2.32644222174528,True,False,10,CONVERGENCE: RELATIVE REDUCTION OF F <= FACTR*EPSMCH,0
1.9,2.0,2000,8,clean,10,qlog,2.4000000000000004,0.7415777873539866,True,False,10,barrido q-log; q por deviance de bins,0
1.9,2.0,2000,8,clean,20,pdf,1.9235313462098316,2.231577482449092,True,False,20,CONVERGENCE: RELATIVE REDUCTION OF F <= FACTR*EPSMCH,0
1.9,2.0,2000,8,clean,20,qlog,2.08,1.428058786876531,True,False,20,barrido q-log; q por deviance de bins,0
1.9,2.0,2000,8,clean,30,pdf,1.93443829804741,2.3057474678998746,True,False,30,CONVERGENCE: NORM OF PROJECTED GRADIENT <= PGTOL,0
1.9,2.0,2000,8,clean,30,qlog,1.98,1.6844074415804602,True,False,30,barrido q-log; q por deviance de bins,0
1.9,2.0,2000,8,clean,40,pdf,1.9304066443225316,2.252088291370691,True,False,40,CONVERGENCE: RELATIVE REDUCTION OF F <= FACTR*EPSMCH,0
1.9,2.0,2000,8,clean,40,qlog,1.96,1.6920777720097928,True,False,40,barrido q-log; q por deviance de bins,0
1.9,2.0,2000,8,clean,50,pdf,1.9298467667377708,2.2407059059384498,True,False,49,CONVERGENCE: RELATIVE REDUCTION OF F <= FACTR*EPSMCH,0
1.9,2.0,2000,8,clean,50,qlog,1.94,1.6259027291742678,True,False,49,barrido q-log; q por deviance de bins,0
1.9,2.0,2000,8,clean,60,pdf,1.92660162085367,2.245607777181223,True,False,59,CONVERGENCE: RELATIVE REDUCTION OF F <= FACTR*EPSMCH,0
1.9,2.0,2000,8,clean,60,qlog,1.94,1.6906816268113143,True,False,59,barrido q-log; q por deviance de bins,0
1.9,2.0,2000,8,clean,70,pdf,1.9259869830814864,2.2450453062594176,True,False,69,CONVERGENCE: RELATIVE REDUCTION OF F <= FACTR*EPSMCH,0
1.9,2.0,2000,8,clean,70,qlog,1.94,1.631987459641906,True,False,69,barrido q-log; q por deviance de bins,0
1.9,2.0,2000,8,clean,80,pdf,1.9250855794541533,2.232620019488888,True,False,78,CONVERGENCE: RELATIVE REDUCTION OF F <= FACTR*EPSMCH,0
1.9,2.0,2000,8,clean,80,qlog,1.94,1.519692588609293,True,False,78,barrido q-log; q por deviance de bins,0
1.9,2.0,2000,8,clean,90,pdf,1.927913274207762,2.254197777810707,True,False,87,CONVERGENCE: RELATIVE REDUCTION OF F <= FACTR*EPSMCH,0
1.9,2.0,2000,8,clean,90,qlog,1.94,1.6087144554624817,True,False,87,barrido q-log; q por deviance de bins,0
1.9,2.0,2000,8,clean,100,pdf,1.9260381865880236,2.2402598579379487,True,False,95,CONVERGENCE: RELATIVE REDUCTION OF F <= FACTR*EPSMCH,0
1.9,2.0,2000,8,clean,100,qlog,1.94,1.4541660342628915,True,False,95,barrido q-log; q por deviance de bins,0
1.9,2.0,2000,8,clean,110,pdf,1.926646297654119,2.2445354174310195,True,False,106,CONVERGENCE: RELATIVE REDUCTION OF F <= FACTR*EPSMCH,0
1.9,2.0,2000,8,clean,110,qlog,1.94,1.4711453030019424,True,False,106,barrido q-log; q por deviance de bins,0
1.9,2.0,2000,8,clean,120,pdf,1.9249033411572631,2.230993357795019,True,False,115,CONVERGENCE: RELATIVE REDUCTION OF F <= FACTR*EPSMCH,0
1.9,2.0,2000,8,clean,120,qlog,1.92,1.4134326886594368,True,False,115,barrido q-log; q por deviance de bins,0
1.9,2.0,2000,8,clean,130,pdf,1.925743917899106,2.2419493712128267,True,False,124,CONVERGENCE: RELATIVE REDUCTION OF F <= FACTR*EPSMCH,0
1.9,2.0,2000,8,clean,130,qlog,1.92,1.3767449059743762,True,False,124,barrido q-log; q por deviance de bins,0
1.9,2.0,2000,8,clean,140,pdf,1.9240167903809022,2.232323306698814,True,False,133,CONVERGENCE: RELATIVE REDUCTION OF F <= FACTR*EPSMCH,0
1.9,2.0,2000,8,clean,140,qlog,1.92,1.3223360629732916,True,False,133,barrido q-log; q por deviance de bins,0
1.9,2.0,2000,8,clean,150,pdf,1.9261205078592551,2.236440009126726,True,False,141,CONVERGENCE: RELATIVE REDUCTION OF F <= FACTR*EPSMCH,0
1.9,2.0,2000,8,clean,150,qlog,1.92,1.2253458128212091,True,False,141,barrido q-log; q por deviance de bins,0
1.9,2.0,2000,8,clean,160,pdf,1.9268341281210868,2.2479319358173284,True,False,151,CONVERGENCE: RELATIVE REDUCTION OF F <= FACTR*EPSMCH,0
1.9,2.0,2000,8,clean,160,qlog,1.92,1.1251058675237662,True,False,151,barrido q-log; q por deviance de bins,0
1.9,2.0,2000,8,clean,170,pdf,1.9237421732312139,2.2192946937875946,True,False,159,CONVERGENCE: RELATIVE REDUCTION OF F <= FACTR*EPSMCH,0
1.9,2.0,2000,8,clean,170,qlog,1.92,1.2116165291468963,True,False,159,barrido q-log; q por deviance de bins,0
1.9,2.0,2000,8,clean,180,pdf,1.9262547618407115,2.240565398297304,True,False,167,CONVERGENCE: RELATIVE REDUCTION OF F <= FACTR*EPSMCH,0
1.9,2.0,2000,8,clean,180,qlog,1.92,1.207858744511964,True,False,167,barrido q-log; q por deviance de bins,0
1.9,2.0,2000,8,clean,190,pdf,1.9244081871369272,2.227999509588725,True,False,175,CONVERGENCE: RELATIVE REDUCTION OF F <= FACTR*EPSMCH,0
1.9,2.0,2000,8,clean,190,qlog,1.92,1.1145521029900218,True,False,175,barrido q-log; q por deviance de bins,0
1.9,2.0,2000,8,clean,200,pdf,1.9254157413767032,2.2367225068349827,True,False,183,CONVERGENCE: RELATIVE REDUCTION OF F <= FACTR*EPSMCH,0
1.9,2.0,2000,8,clean,200,qlog,1.92,1.0599925157747907,True,False,183,barrido q-log; q por deviance de bins,0
1.9,2.0,2000,8,noisy,10,pdf,1.8628755187418844,1.4977164958898648,True,False,10,CONVERGENCE: RELATIVE REDUCTION OF F <= FACTR*EPSMCH,0
1.9,2.0,2000,8,noisy,10,qlog,2.3600000000000003,0.4232541307262038,True,False,10,barrido q-log; q por deviance de bins,0
1.9,2.0,2000,8,noisy,20,pdf,1.8666655493432673,1.5335617283502894,True,False,20,CONVERGENCE: NORM OF PROJECTED GRADIENT <= PGTOL,0
1.9,2.0,2000,8,noisy,20,qlog,2.04,0.9563841051817303,True,False,20,barrido q-log; q por deviance de bins,0
1.9,2.0,2000,8,noisy,30,pdf,1.8835999008143423,1.5937317698986389,True,False,30,CONVERGENCE: RELATIVE REDUCTION OF F <= FACTR*EPSMCH,0
1.9,2.0,2000,8,noisy,30,qlog,1.94,1.126442648455113,True,False,30,barrido q-log; q por deviance de bins,0
1.9,2.0,2000,8,noisy,40,pdf,1.8848871049997555,1.6039169674914462,True,False,40,CONVERGENCE: RELATIVE REDUCTION OF F <= FACTR*EPSMCH,0
1.9,2.0,2000,8,noisy,40,qlog,1.92,1.201861233131706,True,False,40,barrido q-log; q por deviance de bins,0
1.9,2.0,2000,8,noisy,50,pdf,1.8812321701082955,1.5858865296995974,True,False,49,CONVERGENCE: RELATIVE REDUCTION OF F <= FACTR*EPSMCH,0
1.9,2.0,2000,8,noisy,50,qlog,1.9,1.174413855037084,True,False,49,barrido q-log; q por deviance de bins,0
1.9,2.0,2000,8,noisy,60,pdf,1.8777858889918102,1.575250085406621,True,False,59,CONVERGENCE: RELATIVE REDUCTION OF F <= FACTR*EPSMCH,0
1.9,2.0,2000,8,noisy,60,qlog,1.9,1.158570201707205,True,False,59,barrido q-log; q por deviance de bins,0
1.9,2.0,2000,8,noisy,70,pdf,1.878142394602539,1.583250850971107,True,False,69,CONVERGENCE: RELATIVE REDUCTION OF F <= FACTR*EPSMCH,0
1.9,2.0,2000,8,noisy,70,qlog,1.9,1.2072552554570113,True,False,69,barrido q-log; q por deviance de bins,0
1.9,2.0,2000,8,noisy,80,pdf,1.876071556051359,1.5684998704001183,True,False,78,CONVERGENCE: RELATIVE REDUCTION OF F <= FACTR*EPSMCH,0
1.9,2.0,2000,8,noisy,80,qlog,1.9,1.1099014587860685,True,False,78,barrido q-log; q por deviance de bins,0
1.9,2.0,2000,8,noisy,90,pdf,1.8835076647986697,1.6055413260426208,True,False,87,CONVERGENCE: RELATIVE REDUCTION OF F <= FACTR*EPSMCH,0
1.9,2.0,2000,8,noisy,90,qlog,1.9,1.151302728982013,True,False,87,barrido q-log; q por deviance de bins,0
1.9,2.0,2000,8,noisy,100,pdf,1.8791119190535712,1.580567976959898,True,False,95,CONVERGENCE: RELATIVE REDUCTION OF F <= FACTR*EPSMCH,0
1.9,2.0,2000,8,noisy,100,qlog,1.9,1.1043472115509179,True,False,95,barrido q-log; q por deviance de bins,0
1.9,2.0,2000,8,noisy,110,pdf,1.8784194817322226,1.5813080721900832,True,False,106,CONVERGENCE: RELATIVE REDUCTION OF F <= FACTR*EPSMCH,0
1.9,2.0,2000,8,noisy,110,qlog,1.9,1.0876111952453231,True,False,106,barrido q-log; q por deviance de bins,0
1.9,2.0,2000,8,noisy,120,pdf,1.8787269570873093,1.5815507594332148,True,False,116,CONVERGENCE: RELATIVE REDUCTION OF F <= FACTR*EPSMCH,0
1.9,2.0,2000,8,noisy,120,qlog,1.88,1.0320653314283346,True,False,116,barrido q-log; q por deviance de bins,0
1.9,2.0,2000,8,noisy,130,pdf,1.8762017068821863,1.5674384207298406,True,False,123,CONVERGENCE: RELATIVE REDUCTION OF F <= FACTR*EPSMCH,0
1.9,2.0,2000,8,noisy,130,qlog,1.88,0.9910151609473853,True,False,123,barrido q-log; q por deviance de bins,0
1.9,2.0,2000,8,noisy,140,pdf,1.8782170706179147,1.579697691524377,True,False,134,CONVERGENCE: RELATIVE REDUCTION OF F <= FACTR*EPSMCH,0
1.9,2.0,2000,8,noisy,140,qlog,1.88,0.9824796297247221,True,False,134,barrido q-log; q por deviance de bins,0
1.9,2.0,2000,8,noisy,150,pdf,1.8777856844492244,1.5760046568767763,True,False,141,CONVERGENCE: RELATIVE REDUCTION OF F <= FACTR*EPSMCH,0
1.9,2.0,2000,8,noisy,150,qlog,1.88,0.9173641273668023,True,False,141,barrido q-log; q por deviance de bins,0
1.9,2.0,2000,8,noisy,160,pdf,1.879406785912091,1.5827100201916884,True,False,151,CONVERGENCE: RELATIVE REDUCTION OF F <= FACTR*EPSMCH,0
1.9,2.0,2000,8,noisy,160,qlog,1.9,0.96036308819826,True,False,151,barrido q-log; q por deviance de bins,0
1.9,2.0,2000,8,noisy,170,pdf,1.8774448650239401,1.573888717927066,True,False,159,CONVERGENCE: RELATIVE REDUCTION OF F <= FACTR*EPSMCH,0
1.9,2.0,2000,8,noisy,170,qlog,1.88,0.9362498179742359,True,False,159,barrido q-log; q por deviance de bins,0
1.9,2.0,2000,8,noisy,180,pdf,1.8800361261780134,1.5876932930203493,True,False,168,CONVERGENCE: RELATIVE REDUCTION OF F <= FACTR*EPSMCH,0
1.9,2.0,2000,8,noisy,180,qlog,1.9,0.9725262748077818,True,False,168,barrido q-log; q por deviance de bins,0
1.9,2.0,2000,8,noisy,190,pdf,1.8809959220477637,1.5934503965136113,True,False,176,CONVERGENCE: RELATIVE REDUCTION OF F <= FACTR*EPSMCH,0
1.9,2.0,2000,8,noisy,190,qlog,1.9,0.9563085461474047,True,False,176,barrido q-log; q por deviance de bins,0
1.9,2.0,2000,8,noisy,200,pdf,1.8783818349944876,1.5788861007456454,True,False,186,CONVERGENCE: RELATIVE REDUCTION OF F <= FACTR*EPSMCH,0
1.9,2.0,2000,8,noisy,200,qlog,1.9,0.9119081159930418,True,False,186,barrido q-log; q por deviance de bins,0
1.9,2.0,2000,9,clean,10,pdf,1.8887004928927498,1.9234876541946968,True,False,10,CONVERGENCE: RELATIVE REDUCTION OF F <= FACTR*EPSMCH,0
1.9,2.0,2000,9,clean,10,qlog,2.38,0.5906006728492289,True,False,10,barrido q-log; q por deviance de bins,0
1.9,2.0,2000,9,clean,20,pdf,1.884072188985153,1.8862885176256214,True,False,20,CONVERGENCE: RELATIVE REDUCTION OF F <= FACTR*EPSMCH,0
1.9,2.0,2000,9,clean,20,qlog,2.06,1.2475251688709172,True,False,20,barrido q-log; q por deviance de bins,0
1.9,2.0,2000,9,clean,30,pdf,1.8872613644532075,1.9082185800912954,True,False,30,CONVERGENCE: RELATIVE REDUCTION OF F <= FACTR*EPSMCH,0
1.9,2.0,2000,9,clean,30,qlog,1.94,1.4023252331599503,True,False,30,barrido q-log; q por deviance de bins,0
1.9,2.0,2000,9,clean,40,pdf,1.8858783652353324,1.895781597280686,True,False,40,CONVERGENCE: RELATIVE REDUCTION OF F <= FACTR*EPSMCH,0
1.9,2.0,2000,9,clean,40,qlog,1.9,1.454271552059472,True,False,40,barrido q-log; q por deviance de bins,0
1.9,2.0,2000,9,clean,50,pdf,1.8936443240831946,1.9453680384670675,True,False,50,CONVERGENCE: RELATIVE REDUCTION OF F <= FACTR*EPSMCH,0
1.9,2.0,2000,9,clean,50,qlog,1.92,1.581441127282564,True,False,50,barrido q-log; q por deviance de bins,0
1.9,2.0,2000,9,clean,60,pdf,1.8928907758749598,1.9397446466849644,True,False,58,CONVERGENCE: NORM OF PROJECTED GRADIENT <= PGTOL,0
1.9,2.0,2000,9,clean,60,qlog,1.9,1.5596159423583587,True,False,58,barrido q-log; q por deviance de bins,0
1.9,2.0,2000,9,clean,70,pdf,1.885271467425213,1.8951727781720524,True,False,67,CONVERGENCE: RELATIVE REDUCTION OF F <= FACTR*EPSMCH,0
1.9,2.0,2000,9,clean,70,qlog,1.9,1.5221853565358603,True,False,67,barrido q-log; q por deviance de bins,0
1.9,2.0,2000,9,clean,80,pdf,1.8861311356453185,1.8992256353464434,True,False,76,CONVERGENCE: RELATIVE REDUCTION OF F <= FACTR*EPSMCH,0
1.9,2.0,2000,9,clean,80,qlog,1.9,1.4753704424912282,True,False,76,barrido q-log; q por deviance de bins,0
1.9,2.0,2000,9,clean,90,pdf,1.887941871932826,1.914591066661476,True,False,86,CONVERGENCE: RELATIVE REDUCTION OF F <= FACTR*EPSMCH,0
1.9,2.0,2000,9,clean,90,qlog,1.9,1.4112759556942331,True,False,86,barrido q-log; q por deviance de bins,0
1.9,2.0,2000,9,clean,100,pdf,1.8890717978751619,1.9253274953892172,True,False,96,CONVERGENCE: RELATIVE REDUCTION OF F <= FACTR*EPSMCH,0
1.9,2.0,2000,9,clean,100,qlog,1.9,1.3518573913787255,True,False,96,barrido q-log; q por deviance de bins,0
1.9,2.0,2000,9,clean,110,pdf,1.8867899716814138,1.9040853647309581,True,False,103,CONVERGENCE: RELATIVE REDUCTION OF F <= FACTR*EPSMCH,0
1.9,2.0,2000,9,clean,110,qlog,1.9,1.2345925547717063,True,False,103,barrido q-log; q por deviance de bins,0
1.9,2.0,2000,9,clean,120,pdf,1.8898890930354066,1.9198702037967676,True,False,113,CONVERGENCE: RELATIVE REDUCTION OF F <= FACTR*EPSMCH,0
1.9,2.0,2000,9,clean,120,qlog,1.92,1.3516157807249465,True,False,113,barrido q-log; q por deviance de bins,0
1.9,2.0,2000,9,clean,130,pdf,1.8921756316720848,1.9362744659368252,True,False,123,CONVERGENCE: RELATIVE REDUCTION OF F <= FACTR*EPSMCH,0
1.9,2.0,2000,9,clean,130,qlog,1.92,1.3368003141114257,True,False,123,barrido q-log; q por deviance de bins,0
1.9,2.0,2000,9,clean,140,pdf,1.8902862425266787,1.91943723875533,True,False,131,CONVERGENCE: RELATIVE REDUCTION OF F <= FACTR*EPSMCH,0
1.9,2.0,2000,9,clean,140,qlog,1.9,1.3066871989474014,True,False,131,barrido q-log; q por deviance de bins,0
1.9,2.0,2000,9,clean,150,pdf,1.8926323892277441,1.9374319282348207,True,False,140,CONVERGENCE: RELATIVE REDUCTION OF F <= FACTR*EPSMCH,0
1.9,2.0,2000,9,clean,150,qlog,1.9,1.2407088616153499,True,False,140,barrido q-log; q por deviance de bins,0
1.9,2.0,2000,9,clean,160,pdf,1.8906594601068023,1.9232704041331814,True,False,149,CONVERGENCE: RELATIVE REDUCTION OF F <= FACTR*EPSMCH,0
1.9,2.0,2000,9,clean,160,qlog,1.9,1.2566169100124973,True,False,149,barrido q-log; q por deviance de bins,0
1.9,2.0,2000,9,clean,170,pdf,1.8906061536509438,1.9256189923240692,True,False,155,CONVERGENCE: RELATIVE REDUCTION OF F <= FACTR*EPSMCH,0
1.9,2.0,2000,9,clean,170,qlog,1.9,1.1730172038573001,True,False,155,barrido q-log; q por deviance de bins,0
1.9,2.0,2000,9,clean,180,pdf,1.8907848944436931,1.9301310278970951,True,False,165,CONVERGENCE: RELATIVE REDUCTION OF F <= FACTR*EPSMCH,0
1.9,2.0,2000,9,clean,180,qlog,1.9,1.1927178934555507,True,False,165,barrido q-log; q por deviance de bins,0
1.9,2.0,2000,9,clean,190,pdf,1.8877285720578398,1.9114973294975612,True,False,174,CONVERGENCE: RELATIVE REDUCTION OF F <= FACTR*EPSMCH,0
1.9,2.0,2000,9,clean,190,qlog,1.9,1.153695446454473,True,False,174,barrido q-log; q por deviance de bins,0
1.9,2.0,2000,9,clean,200,pdf,1.8890009297849966,1.9214233324074634,True,False,180,CONVERGENCE: RELATIVE REDUCTION OF F <= FACTR*EPSMCH,0
1.9,2.0,2000,9,clean,200,qlog,1.9,1.0116300092901331,True,False,180,barrido q-log; q por deviance de bins,0
1.9,2.0,2000,9,noisy,10,pdf,1.7839376126683193,1.1993469010054565,True,False,10,CONVERGENCE: NORM OF PROJECTED GRADIENT <= PGTOL,0
1.9,2.0,2000,9,noisy,10,qlog,2.3200000000000003,0.2853935165612246,True,False,10,barrido q-log; q por deviance de bins,0
1.9,2.0,2000,9,noisy,20,pdf,1.8172605559441044,1.313958234318912,True,False,20,CONVERGENCE: RELATIVE REDUCTION OF F <= FACTR*EPSMCH,0
1.9,2.0,2000,9,noisy,20,qlog,2.02,0.8985378058753328,True,False,20,barrido q-log; q por deviance de bins,0
1.9,2.0,2000,9,noisy,30,pdf,1.8233278006994853,1.3165161143102024,True,False,30,CONVERGENCE: RELATIVE REDUCTION OF F <= FACTR*EPSMCH,0
1.9,2.0,2000,9,noisy,30,qlog,1.9,1.0193013876646997,True,False,30,barrido q-log; q por deviance de bins,0
1.9,2.0,2000,9,noisy,40,pdf,1.8293570155413803,1.3366215483268309,True,False,40,CONVERGENCE: RELATIVE REDUCTION OF F <= FACTR*EPSMCH,0
1.9,2.0,2000,9,noisy,40,qlog,1.8599999999999999,1.0726928994016391,True,False,40,barrido q-log; q por deviance de bins,0
1.9,2.0,2000,9,noisy,50,pdf,1.8307193031148,1.3375179087251297,True,False,50,CONVERGENCE: RELATIVE REDUCTION OF F <= FACTR*EPSMCH,0
1.9,2.0,2000,9,noisy,50,qlog,1.8599999999999999,1.1103916147216422,True,False,50,barrido q-log; q por deviance de bins,0
1.9,2.0,2000,9,noisy,60,pdf,1.8346349294164042,1.354357862331724,True,False,58,CONVERGENCE: RELATIVE REDUCTION OF F <= FACTR*EPSMCH,0
1.9,2.0,2000,9,noisy,60,qlog,1.8599999999999999,1.1083275412774365,True,False,58,barrido q-log; q por deviance de bins,0
1.9,2.0,2000,9,noisy,70,pdf,1.8262177526841592,1.3284679600248337,True,False,68,CONVERGENCE: RELATIVE REDUCTION OF F <= FACTR*EPSMCH,0
1.9,2.0,2000,9,noisy,70,qlog,1.8599999999999999,1.0822104842274842,True,False,68,barrido q-log; q por deviance de bins,0
1.9,2.0,2000,9,noisy,80,pdf,1.8299633647753097,1.3381131455496678,True,False,78,CONVERGENCE: RELATIVE REDUCTION OF F <= FACTR*EPSMCH,0
1.9,2.0,2000,9,noisy,80,qlog,1.8599999999999999,1.070010238717836,True,False,78,barrido q-log; q por deviance de bins,0
1.9,2.0,2000,9,noisy,90,pdf,1.8308549355556931,1.3407017669384247,True,False,87,CONVERGENCE: NORM OF PROJECTED GRADIENT <= PGTOL,0
1.9,2.0,2000,9,noisy,90,qlog,1.88,1.0769260516019568,True,False,87,barrido q-log; q por deviance de bins,0
1.9,2.0,2000,9,noisy,100,pdf,1.835014587827406,1.357173884325423,True,False,97,CONVERGENCE: RELATIVE REDUCTION OF F <= FACTR*EPSMCH,0
1.9,2.0,2000,9,noisy,100,qlog,1.88,1.0493806352205113,True,False,97,barrido q-log; q por deviance de bins,0
1.9,2.0,2000,9,noisy,110,pdf,1.8312616767396777,1.3417679504303954,True,False,105,CONVERGENCE: RELATIVE REDUCTION OF F <= FACTR*EPSMCH,0
1.9,2.0,2000,9,noisy,110,qlog,1.88,0.9924354866518514,True,False,105,barrido q-log; q por deviance de bins,0
1.9,2.0,2000,9,noisy,120,pdf,1.8332575914731977,1.348520134843181,True,False,115,CONVERGENCE: RELATIVE REDUCTION OF F <= FACTR*EPSMCH,0
1.9,2.0,2000,9,noisy,120,qlog,1.88,0.9593365851771626,True,False,115,barrido q-log; q por deviance de bins,0
1.9,2.0,2000,9,noisy,130,pdf,1.8301816765514547,1.3381706980645562,True,False,125,CONVERGENCE: RELATIVE REDUCTION OF F <= FACTR*EPSMCH,0
1.9,2.0,2000,9,noisy,130,qlog,1.88,0.8981495904984188,True,False,125,barrido q-log; q por deviance de bins,0
1.9,2.0,2000,9,noisy,140,pdf,1.8314522649726206,1.343320542584501,True,False,133,CONVERGENCE: RELATIVE REDUCTION OF F <= FACTR*EPSMCH,0
1.9,2.0,2000,9,noisy,140,qlog,1.8599999999999999,0.9374367303460899,True,False,133,barrido q-log; q por deviance de bins,0
1.9,2.0,2000,9,noisy,150,pdf,1.8310251263045099,1.3393823395472182,True,False,142,CONVERGENCE: RELATIVE REDUCTION OF F <= FACTR*EPSMCH,0
1.9,2.0,2000,9,noisy,150,qlog,1.8599999999999999,0.9925161371260732,True,False,142,barrido q-log; q por deviance de bins,0
1.9,2.0,2000,9,noisy,160,pdf,1.8331036412267085,1.3482711081592786,True,False,150,CONVERGENCE: RELATIVE REDUCTION OF F <= FACTR*EPSMCH,0
1.9,2.0,2000,9,noisy,160,qlog,1.8599999999999999,0.8886481292230227,True,False,150,barrido q-log; q por deviance de bins,0
1.9,2.0,2000,9,noisy,170,pdf,1.8322794206792659,1.3447656756705324,True,False,159,CONVERGENCE: RELATIVE REDUCTION OF F <= FACTR*EPSMCH,0
1.9,2.0,2000,9,noisy,170,qlog,1.8599999999999999,0.8369519576038159,True,False,159,barrido q-log; q por deviance de bins,0
1.9,2.0,2000,9,noisy,180,pdf,1.8345003418433272,1.3536285682141653,True,False,167,CONVERGENCE: RELATIVE REDUCTION OF F <= FACTR*EPSMCH,0
1.9,2.0,2000,9,noisy,180,qlog,1.8599999999999999,0.8970325535147524,True,False,167,barrido q-log; q por deviance de bins,0
1.9,2.0,2000,9,noisy,190,pdf,1.832697323812916,1.3446208162057187,True,False,176,CONVERGENCE: RELATIVE REDUCTION OF F <= FACTR*EPSMCH,0
1.9,2.0,2000,9,noisy,190,qlog,1.8599999999999999,0.8500588726169415,True,False,176,barrido q-log; q por deviance de bins,0
1.9,2.0,2000,9,noisy,200,pdf,1.8350775697601314,1.3521558265048839,True,False,184,CONVERGENCE: RELATIVE REDUCTION OF F <= FACTR*EPSMCH,0
1.9,2.0,2000,9,noisy,200,qlog,1.88,0.8784120428822213,True,False,184,barrido q-log; q por deviance de bins,0
1.9,5.0,2000,0,clean,10,pdf,1.89447643217236,5.266678869298331,True,False,10,CONVERGENCE: RELATIVE REDUCTION OF F <= FACTR*EPSMCH,0
1.9,5.0,2000,0,clean,10,qlog,2.4000000000000004,1.034432506786804,True,False,10,barrido q-log; q por deviance de bins,0
1.9,5.0,2000,0,clean,20,pdf,1.8913845940299692,5.138336321079938,True,False,20,CONVERGENCE: RELATIVE REDUCTION OF F <= FACTR*EPSMCH,0
1.9,5.0,2000,0,clean,20,qlog,2.1,3.139013920174683,True,False,20,barrido q-log; q por deviance de bins,0
1.9,5.0,2000,0,clean,30,pdf,1.8962171989590604,5.193567276629973,True,False,30,CONVERGENCE: RELATIVE REDUCTION OF F <= FACTR*EPSMCH,0
1.9,5.0,2000,0,clean,30,qlog,1.96,3.576608321844204,True,False,30,barrido q-log; q por deviance de bins,0
1.9,5.0,2000,0,clean,40,pdf,1.8934786770127958,5.136448485109765,True,False,40,CONVERGENCE: RELATIVE REDUCTION OF F <= FACTR*EPSMCH,0
1.9,5.0,2000,0,clean,40,qlog,1.94,3.9043541713227023,True,False,40,barrido q-log; q por deviance de bins,0
1.9,5.0,2000,0,clean,50,pdf,1.8975288072499645,5.24352299103072,True,False,49,CONVERGENCE: RELATIVE REDUCTION OF F <= FACTR*EPSMCH,0
1.9,5.0,2000,0,clean,50,qlog,1.92,4.02000251471149,True,False,49,barrido q-log; q por deviance de bins,0
1.9,5.0,2000,0,clean,60,pdf,1.8928032907355012,5.13924224674376,True,False,59,CONVERGENCE: RELATIVE REDUCTION OF F <= FACTR*EPSMCH,0
1.9,5.0,2000,0,clean,60,qlog,1.9,3.9270240657144444,True,False,59,barrido q-log; q por deviance de bins,0
1.9,5.0,2000,0,clean,70,pdf,1.8887238352832494,5.109312789855351,True,False,69,CONVERGENCE: RELATIVE REDUCTION OF F <= FACTR*EPSMCH,0
1.9,5.0,2000,0,clean,70,qlog,1.9,3.973879884716508,True,False,69,barrido q-log; q por deviance de bins,0
1.9,5.0,2000,0,clean,80,pdf,1.8967297477805882,5.207571395544201,True,False,78,CONVERGENCE: RELATIVE REDUCTION OF F <= FACTR*EPSMCH,0
1.9,5.0,2000,0,clean,80,qlog,1.92,3.973384143849403,True,False,78,barrido q-log; q por deviance de bins,0
1.9,5.0,2000,0,clean,90,pdf,1.8927167390660846,5.118611748675582,True,False,88,CONVERGENCE: RELATIVE REDUCTION OF F <= FACTR*EPSMCH,0
1.9,5.0,2000,0,clean,90,qlog,1.9,3.742510425671229,True,False,88,barrido q-log; q por deviance de bins,0
1.9,5.0,2000,0,clean,100,pdf,1.8940547863901562,5.167723136957039,True,False,96,CONVERGENCE: RELATIVE REDUCTION OF F <= FACTR*EPSMCH,0
1.9,5.0,2000,0,clean,100,qlog,1.9,3.6207515001186863,True,False,96,barrido q-log; q por deviance de bins,0
1.9,5.0,2000,0,clean,110,pdf,1.8930202474419928,5.139944312577867,True,False,105,CONVERGENCE: RELATIVE REDUCTION OF F <= FACTR*EPSMCH,0
1.9,5.0,2000,0,clean,110,qlog,1.9,3.556202132238589,True,False,105,barrido q-log; q por deviance de bins,0
1.9,5.0,2000,0,clean,120,pdf,1.8938208426822574,5.158473868851409,True,False,112,CONVERGENCE: RELATIVE REDUCTION OF F <= FACTR*EPSMCH,0
1.9,5.0,2000,0,clean,120,qlog,1.92,3.6568381786264523,True,False,112,barrido q-log; q por deviance de bins,0
1.9,5.0,2000,0,clean,130,pdf,1.8924356953057693,5.14105350389377,True,False,121,CONVERGENCE: RELATIVE REDUCTION OF F <= FACTR*EPSMCH,0
1.9,5.0,2000,0,clean,130,qlog,1.92,3.4521402157391434,True,False,121,barrido q-log; q por deviance de bins,0
1.9,5.0,2000,0,clean,140,pdf,1.8937681226917562,5.1588822985178595,True,False,130,CONVERGENCE: RELATIVE REDUCTION OF F <= FACTR*EPSMCH,0
1.9,5.0,2000,0,clean,140,qlog,1.92,3.4348987003648976,True,False,130,barrido q-log; q por deviance de bins,0
1.9,5.0,2000,0,clean,150,pdf,1.89522110635136,5.1853151879278165,True,False,136,CONVERGENCE: RELATIVE REDUCTION OF F <= FACTR*EPSMCH,0
1.9,5.0,2000,0,clean,150,qlog,1.92,3.148875169259304,True,False,136,barrido q-log; q por deviance de bins,0
1.9,5.0,2000,0,clean,160,pdf,1.8935721970280497,5.136475540307261,True,False,146,CONVERGENCE: RELATIVE REDUCTION OF F <= FACTR*EPSMCH,0
1.9,5.0,2000,0,clean,160,qlog,1.92,3.1730243970888927,True,False,146,barrido q-log; q por deviance de bins,0
1.9,5.0,2000,0,clean,170,pdf,1.893099643175632,5.1418284389015385,True,False,154,CONVERGENCE: RELATIVE REDUCTION OF F <= FACTR*EPSMCH,0
1.9,5.0,2000,0,clean,170,qlog,1.92,2.9927954465422544,True,False,154,barrido q-log; q por deviance de bins,0
1.9,5.0,2000,0,clean,180,pdf,1.8947447205718564,5.157955144967475,True,False,163,CONVERGENCE: RELATIVE REDUCTION OF F <= FACTR*EPSMCH,0
1.9,5.0,2000,0,clean,180,qlog,1.92,2.91388724039904,True,False,163,barrido q-log; q por deviance de bins,0
1.9,5.0,2000,0,clean,190,pdf,1.8938455697810066,5.159458095490242,True,False,169,CONVERGENCE: RELATIVE REDUCTION OF F <= FACTR*EPSMCH,0
1.9,5.0,2000,0,clean,190,qlog,1.94,2.9656705815345297,True,False,169,barrido q-log; q por deviance de bins,0
1.9,5.0,2000,0,clean,200,pdf,1.8938308392572292,5.152341798943293,True,False,176,CONVERGENCE: RELATIVE REDUCTION OF F <= FACTR*EPSMCH,0
1.9,5.0,2000,0,clean,200,qlog,1.94,2.758143809588706,True,False,176,barrido q-log; q por deviance de bins,0
1.9,5.0,2000,0,noisy,10,pdf,1.8377915856464095,3.775165842971105,True,False,10,CONVERGENCE: NORM OF PROJECTED GRADIENT <= PGTOL,0
1.9,5.0,2000,0,noisy,10,qlog,2.38,0.7460938316872909,True,False,10,barrido q-log; q por deviance de bins,0
1.9,5.0,2000,0,noisy,20,pdf,1.842220383888994,3.7850790257248623,True,False,20,CONVERGENCE: RELATIVE REDUCTION OF F <= FACTR*EPSMCH,0
1.9,5.0,2000,0,noisy,20,qlog,2.06,2.1978131979960476,True,False,20,barrido q-log; q por deviance de bins,0
1.9,5.0,2000,0,noisy,30,pdf,1.8519886927486398,3.855579080750771,True,False,30,CONVERGENCE: RELATIVE REDUCTION OF F <= FACTR*EPSMCH,0
1.9,5.0,2000,0,noisy,30,qlog,1.94,2.833590661814738,True,False,30,barrido q-log; q por deviance de bins,0
1.9,5.0,2000,0,noisy,40,pdf,1.8550502727415232,3.895972010708621,True,False,40,CONVERGENCE: RELATIVE REDUCTION OF F <= FACTR*EPSMCH,0
1.9,5.0,2000,0,noisy,40,qlog,1.92,3.1259778890818772,True,False,40,barrido q-log; q por deviance de bins,0
1.9,5.0,2000,0,noisy,50,pdf,1.8569898347876657,3.9164395488628796,True,False,49,CONVERGENCE: RELATIVE REDUCTION OF F <= FACTR*EPSMCH,0
1.9,5.0,2000,0,noisy,50,qlog,1.88,3.1070826586059357,True,False,49,barrido q-log; q por deviance de bins,0
1.9,5.0,2000,0,noisy,60,pdf,1.850616839340508,3.8536053680091698,True,False,59,CONVERGENCE: RELATIVE REDUCTION OF F <= FACTR*EPSMCH,0
1.9,5.0,2000,0,noisy,60,qlog,1.88,3.1338028322384157,True,False,59,barrido q-log; q por deviance de bins,0
1.9,5.0,2000,0,noisy,70,pdf,1.8502367314520016,3.8465367463042393,True,False,69,CONVERGENCE: RELATIVE REDUCTION OF F <= FACTR*EPSMCH,0
1.9,5.0,2000,0,noisy,70,qlog,1.88,3.16808467298574,True,False,69,barrido q-log; q por deviance de bins,0
1.9,5.0,2000,0,noisy,80,pdf,1.8569964434185346,3.914907150301541,True,False,78,CONVERGENCE: RELATIVE REDUCTION OF F <= FACTR*EPSMCH,0
1.9,5.0,2000,0,noisy,80,qlog,1.88,2.904195565123428,True,False,78,barrido q-log; q por deviance de bins,0
1.9,5.0,2000,0,noisy,90,pdf,1.8552803630951684,3.9011337250191063,True,False,88,CONVERGENCE: RELATIVE REDUCTION OF F <= FACTR*EPSMCH,0
1.9,5.0,2000,0,noisy,90,qlog,1.88,3.000249240460501,True,False,88,barrido q-log; q por deviance de bins,0
1.9,5.0,2000,0,noisy,100,pdf,1.8553373235792725,3.8984662500165634,True,False,97,CONVERGENCE: RELATIVE REDUCTION OF F <= FACTR*EPSMCH,0
1.9,5.0,2000,0,noisy,100,qlog,1.88,2.976408540955986,True,False,97,barrido q-log; q por deviance de bins,0
1.9,5.0,2000,0,noisy,110,pdf,1.854193700409894,3.8843291783208285,True,False,106,CONVERGENCE: RELATIVE REDUCTION OF F <= FACTR*EPSMCH,0
1.9,5.0,2000,0,noisy,110,qlog,1.88,2.8010450115804977,True,False,106,barrido q-log; q por deviance de bins,0
1.9,5.0,2000,0,noisy,120,pdf,1.854078366241242,3.877229840808267,True,False,115,CONVERGENCE: RELATIVE REDUCTION OF F <= FACTR*EPSMCH,0
1.9,5.0,2000,0,noisy,120,qlog,1.9,2.8768079978473735,True,False,115,barrido q-log; q por deviance de bins,0
1.9,5.0,2000,0,noisy,130,pdf,1.8570032814378465,3.9093451489573896,True,False,124,CONVERGENCE: RELATIVE REDUCTION OF F <= FACTR*EPSMCH,0
1.9,5.0,2000,0,noisy,130,qlog,1.9,2.717801680650992,True,False,124,barrido q-log; q por deviance de bins,0
1.9,5.0,2000,0,noisy,140,pdf,1.8549745441155518,3.8898044317763563,True,False,132,CONVERGENCE: RELATIVE REDUCTION OF F <= FACTR*EPSMCH,0
1.9,5.0,2000,0,noisy,140,qlog,1.9,2.5766230169464364,True,False,132,barrido q-log; q por deviance de bins,0
1.9,5.0,2000,0,noisy,150,pdf,1.8561196364570662,3.9020085490411858,True,False,138,CONVERGENCE: RELATIVE REDUCTION OF F <= FACTR*EPSMCH,0
1.9,5.0,2000,0,noisy,150,qlog,1.9,2.6920866452453818,True,False,138,barrido q-log; q por deviance de bins,0
1.9,5.0,2000,0,noisy,160,pdf,1.8559103943907589,3.8998729859147274,True,False,150,CONVERGENCE: RELATIVE REDUCTION OF F <= FACTR*EPSMCH,0
1.9,5.0,2000,0,noisy,160,qlog,1.9,2.5091736910228057,True,False,150,barrido q-log; q por deviance de bins,0
1.9,5.0,2000,0,noisy,170,pdf,1.8547125011533132,3.888507326252825,True,False,159,CONVERGENCE: RELATIVE REDUCTION OF F <= FACTR*EPSMCH,0
1.9,5.0,2000,0,noisy,170,qlog,1.9,2.5381577149301084,True,False,159,barrido q-log; q por deviance de bins,0
1.9,5.0,2000,0,noisy,180,pdf,1.854905860705421,3.8946810853163596,True,False,169,CONVERGENCE: RELATIVE REDUCTION OF F <= FACTR*EPSMCH,0
1.9,5.0,2000,0,noisy,180,qlog,1.92,2.4917841116702415,True,False,169,barrido q-log; q por deviance de bins,0
1.9,5.0,2000,0,noisy,190,pdf,1.8545519101076677,3.887580442990747,True,False,174,CONVERGENCE: RELATIVE REDUCTION OF F <= FACTR*EPSMCH,0
1.9,5.0,2000,0,noisy,190,qlog,1.92,2.3754288431486428,True,False,174,barrido q-log; q por deviance de bins,0
1.9,5.0,2000,0,noisy,200,pdf,1.8547070140920636,3.890991796845935,True,False,182,CONVERGENCE: RELATIVE REDUCTION OF F <= FACTR*EPSMCH,0
1.9,5.0,2000,0,noisy,200,qlog,1.92,2.4096776485606517,True,False,182,barrido q-log; q por deviance de bins,0
1.9,5.0,2000,1,clean,10,pdf,1.884336086304288,4.5357688232156725,True,False,10,CONVERGENCE: RELATIVE REDUCTION OF F <= FACTR*EPSMCH,0
1.9,5.0,2000,1,clean,10,qlog,2.34,1.448233286565593,True,False,10,barrido q-log; q por deviance de bins,0
1.9,5.0,2000,1,clean,20,pdf,1.8853683376122312,4.640445598335024,True,False,20,CONVERGENCE: RELATIVE REDUCTION OF F <= FACTR*EPSMCH,0
1.9,5.0,2000,1,clean,20,qlog,2.04,3.1191748899374514,True,False,20,barrido q-log; q por deviance de bins,0
1.9,5.0,2000,1,clean,30,pdf,1.8876941350184797,4.727171397430684,True,False,30,CONVERGENCE: RELATIVE REDUCTION OF F <= FACTR*EPSMCH,0
1.9,5.0,2000,1,clean,30,qlog,1.94,3.309208707207747,True,False,30,barrido q-log; q por deviance de bins,0
1.9,5.0,2000,1,clean,40,pdf,1.8895061464178862,4.759181725909822,True,False,40,CONVERGENCE: RELATIVE REDUCTION OF F <= FACTR*EPSMCH,0
1.9,5.0,2000,1,clean,40,qlog,1.9,3.5788351984790956,True,False,40,barrido q-log; q por deviance de bins,0
1.9,5.0,2000,1,clean,50,pdf,1.8940329707071764,4.886901397666136,True,False,50,CONVERGENCE: RELATIVE REDUCTION OF F <= FACTR*EPSMCH,0
1.9,5.0,2000,1,clean,50,qlog,1.9,3.690832250649914,True,False,50,barrido q-log; q por deviance de bins,0
1.9,5.0,2000,1,clean,60,pdf,1.8880437774567573,4.760620978913326,True,False,59,CONVERGENCE: RELATIVE REDUCTION OF F <= FACTR*EPSMCH,0
1.9,5.0,2000,1,clean,60,qlog,1.9,3.623735561249654,True,False,59,barrido q-log; q por deviance de bins,0
1.9,5.0,2000,1,clean,70,pdf,1.8878805907654124,4.786623125891257,True,False,69,CONVERGENCE: RELATIVE REDUCTION OF F <= FACTR*EPSMCH,0
1.9,5.0,2000,1,clean,70,qlog,1.88,3.544412274078444,True,False,69,barrido q-log; q por deviance de bins,0
1.9,5.0,2000,1,clean,80,pdf,1.8875945165304375,4.754958633252436,True,False,76,CONVERGENCE: RELATIVE REDUCTION OF F <= FACTR*EPSMCH,0
1.9,5.0,2000,1,clean,80,qlog,1.88,3.579133101265262,True,False,76,barrido q-log; q por deviance de bins,0
1.9,5.0,2000,1,clean,90,pdf,1.8902060226083284,4.780397122816289,True,False,87,CONVERGENCE: RELATIVE REDUCTION OF F <= FACTR*EPSMCH,0
1.9,5.0,2000,1,clean,90,qlog,1.88,3.3867082877200976,True,False,87,barrido q-log; q por deviance de bins,0
1.9,5.0,2000,1,clean,100,pdf,1.8938260978615369,4.867114090253295,True,False,96,CONVERGENCE: RELATIVE REDUCTION OF F <= FACTR*EPSMCH,0
1.9,5.0,2000,1,clean,100,qlog,1.88,3.4842387292936388,True,False,96,barrido q-log; q por deviance de bins,0
1.9,5.0,2000,1,clean,110,pdf,1.8900221887167805,4.783613019383377,True,False,102,CONVERGENCE: RELATIVE REDUCTION OF F <= FACTR*EPSMCH,0
1.9,5.0,2000,1,clean,110,qlog,1.9,3.6026545442443827,True,False,102,barrido q-log; q por deviance de bins,0
1.9,5.0,2000,1,clean,120,pdf,1.889829132062259,4.790944546518865,True,False,113,CONVERGENCE: RELATIVE REDUCTION OF F <= FACTR*EPSMCH,0
1.9,5.0,2000,1,clean,120,qlog,1.9,3.381074508482115,True,False,113,barrido q-log; q por deviance de bins,0
1.9,5.0,2000,1,clean,130,pdf,1.8898840849608738,4.784564391275302,True,False,123,CONVERGENCE: RELATIVE REDUCTION OF F <= FACTR*EPSMCH,0
1.9,5.0,2000,1,clean,130,qlog,1.88,3.2217748373683164,True,False,123,barrido q-log; q por deviance de bins,0
1.9,5.0,2000,1,clean,140,pdf,1.8894812068045042,4.78552129276258,True,False,128,CONVERGENCE: RELATIVE REDUCTION OF F <= FACTR*EPSMCH,0
1.9,5.0,2000,1,clean,140,qlog,1.9,3.413824825194062,True,False,128,barrido q-log; q por deviance de bins,0
1.9,5.0,2000,1,clean,150,pdf,1.8919118212496862,4.822124854938015,True,False,137,CONVERGENCE: RELATIVE REDUCTION OF F <= FACTR*EPSMCH,0
1.9,5.0,2000,1,clean,150,qlog,1.9,3.2127164505660306,True,False,137,barrido q-log; q por deviance de bins,0
1.9,5.0,2000,1,clean,160,pdf,1.889341238070704,4.779914648748579,True,False,143,CONVERGENCE: RELATIVE REDUCTION OF F <= FACTR*EPSMCH,0
1.9,5.0,2000,1,clean,160,qlog,1.9,3.1064780704616575,True,False,143,barrido q-log; q por deviance de bins,0
1.9,5.0,2000,1,clean,170,pdf,1.8894000359315797,4.786827402508349,True,False,153,CONVERGENCE: RELATIVE REDUCTION OF F <= FACTR*EPSMCH,0
1.9,5.0,2000,1,clean,170,qlog,1.9,2.8152536197633844,True,False,153,barrido q-log; q por deviance de bins,0
1.9,5.0,2000,1,clean,180,pdf,1.8911420288169112,4.800829976812655,True,False,162,CONVERGENCE: RELATIVE REDUCTION OF F <= FACTR*EPSMCH,0
1.9,5.0,2000,1,clean,180,qlog,1.9,2.9241068400798453,True,False,162,barrido q-log; q por deviance de bins,0
1.9,5.0,2000,1,clean,190,pdf,1.890456831644619,4.805327498400085,True,False,169,CONVERGENCE: RELATIVE REDUCTION OF F <= FACTR*EPSMCH,0
1.9,5.0,2000,1,clean,190,qlog,1.9,2.98291978382536,True,False,169,barrido q-log; q por deviance de bins,0
1.9,5.0,2000,1,clean,200,pdf,1.8919300815420603,4.830756487526193,True,False,178,CONVERGENCE: RELATIVE REDUCTION OF F <= FACTR*EPSMCH,0
1.9,5.0,2000,1,clean,200,qlog,1.9,2.93479530045215,True,False,178,barrido q-log; q por deviance de bins,0
1.9,5.0,2000,1,noisy,10,pdf,1.8383539173398966,3.6042210594343005,True,False,10,CONVERGENCE: RELATIVE REDUCTION OF F <= FACTR*EPSMCH,0
1.9,5.0,2000,1,noisy,10,qlog,2.3200000000000003,1.1778054803502296,True,False,10,barrido q-log; q por deviance de bins,0
1.9,5.0,2000,1,noisy,20,pdf,1.8336814878325802,3.4937314725109077,True,False,20,CONVERGENCE: RELATIVE REDUCTION OF F <= FACTR*EPSMCH,0
1.9,5.0,2000,1,noisy,20,qlog,2.0,2.352459604980404,True,False,20,barrido q-log; q por deviance de bins,0
1.9,5.0,2000,1,noisy,30,pdf,1.8414392288957409,3.6058520604675213,True,False,30,CONVERGENCE: RELATIVE REDUCTION OF F <= FACTR*EPSMCH,0
1.9,5.0,2000,1,noisy,30,qlog,1.9,2.7002369410529883,True,False,30,barrido q-log; q por deviance de bins,0
1.9,5.0,2000,1,noisy,40,pdf,1.842262265997904,3.5794154809534335,True,False,40,CONVERGENCE: RELATIVE REDUCTION OF F <= FACTR*EPSMCH,0
1.9,5.0,2000,1,noisy,40,qlog,1.8599999999999999,2.8621282205356096,True,False,40,barrido q-log; q por deviance de bins,0
1.9,5.0,2000,1,noisy,50,pdf,1.8445224930635227,3.6171913156393933,True,False,50,CONVERGENCE: RELATIVE REDUCTION OF F <= FACTR*EPSMCH,0
1.9,5.0,2000,1,noisy,50,qlog,1.8599999999999999,2.9562866931145177,True,False,50,barrido q-log; q por deviance de bins,0
1.9,5.0,2000,1,noisy,60,pdf,1.8418208258475715,3.5889104217269057,True,False,59,CONVERGENCE: RELATIVE REDUCTION OF F <= FACTR*EPSMCH,0
1.9,5.0,2000,1,noisy,60,qlog,1.8599999999999999,2.882340339327184,True,False,59,barrido q-log; q por deviance de bins,0
1.9,5.0,2000,1,noisy,70,pdf,1.8411740970940702,3.5828195404051457,True,False,69,CONVERGENCE: RELATIVE REDUCTION OF F <= FACTR*EPSMCH,0
1.9,5.0,2000,1,noisy,70,qlog,1.8599999999999999,2.9974667281491305,True,False,69,barrido q-log; q por deviance de bins,0
1.9,5.0,2000,1,noisy,80,pdf,1.844766449489409,3.610830168543317,True,False,78,CONVERGENCE: RELATIVE REDUCTION OF F <= FACTR*EPSMCH,0
1.9,5.0,2000,1,noisy,80,qlog,1.84,2.8212897258648715,True,False,78,barrido q-log; q por deviance de bins,0
1.9,5.0,2000,1,noisy,90,pdf,1.8485669472320174,3.663813488995696,True,False,88,CONVERGENCE: RELATIVE REDUCTION OF F <= FACTR*EPSMCH,0
1.9,5.0,2000,1,noisy,90,qlog,1.8599999999999999,2.9986917169880623,True,False,88,barrido q-log; q por deviance de bins,0
1.9,5.0,2000,1,noisy,100,pdf,1.849156093501755,3.6593850784394273,True,False,98,CONVERGENCE: RELATIVE REDUCTION OF F <= FACTR*EPSMCH,0
1.9,5.0,2000,1,noisy,100,qlog,1.8599999999999999,2.8345489230837853,True,False,98,barrido q-log; q por deviance de bins,0
1.9,5.0,2000,1,noisy,110,pdf,1.8488908665401071,3.651395865658539,True,False,105,CONVERGENCE: RELATIVE REDUCTION OF F <= FACTR*EPSMCH,0
1.9,5.0,2000,1,noisy,110,qlog,1.8599999999999999,2.597279223002507,True,False,105,barrido q-log; q por deviance de bins,0
1.9,5.0,2000,1,noisy,120,pdf,1.8471676606455172,3.6364157072293923,True,False,116,CONVERGENCE: RELATIVE REDUCTION OF F <= FACTR*EPSMCH,0
1.9,5.0,2000,1,noisy,120,qlog,1.8599999999999999,2.625215563503988,True,False,116,barrido q-log; q por deviance de bins,0
1.9,5.0,2000,1,noisy,130,pdf,1.8489330083007016,3.6589869602876357,True,False,125,CONVERGENCE: RELATIVE REDUCTION OF F <= FACTR*EPSMCH,0
1.9,5.0,2000,1,noisy,130,qlog,1.84,2.41357127416428,True,False,125,barrido q-log; q por deviance de bins,0
1.9,5.0,2000,1,noisy,140,pdf,1.8460709917359854,3.6264708434624833,True,False,134,CONVERGENCE: RELATIVE REDUCTION OF F <= FACTR*EPSMCH,0
1.9,5.0,2000,1,noisy,140,qlog,1.8599999999999999,2.4573901797911284,True,False,134,barrido q-log; q por deviance de bins,0
1.9,5.0,2000,1,noisy,150,pdf,1.847825738080386,3.64853861594833,True,False,141,CONVERGENCE: RELATIVE REDUCTION OF F <= FACTR*EPSMCH,0
1.9,5.0,2000,1,noisy,150,qlog,1.8599999999999999,2.397075168059065,True,False,141,barrido q-log; q por deviance de bins,0
1.9,5.0,2000,1,noisy,160,pdf,1.8460491647179003,3.628853592848898,True,False,149,CONVERGENCE: RELATIVE REDUCTION OF F <= FACTR*EPSMCH,0
1.9,5.0,2000,1,noisy,160,qlog,1.8599999999999999,2.1940421764409326,True,False,149,barrido q-log; q por deviance de bins,0
1.9,5.0,2000,1,noisy,170,pdf,1.8495049225848648,3.666924794584087,True,False,159,CONVERGENCE: RELATIVE REDUCTION OF F <= FACTR*EPSMCH,0
1.9,5.0,2000,1,noisy,170,qlog,1.8599999999999999,2.169424444145841,True,False,159,barrido q-log; q por deviance de bins,0
1.9,5.0,2000,1,noisy,180,pdf,1.8478999826295823,3.6551542765933647,True,False,166,CONVERGENCE: RELATIVE REDUCTION OF F <= FACTR*EPSMCH,0
1.9,5.0,2000,1,noisy,180,qlog,1.88,2.265087898817152,True,False,166,barrido q-log; q por deviance de bins,0
1.9,5.0,2000,1,noisy,190,pdf,1.8477609645399455,3.651281725280636,True,False,173,CONVERGENCE: RELATIVE REDUCTION OF F <= FACTR*EPSMCH,0
1.9,5.0,2000,1,noisy,190,qlog,1.8599999999999999,2.0012296328684935,True,False,173,barrido q-log; q por deviance de bins,0
1.9,5.0,2000,1,noisy,200,pdf,1.8477259563549284,3.648235008767824,True,False,185,CONVERGENCE: RELATIVE REDUCTION OF F <= FACTR*EPSMCH,0
1.9,5.0,2000,1,noisy,200,qlog,1.8599999999999999,2.1038719312232237,True,False,185,barrido q-log; q por deviance de bins,0
1.9,5.0,2000,2,clean,10,pdf,1.853734058769197,4.3375584435775085,True,False,10,CONVERGENCE: RELATIVE REDUCTION OF F <= FACTR*EPSMCH,0
1.9,5.0,2000,2,clean,10,qlog,2.3600000000000003,0.8853389137050194,True,False,10,barrido q-log; q por deviance de bins,0
1.9,5.0,2000,2,clean,20,pdf,1.854852844999788,4.32776071834472,True,False,20,CONVERGENCE: RELATIVE REDUCTION OF F <= FACTR*EPSMCH,0
1.9,5.0,2000,2,clean,20,qlog,2.06,2.704652663392031,True,False,20,barrido q-log; q por deviance de bins,0
1.9,5.0,2000,2,clean,30,pdf,1.8545154727123785,4.316017730763569,True,False,30,CONVERGENCE: RELATIVE REDUCTION OF F <= FACTR*EPSMCH,0
1.9,5.0,2000,2,clean,30,qlog,1.92,2.936136986269407,True,False,30,barrido q-log; q por deviance de bins,0
1.9,5.0,2000,2,clean,40,pdf,1.8635921068803643,4.4361417907491045,True,False,40,CONVERGENCE: RELATIVE REDUCTION OF F <= FACTR*EPSMCH,0
1.9,5.0,2000,2,clean,40,qlog,1.9,3.357417741206994,True,False,40,barrido q-log; q por deviance de bins,0
1.9,5.0,2000,2,clean,50,pdf,1.8623652520109117,4.4243661697039025,True,False,50,CONVERGENCE: RELATIVE REDUCTION OF F <= FACTR*EPSMCH,0
1.9,5.0,2000,2,clean,50,qlog,1.88,3.3780698706022867,True,False,50,barrido q-log; q por deviance de bins,0
1.9,5.0,2000,2,clean,60,pdf,1.8630531650571296,4.438435306004163,True,False,60,CONVERGENCE: RELATIVE REDUCTION OF F <= FACTR*EPSMCH,0
1.9,5.0,2000,2,clean,60,qlog,1.88,3.4208486710294355,True,False,60,barrido q-log; q por deviance de bins,0
1.9,5.0,2000,2,clean,70,pdf,1.8636613068293881,4.456239057051156,True,False,68,CONVERGENCE: RELATIVE REDUCTION OF F <= FACTR*EPSMCH,0
1.9,5.0,2000,2,clean,70,qlog,1.88,3.5643861199578954,True,False,68,barrido q-log; q por deviance de bins,0
1.9,5.0,2000,2,clean,80,pdf,1.858524648225809,4.380972530241503,True,False,78,CONVERGENCE: RELATIVE REDUCTION OF F <= FACTR*EPSMCH,0
1.9,5.0,2000,2,clean,80,qlog,1.8599999999999999,3.1110932988653337,True,False,78,barrido q-log; q por deviance de bins,0
1.9,5.0,2000,2,clean,90,pdf,1.8637316539771758,4.429865570269776,True,False,88,CONVERGENCE: RELATIVE REDUCTION OF F <= FACTR*EPSMCH,0
1.9,5.0,2000,2,clean,90,qlog,1.88,3.3609921405644116,True,False,88,barrido q-log; q por deviance de bins,0
1.9,5.0,2000,2,clean,100,pdf,1.8616271474995516,4.427477780290473,True,False,97,CONVERGENCE: RELATIVE REDUCTION OF F <= FACTR*EPSMCH,0
1.9,5.0,2000,2,clean,100,qlog,1.8599999999999999,3.2178852677304346,True,False,97,barrido q-log; q por deviance de bins,0
1.9,5.0,2000,2,clean,110,pdf,1.8616682801126794,4.4124540622250885,True,False,105,CONVERGENCE: RELATIVE REDUCTION OF F <= FACTR*EPSMCH,0
1.9,5.0,2000,2,clean,110,qlog,1.88,3.237501092204031,True,False,105,barrido q-log; q por deviance de bins,0
1.9,5.0,2000,2,clean,120,pdf,1.8637577144484512,4.444560841721981,True,False,114,CONVERGENCE: NORM OF PROJECTED GRADIENT <= PGTOL,0
1.9,5.0,2000,2,clean,120,qlog,1.88,3.1375782314673577,True,False,114,barrido q-log; q por deviance de bins,0
1.9,5.0,2000,2,clean,130,pdf,1.8625196767877348,4.4236367650189194,True,False,124,CONVERGENCE: RELATIVE REDUCTION OF F <= FACTR*EPSMCH,0
1.9,5.0,2000,2,clean,130,qlog,1.88,3.027930197698821,True,False,124,barrido q-log; q por deviance de bins,0
1.9,5.0,2000,2,clean,140,pdf,1.861113224367464,4.411024150997843,True,False,133,CONVERGENCE: RELATIVE REDUCTION OF F <= FACTR*EPSMCH,0
1.9,5.0,2000,2,clean,140,qlog,1.88,3.0712132557845804,True,False,133,barrido q-log; q por deviance de bins,0
1.9,5.0,2000,2,clean,150,pdf,1.8632075545751317,4.435806042275702,True,False,140,CONVERGENCE: RELATIVE REDUCTION OF F <= FACTR*EPSMCH,0
1.9,5.0,2000,2,clean,150,qlog,1.88,2.7623409252453954,True,False,140,barrido q-log; q por deviance de bins,0
1.9,5.0,2000,2,clean,160,pdf,1.8601113840233536,4.40155834390035,True,False,147,CONVERGENCE: RELATIVE REDUCTION OF F <= FACTR*EPSMCH,0
1.9,5.0,2000,2,clean,160,qlog,1.88,2.7035784002268746,True,False,147,barrido q-log; q por deviance de bins,0
1.9,5.0,2000,2,clean,170,pdf,1.8613466927971098,4.4122590334129335,True,False,155,CONVERGENCE: RELATIVE REDUCTION OF F <= FACTR*EPSMCH,0
1.9,5.0,2000,2,clean,170,qlog,1.88,2.75962827214852,True,False,155,barrido q-log; q por deviance de bins,0
1.9,5.0,2000,2,clean,180,pdf,1.8646276363352405,4.454122406026469,True,False,166,CONVERGENCE: RELATIVE REDUCTION OF F <= FACTR*EPSMCH,0
1.9,5.0,2000,2,clean,180,qlog,1.9,2.792884666693268,True,False,166,barrido q-log; q por deviance de bins,0
1.9,5.0,2000,2,clean,190,pdf,1.8642851322507163,4.4497929267895655,True,False,174,CONVERGENCE: RELATIVE REDUCTION OF F <= FACTR*EPSMCH,0
1.9,5.0,2000,2,clean,190,qlog,1.9,2.7012609165431782,True,False,174,barrido q-log; q por deviance de bins,0
1.9,5.0,2000,2,clean,200,pdf,1.8641232676644743,4.446298152699047,True,False,181,CONVERGENCE: RELATIVE REDUCTION OF F <= FACTR*EPSMCH,0
1.9,5.0,2000,2,clean,200,qlog,1.9,2.6493087367210464,True,False,181,barrido q-log; q por deviance de bins,0
1.9,5.0,2000,2,noisy,10,pdf,1.8009507853568811,3.17165972758682,True,False,10,CONVERGENCE: RELATIVE REDUCTION OF F <= FACTR*EPSMCH,0
1.9,5.0,2000,2,noisy,10,qlog,2.34,0.622030143031687,True,False,10,barrido q-log; q por deviance de bins,0
1.9,5.0,2000,2,noisy,20,pdf,1.802130191643315,3.105043334279836,True,False,20,CONVERGENCE: RELATIVE REDUCTION OF F <= FACTR*EPSMCH,0
1.9,5.0,2000,2,noisy,20,qlog,2.02,1.9267967470528171,True,False,20,barrido q-log; q por deviance de bins,0
1.9,5.0,2000,2,noisy,30,pdf,1.8032359336740813,3.1108749111891223,True,False,30,CONVERGENCE: RELATIVE REDUCTION OF F <= FACTR*EPSMCH,0
1.9,5.0,2000,2,noisy,30,qlog,1.9,2.3435554196790713,True,False,30,barrido q-log; q por deviance de bins,0
1.9,5.0,2000,2,noisy,40,pdf,1.8194800779541074,3.2463671988823557,True,False,40,CONVERGENCE: NORM OF PROJECTED GRADIENT <= PGTOL,0
1.9,5.0,2000,2,noisy,40,qlog,1.88,2.653978608357489,True,False,40,barrido q-log; q por deviance de bins,0
1.9,5.0,2000,2,noisy,50,pdf,1.8093145543013653,3.154128598215192,True,False,50,CONVERGENCE: RELATIVE REDUCTION OF F <= FACTR*EPSMCH,0
1.9,5.0,2000,2,noisy,50,qlog,1.8599999999999999,2.6812185831111086,True,False,50,barrido q-log; q por deviance de bins,0
1.9,5.0,2000,2,noisy,60,pdf,1.813667430750397,3.1963053390817615,True,False,60,CONVERGENCE: RELATIVE REDUCTION OF F <= FACTR*EPSMCH,0
1.9,5.0,2000,2,noisy,60,qlog,1.8599999999999999,2.728858768350899,True,False,60,barrido q-log; q por deviance de bins,0
1.9,5.0,2000,2,noisy,70,pdf,1.8170587702696137,3.2175850667575387,True,False,68,CONVERGENCE: RELATIVE REDUCTION OF F <= FACTR*EPSMCH,0
1.9,5.0,2000,2,noisy,70,qlog,1.84,2.5595752726374306,True,False,68,barrido q-log; q por deviance de bins,0
1.9,5.0,2000,2,noisy,80,pdf,1.8119260249190539,3.1786639517228883,True,False,78,CONVERGENCE: RELATIVE REDUCTION OF F <= FACTR*EPSMCH,0
1.9,5.0,2000,2,noisy,80,qlog,1.84,2.522304101542034,True,False,78,barrido q-log; q por deviance de bins,0
1.9,5.0,2000,2,noisy,90,pdf,1.8080285709994866,3.1374101187941887,True,False,88,CONVERGENCE: RELATIVE REDUCTION OF F <= FACTR*EPSMCH,0
1.9,5.0,2000,2,noisy,90,qlog,1.84,2.5039853439675257,True,False,88,barrido q-log; q por deviance de bins,0
1.9,5.0,2000,2,noisy,100,pdf,1.8074343628902025,3.1387403582956903,True,False,97,CONVERGENCE: RELATIVE REDUCTION OF F <= FACTR*EPSMCH,0
1.9,5.0,2000,2,noisy,100,qlog,1.84,2.518244292756024,True,False,97,barrido q-log; q por deviance de bins,0
1.9,5.0,2000,2,noisy,110,pdf,1.8145872407700991,3.1900606480430524,True,False,106,CONVERGENCE: RELATIVE REDUCTION OF F <= FACTR*EPSMCH,0
1.9,5.0,2000,2,noisy,110,qlog,1.84,2.4695849543347403,True,False,106,barrido q-log; q por deviance de bins,0
1.9,5.0,2000,2,noisy,120,pdf,1.8174452989287622,3.2163552808680094,True,False,115,CONVERGENCE: RELATIVE REDUCTION OF F <= FACTR*EPSMCH,0
1.9,5.0,2000,2,noisy,120,qlog,1.8599999999999999,2.5251478282782633,True,False,115,barrido q-log; q por deviance de bins,0
1.9,5.0,2000,2,noisy,130,pdf,1.8143650564754343,3.187549867958249,True,False,122,CONVERGENCE: RELATIVE REDUCTION OF F <= FACTR*EPSMCH,0
1.9,5.0,2000,2,noisy,130,qlog,1.8599999999999999,2.4088382432598587,True,False,122,barrido q-log; q por deviance de bins,0
1.9,5.0,2000,2,noisy,140,pdf,1.8160697021841479,3.20037188896801,True,False,133,CONVERGENCE: RELATIVE REDUCTION OF F <= FACTR*EPSMCH,0
1.9,5.0,2000,2,noisy,140,qlog,1.8599999999999999,2.2641375133546195,True,False,133,barrido q-log; q por deviance de bins,0
1.9,5.0,2000,2,noisy,150,pdf,1.8147795651986236,3.1923837153649357,True,False,141,CONVERGENCE: RELATIVE REDUCTION OF F <= FACTR*EPSMCH,0
1.9,5.0,2000,2,noisy,150,qlog,1.8599999999999999,2.347645391775307,True,False,141,barrido q-log; q por deviance de bins,0
1.9,5.0,2000,2,noisy,160,pdf,1.8140726457315377,3.1892866806252287,True,False,149,CONVERGENCE: RELATIVE REDUCTION OF F <= FACTR*EPSMCH,0
1.9,5.0,2000,2,noisy,160,qlog,1.8599999999999999,2.2518891846482405,True,False,149,barrido q-log; q por deviance de bins,0
1.9,5.0,2000,2,noisy,170,pdf,1.8141940754243049,3.190204290444009,True,False,158,CONVERGENCE: RELATIVE REDUCTION OF F <= FACTR*EPSMCH,0
1.9,5.0,2000,2,noisy,170,qlog,1.8599999999999999,2.221647265264278,True,False,158,barrido q-log; q por deviance de bins,0
1.9,5.0,2000,2,noisy,180,pdf,1.8127699100792705,3.1785901844126934,True,False,166,CONVERGENCE: RELATIVE REDUCTION OF F <= FACTR*EPSMCH,0
1.9,5.0,2000,2,noisy,180,qlog,1.88,2.188760682780314,True,False,166,barrido q-log; q por deviance de bins,0
1.9,5.0,2000,2,noisy,190,pdf,1.8120597875678106,3.1740801162047902,True,False,175,CONVERGENCE: RELATIVE REDUCTION OF F <= FACTR*EPSMCH,0
1.9,5.0,2000,2,noisy,190,qlog,1.88,2.1031956555112017,True,False,175,barrido q-log; q por deviance de bins,0
1.9,5.0,2000,2,noisy,200,pdf,1.813431780929298,3.180023719966123,True,False,182,CONVERGENCE: RELATIVE REDUCTION OF F <= FACTR*EPSMCH,0
1.9,5.0,2000,2,noisy,200,qlog,1.88,1.9885302940793028,True,False,182,barrido q-log; q por deviance de bins,0
1.9,5.0,2000,3,clean,10,pdf,1.8947080780522836,4.5703384819640975,True,False,10,CONVERGENCE: RELATIVE REDUCTION OF F <= FACTR*EPSMCH,0
1.9,5.0,2000,3,clean,10,qlog,2.6,0.012916490064473967,True,False,10,barrido q-log; q por deviance de bins,0
1.9,5.0,2000,3,clean,20,pdf,1.9066484246396986,4.824759662492886,True,False,19,CONVERGENCE: RELATIVE REDUCTION OF F <= FACTR*EPSMCH,0
1.9,5.0,2000,3,clean,20,qlog,2.34,1.1080843603976198,True,False,19,barrido q-log; q por deviance de bins,0
1.9,5.0,2000,3,clean,30,pdf,1.9096306292596266,4.9116946737956315,True,False,29,CONVERGENCE: RELATIVE REDUCTION OF F <= FACTR*EPSMCH,0
1.9,5.0,2000,3,clean,30,qlog,2.1799999999999997,2.4920365140378014,True,False,29,barrido q-log; q por deviance de bins,0
1.9,5.0,2000,3,clean,40,pdf,1.9149623628015926,4.980554215990569,True,False,38,CONVERGENCE: RELATIVE REDUCTION OF F <= FACTR*EPSMCH,0
1.9,5.0,2000,3,clean,40,qlog,2.08,3.1467864422394163,True,False,38,barrido q-log; q por deviance de bins,0
1.9,5.0,2000,3,clean,50,pdf,1.920740627885692,5.059188102958302,True,False,48,CONVERGENCE: RELATIVE REDUCTION OF F <= FACTR*EPSMCH,0
1.9,5.0,2000,3,clean,50,qlog,2.06,3.5077638075320454,True,False,48,barrido q-log; q por deviance de bins,0
1.9,5.0,2000,3,clean,60,pdf,1.9165063547779841,5.011359727403961,True,False,56,CONVERGENCE: RELATIVE REDUCTION OF F <= FACTR*EPSMCH,0
1.9,5.0,2000,3,clean,60,qlog,2.06,3.6253988677353033,True,False,56,barrido q-log; q por deviance de bins,0
1.9,5.0,2000,3,clean,70,pdf,1.9128620997367054,4.963010533448355,True,False,64,CONVERGENCE: RELATIVE REDUCTION OF F <= FACTR*EPSMCH,0
1.9,5.0,2000,3,clean,70,qlog,2.08,3.8157513297506367,True,False,64,barrido q-log; q por deviance de bins,0
1.9,5.0,2000,3,clean,80,pdf,1.9133518847400393,4.960615474654117,True,False,74,CONVERGENCE: RELATIVE REDUCTION OF F <= FACTR*EPSMCH,0
1.9,5.0,2000,3,clean,80,qlog,2.08,3.6060239652134376,True,False,74,barrido q-log; q por deviance de bins,0
1.9,5.0,2000,3,clean,90,pdf,1.9142889217577173,4.9796821148024115,True,False,82,CONVERGENCE: RELATIVE REDUCTION OF F <= FACTR*EPSMCH,0
1.9,5.0,2000,3,clean,90,qlog,2.08,3.4890309096436294,True,False,82,barrido q-log; q por deviance de bins,0
1.9,5.0,2000,3,clean,100,pdf,1.9164590523162621,4.9855630374910485,True,False,92,CONVERGENCE: RELATIVE REDUCTION OF F <= FACTR*EPSMCH,0
1.9,5.0,2000,3,clean,100,qlog,2.1,3.4527063322811262,True,False,92,barrido q-log; q por deviance de bins,0
1.9,5.0,2000,3,clean,110,pdf,1.9169495780574124,5.013590920304727,True,False,100,CONVERGENCE: RELATIVE REDUCTION OF F <= FACTR*EPSMCH,0
1.9,5.0,2000,3,clean,110,qlog,2.1,3.3095690721897553,True,False,100,barrido q-log; q por deviance de bins,0
1.9,5.0,2000,3,clean,120,pdf,1.9200312978516703,5.066561877751708,True,False,109,CONVERGENCE: RELATIVE REDUCTION OF F <= FACTR*EPSMCH,0
1.9,5.0,2000,3,clean,120,qlog,2.1,2.794440897230676,True,False,109,barrido q-log; q por deviance de bins,0
1.9,5.0,2000,3,clean,130,pdf,1.9235401851790626,5.094099563554141,True,False,118,CONVERGENCE: RELATIVE REDUCTION OF F <= FACTR*EPSMCH,0
1.9,5.0,2000,3,clean,130,qlog,2.12,2.7692016412686074,True,False,118,barrido q-log; q por deviance de bins,0
1.9,5.0,2000,3,clean,140,pdf,1.921275497093504,5.065129697765169,True,False,125,CONVERGENCE: RELATIVE REDUCTION OF F <= FACTR*EPSMCH,0
1.9,5.0,2000,3,clean,140,qlog,2.12,2.9605965340842864,True,False,125,barrido q-log; q por deviance de bins,0
1.9,5.0,2000,3,clean,150,pdf,1.9187360463358476,5.043113563056036,True,False,135,CONVERGENCE: RELATIVE REDUCTION OF F <= FACTR*EPSMCH,0
1.9,5.0,2000,3,clean,150,qlog,2.12,2.53330576881099,True,False,135,barrido q-log; q por deviance de bins,0
1.9,5.0,2000,3,clean,160,pdf,1.9155722270462503,4.98422392016333,True,False,142,CONVERGENCE: RELATIVE REDUCTION OF F <= FACTR*EPSMCH,0
1.9,5.0,2000,3,clean,160,qlog,2.12,2.5147039977643018,True,False,142,barrido q-log; q por deviance de bins,0
1.9,5.0,2000,3,clean,170,pdf,1.916158155945584,4.984307269504716,True,False,153,CONVERGENCE: RELATIVE REDUCTION OF F <= FACTR*EPSMCH,0
1.9,5.0,2000,3,clean,170,qlog,2.14,2.36519884322504,True,False,153,barrido q-log; q por deviance de bins,0
1.9,5.0,2000,3,clean,180,pdf,1.918117669924429,5.030889639962917,True,False,157,CONVERGENCE: RELATIVE REDUCTION OF F <= FACTR*EPSMCH,0
1.9,5.0,2000,3,clean,180,qlog,2.14,2.1967741886174776,True,False,157,barrido q-log; q por deviance de bins,0
1.9,5.0,2000,3,clean,190,pdf,1.917667977053912,5.025979913433257,True,False,166,CONVERGENCE: RELATIVE REDUCTION OF F <= FACTR*EPSMCH,0
1.9,5.0,2000,3,clean,190,qlog,2.14,2.1761154014131057,True,False,166,barrido q-log; q por deviance de bins,0
1.9,5.0,2000,3,clean,200,pdf,1.9159152911945747,4.98259594549413,True,False,175,CONVERGENCE: RELATIVE REDUCTION OF F <= FACTR*EPSMCH,0
1.9,5.0,2000,3,clean,200,qlog,2.14,2.2739465306394533,True,False,175,barrido q-log; q por deviance de bins,0
1.9,5.0,2000,3,noisy,10,pdf,1.833443480479177,3.312715623038692,True,False,10,CONVERGENCE: RELATIVE REDUCTION OF F <= FACTR*EPSMCH,0
1.9,5.0,2000,3,noisy,10,qlog,nan,nan,False,False,10,ningun candidato q-log valido,0
1.9,5.0,2000,3,noisy,20,pdf,1.8559819843726522,3.5593030795039255,True,False,19,CONVERGENCE: RELATIVE REDUCTION OF F <= FACTR*EPSMCH,0
1.9,5.0,2000,3,noisy,20,qlog,2.3200000000000003,0.782047158375654,True,False,19,barrido q-log; q por deviance de bins,0
1.9,5.0,2000,3,noisy,30,pdf,1.8605193847354606,3.58100928118024,True,False,29,CONVERGENCE: RELATIVE REDUCTION OF F <= FACTR*EPSMCH,0
1.9,5.0,2000,3,noisy,30,qlog,2.14,1.765461836410967,True,False,29,barrido q-log; q por deviance de bins,0
1.9,5.0,2000,3,noisy,40,pdf,1.8731383703135036,3.723675965831518,True,False,38,CONVERGENCE: RELATIVE REDUCTION OF F <= FACTR*EPSMCH,0
1.9,5.0,2000,3,noisy,40,qlog,2.06,2.371538841004683,True,False,38,barrido q-log; q por deviance de bins,0
1.9,5.0,2000,3,noisy,50,pdf,1.8820696629328062,3.8343499187998606,True,False,48,CONVERGENCE: RELATIVE REDUCTION OF F <= FACTR*EPSMCH,0
1.9,5.0,2000,3,noisy,50,qlog,2.04,2.6394851244225133,True,False,48,barrido q-log; q por deviance de bins,0
1.9,5.0,2000,3,noisy,60,pdf,1.8754954116103477,3.7491053869783655,True,False,56,CONVERGENCE: RELATIVE REDUCTION OF F <= FACTR*EPSMCH,0
1.9,5.0,2000,3,noisy,60,qlog,2.06,2.710521460083619,True,False,56,barrido q-log; q por deviance de bins,0
1.9,5.0,2000,3,noisy,70,pdf,1.8764421435856908,3.769365432631241,True,False,64,CONVERGENCE: RELATIVE REDUCTION OF F <= FACTR*EPSMCH,0
1.9,5.0,2000,3,noisy,70,qlog,2.06,2.4866076458366146,True,False,64,barrido q-log; q por deviance de bins,0
1.9,5.0,2000,3,noisy,80,pdf,1.8761083699224148,3.738539408505331,True,False,74,CONVERGENCE: RELATIVE REDUCTION OF F <= FACTR*EPSMCH,0
1.9,5.0,2000,3,noisy,80,qlog,2.06,2.3337108527339026,True,False,74,barrido q-log; q por deviance de bins,0
1.9,5.0,2000,3,noisy,90,pdf,1.8762777599759037,3.7512443034404885,True,False,82,CONVERGENCE: RELATIVE REDUCTION OF F <= FACTR*EPSMCH,0
1.9,5.0,2000,3,noisy,90,qlog,2.08,2.554262195442998,True,False,82,barrido q-log; q por deviance de bins,0
1.9,5.0,2000,3,noisy,100,pdf,1.883296790748206,3.8313595003572214,True,False,92,CONVERGENCE: RELATIVE REDUCTION OF F <= FACTR*EPSMCH,0
1.9,5.0,2000,3,noisy,100,qlog,2.08,2.358079261417552,True,False,92,barrido q-log; q por deviance de bins,0
1.9,5.0,2000,3,noisy,110,pdf,1.877577853810058,3.763668773620262,True,False,100,CONVERGENCE: RELATIVE REDUCTION OF F <= FACTR*EPSMCH,0
1.9,5.0,2000,3,noisy,110,qlog,2.08,1.9904114387787901,True,False,100,barrido q-log; q por deviance de bins,0
1.9,5.0,2000,3,noisy,120,pdf,1.882501806619758,3.8115101581256545,True,False,108,CONVERGENCE: RELATIVE REDUCTION OF F <= FACTR*EPSMCH,0
1.9,5.0,2000,3,noisy,120,qlog,2.1,1.9704099798356844,True,False,108,barrido q-log; q por deviance de bins,0
1.9,5.0,2000,3,noisy,130,pdf,1.8868541213302306,3.8555030247888897,True,False,117,CONVERGENCE: RELATIVE REDUCTION OF F <= FACTR*EPSMCH,0
1.9,5.0,2000,3,noisy,130,qlog,2.1,2.0203471640044706,True,False,117,barrido q-log; q por deviance de bins,0
1.9,5.0,2000,3,noisy,140,pdf,1.886826620157366,3.856013499802915,True,False,125,CONVERGENCE: RELATIVE REDUCTION OF F <= FACTR*EPSMCH,0
1.9,5.0,2000,3,noisy,140,qlog,2.1,1.6916228503804747,True,False,125,barrido q-log; q por deviance de bins,0
1.9,5.0,2000,3,noisy,150,pdf,1.884788644158659,3.830703866146079,True,False,134,CONVERGENCE: RELATIVE REDUCTION OF F <= FACTR*EPSMCH,0
1.9,5.0,2000,3,noisy,150,qlog,2.12,1.776724933137136,True,False,134,barrido q-log; q por deviance de bins,0
1.9,5.0,2000,3,noisy,160,pdf,1.8824191972429933,3.8090898628175967,True,False,142,CONVERGENCE: RELATIVE REDUCTION OF F <= FACTR*EPSMCH,0
1.9,5.0,2000,3,noisy,160,qlog,2.12,1.6377242937500929,True,False,142,barrido q-log; q por deviance de bins,0
1.9,5.0,2000,3,noisy,170,pdf,1.8828098197519354,3.8166106644421283,True,False,151,CONVERGENCE: RELATIVE REDUCTION OF F <= FACTR*EPSMCH,0
1.9,5.0,2000,3,noisy,170,qlog,2.12,1.5928038443639108,True,False,151,barrido q-log; q por deviance de bins,0
1.9,5.0,2000,3,noisy,180,pdf,1.8793691447300667,3.7858210684162534,True,False,158,CONVERGENCE: RELATIVE REDUCTION OF F <= FACTR*EPSMCH,0
1.9,5.0,2000,3,noisy,180,qlog,2.12,1.5868365977637013,True,False,158,barrido q-log; q por deviance de bins,0
1.9,5.0,2000,3,noisy,190,pdf,1.879075374928929,3.7808827223032058,True,False,167,CONVERGENCE: RELATIVE REDUCTION OF F <= FACTR*EPSMCH,0
1.9,5.0,2000,3,noisy,190,qlog,2.12,1.4564284272073162,True,False,167,barrido q-log; q por deviance de bins,0
1.9,5.0,2000,3,noisy,200,pdf,1.8799267031571076,3.7934099161305777,True,False,176,CONVERGENCE: RELATIVE REDUCTION OF F <= FACTR*EPSMCH,0
1.9,5.0,2000,3,noisy,200,qlog,2.14,1.4824693918192153,True,False,176,barrido q-log; q por deviance de bins,0
1.9,5.0,2000,4,clean,10,pdf,1.8355480826651362,4.06148296658214,True,False,10,CONVERGENCE: NORM OF PROJECTED GRADIENT <= PGTOL,0
1.9,5.0,2000,4,clean,10,qlog,2.38,0.850759719877396,True,False,10,barrido q-log; q por deviance de bins,0
1.9,5.0,2000,4,clean,20,pdf,1.8487549679678907,4.27765147434444,True,False,20,CONVERGENCE: RELATIVE REDUCTION OF F <= FACTR*EPSMCH,0
1.9,5.0,2000,4,clean,20,qlog,2.06,2.7336836318125286,True,False,20,barrido q-log; q por deviance de bins,0
1.9,5.0,2000,4,clean,30,pdf,1.8426519997348703,4.1982902387179575,True,False,30,CONVERGENCE: RELATIVE REDUCTION OF F <= FACTR*EPSMCH,0
1.9,5.0,2000,4,clean,30,qlog,1.92,2.968831890837007,True,False,30,barrido q-log; q por deviance de bins,0
1.9,5.0,2000,4,clean,40,pdf,1.8476658969412953,4.268302864631017,True,False,39,CONVERGENCE: RELATIVE REDUCTION OF F <= FACTR*EPSMCH,0
1.9,5.0,2000,4,clean,40,qlog,1.9,3.396198021772247,True,False,39,barrido q-log; q por deviance de bins,0
1.9,5.0,2000,4,clean,50,pdf,1.842081507672736,4.192086516202268,True,False,49,CONVERGENCE: RELATIVE REDUCTION OF F <= FACTR*EPSMCH,0
1.9,5.0,2000,4,clean,50,qlog,1.9,3.4856275789072035,True,False,49,barrido q-log; q por deviance de bins,0
1.9,5.0,2000,4,clean,60,pdf,1.8427760173945327,4.2265940799149755,True,False,58,CONVERGENCE: RELATIVE REDUCTION OF F <= FACTR*EPSMCH,0
1.9,5.0,2000,4,clean,60,qlog,1.9,3.4016037915503845,True,False,58,barrido q-log; q por deviance de bins,0
1.9,5.0,2000,4,clean,70,pdf,1.8418496470251409,4.202397590431012,True,False,68,CONVERGENCE: RELATIVE REDUCTION OF F <= FACTR*EPSMCH,0
1.9,5.0,2000,4,clean,70,qlog,1.92,3.454427893869095,True,False,68,barrido q-log; q por deviance de bins,0
1.9,5.0,2000,4,clean,80,pdf,1.8401953714968344,4.198419326981859,True,False,77,CONVERGENCE: RELATIVE REDUCTION OF F <= FACTR*EPSMCH,0
1.9,5.0,2000,4,clean,80,qlog,1.88,3.288691204565688,True,False,77,barrido q-log; q por deviance de bins,0
1.9,5.0,2000,4,clean,90,pdf,1.8381942887146803,4.16250239716053,True,False,87,CONVERGENCE: RELATIVE REDUCTION OF F <= FACTR*EPSMCH,0
1.9,5.0,2000,4,clean,90,qlog,1.9,3.2132980673748333,True,False,87,barrido q-log; q por deviance de bins,0
1.9,5.0,2000,4,clean,100,pdf,1.8417689466007638,4.201061329483746,True,False,96,CONVERGENCE: RELATIVE REDUCTION OF F <= FACTR*EPSMCH,0
1.9,5.0,2000,4,clean,100,qlog,1.9,3.2382286120788266,True,False,96,barrido q-log; q por deviance de bins,0
1.9,5.0,2000,4,clean,110,pdf,1.8435596900268754,4.227396204061965,True,False,105,CONVERGENCE: RELATIVE REDUCTION OF F <= FACTR*EPSMCH,0
1.9,5.0,2000,4,clean,110,qlog,1.9,3.0713020150760078,True,False,105,barrido q-log; q por deviance de bins,0
1.9,5.0,2000,4,clean,120,pdf,1.841626038712794,4.210231667223295,True,False,115,CONVERGENCE: RELATIVE REDUCTION OF F <= FACTR*EPSMCH,0
1.9,5.0,2000,4,clean,120,qlog,1.88,3.0149459860156558,True,False,115,barrido q-log; q por deviance de bins,0
1.9,5.0,2000,4,clean,130,pdf,1.840776445089275,4.19380807813513,True,False,122,CONVERGENCE: RELATIVE REDUCTION OF F <= FACTR*EPSMCH,0
1.9,5.0,2000,4,clean,130,qlog,1.9,2.9448408563758717,True,False,122,barrido q-log; q por deviance de bins,0
1.9,5.0,2000,4,clean,140,pdf,1.8433578732509681,4.211198638708547,True,False,131,CONVERGENCE: RELATIVE REDUCTION OF F <= FACTR*EPSMCH,0
1.9,5.0,2000,4,clean,140,qlog,1.9,2.9552541814012336,True,False,131,barrido q-log; q por deviance de bins,0
1.9,5.0,2000,4,clean,150,pdf,1.8407091860065679,4.178667402876591,True,False,140,CONVERGENCE: RELATIVE REDUCTION OF F <= FACTR*EPSMCH,0
1.9,5.0,2000,4,clean,150,qlog,1.88,2.7960440887475815,True,False,140,barrido q-log; q por deviance de bins,0
1.9,5.0,2000,4,clean,160,pdf,1.8416570500207876,4.1956438612781985,True,False,147,CONVERGENCE: RELATIVE REDUCTION OF F <= FACTR*EPSMCH,0
1.9,5.0,2000,4,clean,160,qlog,1.88,2.7782698312016114,True,False,147,barrido q-log; q por deviance de bins,0
1.9,5.0,2000,4,clean,170,pdf,1.841489260593761,4.197830254520964,True,False,158,CONVERGENCE: RELATIVE REDUCTION OF F <= FACTR*EPSMCH,0
1.9,5.0,2000,4,clean,170,qlog,1.88,2.76854862646851,True,False,158,barrido q-log; q por deviance de bins,0
1.9,5.0,2000,4,clean,180,pdf,1.8412694290644784,4.196652178577008,True,False,165,CONVERGENCE: RELATIVE REDUCTION OF F <= FACTR*EPSMCH,0
1.9,5.0,2000,4,clean,180,qlog,1.88,2.5606500516187656,True,False,165,barrido q-log; q por deviance de bins,0
1.9,5.0,2000,4,clean,190,pdf,1.8409790418954273,4.186680820495597,True,False,173,CONVERGENCE: RELATIVE REDUCTION OF F <= FACTR*EPSMCH,0
1.9,5.0,2000,4,clean,190,qlog,1.9,2.6192270201184336,True,False,173,barrido q-log; q por deviance de bins,0
1.9,5.0,2000,4,clean,200,pdf,1.843029665714803,4.215027083485296,True,False,178,CONVERGENCE: RELATIVE REDUCTION OF F <= FACTR*EPSMCH,0
1.9,5.0,2000,4,clean,200,qlog,1.9,2.478240589798194,True,False,178,barrido q-log; q por deviance de bins,0
1.9,5.0,2000,4,noisy,10,pdf,1.7614154894694825,2.804910826785527,True,False,10,CONVERGENCE: RELATIVE REDUCTION OF F <= FACTR*EPSMCH,0
1.9,5.0,2000,4,noisy,10,qlog,2.34,0.5355344636645821,True,False,10,barrido q-log; q por deviance de bins,0
1.9,5.0,2000,4,noisy,20,pdf,1.7847622903067117,2.9706068798704948,True,False,20,CONVERGENCE: RELATIVE REDUCTION OF F <= FACTR*EPSMCH,0
1.9,5.0,2000,4,noisy,20,qlog,2.02,1.8986625876402214,True,False,20,barrido q-log; q por deviance de bins,0
1.9,5.0,2000,4,noisy,30,pdf,1.7933473204452257,3.0757225826687824,True,False,30,CONVERGENCE: RELATIVE REDUCTION OF F <= FACTR*EPSMCH,0
1.9,5.0,2000,4,noisy,30,qlog,1.88,2.2173272395877475,True,False,30,barrido q-log; q por deviance de bins,0
1.9,5.0,2000,4,noisy,40,pdf,1.7966309218266028,3.0820372568482615,True,False,39,CONVERGENCE: RELATIVE REDUCTION OF F <= FACTR*EPSMCH,0
1.9,5.0,2000,4,noisy,40,qlog,1.8599999999999999,2.511054036218831,True,False,39,barrido q-log; q por deviance de bins,0
1.9,5.0,2000,4,noisy,50,pdf,1.7915779200397037,3.034223462447183,True,False,48,CONVERGENCE: RELATIVE REDUCTION OF F <= FACTR*EPSMCH,0
1.9,5.0,2000,4,noisy,50,qlog,1.8599999999999999,2.516850195767532,True,False,48,barrido q-log; q por deviance de bins,0
1.9,5.0,2000,4,noisy,60,pdf,1.794917272627396,3.066859159921995,True,False,58,CONVERGENCE: RELATIVE REDUCTION OF F <= FACTR*EPSMCH,0
1.9,5.0,2000,4,noisy,60,qlog,1.88,2.630117829921086,True,False,58,barrido q-log; q por deviance de bins,0
1.9,5.0,2000,4,noisy,70,pdf,1.792080181919243,3.053047668758212,True,False,68,CONVERGENCE: RELATIVE REDUCTION OF F <= FACTR*EPSMCH,0
1.9,5.0,2000,4,noisy,70,qlog,1.9,2.6642522174175616,True,False,68,barrido q-log; q por deviance de bins,0
1.9,5.0,2000,4,noisy,80,pdf,1.7910339317312995,3.0469299547288182,True,False,77,CONVERGENCE: RELATIVE REDUCTION OF F <= FACTR*EPSMCH,0
1.9,5.0,2000,4,noisy,80,qlog,1.8599999999999999,2.559732214592924,True,False,77,barrido q-log; q por deviance de bins,0
1.9,5.0,2000,4,noisy,90,pdf,1.79282434238042,3.0626886036385317,True,False,87,CONVERGENCE: RELATIVE REDUCTION OF F <= FACTR*EPSMCH,0
1.9,5.0,2000,4,noisy,90,qlog,1.8599999999999999,2.3361566995699166,True,False,87,barrido q-log; q por deviance de bins,0
1.9,5.0,2000,4,noisy,100,pdf,1.792948302701214,3.0515768111134824,True,False,95,CONVERGENCE: RELATIVE REDUCTION OF F <= FACTR*EPSMCH,0
1.9,5.0,2000,4,noisy,100,qlog,1.88,2.4835692838778236,True,False,95,barrido q-log; q por deviance de bins,0
1.9,5.0,2000,4,noisy,110,pdf,1.797425815777571,3.0852717811168175,True,False,106,CONVERGENCE: RELATIVE REDUCTION OF F <= FACTR*EPSMCH,0
1.9,5.0,2000,4,noisy,110,qlog,1.88,2.2607452378356983,True,False,106,barrido q-log; q por deviance de bins,0
1.9,5.0,2000,4,noisy,120,pdf,1.794542450130643,3.063681695499786,True,False,115,CONVERGENCE: RELATIVE REDUCTION OF F <= FACTR*EPSMCH,0
1.9,5.0,2000,4,noisy,120,qlog,1.8599999999999999,2.293981823562707,True,False,115,barrido q-log; q por deviance de bins,0
1.9,5.0,2000,4,noisy,130,pdf,1.795122666635403,3.075463908729143,True,False,122,CONVERGENCE: RELATIVE REDUCTION OF F <= FACTR*EPSMCH,0
1.9,5.0,2000,4,noisy,130,qlog,1.88,2.186903019999489,True,False,122,barrido q-log; q por deviance de bins,0
1.9,5.0,2000,4,noisy,140,pdf,1.7935796431144437,3.0590791295263267,True,False,133,CONVERGENCE: RELATIVE REDUCTION OF F <= FACTR*EPSMCH,0
1.9,5.0,2000,4,noisy,140,qlog,1.88,2.2205938875895495,True,False,133,barrido q-log; q por deviance de bins,0
1.9,5.0,2000,4,noisy,150,pdf,1.790621062369393,3.038565065845726,True,False,140,CONVERGENCE: RELATIVE REDUCTION OF F <= FACTR*EPSMCH,0
1.9,5.0,2000,4,noisy,150,qlog,1.8599999999999999,2.0244117551206813,True,False,140,barrido q-log; q por deviance de bins,0
1.9,5.0,2000,4,noisy,160,pdf,1.7937743109874025,3.0664149054424836,True,False,151,CONVERGENCE: RELATIVE REDUCTION OF F <= FACTR*EPSMCH,0
1.9,5.0,2000,4,noisy,160,qlog,1.8599999999999999,2.1917674333272577,True,False,151,barrido q-log; q por deviance de bins,0
1.9,5.0,2000,4,noisy,170,pdf,1.7900922054172994,3.0371498666154286,True,False,158,CONVERGENCE: RELATIVE REDUCTION OF F <= FACTR*EPSMCH,0
1.9,5.0,2000,4,noisy,170,qlog,1.8599999999999999,1.9978659549400635,True,False,158,barrido q-log; q por deviance de bins,0
1.9,5.0,2000,4,noisy,180,pdf,1.7939342516407295,3.06984912349651,True,False,168,CONVERGENCE: RELATIVE REDUCTION OF F <= FACTR*EPSMCH,0
1.9,5.0,2000,4,noisy,180,qlog,1.8599999999999999,2.0657209843134168,True,False,168,barrido q-log; q por deviance de bins,0
1.9,5.0,2000,4,noisy,190,pdf,1.7923576716183016,3.055988610484533,True,False,174,CONVERGENCE: RELATIVE REDUCTION OF F <= FACTR*EPSMCH,0
1.9,5.0,2000,4,noisy,190,qlog,1.88,2.0213049480125482,True,False,174,barrido q-log; q por deviance de bins,0
1.9,5.0,2000,4,noisy,200,pdf,1.7929041916376207,3.0546936464239463,True,False,182,CONVERGENCE: RELATIVE REDUCTION OF F <= FACTR*EPSMCH,0
1.9,5.0,2000,4,noisy,200,qlog,1.88,1.988926460043367,True,False,182,barrido q-log; q por deviance de bins,0
1.9,5.0,2000,5,clean,10,pdf,1.9056967583426536,5.70889504633367,True,False,10,CONVERGENCE: RELATIVE REDUCTION OF F <= FACTR*EPSMCH,0
1.9,5.0,2000,5,clean,10,qlog,2.44,1.0024817085681605,True,False,10,barrido q-log; q por deviance de bins,0
1.9,5.0,2000,5,clean,20,pdf,1.9175483277202605,6.030112749348935,True,False,20,CONVERGENCE: RELATIVE REDUCTION OF F <= FACTR*EPSMCH,0
1.9,5.0,2000,5,clean,20,qlog,2.12,3.530730593045713,True,False,20,barrido q-log; q por deviance de bins,0
1.9,5.0,2000,5,clean,30,pdf,1.9099329581432605,5.891973093358463,True,False,30,CONVERGENCE: RELATIVE REDUCTION OF F <= FACTR*EPSMCH,0
1.9,5.0,2000,5,clean,30,qlog,1.98,3.954522898442363,True,False,30,barrido q-log; q por deviance de bins,0
1.9,5.0,2000,5,clean,40,pdf,1.9217270754176003,6.141788414402867,True,False,40,CONVERGENCE: NORM OF PROJECTED GRADIENT <= PGTOL,0
1.9,5.0,2000,5,clean,40,qlog,1.96,4.585064134711918,True,False,40,barrido q-log; q por deviance de bins,0
1.9,5.0,2000,5,clean,50,pdf,1.916505420349993,5.996707423886566,True,False,49,CONVERGENCE: RELATIVE REDUCTION OF F <= FACTR*EPSMCH,0
1.9,5.0,2000,5,clean,50,qlog,1.96,4.85515890926593,True,False,49,barrido q-log; q por deviance de bins,0
1.9,5.0,2000,5,clean,60,pdf,1.91202615571991,5.943301508410715,True,False,59,CONVERGENCE: RELATIVE REDUCTION OF F <= FACTR*EPSMCH,0
1.9,5.0,2000,5,clean,60,qlog,1.92,4.433299817275588,True,False,59,barrido q-log; q por deviance de bins,0
1.9,5.0,2000,5,clean,70,pdf,1.914318992742915,5.936716693723326,True,False,69,CONVERGENCE: RELATIVE REDUCTION OF F <= FACTR*EPSMCH,0
1.9,5.0,2000,5,clean,70,qlog,1.94,4.355111235556149,True,False,69,barrido q-log; q por deviance de bins,0
1.9,5.0,2000,5,clean,80,pdf,1.9172673944241498,6.028753068794042,True,False,79,CONVERGENCE: RELATIVE REDUCTION OF F <= FACTR*EPSMCH,0
1.9,5.0,2000,5,clean,80,qlog,1.92,4.362274035108031,True,False,79,barrido q-log; q por deviance de bins,0
1.9,5.0,2000,5,clean,90,pdf,1.9163307601910844,5.993362801490619,True,False,88,CONVERGENCE: RELATIVE REDUCTION OF F <= FACTR*EPSMCH,0
1.9,5.0,2000,5,clean,90,qlog,1.94,4.426487785481998,True,False,88,barrido q-log; q por deviance de bins,0
1.9,5.0,2000,5,clean,100,pdf,1.9138762122425201,5.949623938746101,True,False,98,CONVERGENCE: RELATIVE REDUCTION OF F <= FACTR*EPSMCH,0
1.9,5.0,2000,5,clean,100,qlog,1.94,4.357632124948001,True,False,98,barrido q-log; q por deviance de bins,0
1.9,5.0,2000,5,clean,110,pdf,1.913755471872842,5.928567039825356,True,False,107,CONVERGENCE: RELATIVE REDUCTION OF F <= FACTR*EPSMCH,0
1.9,5.0,2000,5,clean,110,qlog,1.92,4.035387035730614,True,False,107,barrido q-log; q por deviance de bins,0
1.9,5.0,2000,5,clean,120,pdf,1.9142318921723132,5.9870202164408,True,False,115,CONVERGENCE: RELATIVE REDUCTION OF F <= FACTR*EPSMCH,0
1.9,5.0,2000,5,clean,120,qlog,1.94,3.976045194604898,True,False,115,barrido q-log; q por deviance de bins,0
1.9,5.0,2000,5,clean,130,pdf,1.9180496343293458,6.022545447253511,True,False,126,CONVERGENCE: RELATIVE REDUCTION OF F <= FACTR*EPSMCH,0
1.9,5.0,2000,5,clean,130,qlog,1.92,3.94183110408051,True,False,126,barrido q-log; q por deviance de bins,0
1.9,5.0,2000,5,clean,140,pdf,1.9156571892838843,5.9714017367956975,True,False,133,CONVERGENCE: RELATIVE REDUCTION OF F <= FACTR*EPSMCH,0
1.9,5.0,2000,5,clean,140,qlog,1.94,3.7162690137729717,True,False,133,barrido q-log; q por deviance de bins,0
1.9,5.0,2000,5,clean,150,pdf,1.9160956050101703,5.995424112152134,True,False,139,CONVERGENCE: RELATIVE REDUCTION OF F <= FACTR*EPSMCH,0
1.9,5.0,2000,5,clean,150,qlog,1.94,3.469208149821551,True,False,139,barrido q-log; q por deviance de bins,0
1.9,5.0,2000,5,clean,160,pdf,1.9169467378110023,6.002832653405677,True,False,151,CONVERGENCE: RELATIVE REDUCTION OF F <= FACTR*EPSMCH,0
1.9,5.0,2000,5,clean,160,qlog,1.94,3.6280501973743706,True,False,151,barrido q-log; q por deviance de bins,0
1.9,5.0,2000,5,clean,170,pdf,1.9170556017918752,6.014017727946307,True,False,158,CONVERGENCE: RELATIVE REDUCTION OF F <= FACTR*EPSMCH,0
1.9,5.0,2000,5,clean,170,qlog,1.94,3.4430397465026634,True,False,158,barrido q-log; q por deviance de bins,0
1.9,5.0,2000,5,clean,180,pdf,1.9167963354456454,6.011475350580152,True,False,165,CONVERGENCE: RELATIVE REDUCTION OF F <= FACTR*EPSMCH,0
1.9,5.0,2000,5,clean,180,qlog,1.94,3.356769314512051,True,False,165,barrido q-log; q por deviance de bins,0
1.9,5.0,2000,5,clean,190,pdf,1.9146240163605226,5.964152741167099,True,False,176,CONVERGENCE: RELATIVE REDUCTION OF F <= FACTR*EPSMCH,0
1.9,5.0,2000,5,clean,190,qlog,1.94,3.408391270022452,True,False,176,barrido q-log; q por deviance de bins,0
1.9,5.0,2000,5,clean,200,pdf,1.916205372623155,6.003913926407046,True,False,184,CONVERGENCE: RELATIVE REDUCTION OF F <= FACTR*EPSMCH,0
1.9,5.0,2000,5,clean,200,qlog,1.96,3.469162902007902,True,False,184,barrido q-log; q por deviance de bins,0
1.9,5.0,2000,5,noisy,10,pdf,1.8705374821017564,4.389624584793836,True,False,10,CONVERGENCE: RELATIVE REDUCTION OF F <= FACTR*EPSMCH,0
1.9,5.0,2000,5,noisy,10,qlog,2.4000000000000004,0.6622316160597136,True,False,10,barrido q-log; q por deviance de bins,0
1.9,5.0,2000,5,noisy,20,pdf,1.884325305710074,4.548135725361344,True,False,20,CONVERGENCE: RELATIVE REDUCTION OF F <= FACTR*EPSMCH,0
1.9,5.0,2000,5,noisy,20,qlog,2.1,2.69196455305068,True,False,20,barrido q-log; q por deviance de bins,0
1.9,5.0,2000,5,noisy,30,pdf,1.8773840569529583,4.5058132400269395,True,False,30,CONVERGENCE: RELATIVE REDUCTION OF F <= FACTR*EPSMCH,0
1.9,5.0,2000,5,noisy,30,qlog,1.96,3.141047580518255,True,False,30,barrido q-log; q por deviance de bins,0
1.9,5.0,2000,5,noisy,40,pdf,1.882825305252954,4.538546443582593,True,False,40,CONVERGENCE: RELATIVE REDUCTION OF F <= FACTR*EPSMCH,0
1.9,5.0,2000,5,noisy,40,qlog,1.94,3.5713026306164726,True,False,40,barrido q-log; q por deviance de bins,0
1.9,5.0,2000,5,noisy,50,pdf,1.88116795249062,4.512381590800105,True,False,49,CONVERGENCE: RELATIVE REDUCTION OF F <= FACTR*EPSMCH,0
1.9,5.0,2000,5,noisy,50,qlog,1.92,3.493336367692135,True,False,49,barrido q-log; q por deviance de bins,0
1.9,5.0,2000,5,noisy,60,pdf,1.8778602279331638,4.479270149389635,True,False,59,CONVERGENCE: RELATIVE REDUCTION OF F <= FACTR*EPSMCH,0
1.9,5.0,2000,5,noisy,60,qlog,1.9,3.579405252867912,True,False,59,barrido q-log; q por deviance de bins,0
1.9,5.0,2000,5,noisy,70,pdf,1.8857600099336789,4.574537622162022,True,False,69,CONVERGENCE: RELATIVE REDUCTION OF F <= FACTR*EPSMCH,0
1.9,5.0,2000,5,noisy,70,qlog,1.92,3.6684508426328657,True,False,69,barrido q-log; q por deviance de bins,0
1.9,5.0,2000,5,noisy,80,pdf,1.8801116730486456,4.4844177554723945,True,False,79,CONVERGENCE: RELATIVE REDUCTION OF F <= FACTR*EPSMCH,0
1.9,5.0,2000,5,noisy,80,qlog,1.9,3.298790170017519,True,False,79,barrido q-log; q por deviance de bins,0
1.9,5.0,2000,5,noisy,90,pdf,1.8787294170315025,4.495553886804357,True,False,88,CONVERGENCE: RELATIVE REDUCTION OF F <= FACTR*EPSMCH,0
1.9,5.0,2000,5,noisy,90,qlog,1.9,3.4412314915338924,True,False,88,barrido q-log; q por deviance de bins,0
1.9,5.0,2000,5,noisy,100,pdf,1.8798667192042389,4.48699525191405,True,False,98,CONVERGENCE: RELATIVE REDUCTION OF F <= FACTR*EPSMCH,0
1.9,5.0,2000,5,noisy,100,qlog,1.9,3.2268835018011153,True,False,98,barrido q-log; q por deviance de bins,0
1.9,5.0,2000,5,noisy,110,pdf,1.8800251684591809,4.502281042372417,True,False,106,CONVERGENCE: RELATIVE REDUCTION OF F <= FACTR*EPSMCH,0
1.9,5.0,2000,5,noisy,110,qlog,1.9,3.134848763610159,True,False,106,barrido q-log; q por deviance de bins,0
1.9,5.0,2000,5,noisy,120,pdf,1.8774813871017981,4.482944645442812,True,False,115,CONVERGENCE: RELATIVE REDUCTION OF F <= FACTR*EPSMCH,0
1.9,5.0,2000,5,noisy,120,qlog,1.92,3.209376122548541,True,False,115,barrido q-log; q por deviance de bins,0
1.9,5.0,2000,5,noisy,130,pdf,1.880024970107231,4.500950685506481,True,False,125,CONVERGENCE: RELATIVE REDUCTION OF F <= FACTR*EPSMCH,0
1.9,5.0,2000,5,noisy,130,qlog,1.9,3.119133987089701,True,False,125,barrido q-log; q por deviance de bins,0
1.9,5.0,2000,5,noisy,140,pdf,1.879860675368813,4.496057336986243,True,False,134,CONVERGENCE: RELATIVE REDUCTION OF F <= FACTR*EPSMCH,0
1.9,5.0,2000,5,noisy,140,qlog,1.92,2.9087713999940683,True,False,134,barrido q-log; q por deviance de bins,0
1.9,5.0,2000,5,noisy,150,pdf,1.8814991529291027,4.519820407070123,True,False,142,CONVERGENCE: RELATIVE REDUCTION OF F <= FACTR*EPSMCH,0
1.9,5.0,2000,5,noisy,150,qlog,1.92,3.0427587790284187,True,False,142,barrido q-log; q por deviance de bins,0
1.9,5.0,2000,5,noisy,160,pdf,1.8818577297501915,4.523425703786201,True,False,149,CONVERGENCE: RELATIVE REDUCTION OF F <= FACTR*EPSMCH,0
1.9,5.0,2000,5,noisy,160,qlog,1.92,2.7569183199828773,True,False,149,barrido q-log; q por deviance de bins,0
1.9,5.0,2000,5,noisy,170,pdf,1.8820985236752967,4.51619156999669,True,False,156,CONVERGENCE: RELATIVE REDUCTION OF F <= FACTR*EPSMCH,0
1.9,5.0,2000,5,noisy,170,qlog,1.92,2.6155409203917594,True,False,156,barrido q-log; q por deviance de bins,0
1.9,5.0,2000,5,noisy,180,pdf,1.8787803043179463,4.486351017455395,True,False,167,CONVERGENCE: RELATIVE REDUCTION OF F <= FACTR*EPSMCH,0
1.9,5.0,2000,5,noisy,180,qlog,1.92,2.7040854021481824,True,False,167,barrido q-log; q por deviance de bins,0
1.9,5.0,2000,5,noisy,190,pdf,1.8808364512329863,4.506135255439634,True,False,177,CONVERGENCE: RELATIVE REDUCTION OF F <= FACTR*EPSMCH,0
1.9,5.0,2000,5,noisy,190,qlog,1.92,2.713317347923379,True,False,177,barrido q-log; q por deviance de bins,0
1.9,5.0,2000,5,noisy,200,pdf,1.8811723793192887,4.515764261327544,True,False,182,CONVERGENCE: RELATIVE REDUCTION OF F <= FACTR*EPSMCH,0
1.9,5.0,2000,5,noisy,200,qlog,1.92,2.620108685523493,True,False,182,barrido q-log; q por deviance de bins,0
1.9,5.0,2000,6,clean,10,pdf,1.9159666091469114,5.144913126068693,True,False,10,CONVERGENCE: NORM OF PROJECTED GRADIENT <= PGTOL,0
1.9,5.0,2000,6,clean,10,qlog,2.34,1.9817300002396576,True,False,10,barrido q-log; q por deviance de bins,0
1.9,5.0,2000,6,clean,20,pdf,1.9136239640256285,5.103510282109966,True,False,20,CONVERGENCE: RELATIVE REDUCTION OF F <= FACTR*EPSMCH,0
1.9,5.0,2000,6,clean,20,qlog,2.04,3.520026333607938,True,False,20,barrido q-log; q por deviance de bins,0
1.9,5.0,2000,6,clean,30,pdf,1.8928390189275288,4.743750264474995,True,False,30,CONVERGENCE: RELATIVE REDUCTION OF F <= FACTR*EPSMCH,0
1.9,5.0,2000,6,clean,30,qlog,1.94,3.66032658149014,True,False,30,barrido q-log; q por deviance de bins,0
1.9,5.0,2000,6,clean,40,pdf,1.9053623704312614,4.900377852593224,True,False,40,CONVERGENCE: NORM OF PROJECTED GRADIENT <= PGTOL,0
1.9,5.0,2000,6,clean,40,qlog,1.92,3.8922062305535707,True,False,40,barrido q-log; q por deviance de bins,0
1.9,5.0,2000,6,clean,50,pdf,1.9020144715108838,4.874072645331013,True,False,49,CONVERGENCE: NORM OF PROJECTED GRADIENT <= PGTOL,0
1.9,5.0,2000,6,clean,50,qlog,1.92,4.058906571954805,True,False,49,barrido q-log; q por deviance de bins,0
1.9,5.0,2000,6,clean,60,pdf,1.9038785539730685,4.917276271362688,True,False,59,CONVERGENCE: RELATIVE REDUCTION OF F <= FACTR*EPSMCH,0
1.9,5.0,2000,6,clean,60,qlog,1.92,4.07886392470573,True,False,59,barrido q-log; q por deviance de bins,0
1.9,5.0,2000,6,clean,70,pdf,1.9037236327837657,4.878549413966813,True,False,69,CONVERGENCE: RELATIVE REDUCTION OF F <= FACTR*EPSMCH,0
1.9,5.0,2000,6,clean,70,qlog,1.9,3.853767452989259,True,False,69,barrido q-log; q por deviance de bins,0
1.9,5.0,2000,6,clean,80,pdf,1.9040774044846698,4.894583009508944,True,False,78,CONVERGENCE: RELATIVE REDUCTION OF F <= FACTR*EPSMCH,0
1.9,5.0,2000,6,clean,80,qlog,1.9,3.7515847462430636,True,False,78,barrido q-log; q por deviance de bins,0
1.9,5.0,2000,6,clean,90,pdf,1.901295680666679,4.865207254846098,True,False,87,CONVERGENCE: RELATIVE REDUCTION OF F <= FACTR*EPSMCH,0
1.9,5.0,2000,6,clean,90,qlog,1.9,3.8511462194272994,True,False,87,barrido q-log; q por deviance de bins,0
1.9,5.0,2000,6,clean,100,pdf,1.903642489743857,4.906725398360102,True,False,97,CONVERGENCE: RELATIVE REDUCTION OF F <= FACTR*EPSMCH,0
1.9,5.0,2000,6,clean,100,qlog,1.9,3.6992336545503415,True,False,97,barrido q-log; q por deviance de bins,0
1.9,5.0,2000,6,clean,110,pdf,1.9014001979989141,4.863290850659503,True,False,106,CONVERGENCE: RELATIVE REDUCTION OF F <= FACTR*EPSMCH,0
1.9,5.0,2000,6,clean,110,qlog,1.9,3.5099803158771223,True,False,106,barrido q-log; q por deviance de bins,0
1.9,5.0,2000,6,clean,120,pdf,1.905232840491246,4.9116224046688775,True,False,116,CONVERGENCE: RELATIVE REDUCTION OF F <= FACTR*EPSMCH,0
1.9,5.0,2000,6,clean,120,qlog,1.9,3.3956603963153373,True,False,116,barrido q-log; q por deviance de bins,0
1.9,5.0,2000,6,clean,130,pdf,1.9013740464860764,4.8454071229945574,True,False,126,CONVERGENCE: RELATIVE REDUCTION OF F <= FACTR*EPSMCH,0
1.9,5.0,2000,6,clean,130,qlog,1.9,3.298130484578434,True,False,126,barrido q-log; q por deviance de bins,0
1.9,5.0,2000,6,clean,140,pdf,1.9034464942743357,4.874860782881416,True,False,132,CONVERGENCE: RELATIVE REDUCTION OF F <= FACTR*EPSMCH,0
1.9,5.0,2000,6,clean,140,qlog,1.9,3.2010986359141382,True,False,132,barrido q-log; q por deviance de bins,0
1.9,5.0,2000,6,clean,150,pdf,1.903154779325509,4.880586887333548,True,False,141,CONVERGENCE: RELATIVE REDUCTION OF F <= FACTR*EPSMCH,0
1.9,5.0,2000,6,clean,150,qlog,1.9,3.1365066006153373,True,False,141,barrido q-log; q por deviance de bins,0
1.9,5.0,2000,6,clean,160,pdf,1.903207303596435,4.88885418499575,True,False,150,CONVERGENCE: RELATIVE REDUCTION OF F <= FACTR*EPSMCH,0
1.9,5.0,2000,6,clean,160,qlog,1.9,3.083500813693409,True,False,150,barrido q-log; q por deviance de bins,0
1.9,5.0,2000,6,clean,170,pdf,1.902739161754181,4.870843025926858,True,False,159,CONVERGENCE: RELATIVE REDUCTION OF F <= FACTR*EPSMCH,0
1.9,5.0,2000,6,clean,170,qlog,1.9,3.01766046655494,True,False,159,barrido q-log; q por deviance de bins,0
1.9,5.0,2000,6,clean,180,pdf,1.9024235696047243,4.880405558943725,True,False,170,CONVERGENCE: RELATIVE REDUCTION OF F <= FACTR*EPSMCH,0
1.9,5.0,2000,6,clean,180,qlog,1.9,3.037827568387277,True,False,170,barrido q-log; q por deviance de bins,0
1.9,5.0,2000,6,clean,190,pdf,1.9014053431405453,4.8628501368912245,True,False,176,CONVERGENCE: RELATIVE REDUCTION OF F <= FACTR*EPSMCH,0
1.9,5.0,2000,6,clean,190,qlog,1.9,2.9152640453380116,True,False,176,barrido q-log; q por deviance de bins,0
1.9,5.0,2000,6,clean,200,pdf,1.9031404835248635,4.889961854331205,True,False,186,CONVERGENCE: RELATIVE REDUCTION OF F <= FACTR*EPSMCH,0
1.9,5.0,2000,6,clean,200,qlog,1.9,2.915346461275271,True,False,186,barrido q-log; q por deviance de bins,0
1.9,5.0,2000,6,noisy,10,pdf,1.8572296253335907,3.6687923419548225,True,False,10,CONVERGENCE: RELATIVE REDUCTION OF F <= FACTR*EPSMCH,0
1.9,5.0,2000,6,noisy,10,qlog,2.3,1.2260051177013023,True,False,10,barrido q-log; q por deviance de bins,0
1.9,5.0,2000,6,noisy,20,pdf,1.8715649271418582,3.8351848376650697,True,False,20,CONVERGENCE: RELATIVE REDUCTION OF F <= FACTR*EPSMCH,0
1.9,5.0,2000,6,noisy,20,qlog,2.0,2.587376433870919,True,False,20,barrido q-log; q por deviance de bins,0
1.9,5.0,2000,6,noisy,30,pdf,1.8615571105126703,3.7608658664070758,True,False,30,CONVERGENCE: RELATIVE REDUCTION OF F <= FACTR*EPSMCH,0
1.9,5.0,2000,6,noisy,30,qlog,1.9,2.822810857184598,True,False,30,barrido q-log; q por deviance de bins,0
1.9,5.0,2000,6,noisy,40,pdf,1.8725761780250305,3.8412158975602315,True,False,40,CONVERGENCE: RELATIVE REDUCTION OF F <= FACTR*EPSMCH,0
1.9,5.0,2000,6,noisy,40,qlog,1.9,3.223796661912812,True,False,40,barrido q-log; q por deviance de bins,0
1.9,5.0,2000,6,noisy,50,pdf,1.8619874509878145,3.7362641235439495,True,False,49,CONVERGENCE: RELATIVE REDUCTION OF F <= FACTR*EPSMCH,0
1.9,5.0,2000,6,noisy,50,qlog,1.88,3.170868041190779,True,False,49,barrido q-log; q por deviance de bins,0
1.9,5.0,2000,6,noisy,60,pdf,1.8686509003075318,3.825176857133006,True,False,59,CONVERGENCE: RELATIVE REDUCTION OF F <= FACTR*EPSMCH,0
1.9,5.0,2000,6,noisy,60,qlog,1.88,3.2696502296095775,True,False,59,barrido q-log; q por deviance de bins,0
1.9,5.0,2000,6,noisy,70,pdf,1.8682625273074465,3.7916430271446275,True,False,69,CONVERGENCE: RELATIVE REDUCTION OF F <= FACTR*EPSMCH,0
1.9,5.0,2000,6,noisy,70,qlog,1.88,3.24864231919405,True,False,69,barrido q-log; q por deviance de bins,0
1.9,5.0,2000,6,noisy,80,pdf,1.8680528495989175,3.788891629876374,True,False,78,CONVERGENCE: RELATIVE REDUCTION OF F <= FACTR*EPSMCH,0
1.9,5.0,2000,6,noisy,80,qlog,1.88,3.1146641449492605,True,False,78,barrido q-log; q por deviance de bins,0
1.9,5.0,2000,6,noisy,90,pdf,1.8672893811432933,3.785589605037932,True,False,88,CONVERGENCE: RELATIVE REDUCTION OF F <= FACTR*EPSMCH,0
1.9,5.0,2000,6,noisy,90,qlog,1.8599999999999999,2.8231365694463206,True,False,88,barrido q-log; q por deviance de bins,0
1.9,5.0,2000,6,noisy,100,pdf,1.8673368162295207,3.800821934927675,True,False,97,CONVERGENCE: RELATIVE REDUCTION OF F <= FACTR*EPSMCH,0
1.9,5.0,2000,6,noisy,100,qlog,1.88,2.945178829897787,True,False,97,barrido q-log; q por deviance de bins,0
1.9,5.0,2000,6,noisy,110,pdf,1.8651804536977032,3.75690185302046,True,False,106,CONVERGENCE: RELATIVE REDUCTION OF F <= FACTR*EPSMCH,0
1.9,5.0,2000,6,noisy,110,qlog,1.88,2.932446450578991,True,False,106,barrido q-log; q por deviance de bins,0
1.9,5.0,2000,6,noisy,120,pdf,1.869302839093055,3.8156123151490853,True,False,116,CONVERGENCE: RELATIVE REDUCTION OF F <= FACTR*EPSMCH,0
1.9,5.0,2000,6,noisy,120,qlog,1.88,2.8509805123627254,True,False,116,barrido q-log; q por deviance de bins,0
1.9,5.0,2000,6,noisy,130,pdf,1.864961174868322,3.7672587535282283,True,False,126,CONVERGENCE: RELATIVE REDUCTION OF F <= FACTR*EPSMCH,0
1.9,5.0,2000,6,noisy,130,qlog,1.8599999999999999,2.663599638444046,True,False,126,barrido q-log; q por deviance de bins,0
1.9,5.0,2000,6,noisy,140,pdf,1.8678363779623295,3.7952160899597414,True,False,134,CONVERGENCE: RELATIVE REDUCTION OF F <= FACTR*EPSMCH,0
1.9,5.0,2000,6,noisy,140,qlog,1.88,2.753627501338486,True,False,134,barrido q-log; q por deviance de bins,0
1.9,5.0,2000,6,noisy,150,pdf,1.8666223662795502,3.78698338898579,True,False,144,CONVERGENCE: RELATIVE REDUCTION OF F <= FACTR*EPSMCH,0
1.9,5.0,2000,6,noisy,150,qlog,1.88,2.723169535802604,True,False,144,barrido q-log; q por deviance de bins,0
1.9,5.0,2000,6,noisy,160,pdf,1.865651279902998,3.770659037932552,True,False,150,CONVERGENCE: RELATIVE REDUCTION OF F <= FACTR*EPSMCH,0
1.9,5.0,2000,6,noisy,160,qlog,1.88,2.5872358560166897,True,False,150,barrido q-log; q por deviance de bins,0
1.9,5.0,2000,6,noisy,170,pdf,1.866688738748895,3.7828787857671218,True,False,162,CONVERGENCE: RELATIVE REDUCTION OF F <= FACTR*EPSMCH,0
1.9,5.0,2000,6,noisy,170,qlog,1.88,2.6518067979228173,True,False,162,barrido q-log; q por deviance de bins,0
1.9,5.0,2000,6,noisy,180,pdf,1.8678820948921688,3.796751887645343,True,False,170,CONVERGENCE: RELATIVE REDUCTION OF F <= FACTR*EPSMCH,0
1.9,5.0,2000,6,noisy,180,qlog,1.88,2.529763613833698,True,False,170,barrido q-log; q por deviance de bins,0
1.9,5.0,2000,6,noisy,190,pdf,1.8662031380870325,3.7838111259543408,True,False,177,CONVERGENCE: RELATIVE REDUCTION OF F <= FACTR*EPSMCH,0
1.9,5.0,2000,6,noisy,190,qlog,1.88,2.5189937540609946,True,False,177,barrido q-log; q por deviance de bins,0
1.9,5.0,2000,6,noisy,200,pdf,1.8670032687980969,3.7880404869085234,True,False,182,CONVERGENCE: RELATIVE REDUCTION OF F <= FACTR*EPSMCH,0
1.9,5.0,2000,6,noisy,200,qlog,1.8599999999999999,2.1242385386848346,True,False,182,barrido q-log; q por deviance de bins,0
1.9,5.0,2000,7,clean,10,pdf,1.890531986864606,4.861768004755114,True,False,10,CONVERGENCE: RELATIVE REDUCTION OF F <= FACTR*EPSMCH,0
1.9,5.0,2000,7,clean,10,qlog,2.4000000000000004,1.0706574994794764,True,False,10,barrido q-log; q por deviance de bins,0
1.9,5.0,2000,7,clean,20,pdf,1.9093635959028048,5.239650460885951,True,False,20,CONVERGENCE: RELATIVE REDUCTION OF F <= FACTR*EPSMCH,0
1.9,5.0,2000,7,clean,20,qlog,2.1,3.3941258163445385,True,False,20,barrido q-log; q por deviance de bins,0
1.9,5.0,2000,7,clean,30,pdf,1.904985432480449,5.128274580188838,True,False,30,CONVERGENCE: RELATIVE REDUCTION OF F <= FACTR*EPSMCH,0
1.9,5.0,2000,7,clean,30,qlog,1.98,3.7846011143548575,True,False,30,barrido q-log; q por deviance de bins,0
1.9,5.0,2000,7,clean,40,pdf,1.9126730563867989,5.246668730399332,True,False,40,CONVERGENCE: RELATIVE REDUCTION OF F <= FACTR*EPSMCH,0
1.9,5.0,2000,7,clean,40,qlog,1.96,4.029223903574266,True,False,40,barrido q-log; q por deviance de bins,0
1.9,5.0,2000,7,clean,50,pdf,1.9113605307577313,5.251556480502584,True,False,48,CONVERGENCE: RELATIVE REDUCTION OF F <= FACTR*EPSMCH,0
1.9,5.0,2000,7,clean,50,qlog,1.98,4.321812670343243,True,False,48,barrido q-log; q por deviance de bins,0
1.9,5.0,2000,7,clean,60,pdf,1.913112517605492,5.262937739815914,True,False,59,CONVERGENCE: RELATIVE REDUCTION OF F <= FACTR*EPSMCH,0
1.9,5.0,2000,7,clean,60,qlog,1.94,4.0050443310526935,True,False,59,barrido q-log; q por deviance de bins,0
1.9,5.0,2000,7,clean,70,pdf,1.9087859881306568,5.19364576154106,True,False,68,CONVERGENCE: RELATIVE REDUCTION OF F <= FACTR*EPSMCH,0
1.9,5.0,2000,7,clean,70,qlog,1.94,4.133265487832797,True,False,68,barrido q-log; q por deviance de bins,0
1.9,5.0,2000,7,clean,80,pdf,1.9100305999114868,5.2305968293547,True,False,77,CONVERGENCE: RELATIVE REDUCTION OF F <= FACTR*EPSMCH,0
1.9,5.0,2000,7,clean,80,qlog,1.96,4.128444636035227,True,False,77,barrido q-log; q por deviance de bins,0
1.9,5.0,2000,7,clean,90,pdf,1.9114329261128808,5.202649257997405,True,False,86,CONVERGENCE: RELATIVE REDUCTION OF F <= FACTR*EPSMCH,0
1.9,5.0,2000,7,clean,90,qlog,1.96,3.8780199961686597,True,False,86,barrido q-log; q por deviance de bins,0
1.9,5.0,2000,7,clean,100,pdf,1.9129131899777505,5.288242402828489,True,False,95,CONVERGENCE: RELATIVE REDUCTION OF F <= FACTR*EPSMCH,0
1.9,5.0,2000,7,clean,100,qlog,1.98,3.8190551937045196,True,False,95,barrido q-log; q por deviance de bins,0
1.9,5.0,2000,7,clean,110,pdf,1.9093213426499196,5.209529042841095,True,False,104,CONVERGENCE: RELATIVE REDUCTION OF F <= FACTR*EPSMCH,0
1.9,5.0,2000,7,clean,110,qlog,1.96,3.845767251143091,True,False,104,barrido q-log; q por deviance de bins,0
1.9,5.0,2000,7,clean,120,pdf,1.9091902196241457,5.201935588254743,True,False,114,CONVERGENCE: RELATIVE REDUCTION OF F <= FACTR*EPSMCH,0
1.9,5.0,2000,7,clean,120,qlog,1.94,3.504598107609917,True,False,114,barrido q-log; q por deviance de bins,0
1.9,5.0,2000,7,clean,130,pdf,1.910860721409398,5.233789602997236,True,False,120,CONVERGENCE: RELATIVE REDUCTION OF F <= FACTR*EPSMCH,0
1.9,5.0,2000,7,clean,130,qlog,1.96,3.6585767728585545,True,False,120,barrido q-log; q por deviance de bins,0
1.9,5.0,2000,7,clean,140,pdf,1.9120363063268428,5.257082039576347,True,False,130,CONVERGENCE: RELATIVE REDUCTION OF F <= FACTR*EPSMCH,0
1.9,5.0,2000,7,clean,140,qlog,1.96,3.615002342100556,True,False,130,barrido q-log; q por deviance de bins,0
1.9,5.0,2000,7,clean,150,pdf,1.9108337427640598,5.239701587883452,True,False,139,CONVERGENCE: RELATIVE REDUCTION OF F <= FACTR*EPSMCH,0
1.9,5.0,2000,7,clean,150,qlog,1.96,3.394802021277378,True,False,139,barrido q-log; q por deviance de bins,0
1.9,5.0,2000,7,clean,160,pdf,1.9112401361643923,5.2324055410944235,True,False,148,CONVERGENCE: RELATIVE REDUCTION OF F <= FACTR*EPSMCH,0
1.9,5.0,2000,7,clean,160,qlog,1.96,3.177446342173015,True,False,148,barrido q-log; q por deviance de bins,0
1.9,5.0,2000,7,clean,170,pdf,1.912329868175341,5.262191297894985,True,False,160,CONVERGENCE: RELATIVE REDUCTION OF F <= FACTR*EPSMCH,0
1.9,5.0,2000,7,clean,170,qlog,1.96,3.5665672010612592,True,False,160,barrido q-log; q por deviance de bins,0
1.9,5.0,2000,7,clean,180,pdf,1.9111828814768523,5.238546412301504,True,False,161,CONVERGENCE: RELATIVE REDUCTION OF F <= FACTR*EPSMCH,0
1.9,5.0,2000,7,clean,180,qlog,1.96,3.000799816707555,True,False,161,barrido q-log; q por deviance de bins,0
1.9,5.0,2000,7,clean,190,pdf,1.908865895307096,5.209499198972332,True,False,171,CONVERGENCE: RELATIVE REDUCTION OF F <= FACTR*EPSMCH,0
1.9,5.0,2000,7,clean,190,qlog,1.96,2.8907230802894155,True,False,171,barrido q-log; q por deviance de bins,0
1.9,5.0,2000,7,clean,200,pdf,1.9108400373344332,5.241958829180736,True,False,178,CONVERGENCE: RELATIVE REDUCTION OF F <= FACTR*EPSMCH,0
1.9,5.0,2000,7,clean,200,qlog,1.98,2.844926723780804,True,False,178,barrido q-log; q por deviance de bins,0
1.9,5.0,2000,7,noisy,10,pdf,1.8383386758927833,3.604474519361639,True,False,10,CONVERGENCE: NORM OF PROJECTED GRADIENT <= PGTOL,0
1.9,5.0,2000,7,noisy,10,qlog,2.38,0.6904931775286893,True,False,10,barrido q-log; q por deviance de bins,0
1.9,5.0,2000,7,noisy,20,pdf,1.8547066373387437,3.7116654056221687,True,False,20,CONVERGENCE: RELATIVE REDUCTION OF F <= FACTR*EPSMCH,0
1.9,5.0,2000,7,noisy,20,qlog,2.06,2.261702127091305,True,False,20,barrido q-log; q por deviance de bins,0
1.9,5.0,2000,7,noisy,30,pdf,1.8505980165129903,3.6365931987688245,True,False,30,CONVERGENCE: RELATIVE REDUCTION OF F <= FACTR*EPSMCH,0
1.9,5.0,2000,7,noisy,30,qlog,1.94,2.6680740782593064,True,False,30,barrido q-log; q por deviance de bins,0
1.9,5.0,2000,7,noisy,40,pdf,1.8620576325913607,3.7263421642229777,True,False,40,CONVERGENCE: RELATIVE REDUCTION OF F <= FACTR*EPSMCH,0
1.9,5.0,2000,7,noisy,40,qlog,1.94,2.977438486311961,True,False,40,barrido q-log; q por deviance de bins,0
1.9,5.0,2000,7,noisy,50,pdf,1.8564234944814109,3.667518282893944,True,False,48,CONVERGENCE: RELATIVE REDUCTION OF F <= FACTR*EPSMCH,0
1.9,5.0,2000,7,noisy,50,qlog,1.96,2.916391419152684,True,False,48,barrido q-log; q por deviance de bins,0
1.9,5.0,2000,7,noisy,60,pdf,1.8606705764394853,3.7150165477726085,True,False,59,CONVERGENCE: NORM OF PROJECTED GRADIENT <= PGTOL,0
1.9,5.0,2000,7,noisy,60,qlog,1.92,3.0281022370038624,True,False,59,barrido q-log; q por deviance de bins,0
1.9,5.0,2000,7,noisy,70,pdf,1.8525949143258948,3.633145439493809,True,False,68,CONVERGENCE: RELATIVE REDUCTION OF F <= FACTR*EPSMCH,0
1.9,5.0,2000,7,noisy,70,qlog,1.92,2.949629955230199,True,False,68,barrido q-log; q por deviance de bins,0
1.9,5.0,2000,7,noisy,80,pdf,1.855348139372242,3.653475236478369,True,False,77,CONVERGENCE: RELATIVE REDUCTION OF F <= FACTR*EPSMCH,0
1.9,5.0,2000,7,noisy,80,qlog,1.94,2.8763916504964477,True,False,77,barrido q-log; q por deviance de bins,0
1.9,5.0,2000,7,noisy,90,pdf,1.859677131786291,3.6976989976279806,True,False,87,CONVERGENCE: RELATIVE REDUCTION OF F <= FACTR*EPSMCH,0
1.9,5.0,2000,7,noisy,90,qlog,1.94,2.8358339813046465,True,False,87,barrido q-log; q por deviance de bins,0
1.9,5.0,2000,7,noisy,100,pdf,1.858247437620849,3.6847314432060503,True,False,96,CONVERGENCE: RELATIVE REDUCTION OF F <= FACTR*EPSMCH,0
1.9,5.0,2000,7,noisy,100,qlog,1.94,2.404406574256714,True,False,96,barrido q-log; q por deviance de bins,0
1.9,5.0,2000,7,noisy,110,pdf,1.8579712672934205,3.6802437524488303,True,False,105,CONVERGENCE: RELATIVE REDUCTION OF F <= FACTR*EPSMCH,0
1.9,5.0,2000,7,noisy,110,qlog,1.92,2.439258965464225,True,False,105,barrido q-log; q por deviance de bins,0
1.9,5.0,2000,7,noisy,120,pdf,1.8567071249141556,3.661685619061523,True,False,114,CONVERGENCE: RELATIVE REDUCTION OF F <= FACTR*EPSMCH,0
1.9,5.0,2000,7,noisy,120,qlog,1.92,2.3493929509019673,True,False,114,barrido q-log; q por deviance de bins,0
1.9,5.0,2000,7,noisy,130,pdf,1.8593423391537032,3.687698922935978,True,False,122,CONVERGENCE: RELATIVE REDUCTION OF F <= FACTR*EPSMCH,0
1.9,5.0,2000,7,noisy,130,qlog,1.94,2.5327890010114698,True,False,122,barrido q-log; q por deviance de bins,0
1.9,5.0,2000,7,noisy,140,pdf,1.8541694418527466,3.649610998774389,True,False,131,CONVERGENCE: RELATIVE REDUCTION OF F <= FACTR*EPSMCH,0
1.9,5.0,2000,7,noisy,140,qlog,1.94,2.309690297560064,True,False,131,barrido q-log; q por deviance de bins,0
1.9,5.0,2000,7,noisy,150,pdf,1.8551443067744884,3.651565330768305,True,False,139,CONVERGENCE: RELATIVE REDUCTION OF F <= FACTR*EPSMCH,0
1.9,5.0,2000,7,noisy,150,qlog,1.94,2.252728135739919,True,False,139,barrido q-log; q por deviance de bins,0
1.9,5.0,2000,7,noisy,160,pdf,1.8556962299279136,3.6581537807792066,True,False,147,CONVERGENCE: RELATIVE REDUCTION OF F <= FACTR*EPSMCH,0
1.9,5.0,2000,7,noisy,160,qlog,1.92,2.205846554911781,True,False,147,barrido q-log; q por deviance de bins,0
1.9,5.0,2000,7,noisy,170,pdf,1.8575341665846767,3.6720482742530307,True,False,158,CONVERGENCE: RELATIVE REDUCTION OF F <= FACTR*EPSMCH,0
1.9,5.0,2000,7,noisy,170,qlog,1.92,2.197832912423992,True,False,158,barrido q-log; q por deviance de bins,0
1.9,5.0,2000,7,noisy,180,pdf,1.8586284805131763,3.683346833908889,True,False,164,CONVERGENCE: RELATIVE REDUCTION OF F <= FACTR*EPSMCH,0
1.9,5.0,2000,7,noisy,180,qlog,1.94,2.066961915502948,True,False,164,barrido q-log; q por deviance de bins,0
1.9,5.0,2000,7,noisy,190,pdf,1.8552898821343788,3.650720709282205,True,False,172,CONVERGENCE: RELATIVE REDUCTION OF F <= FACTR*EPSMCH,0
1.9,5.0,2000,7,noisy,190,qlog,1.94,2.0548564309748785,True,False,172,barrido q-log; q por deviance de bins,0
1.9,5.0,2000,7,noisy,200,pdf,1.8588989431371339,3.687934096073164,True,False,182,CONVERGENCE: RELATIVE REDUCTION OF F <= FACTR*EPSMCH,0
1.9,5.0,2000,7,noisy,200,qlog,1.94,1.9414257382813929,True,False,182,barrido q-log; q por deviance de bins,0
1.9,5.0,2000,8,clean,10,pdf,1.8687212830647484,4.5552732907929405,True,False,10,CONVERGENCE: RELATIVE REDUCTION OF F <= FACTR*EPSMCH,0
1.9,5.0,2000,8,clean,10,qlog,2.3200000000000003,1.4903815170088437,True,False,10,barrido q-log; q por deviance de bins,0
1.9,5.0,2000,8,clean,20,pdf,1.8695131994107448,4.595340166256839,True,False,20,CONVERGENCE: RELATIVE REDUCTION OF F <= FACTR*EPSMCH,0
1.9,5.0,2000,8,clean,20,qlog,2.02,3.1767923670944818,True,False,20,barrido q-log; q por deviance de bins,0
1.9,5.0,2000,8,clean,30,pdf,1.8758476383780924,4.663632370053417,True,False,30,CONVERGENCE: RELATIVE REDUCTION OF F <= FACTR*EPSMCH,0
1.9,5.0,2000,8,clean,30,qlog,1.92,3.5406344863499024,True,False,30,barrido q-log; q por deviance de bins,0
1.9,5.0,2000,8,clean,40,pdf,1.884690112964164,4.781298846661976,True,False,40,CONVERGENCE: RELATIVE REDUCTION OF F <= FACTR*EPSMCH,0
1.9,5.0,2000,8,clean,40,qlog,1.92,4.020947680798981,True,False,40,barrido q-log; q por deviance de bins,0
1.9,5.0,2000,8,clean,50,pdf,1.8891197718788715,4.812463940393855,True,False,50,CONVERGENCE: NORM OF PROJECTED GRADIENT <= PGTOL,0
1.9,5.0,2000,8,clean,50,qlog,1.9,3.6707794313710624,True,False,50,barrido q-log; q por deviance de bins,0
1.9,5.0,2000,8,clean,60,pdf,1.885124279523193,4.781371378978873,True,False,59,CONVERGENCE: RELATIVE REDUCTION OF F <= FACTR*EPSMCH,0
1.9,5.0,2000,8,clean,60,qlog,1.9,3.761446428908366,True,False,59,barrido q-log; q por deviance de bins,0
1.9,5.0,2000,8,clean,70,pdf,1.8877869491866046,4.813189299466789,True,False,69,CONVERGENCE: RELATIVE REDUCTION OF F <= FACTR*EPSMCH,0
1.9,5.0,2000,8,clean,70,qlog,1.9,3.8433139199130255,True,False,69,barrido q-log; q por deviance de bins,0
1.9,5.0,2000,8,clean,80,pdf,1.890307722180162,4.850626375486604,True,False,78,CONVERGENCE: RELATIVE REDUCTION OF F <= FACTR*EPSMCH,0
1.9,5.0,2000,8,clean,80,qlog,1.92,3.8863789867263763,True,False,78,barrido q-log; q por deviance de bins,0
1.9,5.0,2000,8,clean,90,pdf,1.8896228154802361,4.8317228735741775,True,False,89,CONVERGENCE: RELATIVE REDUCTION OF F <= FACTR*EPSMCH,0
1.9,5.0,2000,8,clean,90,qlog,1.9,3.6466737611246556,True,False,89,barrido q-log; q por deviance de bins,0
1.9,5.0,2000,8,clean,100,pdf,1.8883159663063653,4.799714034324989,True,False,99,CONVERGENCE: RELATIVE REDUCTION OF F <= FACTR*EPSMCH,0
1.9,5.0,2000,8,clean,100,qlog,1.9,3.360610985457703,True,False,99,barrido q-log; q por deviance de bins,0
1.9,5.0,2000,8,clean,110,pdf,1.884824655353222,4.7610305812938245,True,False,106,CONVERGENCE: RELATIVE REDUCTION OF F <= FACTR*EPSMCH,0
1.9,5.0,2000,8,clean,110,qlog,1.9,3.4293870777415707,True,False,106,barrido q-log; q por deviance de bins,0
1.9,5.0,2000,8,clean,120,pdf,1.887536618180341,4.795045027420539,True,False,115,CONVERGENCE: RELATIVE REDUCTION OF F <= FACTR*EPSMCH,0
1.9,5.0,2000,8,clean,120,qlog,1.9,3.39992715162658,True,False,115,barrido q-log; q por deviance de bins,0
1.9,5.0,2000,8,clean,130,pdf,1.8878165075384445,4.8128793333095485,True,False,124,CONVERGENCE: RELATIVE REDUCTION OF F <= FACTR*EPSMCH,0
1.9,5.0,2000,8,clean,130,qlog,1.9,3.346968490025436,True,False,124,barrido q-log; q por deviance de bins,0
1.9,5.0,2000,8,clean,140,pdf,1.885954592490632,4.777481367126894,True,False,132,CONVERGENCE: RELATIVE REDUCTION OF F <= FACTR*EPSMCH,0
1.9,5.0,2000,8,clean,140,qlog,1.9,3.115128504276118,True,False,132,barrido q-log; q por deviance de bins,0
1.9,5.0,2000,8,clean,150,pdf,1.8881138011140435,4.812530982508393,True,False,142,CONVERGENCE: RELATIVE REDUCTION OF F <= FACTR*EPSMCH,0
1.9,5.0,2000,8,clean,150,qlog,1.9,2.9122135000990195,True,False,142,barrido q-log; q por deviance de bins,0
1.9,5.0,2000,8,clean,160,pdf,1.890399056974917,4.839673646478718,True,False,151,CONVERGENCE: RELATIVE REDUCTION OF F <= FACTR*EPSMCH,0
1.9,5.0,2000,8,clean,160,qlog,1.92,3.1767194975498563,True,False,151,barrido q-log; q por deviance de bins,0
1.9,5.0,2000,8,clean,170,pdf,1.8905578197736526,4.846740737186572,True,False,159,CONVERGENCE: RELATIVE REDUCTION OF F <= FACTR*EPSMCH,0
1.9,5.0,2000,8,clean,170,qlog,1.9,3.195533177871098,True,False,159,barrido q-log; q por deviance de bins,0
1.9,5.0,2000,8,clean,180,pdf,1.8895078673150174,4.835643295682304,True,False,168,CONVERGENCE: RELATIVE REDUCTION OF F <= FACTR*EPSMCH,0
1.9,5.0,2000,8,clean,180,qlog,1.9,3.0045043138817418,True,False,168,barrido q-log; q por deviance de bins,0
1.9,5.0,2000,8,clean,190,pdf,1.8902119250259393,4.837739529412722,True,False,178,CONVERGENCE: RELATIVE REDUCTION OF F <= FACTR*EPSMCH,0
1.9,5.0,2000,8,clean,190,qlog,1.9,2.675404337768324,True,False,178,barrido q-log; q por deviance de bins,0
1.9,5.0,2000,8,clean,200,pdf,1.889436138780504,4.820408457358638,True,False,188,CONVERGENCE: RELATIVE REDUCTION OF F <= FACTR*EPSMCH,0
1.9,5.0,2000,8,clean,200,qlog,1.88,2.654505495264574,True,False,188,barrido q-log; q por deviance de bins,0
1.9,5.0,2000,8,noisy,10,pdf,1.8401572613279364,3.6897841751579237,True,False,10,CONVERGENCE: RELATIVE REDUCTION OF F <= FACTR*EPSMCH,0
1.9,5.0,2000,8,noisy,10,qlog,2.3,1.198459202009577,True,False,10,barrido q-log; q por deviance de bins,0
1.9,5.0,2000,8,noisy,20,pdf,1.8289621127321616,3.500492066320442,True,False,20,CONVERGENCE: NORM OF PROJECTED GRADIENT <= PGTOL,0
1.9,5.0,2000,8,noisy,20,qlog,2.0,2.432732545707011,True,False,20,barrido q-log; q por deviance de bins,0
1.9,5.0,2000,8,noisy,30,pdf,1.8412772852982902,3.5833788983755754,True,False,30,CONVERGENCE: NORM OF PROJECTED GRADIENT <= PGTOL,0
1.9,5.0,2000,8,noisy,30,qlog,1.9,2.8177910850480843,True,False,30,barrido q-log; q por deviance de bins,0
1.9,5.0,2000,8,noisy,40,pdf,1.841310189949536,3.598090387347115,True,False,40,CONVERGENCE: RELATIVE REDUCTION OF F <= FACTR*EPSMCH,0
1.9,5.0,2000,8,noisy,40,qlog,1.88,2.9270039448369696,True,False,40,barrido q-log; q por deviance de bins,0
1.9,5.0,2000,8,noisy,50,pdf,1.852175833684079,3.6920322488286477,True,False,50,CONVERGENCE: RELATIVE REDUCTION OF F <= FACTR*EPSMCH,0
1.9,5.0,2000,8,noisy,50,qlog,1.88,3.0625720844303705,True,False,50,barrido q-log; q por deviance de bins,0
1.9,5.0,2000,8,noisy,60,pdf,1.8492464841277714,3.642841969187479,True,False,59,CONVERGENCE: RELATIVE REDUCTION OF F <= FACTR*EPSMCH,0
1.9,5.0,2000,8,noisy,60,qlog,1.88,2.9747190235443517,True,False,59,barrido q-log; q por deviance de bins,0
1.9,5.0,2000,8,noisy,70,pdf,1.8546962747141158,3.7023571280896315,True,False,68,CONVERGENCE: RELATIVE REDUCTION OF F <= FACTR*EPSMCH,0
1.9,5.0,2000,8,noisy,70,qlog,1.88,2.831401114648364,True,False,68,barrido q-log; q por deviance de bins,0
1.9,5.0,2000,8,noisy,80,pdf,1.85036574935199,3.6824197868008794,True,False,79,CONVERGENCE: RELATIVE REDUCTION OF F <= FACTR*EPSMCH,0
1.9,5.0,2000,8,noisy,80,qlog,1.88,2.743772513125988,True,False,79,barrido q-log; q por deviance de bins,0
1.9,5.0,2000,8,noisy,90,pdf,1.8545495362270354,3.6963087230686376,True,False,87,CONVERGENCE: RELATIVE REDUCTION OF F <= FACTR*EPSMCH,0
1.9,5.0,2000,8,noisy,90,qlog,1.88,2.7810461030170495,True,False,87,barrido q-log; q por deviance de bins,0
1.9,5.0,2000,8,noisy,100,pdf,1.8518227939862821,3.675965922482126,True,False,96,CONVERGENCE: RELATIVE REDUCTION OF F <= FACTR*EPSMCH,0
1.9,5.0,2000,8,noisy,100,qlog,1.88,2.7129394301617964,True,False,96,barrido q-log; q por deviance de bins,0
1.9,5.0,2000,8,noisy,110,pdf,1.851202437711662,3.6734272891697795,True,False,105,CONVERGENCE: RELATIVE REDUCTION OF F <= FACTR*EPSMCH,0
1.9,5.0,2000,8,noisy,110,qlog,1.88,2.5925153558539114,True,False,105,barrido q-log; q por deviance de bins,0
1.9,5.0,2000,8,noisy,120,pdf,1.849617510389505,3.6569349389846493,True,False,115,CONVERGENCE: RELATIVE REDUCTION OF F <= FACTR*EPSMCH,0
1.9,5.0,2000,8,noisy,120,qlog,1.88,2.6775623933395676,True,False,115,barrido q-log; q por deviance de bins,0
1.9,5.0,2000,8,noisy,130,pdf,1.8524348351337532,3.6906618268875593,True,False,123,CONVERGENCE: RELATIVE REDUCTION OF F <= FACTR*EPSMCH,0
1.9,5.0,2000,8,noisy,130,qlog,1.88,2.626175850328777,True,False,123,barrido q-log; q por deviance de bins,0
1.9,5.0,2000,8,noisy,140,pdf,1.8525341445008656,3.6864359728870517,True,False,130,CONVERGENCE: RELATIVE REDUCTION OF F <= FACTR*EPSMCH,0
1.9,5.0,2000,8,noisy,140,qlog,1.88,2.3330114724631064,True,False,130,barrido q-log; q por deviance de bins,0
1.9,5.0,2000,8,noisy,150,pdf,1.8513739516619134,3.6746691919082486,True,False,142,CONVERGENCE: RELATIVE REDUCTION OF F <= FACTR*EPSMCH,0
1.9,5.0,2000,8,noisy,150,qlog,1.88,2.576960417429886,True,False,142,barrido q-log; q por deviance de bins,0
1.9,5.0,2000,8,noisy,160,pdf,1.8531219045397027,3.697803125599592,True,False,151,CONVERGENCE: RELATIVE REDUCTION OF F <= FACTR*EPSMCH,0
1.9,5.0,2000,8,noisy,160,qlog,1.88,2.314795514204808,True,False,151,barrido q-log; q por deviance de bins,0
1.9,5.0,2000,8,noisy,170,pdf,1.8528474595426385,3.6809564684274076,True,False,158,CONVERGENCE: RELATIVE REDUCTION OF F <= FACTR*EPSMCH,0
1.9,5.0,2000,8,noisy,170,qlog,1.8599999999999999,2.362816109265348,True,False,158,barrido q-log; q por deviance de bins,0
1.9,5.0,2000,8,noisy,180,pdf,1.852777850339601,3.6833219459948574,True,False,168,CONVERGENCE: NORM OF PROJECTED GRADIENT <= PGTOL,0
1.9,5.0,2000,8,noisy,180,qlog,1.8599999999999999,2.255843871472234,True,False,168,barrido q-log; q por deviance de bins,0
1.9,5.0,2000,8,noisy,190,pdf,1.8514872391225132,3.676447010456387,True,False,174,CONVERGENCE: RELATIVE REDUCTION OF F <= FACTR*EPSMCH,0
1.9,5.0,2000,8,noisy,190,qlog,1.88,2.3683606167367133,True,False,174,barrido q-log; q por deviance de bins,0
1.9,5.0,2000,8,noisy,200,pdf,1.8499781787129643,3.6603736328851992,True,False,183,CONVERGENCE: RELATIVE REDUCTION OF F <= FACTR*EPSMCH,0
1.9,5.0,2000,8,noisy,200,qlog,1.88,2.252310268265639,True,False,183,barrido q-log; q por deviance de bins,0
1.9,5.0,2000,9,clean,10,pdf,1.9134935982488044,5.406913457081077,True,False,10,CONVERGENCE: RELATIVE REDUCTION OF F <= FACTR*EPSMCH,0
1.9,5.0,2000,9,clean,10,qlog,2.48,0.4108690985336601,True,False,10,barrido q-log; q por deviance de bins,0
1.9,5.0,2000,9,clean,20,pdf,1.911269397722869,5.492498857684469,True,False,20,CONVERGENCE: RELATIVE REDUCTION OF F <= FACTR*EPSMCH,0
1.9,5.0,2000,9,clean,20,qlog,2.2,2.971620547474591,True,False,20,barrido q-log; q por deviance de bins,0
1.9,5.0,2000,9,clean,30,pdf,1.919153149211565,5.5166385298646485,True,False,30,CONVERGENCE: RELATIVE REDUCTION OF F <= FACTR*EPSMCH,0
1.9,5.0,2000,9,clean,30,qlog,2.04,3.72473410445805,True,False,30,barrido q-log; q por deviance de bins,0
1.9,5.0,2000,9,clean,40,pdf,1.9157384789813714,5.5207390778026095,True,False,39,CONVERGENCE: RELATIVE REDUCTION OF F <= FACTR*EPSMCH,0
1.9,5.0,2000,9,clean,40,qlog,1.98,3.8468602782732786,True,False,39,barrido q-log; q por deviance de bins,0
1.9,5.0,2000,9,clean,50,pdf,1.907550485599317,5.336247426343699,True,False,48,CONVERGENCE: RELATIVE REDUCTION OF F <= FACTR*EPSMCH,0
1.9,5.0,2000,9,clean,50,qlog,1.96,3.997991918483621,True,False,48,barrido q-log; q por deviance de bins,0
1.9,5.0,2000,9,clean,60,pdf,1.9186071281432888,5.558765039995529,True,False,58,CONVERGENCE: RELATIVE REDUCTION OF F <= FACTR*EPSMCH,0
1.9,5.0,2000,9,clean,60,qlog,1.94,4.021306900824434,True,False,58,barrido q-log; q por deviance de bins,0
1.9,5.0,2000,9,clean,70,pdf,1.9158828389732863,5.474351983102655,True,False,68,CONVERGENCE: RELATIVE REDUCTION OF F <= FACTR*EPSMCH,0
1.9,5.0,2000,9,clean,70,qlog,1.94,3.9996309878434144,True,False,68,barrido q-log; q por deviance de bins,0
1.9,5.0,2000,9,clean,80,pdf,1.905980236501327,5.354317876290214,True,False,76,CONVERGENCE: RELATIVE REDUCTION OF F <= FACTR*EPSMCH,0
1.9,5.0,2000,9,clean,80,qlog,1.94,3.6731884426787804,True,False,76,barrido q-log; q por deviance de bins,0
1.9,5.0,2000,9,clean,90,pdf,1.9135564464705874,5.47113232553367,True,False,85,CONVERGENCE: RELATIVE REDUCTION OF F <= FACTR*EPSMCH,0
1.9,5.0,2000,9,clean,90,qlog,1.94,3.8827218874002125,True,False,85,barrido q-log; q por deviance de bins,0
1.9,5.0,2000,9,clean,100,pdf,1.915421314324216,5.490088819947361,True,False,93,CONVERGENCE: RELATIVE REDUCTION OF F <= FACTR*EPSMCH,0
1.9,5.0,2000,9,clean,100,qlog,1.96,3.9589392346113423,True,False,93,barrido q-log; q por deviance de bins,0
1.9,5.0,2000,9,clean,110,pdf,1.9173858944893065,5.50496674678136,True,False,100,CONVERGENCE: RELATIVE REDUCTION OF F <= FACTR*EPSMCH,0
1.9,5.0,2000,9,clean,110,qlog,1.96,3.787467378246095,True,False,100,barrido q-log; q por deviance de bins,0
1.9,5.0,2000,9,clean,120,pdf,1.9183830277751914,5.526260634394922,True,False,108,CONVERGENCE: NORM OF PROJECTED GRADIENT <= PGTOL,0
1.9,5.0,2000,9,clean,120,qlog,1.96,3.5963281567760794,True,False,108,barrido q-log; q por deviance de bins,0
1.9,5.0,2000,9,clean,130,pdf,1.9190835444469743,5.538554357017021,True,False,116,CONVERGENCE: RELATIVE REDUCTION OF F <= FACTR*EPSMCH,0
1.9,5.0,2000,9,clean,130,qlog,1.96,3.371486642165544,True,False,116,barrido q-log; q por deviance de bins,0
1.9,5.0,2000,9,clean,140,pdf,1.9179678452312545,5.5149581975514925,True,False,126,CONVERGENCE: RELATIVE REDUCTION OF F <= FACTR*EPSMCH,0
1.9,5.0,2000,9,clean,140,qlog,1.96,3.294073129064259,True,False,126,barrido q-log; q por deviance de bins,0
1.9,5.0,2000,9,clean,150,pdf,1.9154162693807284,5.486370910181333,True,False,131,CONVERGENCE: RELATIVE REDUCTION OF F <= FACTR*EPSMCH,0
1.9,5.0,2000,9,clean,150,qlog,1.96,3.305350018003579,True,False,131,barrido q-log; q por deviance de bins,0
1.9,5.0,2000,9,clean,160,pdf,1.9147337400754951,5.477355951826161,True,False,141,CONVERGENCE: RELATIVE REDUCTION OF F <= FACTR*EPSMCH,0
1.9,5.0,2000,9,clean,160,qlog,1.96,2.7983046737965966,True,False,141,barrido q-log; q por deviance de bins,0
1.9,5.0,2000,9,clean,170,pdf,1.9125234603258052,5.442931591912109,True,False,149,CONVERGENCE: RELATIVE REDUCTION OF F <= FACTR*EPSMCH,0
1.9,5.0,2000,9,clean,170,qlog,1.98,3.0354534737013315,True,False,149,barrido q-log; q por deviance de bins,0
1.9,5.0,2000,9,clean,180,pdf,1.9162555851427452,5.502193907439919,True,False,157,CONVERGENCE: RELATIVE REDUCTION OF F <= FACTR*EPSMCH,0
1.9,5.0,2000,9,clean,180,qlog,1.98,2.9854073733029862,True,False,157,barrido q-log; q por deviance de bins,0
1.9,5.0,2000,9,clean,190,pdf,1.9177930799437557,5.521772021094385,True,False,165,CONVERGENCE: RELATIVE REDUCTION OF F <= FACTR*EPSMCH,0
1.9,5.0,2000,9,clean,190,qlog,1.98,2.970658362269205,True,False,165,barrido q-log; q por deviance de bins,0
1.9,5.0,2000,9,clean,200,pdf,1.9150646215638532,5.484069434941269,True,False,171,CONVERGENCE: RELATIVE REDUCTION OF F <= FACTR*EPSMCH,0
1.9,5.0,2000,9,clean,200,qlog,1.98,2.913940493665245,True,False,171,barrido q-log; q por deviance de bins,0
1.9,5.0,2000,9,noisy,10,pdf,1.8897093021950535,4.451660454336748,True,False,10,CONVERGENCE: RELATIVE REDUCTION OF F <= FACTR*EPSMCH,0
1.9,5.0,2000,9,noisy,10,qlog,2.48,0.3715333892588183,True,False,10,barrido q-log; q por deviance de bins,0
1.9,5.0,2000,9,noisy,20,pdf,1.8692848694043496,4.095705241484665,True,False,20,CONVERGENCE: RELATIVE REDUCTION OF F <= FACTR*EPSMCH,0
1.9,5.0,2000,9,noisy,20,qlog,2.16,2.061937390240489,True,False,20,barrido q-log; q por deviance de bins,0
1.9,5.0,2000,9,noisy,30,pdf,1.8799158434381655,4.140972145839462,True,False,30,CONVERGENCE: RELATIVE REDUCTION OF F <= FACTR*EPSMCH,0
1.9,5.0,2000,9,noisy,30,qlog,2.02,2.866666673440152,True,False,30,barrido q-log; q por deviance de bins,0
1.9,5.0,2000,9,noisy,40,pdf,1.8747175349044303,4.091744305613547,True,False,39,CONVERGENCE: RELATIVE REDUCTION OF F <= FACTR*EPSMCH,0
1.9,5.0,2000,9,noisy,40,qlog,1.96,3.0915309998116096,True,False,39,barrido q-log; q por deviance de bins,0
1.9,5.0,2000,9,noisy,50,pdf,1.8668518119369317,3.9691048320696876,True,False,48,CONVERGENCE: RELATIVE REDUCTION OF F <= FACTR*EPSMCH,0
1.9,5.0,2000,9,noisy,50,qlog,1.94,3.0025238061110877,True,False,48,barrido q-log; q por deviance de bins,0
1.9,5.0,2000,9,noisy,60,pdf,1.8736595000438303,4.043065957189029,True,False,57,CONVERGENCE: RELATIVE REDUCTION OF F <= FACTR*EPSMCH,0
1.9,5.0,2000,9,noisy,60,qlog,1.92,2.9950273909462264,True,False,57,barrido q-log; q por deviance de bins,0
1.9,5.0,2000,9,noisy,70,pdf,1.86977932607938,3.9714578982761006,True,False,67,CONVERGENCE: RELATIVE REDUCTION OF F <= FACTR*EPSMCH,0
1.9,5.0,2000,9,noisy,70,qlog,1.92,3.0135498274269663,True,False,67,barrido q-log; q por deviance de bins,0
1.9,5.0,2000,9,noisy,80,pdf,1.8636409426004865,3.9392015795098967,True,False,75,CONVERGENCE: RELATIVE REDUCTION OF F <= FACTR*EPSMCH,0
1.9,5.0,2000,9,noisy,80,qlog,1.92,3.091344874062716,True,False,75,barrido q-log; q por deviance de bins,0
1.9,5.0,2000,9,noisy,90,pdf,1.8706236620742307,4.010390020451557,True,False,84,CONVERGENCE: RELATIVE REDUCTION OF F <= FACTR*EPSMCH,0
1.9,5.0,2000,9,noisy,90,qlog,1.92,2.921383328524333,True,False,84,barrido q-log; q por deviance de bins,0
1.9,5.0,2000,9,noisy,100,pdf,1.8751115759879267,4.063673345050229,True,False,92,CONVERGENCE: RELATIVE REDUCTION OF F <= FACTR*EPSMCH,0
1.9,5.0,2000,9,noisy,100,qlog,1.94,2.892409258312673,True,False,92,barrido q-log; q por deviance de bins,0
1.9,5.0,2000,9,noisy,110,pdf,1.8767518449231033,4.068973179262891,True,False,101,CONVERGENCE: RELATIVE REDUCTION OF F <= FACTR*EPSMCH,0
1.9,5.0,2000,9,noisy,110,qlog,1.94,2.8600605787446054,True,False,101,barrido q-log; q por deviance de bins,0
1.9,5.0,2000,9,noisy,120,pdf,1.8767447448962167,4.0644215304539495,True,False,109,CONVERGENCE: RELATIVE REDUCTION OF F <= FACTR*EPSMCH,0
1.9,5.0,2000,9,noisy,120,qlog,1.94,2.771757392315465,True,False,109,barrido q-log; q por deviance de bins,0
1.9,5.0,2000,9,noisy,130,pdf,1.8773182856363344,4.078449376167751,True,False,117,CONVERGENCE: RELATIVE REDUCTION OF F <= FACTR*EPSMCH,0
1.9,5.0,2000,9,noisy,130,qlog,1.94,2.313055118389147,True,False,117,barrido q-log; q por deviance de bins,0
1.9,5.0,2000,9,noisy,140,pdf,1.8747363089243492,4.039380719857717,True,False,129,CONVERGENCE: RELATIVE REDUCTION OF F <= FACTR*EPSMCH,0
1.9,5.0,2000,9,noisy,140,qlog,1.94,2.6281513148929254,True,False,129,barrido q-log; q por deviance de bins,0
1.9,5.0,2000,9,noisy,150,pdf,1.8752458038004376,4.059551154893199,True,False,135,CONVERGENCE: RELATIVE REDUCTION OF F <= FACTR*EPSMCH,0
1.9,5.0,2000,9,noisy,150,qlog,1.96,2.6786336017885484,True,False,135,barrido q-log; q por deviance de bins,0
1.9,5.0,2000,9,noisy,160,pdf,1.8714766260112978,4.007603189629569,True,False,146,CONVERGENCE: RELATIVE REDUCTION OF F <= FACTR*EPSMCH,0
1.9,5.0,2000,9,noisy,160,qlog,1.96,2.44304589772489,True,False,146,barrido q-log; q por deviance de bins,0
1.9,5.0,2000,9,noisy,170,pdf,1.8736256634464463,4.050013279310587,True,False,153,CONVERGENCE: RELATIVE REDUCTION OF F <= FACTR*EPSMCH,0
1.9,5.0,2000,9,noisy,170,qlog,1.96,2.618242871100437,True,False,153,barrido q-log; q por deviance de bins,0
1.9,5.0,2000,9,noisy,180,pdf,1.8730280988863706,4.027627443454477,True,False,159,CONVERGENCE: RELATIVE REDUCTION OF F <= FACTR*EPSMCH,0
1.9,5.0,2000,9,noisy,180,qlog,1.96,2.076126584411401,True,False,159,barrido q-log; q por deviance de bins,0
1.9,5.0,2000,9,noisy,190,pdf,1.8725777008658668,4.029483079314141,True,False,167,CONVERGENCE: RELATIVE REDUCTION OF F <= FACTR*EPSMCH,0
1.9,5.0,2000,9,noisy,190,qlog,1.96,2.1358501469123827,True,False,167,barrido q-log; q por deviance de bins,0
1.9,5.0,2000,9,noisy,200,pdf,1.8736904862281283,4.036506114302481,True,False,176,CONVERGENCE: RELATIVE REDUCTION OF F <= FACTR*EPSMCH,0
1.9,5.0,2000,9,noisy,200,qlog,1.96,2.087418220974445,True,False,176,barrido q-log; q por deviance de bins,0
